file,line,category,reason,value,scope,excerpt
apps/mesh/app/api/auth/mfa/verify/route.ts,3,mfa,mfa_identifier_reference,mfaVerify,application_source,export const POST = auth.mfaVerify;
apps/mesh/app/api/auth/step-up/start/route.ts,3,mfa,mfa_identifier_reference,stepUpStart,application_source,export const POST = auth.stepUpStart;
apps/neon/app/api/auth/mfa/verify/route.ts,3,mfa,mfa_identifier_reference,mfaVerify,application_source,export const POST = auth.mfaVerify;
apps/neon/app/api/auth/step-up/start/route.ts,3,mfa,mfa_identifier_reference,stepUpStart,application_source,export const POST = auth.stepUpStart;
apps/neon/lib/catalog-routes.ts,110,entity,embedded_entity_route_or_publication,/app/entity/business_partner/manage,application_source,"internalPath: ""/app/entity/business_partner/manage"","
apps/neon/lib/catalog-routes.ts,113,entity,entity_property_literal,business_partner,application_source,"entityCode: ""business_partner"","
apps/neon/lib/entity-application-layout.tsx,17,entity,entity_comparison,business_partner,application_source,"if (entityCode === ""business_partner"" && isTenantWorkspaceRoute(pathname)) return <>{children}</>;"
apps/neon/lib/experience-runtime.tsx,10,entity,entity_literal_reference,business_partner,application_source,"const HOME_PROPS={citationRoutes:{business_partner:entityRecordRouteTemplate(""business_partner""),business_partner_request:""/mdg/business-partner/requests/{recordId}""},suggestions:[""Review my priorities"",""Plan today’s work"",""Review pending approvals""],workspaces:[{name:""Master Data Governance"",description:""Create, validate, approve, and maintain trusted master records."",href:""/mdg"",status:""Available workspace"",modules:[""Business Partners""],access:"
apps/neon/lib/experience-runtime.tsx,10,permission,literal_permission_candidate,neon.relationship.entity_case.create,application_source,"const HOME_PROPS={citationRoutes:{business_partner:entityRecordRouteTemplate(""business_partner""),business_partner_request:""/mdg/business-partner/requests/{recordId}""},suggestions:[""Review my priorities"",""Plan today’s work"",""Review pending approvals""],workspaces:[{name:""Master Data Governance"",description:""Create, validate, approve, and maintain trusted master records."",href:""/mdg"",status:""Available workspace"",modules:[""Business Partners""],access:"
apps/neon/lib/experience-runtime.tsx,10,permission,literal_permission_candidate,neon.relationship.entity_case.read,application_source,"const HOME_PROPS={citationRoutes:{business_partner:entityRecordRouteTemplate(""business_partner""),business_partner_request:""/mdg/business-partner/requests/{recordId}""},suggestions:[""Review my priorities"",""Plan today’s work"",""Review pending approvals""],workspaces:[{name:""Master Data Governance"",description:""Create, validate, approve, and maintain trusted master records."",href:""/mdg"",status:""Available workspace"",modules:[""Business Partners""],access:"
apps/neon/lib/experience-runtime.tsx,10,permission,literal_permission_candidate,neon.relationship.business_partner.read,application_source,"const HOME_PROPS={citationRoutes:{business_partner:entityRecordRouteTemplate(""business_partner""),business_partner_request:""/mdg/business-partner/requests/{recordId}""},suggestions:[""Review my priorities"",""Plan today’s work"",""Review pending approvals""],workspaces:[{name:""Master Data Governance"",description:""Create, validate, approve, and maintain trusted master records."",href:""/mdg"",status:""Available workspace"",modules:[""Business Partners""],access:"
apps/neon/lib/experience-runtime.tsx,12,entity,entity_literal_reference,supplier,application_source,"function NeonWorkspaceAccessory({workspaceCode,entitledModuleCodes}:{readonly workspaceCode:string;readonly entitledModuleCodes:readonly string[]}){const permissions=usePermissions(),navigation=useExperienceNavigation(),role=workspaceCode===""scm""?""supplier"":workspaceCode===""com""?""customer"":undefined,canBrowse=entitledModuleCodes.includes(""bp"")||navigation.some(workspace=>workspace.modules.some(module=>module.code===""bp""));return role&&canBrowse&&"
apps/neon/lib/experience-runtime.tsx,12,entity,entity_literal_reference,customer,application_source,"function NeonWorkspaceAccessory({workspaceCode,entitledModuleCodes}:{readonly workspaceCode:string;readonly entitledModuleCodes:readonly string[]}){const permissions=usePermissions(),navigation=useExperienceNavigation(),role=workspaceCode===""scm""?""supplier"":workspaceCode===""com""?""customer"":undefined,canBrowse=entitledModuleCodes.includes(""bp"")||navigation.some(workspace=>workspace.modules.some(module=>module.code===""bp""));return role&&canBrowse&&"
apps/neon/lib/experience-runtime.tsx,12,permission,literal_permission_candidate,neon.relationship.business_partner.read,application_source,"function NeonWorkspaceAccessory({workspaceCode,entitledModuleCodes}:{readonly workspaceCode:string;readonly entitledModuleCodes:readonly string[]}){const permissions=usePermissions(),navigation=useExperienceNavigation(),role=workspaceCode===""scm""?""supplier"":workspaceCode===""com""?""customer"":undefined,canBrowse=entitledModuleCodes.includes(""bp"")||navigation.some(workspace=>workspace.modules.some(module=>module.code===""bp""));return role&&canBrowse&&"
apps/studio/app/api/auth/mfa/verify/route.ts,3,mfa,mfa_identifier_reference,mfaVerify,application_source,export const POST = auth.mfaVerify;
apps/studio/app/api/auth/step-up/start/route.ts,3,mfa,mfa_identifier_reference,stepUpStart,application_source,export const POST = auth.stepUpStart;
packages/contracts/neon/party/src/request-profile-values.ts,52,entity,entity_literal_reference,address,application_source,"key: index === 0 ? ""address-1"" : itemKey(""address""),"
packages/contracts/platform/ai/src/__tests__/business-context.test.ts,6,entity,entity_property_literal,business_partner,test_fixture,"entityCode: ""business_partner"","
packages/contracts/platform/ai/src/__tests__/protocol.test.ts,89,entity,entity_property_literal,business_partner,test_fixture,"scope: { entityCode: ""business_partner"", fingerprint: ""scope1"" },"
packages/contracts/platform/ai/src/business-context.ts,64,entity,entity_literal_reference,supplier,application_source,"readonly partnerRole?: ""supplier"" | ""customer"";"
packages/contracts/platform/ai/src/business-context.ts,64,entity,entity_literal_reference,customer,application_source,"readonly partnerRole?: ""supplier"" | ""customer"";"
packages/contracts/platform/ai/src/business-context.ts,112,entity,entity_array_literal,locale,application_source,"""locale"","
packages/contracts/platform/ai/src/business-context.ts,179,entity,entity_array_literal,supplier,application_source,"partnerRole: { enum: [""supplier"", ""customer""] },"
packages/contracts/platform/ai/src/business-context.ts,179,entity,entity_array_literal,customer,application_source,"partnerRole: { enum: [""supplier"", ""customer""] },"
packages/contracts/platform/ai/src/parent-scope.test.ts,5,entity,entity_property_literal,principal,test_fixture,"const parentScope = { parentEntityCode: ""principal"", parentRecordId: id, relationshipKey: ""notifications"" };"
packages/contracts/platform/ai/src/parent-scope.test.ts,12,entity,entity_property_literal,principal,test_fixture,"for (const value of [ {}, { parentEntityCode: ""principal"" }, { ...parentScope, parentRecordId: ""invalid"" },"
packages/contracts/platform/auth-session/src/index.ts,4,mfa,mfa_identifier_reference,AssuranceLevel,application_source,"export type AssuranceLevel = ""baseline"" | ""elevated"";"
packages/contracts/platform/auth-session/src/index.ts,21,mfa,mfa_identifier_reference,assurance,application_source,readonly assurance?: AssuranceLevel;
packages/contracts/platform/auth-session/src/index.ts,21,mfa,mfa_identifier_reference,AssuranceLevel,application_source,readonly assurance?: AssuranceLevel;
packages/contracts/platform/auth-session/src/index.ts,36,entity,entity_array_literal,principal,application_source,"root: (scope: PrincipalQueryScope) => [""principal"", scope.plane, scope.tenantId, scope.authEpoch] as const,"
packages/contracts/platform/auth-session/src/index.ts,69,mfa,mfa_identifier_reference,assurance,application_source,"const assurance = record.assurance === undefined ? undefined : oneOf(record.assurance, [""baseline"", ""elevated""] as const, ""assurance"");"
packages/contracts/platform/auth-session/src/index.ts,73,mfa,mfa_identifier_reference,assurance,application_source,"if (state === ""authenticated"" && (!tenantId || !principalId || !realmKey || authEpoch === undefined || sessionVersion === undefined || !configurationRevision || !expiresAt || !idleExpiresAt || !absoluteExpiresAt || !assurance)) throw new TypeError(""authenticated session requires realm, context, epoch, version, configuration, assurance, and expiry"");"
packages/contracts/platform/auth-session/src/index.ts,75,mfa,mfa_identifier_reference,assurance,application_source,"return Object.freeze({ schemaVersion: 1, state, plane, ...(realmKey ? { realmKey } : {}), ...(expiresAt ? { expiresAt } : {}), ...(idleExpiresAt ? { idleExpiresAt } : {}), ...(absoluteExpiresAt ? { absoluteExpiresAt } : {}), ...(accessExpiresAt ? { accessExpiresAt } : {}), ...(tenantId ? { tenantId } : {}), ...(principalId ? { principalId } : {}), ...(authEpoch !== undefined ? { authEpoch } : {}), ...(sessionVersion !== undefined ? { sessionVersi"
packages/contracts/platform/dashboard/src/generated-defaults.ts,3829,entity,entity_literal_reference,workforce,declaration_generated,"""moduleCode"": ""workforce"""
packages/contracts/platform/dashboard/src/index.ts,17,entity,entity_literal_reference,currency,application_source,"| (BlockBase & Readonly<{ type: ""number-card""; dataSource: string; format?: ""number"" | ""currency"" | ""percent"" }>)"
packages/contracts/platform/dashboard/src/index.ts,129,entity,entity_array_literal,currency,application_source,"case ""number-card"": return Object.freeze({ ...base, type: ""number-card"", dataSource: registryRef(item.dataSource, policy.dataSources, `${path}.dataSource`), ...(item.format === undefined ? {} : { format: oneOf(item.format, [""number"", ""currency"", ""percent""] as const, `${path}.format`) }) });"
packages/contracts/platform/entity-list/src/experience.ts,256,entity,entity_array_literal,network_relationship,application_source,"""network_relationship"","
packages/contracts/platform/entity-list/src/scope-filters.ts,17,entity,entity_array_literal,supplier,application_source,"const allowed = item.key === ""partnerRole"" ? [""supplier"", ""customer""] : [""order"", ""invoice"", ""payment""];"
packages/contracts/platform/entity-list/src/scope-filters.ts,17,entity,entity_array_literal,customer,application_source,"const allowed = item.key === ""partnerRole"" ? [""supplier"", ""customer""] : [""order"", ""invoice"", ""payment""];"
packages/contracts/platform/entity-list/src/standard-views.ts,20,entity,entity_literal_reference,entity_case,application_source,"readonly sourceRef: ""entity_case"";"
packages/contracts/platform/entity-list/src/standard-views.ts,62,entity,entity_comparison,entity_case,application_source,"if (value.sourceRef !== ""entity_case"" || (value.requester !== undefined && value.requester !== ""initiator_or_submitter"")) throw new TypeError(""Unregistered request relationship"");"
packages/contracts/platform/entity-list/src/standard-views.ts,66,entity,entity_literal_reference,entity_case,application_source,"return Object.freeze({sourceRef:""entity_case"", ...(value.requester ? {requester:""initiator_or_submitter"" as const}:{}),"
packages/contracts/platform/entity-list/src/types.ts,135,entity,entity_literal_reference,supplier,application_source,"readonly partnerRole?: ""supplier"" | ""customer"";"
packages/contracts/platform/entity-list/src/types.ts,135,entity,entity_literal_reference,customer,application_source,"readonly partnerRole?: ""supplier"" | ""customer"";"
packages/contracts/platform/entity-runtime/src/access-decision.ts,5,mfa,mfa_literal_or_route,verification_required,application_source,"""verification_required"","
packages/contracts/platform/entity-runtime/src/access-decision.ts,16,mfa,mfa_literal_or_route,VERIFICATION_REQUIRED,application_source,"""VERIFICATION_REQUIRED"","
packages/contracts/platform/entity-runtime/src/governed-workflow.ts,4,entity,entity_literal_reference,supplier,application_source,"export type ExperienceRoleLens = ""base"" | ""supplier"" | ""customer"";"
packages/contracts/platform/entity-runtime/src/governed-workflow.ts,4,entity,entity_literal_reference,customer,application_source,"export type ExperienceRoleLens = ""base"" | ""supplier"" | ""customer"";"
packages/contracts/platform/entity-runtime/src/governed-workflow.ts,190,entity,entity_array_literal,supplier,application_source,"[""base"", ""supplier"", ""customer""] as const,"
packages/contracts/platform/entity-runtime/src/governed-workflow.ts,190,entity,entity_array_literal,customer,application_source,"[""base"", ""supplier"", ""customer""] as const,"
packages/contracts/platform/entity-runtime/src/related-presentation.test.ts,7,entity,entity_property_literal,contact_person,test_fixture,"const relationships = parseEntityRelationships([{key:""people"",targetEntity:""contact_person"",cardinality:""many"",fields:[{source:""id"",target:""owner_id""}],tenant:{source:""tenant_id"",target:""tenant_id""},readOperation:""list""}]);"
packages/contracts/platform/entity-runtime/src/related-presentation.test.ts,10,entity,entity_literal_reference,principal,test_fixture,"assert.doesNotThrow(() => validateRelatedPresentationOwner(profiles,""principal"",relationships));"
packages/contracts/platform/entity-runtime/src/related-presentation.test.ts,11,entity,entity_literal_reference,business_partner,test_fixture,"assert.doesNotThrow(() => validateRelatedPresentationOwner(profiles,""business_partner"",relationships));"
packages/contracts/platform/entity-runtime/src/related-presentation.test.ts,14,entity,entity_literal_reference,principal,test_fixture,"assert.throws(() => validateRelatedPresentationOwner(profiles,""principal"",[]),/No published related record relationship/);"
packages/contracts/platform/entity-runtime/src/related-presentation.test.ts,15,entity,entity_literal_reference,principal,test_fixture,"assert.throws(() => validateRelatedPresentationOwner(profiles,""principal"",[{...relationships[0]!,targetEntity:""address""}]),/No published related record relationship/);"
packages/contracts/platform/entity-runtime/src/related-presentation.test.ts,15,entity,entity_property_literal,address,test_fixture,"assert.throws(() => validateRelatedPresentationOwner(profiles,""principal"",[{...relationships[0]!,targetEntity:""address""}]),/No published related record relationship/);"
packages/contracts/platform/entity-runtime/src/related-presentation.test.ts,19,entity,entity_property_literal,principal_profile,test_fixture,"const base = {key:""profile"",targetEntity:""principal_profile"",cardinality:""zero_or_one"",fields:[{source:""id"",target:""principal_id""}],tenant:{source:""tenant_id"",target:""tenant_id""},readOperation:""list""};"
packages/contracts/platform/entity-runtime/src/related-presentation.test.ts,29,entity,entity_property_literal,principal_profile,test_fixture,"const base = {key:""profile"",targetEntity:""principal_profile"",cardinality:""zero_or_one"",fields:[{source:""id"",target:""principal_id""}],tenant:{source:""tenant_id"",target:""tenant_id""},readOperation:""list""};"
packages/contracts/platform/entity-runtime/src/related-presentation.ts,4,entity,entity_literal_reference,country,application_source,"""text"" | ""date"" | ""datetime"" | ""boolean"" | ""country"" | ""lookup"" | ""badge"";"
packages/contracts/platform/entity-runtime/src/related-presentation.ts,79,entity,entity_property_literal,external_reference,application_source,"entityCode: ""external_reference"","
packages/contracts/platform/entity-runtime/src/related-presentation.ts,89,entity,entity_property_literal,contact_person,application_source,"entityCode: ""contact_person"","
packages/contracts/platform/entity-runtime/src/related-presentation.ts,109,entity,entity_property_literal,address,application_source,"entityCode: ""address"","
packages/contracts/platform/entity-runtime/src/related-presentation.ts,268,entity,entity_array_literal,country,application_source,"""country"","
packages/contracts/platform/entity-runtime/src/related-presentation.ts,276,entity,entity_literal_reference,country,application_source,"(renderer === ""country"" && binding !== ""countryCode"")"
packages/contracts/platform/entity-runtime/src/section-component.ts,5,entity,entity_literal_reference,country,application_source,"readonly bindings: Readonly<Partial<Record<""line1"" | ""line2"" | ""line3"" | ""city"" | ""region"" | ""postalCode"" | ""country"" | ""timezone"" | ""kind"", string>>>;"
packages/contracts/platform/entity-runtime/src/section-component.ts,5,entity,entity_literal_reference,timezone,application_source,"readonly bindings: Readonly<Partial<Record<""line1"" | ""line2"" | ""line3"" | ""city"" | ""region"" | ""postalCode"" | ""country"" | ""timezone"" | ""kind"", string>>>;"
packages/contracts/platform/entity-runtime/src/section-component.ts,7,entity,entity_array_literal,country,application_source,"const addressRoles = [""line1"", ""line2"", ""line3"", ""city"", ""region"", ""postalCode"", ""country"", ""timezone"", ""kind""] as const;"
packages/contracts/platform/entity-runtime/src/section-component.ts,7,entity,entity_array_literal,timezone,application_source,"const addressRoles = [""line1"", ""line2"", ""line3"", ""city"", ""region"", ""postalCode"", ""country"", ""timezone"", ""kind""] as const;"
packages/contracts/platform/navigation/src/generated-catalog.ts,23,entity,entity_literal_reference,country,declaration_generated,"""code"": ""country"","
packages/contracts/platform/navigation/src/generated-catalog.ts,28,entity,entity_literal_reference,currency,declaration_generated,"""code"": ""currency"","
packages/contracts/platform/navigation/src/generated-catalog.ts,33,entity,entity_literal_reference,language,declaration_generated,"""code"": ""language"","
packages/contracts/platform/navigation/src/generated-catalog.ts,38,entity,entity_literal_reference,locale,declaration_generated,"""code"": ""locale"","
packages/contracts/platform/navigation/src/generated-catalog.ts,43,entity,entity_literal_reference,state_region,declaration_generated,"""code"": ""state_region"","
packages/contracts/platform/navigation/src/generated-catalog.ts,48,entity,entity_literal_reference,timezone,declaration_generated,"""code"": ""timezone"","
packages/contracts/platform/navigation/src/generated-catalog.ts,110,entity,entity_literal_reference,principal,declaration_generated,"""code"": ""principal"","
packages/contracts/platform/navigation/src/generated-catalog.ts,334,entity,entity_literal_reference,principal,declaration_generated,"""code"": ""principal"","
packages/contracts/platform/navigation/src/generated-catalog.ts,425,entity,entity_literal_reference,business_partner_request,declaration_generated,"""code"": ""business_partner_request"","
packages/contracts/platform/navigation/src/generated-catalog.ts,430,entity,entity_literal_reference,business_partner,declaration_generated,"""code"": ""business_partner"","
packages/contracts/platform/navigation/src/generated-catalog.ts,435,entity,entity_property_literal,business_partner,declaration_generated,"""defaultEntityCode"": ""business_partner"""
packages/contracts/platform/navigation/src/generated-catalog.ts,458,entity,entity_literal_reference,country,declaration_generated,"""code"": ""country"","
packages/contracts/platform/navigation/src/generated-catalog.ts,463,entity,entity_literal_reference,currency,declaration_generated,"""code"": ""currency"","
packages/contracts/platform/navigation/src/generated-catalog.ts,468,entity,entity_literal_reference,language,declaration_generated,"""code"": ""language"","
packages/contracts/platform/navigation/src/generated-catalog.ts,473,entity,entity_literal_reference,locale,declaration_generated,"""code"": ""locale"","
packages/contracts/platform/navigation/src/generated-catalog.ts,478,entity,entity_literal_reference,timezone,declaration_generated,"""code"": ""timezone"","
packages/contracts/platform/navigation/src/generated-catalog.ts,483,entity,entity_property_literal,currency,declaration_generated,"""defaultEntityCode"": ""currency"""
packages/contracts/platform/navigation/src/generated-catalog.ts,492,entity,entity_literal_reference,person_address_use,declaration_generated,"""code"": ""person_address_use"","
packages/contracts/platform/navigation/src/generated-catalog.ts,497,entity,entity_literal_reference,address,declaration_generated,"""code"": ""address"","
packages/contracts/platform/navigation/src/generated-catalog.ts,502,entity,entity_literal_reference,state_region,declaration_generated,"""code"": ""state_region"","
packages/contracts/platform/navigation/src/generated-catalog.ts,682,entity,entity_literal_reference,workforce,declaration_generated,"""routeSlug"": ""workforce"","
packages/contracts/platform/navigation/src/generated-catalog.ts,687,entity,entity_literal_reference,employee,declaration_generated,"""code"": ""employee"","
packages/contracts/platform/navigation/src/generated-catalog.ts,692,entity,entity_literal_reference,person,declaration_generated,"""code"": ""person"","
packages/contracts/platform/navigation/src/generated-catalog.ts,720,entity,entity_literal_reference,workforce,declaration_generated,"""code"": ""workforce"","
packages/contracts/platform/navigation/src/generated-catalog.ts,726,entity,entity_literal_reference,external_worker,declaration_generated,"""code"": ""external_worker"","
packages/contracts/platform/navigation/src/generated-catalog.ts,833,entity,entity_literal_reference,principal,declaration_generated,"""code"": ""principal"","
packages/contracts/platform/navigation/src/generated-catalog.ts,899,entity,entity_literal_reference,country,declaration_generated,"""code"": ""country"","
packages/contracts/platform/navigation/src/generated-catalog.ts,904,entity,entity_literal_reference,currency,declaration_generated,"""code"": ""currency"","
packages/contracts/platform/navigation/src/generated-catalog.ts,909,entity,entity_literal_reference,language,declaration_generated,"""code"": ""language"","
packages/contracts/platform/navigation/src/generated-catalog.ts,914,entity,entity_literal_reference,locale,declaration_generated,"""code"": ""locale"","
packages/contracts/platform/navigation/src/generated-catalog.ts,919,entity,entity_literal_reference,state_region,declaration_generated,"""code"": ""state_region"","
packages/contracts/platform/navigation/src/generated-catalog.ts,924,entity,entity_literal_reference,timezone,declaration_generated,"""code"": ""timezone"","
packages/planes/mesh/shell/src/index.tsx,29,entity,embedded_entity_route_or_publication,/app/entity/principal/me,application_source,"{(account)=><PlatformShell localization={bootstrap.localization} localePolicy={bootstrap.localePolicy} onLocaleChange={(locale)=>changeLocale(client,locale)} activity={activity} applicationName=""Mesh"" planeDescriptor=""Business Collaboration Network"" planeIconSrc=""/brand/mesh/app-icon.png"" planeWordmarkSrc=""/brand/mesh/identity-lockup.svg"" persistentDesktopBrand initialCollapsed={initialCollapsed} tenantId={bootstrap.tenantId} principalId={princip"
packages/planes/mesh/shell/src/index.tsx,50,entity,entity_array_literal,supplier,application_source,"const groups=([""buyer"",""supplier"",""both""] as const).map((role)=>({role,label:role===""buyer""?labels.buyer:role===""supplier""?labels.supplier:labels.both,accounts:visible.filter((account)=>account.role===role)})).filter((group)=>group.accounts.length);"
packages/planes/mesh/shell/src/index.tsx,50,entity,entity_literal_reference,supplier,application_source,"const groups=([""buyer"",""supplier"",""both""] as const).map((role)=>({role,label:role===""buyer""?labels.buyer:role===""supplier""?labels.supplier:labels.both,accounts:visible.filter((account)=>account.role===role)})).filter((group)=>group.accounts.length);"
packages/planes/mesh/shell/src/index.tsx,59,entity,entity_literal_reference,supplier,application_source,"function roleLabel(role:MeshNetworkAccount[""role""]):string{return role===""buyer""?""BUYER"":role===""supplier""?""SUPPLIER"":""BUYER & SUPPLIER"";}"
packages/planes/neon/list-view/src/scope-adapters.tsx,11,entity,entity_literal_reference,supplier,application_source,"type BusinessPartnerRole = ""supplier"" | ""customer"";"
packages/planes/neon/list-view/src/scope-adapters.tsx,11,entity,entity_literal_reference,customer,application_source,"type BusinessPartnerRole = ""supplier"" | ""customer"";"
packages/planes/neon/list-view/src/scope-adapters.tsx,43,entity,entity_literal_reference,supplier,application_source,"return role === ""supplier"" || role === ""customer"" ? role : undefined;"
packages/planes/neon/list-view/src/scope-adapters.tsx,43,entity,entity_literal_reference,customer,application_source,"return role === ""supplier"" || role === ""customer"" ? role : undefined;"
packages/planes/neon/list-view/src/scope-adapters.tsx,91,entity,entity_comparison,business_partner,application_source,"if (entityCode === ""business_partner"")"
packages/planes/neon/list-view/src/scope-adapters.tsx,185,entity,entity_literal_reference,supplier,application_source,"value.partnerRole === ""supplier"" || value.partnerRole === ""customer"""
packages/planes/neon/list-view/src/scope-adapters.tsx,185,entity,entity_literal_reference,customer,application_source,"value.partnerRole === ""supplier"" || value.partnerRole === ""customer"""
packages/planes/neon/shell/src/index.tsx,289,entity,embedded_entity_route_or_publication,/app/entity/principal/me,application_source,"profileHref=""/app/entity/principal/me"""
packages/planes/studio/shell/src/index.tsx,14,entity,embedded_entity_route_or_publication,/app/entity/principal/me,application_source,"export function StudioShell({ bootstrap, principalId, contexts, initialCollapsed, children, onNavigationDiagnostic }: { readonly bootstrap: StudioBootstrap; readonly principalId: string; readonly contexts?:PlatformShellProps[""contexts""]; readonly initialCollapsed?: boolean; readonly children: ReactNode; readonly onNavigationDiagnostic?: (event: NavigationDiagnostic) => void }) { const intl=useEntityI18n(bootstrap.localization); const client=useAp"
packages/planes/studio/shell/src/navigation.ts,40,permission,literal_permission_candidate,metadata.entity.review,application_source,"requiredPermissions: [""metadata.entity.review""],"
packages/platform/ai/agent-ui/src/business-context.ts,17,entity,entity_literal_reference,locale,application_source,"? Omit<C, ""schemaVersion"" | ""generationId"" | ""locale""> & {"
packages/platform/entity/runtime/form-detail/src/entity-edit-collaboration.tsx,9,entity,entity_literal_reference,locale,application_source,"type RuntimeContext = Pick<ComponentProps<typeof EntityRuntimeWorkspace>, ""entityCode"" | ""surfaceKey"" | ""contextKey"" | ""resourceContext"" | ""locale"" | ""collaborationSectionKeys"">;"
packages/platform/entity/runtime/form-detail/src/protected-value.tsx,11,mfa,mfa_literal_or_route,BP_360_STEP_UP_REQUIRED,application_source,"const message = code === ""BP_360_STEP_UP_REQUIRED"""
packages/platform/entity/runtime/form-detail/src/protected-value.tsx,12,mfa,mfa_literal_or_route,Identity verification has expired. Refresh the page and verify your identity before revealing.,application_source,"? ""Identity verification has expired. Refresh the page and verify your identity before revealing."""
packages/platform/entity/runtime/form-detail/src/protected-value.tsx,82,mfa,mfa_literal_or_route,Identity verification could not start. Refresh the page and try again.,application_source,"if (!csrf) { setFailed(""Identity verification could not start. Refresh the page and try again.""); return; }"
packages/platform/entity/runtime/form-detail/src/protected-value.tsx,86,mfa,mfa_literal_or_route,`/api/auth/step-up/start?returnTo=${encodeURIComponent(window.location.pathname + window.location.search)}`,application_source,form.action = `/api/auth/step-up/start?returnTo=${encodeURIComponent(window.location.pathname + window.location.search)}`;
packages/platform/entity/runtime/form-detail/src/protected-value.tsx,104,mfa,mfa_literal_or_route,Verify identity,application_source,"<Button type=""submit"" disabled={busy || (allowed && !purposes.some(option => option.value === purpose))}>{busy ? ""Revealing…"" : allowed ? ""Reveal value"" : ""Verify identity""}</Button>"
packages/platform/entity/runtime/form-detail/src/record-action.tsx,41,mfa,mfa_literal_or_route,verification_required,application_source,": state === ""verification_required"" ? handlers?.verify"
packages/platform/entity/runtime/form-detail/src/record-action.tsx,46,mfa,mfa_literal_or_route,verification_required,application_source,"<button type=""button"" className=""a-button a-button--secondary"" disabled={!callback && !retry} aria-describedby={id} onClick={() => { if (retry) retry(); else if (callback && decision) callback(decision); }}>{action.label}{callback ? state === ""context_required"" ? "" · Select context"" : state === ""verification_required"" ? "" · Verify"" : "" · View prerequisites"" : retry ? "" · Retry"" : """"}</button>"
packages/platform/entity/runtime/form-detail/src/related-record.tsx,48,entity,entity_literal_reference,country,application_source,"if (field.renderer === ""country"" && /^[a-z]{2}$/i.test(raw))"
packages/platform/entity/runtime/form-detail/src/related-record.tsx,207,entity,entity_literal_reference,country,application_source,"key: ""country"","
packages/platform/entity/runtime/form-detail/src/related-record.tsx,210,entity,entity_literal_reference,country,application_source,"renderer: ""country"","
packages/platform/entity/runtime/list-view/src/data-operations.tsx,126,entity,entity_property_literal,example_entity,application_source,"async function downloadTemplate(client:HttpClient,descriptor: EntityListDescriptorV1, format: RecordImportFormat) { const policy = descriptor.dataOperations!.import,fields = descriptor.fields.filter((field) => policy.importableFields.includes(field.key));if(format===""xlsx""){const result=await client.request(downloadRecordImportWorkbookTemplateOperation,{params:{entityCode:descriptor.entity.code}});window.location.assign(result.url);return;}if(pol"
packages/platform/entity/runtime/list-view/src/index.tsx,5096,mfa,mfa_literal_or_route,verify-identity,application_source,"{model.action === ""verify-identity"" ? <IdentityVerificationButton /> : null}"
packages/platform/foundation/api-client/src/bootstrap.ts,48,entity,entity_array_literal,principal,application_source,"bootstrap: (scope: { readonly plane: SanitizedSession[""plane""]; readonly tenantId: string; readonly authEpoch: number }) => [""principal"", scope.plane, scope.tenantId, scope.authEpoch, ""experience"", ""bootstrap""] as const,"
packages/platform/foundation/api-client/src/bootstrap.ts,102,entity,entity_array_literal,principal,application_source,"source: Object.freeze({ uiLocale: oneOf(source.uiLocale, [""principal"", ""tenant"", ""platform"", ""request""] as const, ""localization.source.uiLocale""), formatLocale: oneOf(source.formatLocale, [""principal"", ""tenant"", ""platform"", ""request""] as const, ""localization.source.formatLocale"") }),"
packages/platform/foundation/api-client/src/entity-list.ts,20,entity,entity_literal_reference,supplier,application_source,"export interface RecordBookmarkMutationV1 { readonly companyCodeIds?: string; readonly operatingOrganizationIds?: string; readonly partnerRole?: ""supplier"" | ""customer""; readonly eligibleOperation?: ""order"" | ""invoice"" | ""payment""; readonly records: readonly { readonly id: string; readonly label?: string }[]; readonly companyCodeId?: string; readonly legalEntityId?: string; readonly operatingOrganizationId?: string; readonly networkAccountId?: st"
packages/platform/foundation/api-client/src/entity-list.ts,20,entity,entity_literal_reference,customer,application_source,"export interface RecordBookmarkMutationV1 { readonly companyCodeIds?: string; readonly operatingOrganizationIds?: string; readonly partnerRole?: ""supplier"" | ""customer""; readonly eligibleOperation?: ""order"" | ""invoice"" | ""payment""; readonly records: readonly { readonly id: string; readonly label?: string }[]; readonly companyCodeId?: string; readonly legalEntityId?: string; readonly operatingOrganizationId?: string; readonly networkAccountId?: st"
packages/platform/foundation/api-client/src/network-account.ts,3,entity,entity_literal_reference,supplier,application_source,"export type MeshNetworkAccountRole=""buyer""|""supplier""|""both"";"
packages/platform/foundation/api-client/src/network-account.ts,11,entity,entity_array_literal,supplier,application_source,"const accounts=arr(record.accounts,""accounts"").map((candidate,index)=>{const row=obj(candidate,`accounts[${index}]`),relatedAccountCount=integer(row.relatedAccountCount,""relatedAccountCount"");if(relatedAccountCount<1)throw new TypeError(""relatedAccountCount must be positive"");return Object.freeze({networkAccountId:text(row.networkAccountId,""networkAccountId""),code:code(row.code,""code""),displayName:text(row.displayName,""displayName""),...(optional("
packages/platform/foundation/api-client/src/operating-organization.ts,14,entity,entity_literal_reference,currency,application_source,"const organizations=arr(record.organizations,""organizations"").map((candidate,index)=>{const row=obj(candidate,`organizations[${index}]`),defaults=obj(row.defaults,`organizations[${index}].defaults`);const assignments=arr(row.companyAssignments,""companyAssignments"").map((item,assignmentIndex)=>{const a=obj(item,`organizations[${index}].companyAssignments[${assignmentIndex}]`);return Object.freeze({companyCodeId:text(a.companyCodeId,""companyCodeId"""
packages/platform/foundation/i18n/src/index.ts,37,entity,entity_literal_reference,principal,application_source,"export type LocaleSource = ""principal"" | ""tenant"" | ""request"" | ""platform"";"
packages/platform/gateway/bff-relay/src/index.ts,25,mfa,mfa_identifier_reference,assurance,application_source,"readonly assurance?: ""baseline"" | ""elevated"";"
packages/platform/gateway/bff-relay/src/index.ts,219,entity,entity_array_literal,locale,application_source,"allowedQuery: [""channel"", ""locale"", ""version""],"
packages/platform/gateway/bff-relay/src/index.ts,1764,entity,entity_array_literal,workforce,application_source,"""workforce"","
packages/platform/gateway/bff-relay/src/index.ts,1980,permission,literal_permission_candidate,neon.workforce.read,application_source,"id: ""neon.workforce.read"","
packages/platform/iam/auth-bff/src/environment.ts,85,mfa,mfa_identifier_reference,assurance,application_source,"readonly assurance: ""baseline"" | ""elevated"";"
packages/platform/iam/auth-bff/src/environment.ts,125,mfa,mfa_identifier_reference,stepUpStart,application_source,"stepUpStart: (request) => get().handlers.stepUpStart(request),"
packages/platform/iam/auth-bff/src/environment.ts,126,mfa,mfa_identifier_reference,mfaVerify,application_source,"mfaVerify: (request) => get().handlers.mfaVerify(request),"
packages/platform/iam/auth-bff/src/environment.ts,417,mfa,mfa_identifier_reference,assurance,application_source,"const assurance = elevatedAssurance(payload, authenticationMethods)"
packages/platform/iam/auth-bff/src/environment.ts,417,mfa,mfa_identifier_reference,elevatedAssurance,application_source,"const assurance = elevatedAssurance(payload, authenticationMethods)"
packages/platform/iam/auth-bff/src/environment.ts,446,mfa,mfa_identifier_reference,assurance,application_source,"assurance,"
packages/platform/iam/auth-bff/src/environment.ts,451,mfa,mfa_identifier_reference,elevatedAssurance,application_source,function elevatedAssurance(
packages/platform/iam/auth-bff/src/environment.ts,464,mfa,mfa_literal_or_route,mfa,application_source,"""mfa"","
packages/platform/iam/auth-bff/src/environment.ts,641,mfa,mfa_identifier_reference,assurance,application_source,const assurance =
packages/platform/iam/auth-bff/src/environment.ts,642,mfa,mfa_identifier_reference,assurance,application_source,"stored.assurance === ""elevated"" &&"
packages/platform/iam/auth-bff/src/environment.ts,642,mfa,assurance_literal,elevated,application_source,"stored.assurance === ""elevated"" &&"
packages/platform/iam/auth-bff/src/environment.ts,653,mfa,mfa_identifier_reference,assurance,application_source,"assurance,"
packages/platform/iam/auth-bff/src/index.ts,13,mfa,mfa_literal_or_route,step_up,application_source,"readonly purpose?: ""login"" | ""step_up"";"
packages/platform/iam/auth-bff/src/index.ts,23,mfa,mfa_identifier_reference,assurance,application_source,"readonly assurance?: ""baseline"" | ""elevated"";"
packages/platform/iam/auth-bff/src/index.ts,65,mfa,mfa_identifier_reference,stepUpStart,application_source,stepUpStart(request: Request): Promise<Response>; mfaVerify(request: Request): Promise<Response>;
packages/platform/iam/auth-bff/src/index.ts,65,mfa,mfa_identifier_reference,mfaVerify,application_source,stepUpStart(request: Request): Promise<Response>; mfaVerify(request: Request): Promise<Response>;
packages/platform/iam/auth-bff/src/index.ts,134,mfa,mfa_identifier_reference,assurance,application_source,"const result: SanitizedSession = { schemaVersion: 1, state, plane: stored.plane, realmKey: stored.realmKey, expiresAt: iso(Math.min(stored.idleExpiresAt, stored.absoluteExpiresAt)), idleExpiresAt: iso(stored.idleExpiresAt), absoluteExpiresAt: iso(stored.absoluteExpiresAt), accessExpiresAt: iso(stored.accessTokenExpiresAt), ...(stored.tenantId ? { tenantId: stored.tenantId, principalId: stored.principalId, authEpoch: stored.authEpoch } : {}), sess"
packages/platform/iam/auth-bff/src/index.ts,167,mfa,mfa_literal_or_route,step_up,application_source,"if (transaction.purpose === ""step_up"") {"
packages/platform/iam/auth-bff/src/index.ts,168,mfa,mfa_identifier_reference,validateStepUpAssurance,application_source,validateStepUpAssurance(identity);
packages/platform/iam/auth-bff/src/index.ts,171,mfa,mfa_literal_or_route,auth.step_up_session_changed,application_source,"if (!sessionIdHash || !transaction.sessionIdHash || !timingSafeText(sessionIdHash, transaction.sessionIdHash)) throw new AuthFlowError(""auth.step_up_session_changed"", 401, ""The session changed during step-up"");"
packages/platform/iam/auth-bff/src/index.ts,171,mfa,mfa_literal_or_route,The session changed during step-up,application_source,"if (!sessionIdHash || !transaction.sessionIdHash || !timingSafeText(sessionIdHash, transaction.sessionIdHash)) throw new AuthFlowError(""auth.step_up_session_changed"", 401, ""The session changed during step-up"");"
packages/platform/iam/auth-bff/src/index.ts,173,mfa,mfa_literal_or_route,auth.step_up_identity_changed,application_source,"if (!existing || (existing.providerSubject && existing.providerSubject !== identity.subject) || (!existing.providerSubject && existing.providerSessionId !== identity.providerSessionId)) throw new AuthFlowError(""auth.step_up_identity_changed"", 403, ""Step-up returned a different identity"");"
packages/platform/iam/auth-bff/src/index.ts,173,mfa,mfa_literal_or_route,Step-up returned a different identity,application_source,"if (!existing || (existing.providerSubject && existing.providerSubject !== identity.subject) || (!existing.providerSubject && existing.providerSessionId !== identity.providerSessionId)) throw new AuthFlowError(""auth.step_up_identity_changed"", 403, ""Step-up returned a different identity"");"
packages/platform/iam/auth-bff/src/index.ts,187,mfa,mfa_literal_or_route,The session changed during step-up,application_source,"if (!await config.store.rotate(binding, sessionIdHash, hashOpaqueSessionId(rawId), replacement, existing.sessionVersion)) throw new AuthFlowError(""auth.session_changed"", 409, ""The session changed during step-up"");"
packages/platform/iam/auth-bff/src/index.ts,190,mfa,mfa_identifier_reference,assurance,application_source,"const session: StoredSession = { schemaVersion: 1, plane: config.plane, realmKey: config.realmKey, tenantId: availableContexts ? selected?.tenantId : identity.tenantId, availableContexts, principalId: selected?.principalId ?? identity.subject, providerSubject: identity.subject, providerSessionId: identity.providerSessionId, encryptedTokenBundle: await config.sealTokens(tokens), accessTokenExpiresAt: tokens.accessTokenExpiresAt, refreshGeneration:"
packages/platform/iam/auth-bff/src/index.ts,190,mfa,assurance_literal,baseline,application_source,"const session: StoredSession = { schemaVersion: 1, plane: config.plane, realmKey: config.realmKey, tenantId: availableContexts ? selected?.tenantId : identity.tenantId, availableContexts, principalId: selected?.principalId ?? identity.subject, providerSubject: identity.subject, providerSessionId: identity.providerSessionId, encryptedTokenBundle: await config.sealTokens(tokens), accessTokenExpiresAt: tokens.accessTokenExpiresAt, refreshGeneration:"
packages/platform/iam/auth-bff/src/index.ts,196,mfa,mfa_identifier_reference,loginMfaIsFresh,application_source,const loginMfaIsFresh = authenticationTime !== undefined && authenticationTime <= started
packages/platform/iam/auth-bff/src/index.ts,199,mfa,mfa_identifier_reference,loginMfaIsFresh,application_source,"await config.store.create(hashOpaqueSessionId(rawId), loginMfaIsFresh"
packages/platform/iam/auth-bff/src/index.ts,262,mfa,mfa_identifier_reference,assurance,application_source,"if (typeof tenantId !== ""string"" || !tenantId.trim()) throw new AuthFlowError(""auth.invalid_request"", 400, ""tenantId must be a non-empty string""); const selected = current.availableContexts?.find((candidate) => candidate.tenantId === tenantId); if (current.availableContexts && !selected) throw new AuthFlowError(""auth.context_not_allowed"", 403, ""The selected context is not available""); const replacementId = randomBytes(32).toString(""base64url""); c"
packages/platform/iam/auth-bff/src/index.ts,285,mfa,mfa_identifier_reference,requireStepUpSession,application_source,"const requireStepUpSession = async (request: Request, suppliedCsrfToken?: string): Promise<string> => {"
packages/platform/iam/auth-bff/src/index.ts,292,mfa,mfa_identifier_reference,stepUpStart,application_source,const stepUpStart = run(async (request) => {
packages/platform/iam/auth-bff/src/index.ts,297,mfa,mfa_identifier_reference,requireStepUpSession,application_source,"const id = await requireStepUpSession(request, suppliedCsrfToken);"
packages/platform/iam/auth-bff/src/index.ts,298,mfa,mfa_literal_or_route,step_up,application_source,"const url = new URL(request.url); const browserBinding = randomBytes(32).toString(""base64url""); const transaction = { ...(await createPkceTransaction({ returnTo: sanitizeReturnTo(url.searchParams.get(""returnTo"") ?? ""/""), browserBinding, now: now() })), purpose: ""step_up"" as const, sessionIdHash: id, ...(url.searchParams.get(""rememberDevice"") === ""true"" ? { rememberDevice: true } : {}) };"
packages/platform/iam/auth-bff/src/index.ts,307,mfa,mfa_identifier_reference,mfaVerify,application_source,const mfaVerify = run(async (request) => {
packages/platform/iam/auth-bff/src/index.ts,308,mfa,mfa_identifier_reference,requireStepUpSession,application_source,await requireStepUpSession(request);
packages/platform/iam/auth-bff/src/index.ts,309,mfa,mfa_literal_or_route,auth.step_up_required,application_source,"throw new AuthFlowError(""auth.step_up_required"", 403, ""Start interactive MFA at /api/auth/step-up/start"");"
packages/platform/iam/auth-bff/src/index.ts,309,mfa,mfa_literal_or_route,Start interactive MFA at /api/auth/step-up/start,application_source,"throw new AuthFlowError(""auth.step_up_required"", 403, ""Start interactive MFA at /api/auth/step-up/start"");"
packages/platform/iam/auth-bff/src/index.ts,311,mfa,mfa_identifier_reference,stepUpStart,application_source,"return { login, callback, logout, logoutCallback, session, contexts, context, touch, refresh, backchannelLogout, stepUpStart, mfaVerify };"
packages/platform/iam/auth-bff/src/index.ts,311,mfa,mfa_identifier_reference,mfaVerify,application_source,"return { login, callback, logout, logoutCallback, session, contexts, context, touch, refresh, backchannelLogout, stepUpStart, mfaVerify };"
packages/platform/iam/auth-bff/src/index.ts,316,mfa,mfa_literal_or_route,auth.step_up_required,application_source,"if (until <= currentTime) throw new AuthFlowError(""auth.step_up_required"", 403, ""Step-up assurance has expired"");"
packages/platform/iam/auth-bff/src/index.ts,316,mfa,mfa_literal_or_route,Step-up assurance has expired,application_source,"if (until <= currentTime) throw new AuthFlowError(""auth.step_up_required"", 403, ""Step-up assurance has expired"");"
packages/platform/iam/auth-bff/src/index.ts,317,mfa,mfa_identifier_reference,assurance,application_source,"return { ...session, assurance: ""elevated"", elevationExpiresAt: until, sessionVersion: session.sessionVersion + 1, lastSeenAt: currentTime };"
packages/platform/iam/auth-bff/src/index.ts,317,mfa,assurance_literal,elevated,application_source,"return { ...session, assurance: ""elevated"", elevationExpiresAt: until, sessionVersion: session.sessionVersion + 1, lastSeenAt: currentTime };"
packages/platform/iam/auth-bff/src/index.ts,320,mfa,mfa_literal_or_route,mfa,application_source,"const ELEVATED_AUTHENTICATION_METHODS = new Set([""otp"", ""webauthn"", ""webauthn-passwordless"", ""fido"", ""fido2"", ""hwk"", ""mfa""]);"
packages/platform/iam/auth-bff/src/index.ts,321,mfa,mfa_identifier_reference,validateStepUpAssurance,application_source,function validateStepUpAssurance(identity: VerifiedIdentity): void {
packages/platform/iam/auth-bff/src/index.ts,323,mfa,mfa_literal_or_route,auth.step_up_assurance_missing,application_source,"if (!methods.some((method) => ELEVATED_AUTHENTICATION_METHODS.has(method))) throw new AuthFlowError(""auth.step_up_assurance_missing"", 403, ""The identity provider did not prove a second authentication factor"");"
packages/platform/iam/identity-gate/src/workspace-showcase-data.ts,363,entity,entity_array_literal,business_partner,application_source,"head: [[""Entity"", ""business_partner""], [""Release"", ""1482""], [""Compatibility"", ""Backward""], [""Planes"", ""3 activated"", true]],"
packages/platform/iam/identity-gate/src/workspace-showcase-data.ts,531,mfa,mfa_literal_or_route,Granted for 90 days with step up authentication required at sign in,application_source,"{ name: ""Grant"", ref: ""GRT-7781"", meta: ""Granted for 90 days with step up authentication required at sign in"", val: ""90 days"", state: ""active"" },"
packages/platform/iam/session-store/src/index.ts,23,mfa,mfa_identifier_reference,assurance,application_source,readonly assurance: AssuranceLevel;
packages/platform/iam/session-store/src/index.ts,23,mfa,mfa_identifier_reference,AssuranceLevel,application_source,readonly assurance: AssuranceLevel;
packages/platform/iam/session/src/index.ts,4,mfa,mfa_identifier_reference,AssuranceLevel,application_source,"export type { AssuranceLevel, SanitizedSession, SessionNextAction, SessionPlane, SessionState } from ""@athyper/contract-platform-auth-session"";"
packages/platform/iam/session/src/index.ts,12,mfa,mfa_identifier_reference,assurance,application_source,"if (session.assurance === ""elevated"" && expired(session.elevationExpiresAt, now)) return ""elevation_expired"";"
packages/platform/iam/session/src/index.ts,12,mfa,assurance_literal,elevated,application_source,"if (session.assurance === ""elevated"" && expired(session.elevationExpiresAt, now)) return ""elevation_expired"";"
packages/platform/shell/activity-center-data/src/notification-controls.tsx,40,permission,literal_permission_candidate,notifications.delivery.read,application_source,"const canInspect = usePermission(""notifications.delivery.read"");"
packages/platform/shell/activity-center-data/src/notification-controls.tsx,264,permission,literal_permission_candidate,notifications.delivery.replay,application_source,"canRetry = usePermission(""notifications.delivery.replay"");"
packages/platform/shell/app-foundation/src/boundaries.tsx,72,mfa,mfa_literal_or_route,verify-identity,application_source,"if (model.action === ""verify-identity"") return <IdentityVerificationButton />;"
packages/platform/shell/app-foundation/src/boundaries.tsx,89,mfa,mfa_literal_or_route,`/api/auth/step-up/start?returnTo=${encodeURIComponent(safeLocalReturnTo(window.location.pathname + window.location.search))}`,application_source,form.action = `/api/auth/step-up/start?returnTo=${encodeURIComponent(safeLocalReturnTo(window.location.pathname + window.location.search))}`;
packages/platform/shell/app-foundation/src/error-taxonomy.ts,18,mfa,mfa_literal_or_route,verify-identity,application_source,"export type AppErrorAction = ""login"" | ""complete-action"" | ""verify-identity"" | ""select-context"" | ""reload-compare"" | ""correct-fields"" | ""retry-later"" | ""retry"" | ""reset"" | ""none"";"
packages/platform/shell/app-foundation/src/error-taxonomy.ts,43,mfa,mfa_literal_or_route,MFA_REQUIRED,application_source,"const REQUIRED_ACTION_CODES = new Set([""AUTH_REQUIRED_ACTION"", ""REQUIRED_ACTION_PENDING"", ""MFA_REQUIRED"", ""STEP_UP_REQUIRED""]);"
packages/platform/shell/app-foundation/src/error-taxonomy.ts,43,mfa,mfa_literal_or_route,STEP_UP_REQUIRED,application_source,"const REQUIRED_ACTION_CODES = new Set([""AUTH_REQUIRED_ACTION"", ""REQUIRED_ACTION_PENDING"", ""MFA_REQUIRED"", ""STEP_UP_REQUIRED""]);"
packages/platform/shell/app-foundation/src/error-taxonomy.ts,53,mfa,mfa_literal_or_route,STEP_UP_REQUIRED,application_source,"if (facts.status === 403 && [""STEP_UP_REQUIRED"", ""MFA_REQUIRED""].includes(facts.code ?? """")) return model(""required-action"", ""Verify your identity"", ""Complete MFA verification to view this resource. You will return to this page afterward."", ""verify-identity"", false, true, common);"
packages/platform/shell/app-foundation/src/error-taxonomy.ts,53,mfa,mfa_literal_or_route,MFA_REQUIRED,application_source,"if (facts.status === 403 && [""STEP_UP_REQUIRED"", ""MFA_REQUIRED""].includes(facts.code ?? """")) return model(""required-action"", ""Verify your identity"", ""Complete MFA verification to view this resource. You will return to this page afterward."", ""verify-identity"", false, true, common);"
packages/platform/shell/app-foundation/src/error-taxonomy.ts,53,mfa,mfa_literal_or_route,Complete MFA verification to view this resource. You will return to this page afterward.,application_source,"if (facts.status === 403 && [""STEP_UP_REQUIRED"", ""MFA_REQUIRED""].includes(facts.code ?? """")) return model(""required-action"", ""Verify your identity"", ""Complete MFA verification to view this resource. You will return to this page afterward."", ""verify-identity"", false, true, common);"
packages/platform/shell/app-foundation/src/error-taxonomy.ts,53,mfa,mfa_literal_or_route,verify-identity,application_source,"if (facts.status === 403 && [""STEP_UP_REQUIRED"", ""MFA_REQUIRED""].includes(facts.code ?? """")) return model(""required-action"", ""Verify your identity"", ""Complete MFA verification to view this resource. You will return to this page afterward."", ""verify-identity"", false, true, common);"
packages/platform/shell/shell/src/atlas-action-history.tsx,49,permission,literal_permission_candidate,atlas.admin.manage,application_source,"const administrator = useOptionalPermission(""atlas.admin.manage"");"
packages/platform/shell/shell/src/atlas-answer.tsx,253,permission,literal_permission_candidate,atlas.admin.manage,application_source,"const administrator = useOptionalPermission(""atlas.admin.manage"");"
packages/platform/shell/shell/src/atlas-context-inspector.tsx,37,permission,literal_permission_candidate,atlas.admin.manage,application_source,"const administrator = useOptionalPermission(""atlas.admin.manage"");"
packages/platform/shell/shell/src/atlas-context-inspector.tsx,88,entity,entity_comparison,business_partner,application_source,"{record && page.entityCode === ""business_partner"" ? ("
packages/platform/shell/shell/src/atlas-workspace.tsx,822,permission,literal_permission_candidate,atlas.admin.manage,application_source,"const administrator = useOptionalPermission(""atlas.admin.manage"");"
packages/platform/shell/shell/src/home.tsx,803,entity,entity_property_literal,atlas.prompt,application_source,"entityType: ""atlas.prompt"","
packages/platform/shell/shell/src/home.tsx,867,entity,entity_property_literal,atlas.prompt,application_source,"entityType: ""atlas.prompt"","
server/apps/platform-host/scripts/db-verification/provisioning/company-profile-overlay.test.ts,5,entity,entity_array_literal,supplier,test_fixture,"const relations=['supplier','customer'].map(role=>({relationKey:`business_partner.${role}_company_profile`,binding:{owner:'new'}}));"
server/apps/platform-host/scripts/db-verification/provisioning/company-profile-overlay.test.ts,5,entity,entity_array_literal,customer,test_fixture,"const relations=['supplier','customer'].map(role=>({relationKey:`business_partner.${role}_company_profile`,binding:{owner:'new'}}));"
server/apps/platform-host/scripts/db-verification/provisioning/company-profile-overlay.ts,11,entity,entity_array_literal,supplier,tooling_operations,"for(const role of ['supplier','customer']){"
server/apps/platform-host/scripts/db-verification/provisioning/company-profile-overlay.ts,11,entity,entity_array_literal,customer,tooling_operations,"for(const role of ['supplier','customer']){"
server/apps/platform-host/scripts/db-verification/provisioning/company-profile-overlay.ts,38,entity,entity_array_literal,supplier,tooling_operations,"for(const role of ['supplier','customer']){"
server/apps/platform-host/scripts/db-verification/provisioning/company-profile-overlay.ts,38,entity,entity_array_literal,customer,tooling_operations,"for(const role of ['supplier','customer']){"
server/apps/platform-host/scripts/db-verification/provisioning/publish-development-compiled-entity-runtime.test.ts,9,entity,entity_property_literal,business_partner,test_fixture,"const options={neonDatabaseUrl:'postgresql://localhost/athyper_neon',entityCode:'business_partner',authoringRoot:'/not-read',sourceDefinitionReleaseId:'00000000-0000-4000-8000-000000000001',confirmation:'LOCAL-COMPILED-ENTITY-RUNTIME',expectedActiveArtifactHash:'a'.repeat(64)};"
server/apps/platform-host/scripts/db-verification/provisioning/publish-development-compiled-entity-runtime.test.ts,11,entity,entity_property_literal,business_partner,test_fixture,"const authority=()=>({tenantId:'00000000-0000-4000-8000-000000000004',entityCode:'business_partner',author:actor('author'),publisher:actor('publisher'),keyId:'test',signer:{sign:vi.fn()},verifier:{verify:vi.fn()}});"
server/apps/platform-host/scripts/db-verification/provisioning/publish-development-compiled-entity-runtime.test.ts,43,entity,entity_property_literal,business_partner_request,test_fixture,"artifactType:'core',artifactKey:'business_partner_request/core',entityCode:'business_partner_request',plane:'neon',dependencies:[],"
server/apps/platform-host/scripts/db-verification/provisioning/publish-development-compiled-entity-runtime.test.ts,49,entity,entity_property_literal,business_partner_request,test_fixture,"const promise=publishDevelopmentCompiledEntityRuntime({...options,entityCode:'business_partner_request',dryRun:true,candidateOutput:candidate,authoringRoot:fileURLToPath(new URL('../../../../../../metadata/products/mdg/entities',import.meta.url))});"
server/apps/platform-host/scripts/db-verification/provisioning/publish-development-compiled-entity-runtime.ts,72,entity,entity_comparison,business_partner,tooling_operations,"if (options.decisionViewsOverlay && (options.entityCode !== ""business_partner"" || options.candidateOutput || !options.expectedActiveArtifactHash || !/^[a-f0-9]{64}$/.test(options.decisionViewsOverlay.sourceSha256)))"
server/apps/platform-host/scripts/db-verification/provisioning/publish-development-compiled-entity-runtime.ts,74,entity,entity_comparison,business_partner,tooling_operations,"if (options.statusToneOverlay && (options.decisionViewsOverlay || options.companyProfilesOverlay || options.sourceCompiledRelease || options.entityCode !== ""business_partner"" || options.candidateOutput || !options.expectedActiveArtifactHash || !/^[a-f0-9]{64}$/.test(options.statusToneOverlay.sourceSha256)))"
server/apps/platform-host/scripts/db-verification/provisioning/publish-development-compiled-entity-runtime.ts,76,entity,entity_comparison,business_partner,tooling_operations,"if (options.qualificationContractOverlay && (options.statusToneOverlay || options.decisionViewsOverlay || options.companyProfilesOverlay || options.sourceCompiledRelease || options.entityCode !== ""business_partner"" || options.candidateOutput || !options.expectedActiveArtifactHash || !/^[a-f0-9]{64}$/.test(options.qualificationContractOverlay.sourceSha256)))"
server/apps/platform-host/scripts/db-verification/provisioning/publish-development-compiled-entity-runtime.ts,78,entity,entity_comparison,business_partner,tooling_operations,"if (options.navigationDisplayOverlay && (options.qualificationContractOverlay || options.statusToneOverlay || options.decisionViewsOverlay || options.companyProfilesOverlay || options.sourceCompiledRelease || options.entityCode !== ""business_partner"" || options.candidateOutput || !options.expectedActiveArtifactHash || !/^[a-f0-9]{64}$/.test(options.navigationDisplayOverlay.sourceSha256)))"
server/apps/platform-host/scripts/db-verification/provisioning/publish-development-compiled-entity-runtime.ts,81,entity,entity_comparison,business_partner,tooling_operations,"if(options.companyProfilesOverlay && (options.decisionViewsOverlay || options.entityCode!==""business_partner"" || options.candidateOutput || !options.expectedActiveArtifactHash || !/^[a-f0-9]{64}$/.test(options.companyProfilesOverlay.sourceSha256)))throw Error(""COMPANY_PROFILE_OVERLAY_SCOPE_INVALID"");"
server/apps/platform-host/scripts/db-verification/provisioning/publish-development-compiled-entity-runtime.ts,161,entity,entity_comparison,business_partner,tooling_operations,"const compilation = options.entityCode === ""business_partner"" && !options.candidateOutput && !options.decisionViewsOverlay && !options.companyProfilesOverlay && !options.statusToneOverlay && !options.qualificationContractOverlay && !options.navigationDisplayOverlay"
server/apps/platform-host/scripts/db-verification/provisioning/publish-development-compiled-entity-runtime.ts,299,entity,entity_comparison,business_partner,tooling_operations,"async function main() { const args = process.argv.slice(2), neonDatabaseUrl = option(args, ""--database-url"") ?? process.env.ATHYPER_NEON_DATABASE_ADMIN_URL; if (!neonDatabaseUrl) throw new Error(""set ATHYPER_NEON_DATABASE_ADMIN_URL or --database-url""); const result = await publishDevelopmentCompiledEntityRuntime({ neonDatabaseUrl, studioDatabaseUrl: option(args, ""--studio-database-url"") ?? process.env.ATHYPER_STUDIO_DATABASE_ADMIN_URL, entityCode"
server/apps/platform-host/scripts/operations/rehearse-recovery-compiler.ts,36,mfa,mfa_identifier_reference,assurance,tooling_operations,"const context=(id:string)=>({principalId:id,tenantId:tenant,planeKey:'studio',realmKey:'platform-control',assurance:'elevated',authEpoch:actors.find(a=>a.id===id)!.auth_epoch,requestId:randomUUID()} as any);"
server/apps/platform-host/scripts/operations/rehearse-recovery-compiler.ts,36,mfa,assurance_literal,elevated,tooling_operations,"const context=(id:string)=>({principalId:id,tenantId:tenant,planeKey:'studio',realmKey:'platform-control',assurance:'elevated',authEpoch:actors.find(a=>a.id===id)!.auth_epoch,requestId:randomUUID()} as any);"
server/apps/platform-host/scripts/qualification/check-dev-principal-relationships.ts,52,entity,entity_array_literal,principal_ui_profile,tooling_operations,"for (const entity of [""principal_ui_profile""]) {"
server/apps/platform-host/scripts/qualification/check-dev-reference-relationships.ts,51,entity,entity_array_literal,country,tooling_operations,"""country"","
server/apps/platform-host/scripts/qualification/check-dev-reference-relationships.ts,52,entity,entity_array_literal,currency,tooling_operations,"""currency"","
server/apps/platform-host/scripts/qualification/check-dev-reference-relationships.ts,53,entity,entity_array_literal,language,tooling_operations,"""language"","
server/apps/platform-host/scripts/qualification/check-dev-reference-relationships.ts,54,entity,entity_array_literal,state_region,tooling_operations,"""state_region"","
server/apps/platform-host/scripts/qualification/check-dev-reference-relationships.ts,55,entity,entity_array_literal,locale,tooling_operations,"""locale"","
server/apps/platform-host/scripts/qualification/check-dev-reference-relationships.ts,56,entity,entity_array_literal,timezone,tooling_operations,"""timezone"","
server/apps/platform-host/scripts/qualification/check-dev-reference-relationships.ts,69,entity,entity_comparison,state_region,tooling_operations,"if (entity === ""state_region"") {"
server/apps/platform-host/src/__tests__/config.test.ts,211,entity,entity_literal_reference,business_partner,test_fixture,"process.env.METADATA_COMPILED_ONLY_PLANES = ""business_partner"";"
server/apps/platform-host/src/composition/__tests__/ai-vertical.test.ts,78,permission,literal_permission_candidate,neon.collaboration.attachment.read,test_fixture,"const permission = ""neon.collaboration.attachment.read"";"
server/apps/platform-host/src/composition/__tests__/ai-vertical.test.ts,81,entity,entity_property_literal,business_partner,test_fixture,"const canonical = vi.spyOn(KyselyAtlasKnowledgeRepository.prototype, ""admitCandidates"").mockResolvedValue([{ citation, source: { id, tenantId: ""10000000-0000-4000-8000-000000000001"", sourceId: id, sourceKind: ""attachment"", entityCode: ""business_partner"", permissionCode: permission, status: ""active"", createdAt: new Date().toISOString() } }]);"
server/apps/platform-host/src/composition/__tests__/ai-vertical.test.ts,82,entity,entity_property_literal,business_partner,test_fixture,"const getEntityDescriptor = vi.fn(async () => ({ planeKey: ""neon"", entityCode: ""business_partner"", ai: { enabled: true }, storage: { idField: ""id"" }, operations: { read: { permissionCode: ""neon.relationship.business_partner.read"" } } }));"
server/apps/platform-host/src/composition/__tests__/ai-vertical.test.ts,82,permission,literal_permission_candidate,neon.relationship.business_partner.read,test_fixture,"const getEntityDescriptor = vi.fn(async () => ({ planeKey: ""neon"", entityCode: ""business_partner"", ai: { enabled: true }, storage: { idField: ""id"" }, operations: { read: { permissionCode: ""neon.relationship.business_partner.read"" } } }));"
server/apps/platform-host/src/composition/__tests__/ai-vertical.test.ts,92,entity,entity_property_literal,business_partner,test_fixture,"expect(list).toHaveBeenCalledWith(expect.objectContaining({ entityCode: ""business_partner"", recordIds: [parentId], fields: [""id""], limit: 1 }));"
server/apps/platform-host/src/composition/__tests__/ai-vertical.test.ts,93,permission,literal_permission_candidate,neon.relationship.business_partner.read,test_fixture,"expect(authorize).toHaveBeenCalledWith(expect.objectContaining({ permissionCode: ""neon.relationship.business_partner.read"", resource: expect.objectContaining({ recordId: parentId }) }));"
server/apps/platform-host/src/composition/__tests__/atlas-entity-records-vertical.test.ts,14,entity,entity_array_literal,business_partner,test_fixture,"it.each([[""business_partner"", ""neon""], [""network_relationship"", ""mesh""]] as const)(""reads %s through real Records authorization and scope services"", async (entityCode, planeKey) => {"
server/apps/platform-host/src/composition/__tests__/atlas-entity-records-vertical.test.ts,14,entity,entity_array_literal,network_relationship,test_fixture,"it.each([[""business_partner"", ""neon""], [""network_relationship"", ""mesh""]] as const)(""reads %s through real Records authorization and scope services"", async (entityCode, planeKey) => {"
server/apps/platform-host/src/composition/__tests__/atlas-entity-records-vertical.test.ts,15,permission,constructed_permission_candidate,`${planeKey}.catalog.${entityCode}.read`,test_fixture,const permission = `${planeKey}.catalog.${entityCode}.read`;
server/apps/platform-host/src/composition/__tests__/atlas-entity-records-vertical.test.ts,20,permission,literal_permission_candidate,private.read,test_fixture,"fields: [""id"", summary, ""status"", ""secret"", ""buyer_account_id"", ""supplier_account_id""].map(key => ({key, storagePath: key, type: key.endsWith(""id"") ? ""uuid"" : ""string"", required: true, writableOn: [], filterable: true, ...(key === ""secret"" ? {readPermissionCode: ""private.read""} : {})})),"
server/apps/platform-host/src/composition/__tests__/authorization-management-api.test.ts,32,entity,entity_literal_reference,principal,test_fixture,"principal_id: ""principal"","
server/apps/platform-host/src/composition/__tests__/authorization-management-api.test.ts,36,permission,literal_permission_candidate,authorization.management.read,test_fixture,"""authorization.management.read"","
server/apps/platform-host/src/composition/__tests__/authorization-management-api.test.ts,37,permission,literal_permission_candidate,authorization.management.manage,test_fixture,"""authorization.management.manage"","
server/apps/platform-host/src/composition/__tests__/authorization-management-api.test.ts,45,entity,entity_literal_reference,principal,test_fixture,"principalId: ""principal"","
server/apps/platform-host/src/composition/__tests__/collection-preparation.postgres.test.ts,97,entity,entity_property_literal,business_partner_request,test_fixture,"schemaVersion: 1, entityCode: ""business_partner_request"", planeKey: ""neon"","
server/apps/platform-host/src/composition/__tests__/collection-preparation.postgres.test.ts,98,entity,entity_property_literal,master.business_partner,test_fixture,"subjectEntityCode: ""master.business_partner"", permissionCode: ""neon.relationship.entity_case.read"","
server/apps/platform-host/src/composition/__tests__/collection-preparation.postgres.test.ts,98,permission,literal_permission_candidate,neon.relationship.entity_case.read,test_fixture,"subjectEntityCode: ""master.business_partner"", permissionCode: ""neon.relationship.entity_case.read"","
server/apps/platform-host/src/composition/__tests__/collection-preparation.postgres.test.ts,99,entity,embedded_entity_route_or_publication,/app/entity/business_partner_request/:recordId,test_fixture,"detailRouteTemplate: ""/app/entity/business_partner_request/:recordId"","
server/apps/platform-host/src/composition/__tests__/collection-preparation.postgres.test.ts,159,permission,literal_permission_candidate,neon.other.read,test_fixture,"if (mutation === ""binding"") (descriptor.collectionCompilation as any).permissionCode = ""neon.other.read"";"
server/apps/platform-host/src/composition/__tests__/entity-authority.test.ts,6,permission,literal_permission_candidate,reference.record.read,test_fixture,"const permissionCode = ""reference.record.read"";"
server/apps/platform-host/src/composition/__tests__/entity-authority.test.ts,8,entity,entity_literal_reference,principal,test_fixture,"planeKey: ""neon"", tenantId: ""tenant"", principalId: ""principal"", assurance: ""baseline"","
server/apps/platform-host/src/composition/__tests__/entity-authority.test.ts,8,mfa,mfa_identifier_reference,assurance,test_fixture,"planeKey: ""neon"", tenantId: ""tenant"", principalId: ""principal"", assurance: ""baseline"","
server/apps/platform-host/src/composition/__tests__/entity-authority.test.ts,8,mfa,assurance_literal,baseline,test_fixture,"planeKey: ""neon"", tenantId: ""tenant"", principalId: ""principal"", assurance: ""baseline"","
server/apps/platform-host/src/composition/__tests__/entity-authority.test.ts,10,entity,entity_literal_reference,principal,test_fixture,"planeKey: ""neon"", tenantId: ""tenant"", principalId: ""principal"","
server/apps/platform-host/src/composition/__tests__/entity-authority.test.ts,18,mfa,mfa_boolean_configuration,requiresMfa: false,test_fixture,"requiresMfa: false, requiresSod: false, entitled: true }],"
server/apps/platform-host/src/composition/__tests__/entity-authority.test.ts,18,mfa,mfa_identifier_reference,requiresMfa,test_fixture,"requiresMfa: false, requiresSod: false, entitled: true }],"
server/apps/platform-host/src/composition/__tests__/entity-authority.test.ts,32,mfa,mfa_literal_or_route,mfa,test_fixture,"""mfa"", ""entitlement"", ""sod"", ""policy""])(""preserves generic %s denial"", async scenario => {"
server/apps/platform-host/src/composition/__tests__/entity-authority.test.ts,38,mfa,mfa_literal_or_route,mfa,test_fixture,"if ([""mfa"", ""entitlement"", ""sod""].includes(scenario))"
server/apps/platform-host/src/composition/__tests__/entity-authority.test.ts,40,mfa,mfa_identifier_reference,requiresMfa,test_fixture,"...item, requiresMfa: scenario === ""mfa"", requiresSod: scenario === ""sod"","
server/apps/platform-host/src/composition/__tests__/entity-authority.test.ts,40,mfa,mfa_literal_or_route,mfa,test_fixture,"...item, requiresMfa: scenario === ""mfa"", requiresSod: scenario === ""sod"","
server/apps/platform-host/src/composition/__tests__/iam-api-review.test.ts,38,mfa,mfa_identifier_reference,assurance,test_fixture,"assurance: ""elevated"","
server/apps/platform-host/src/composition/__tests__/iam-api-review.test.ts,38,mfa,assurance_literal,elevated,test_fixture,"assurance: ""elevated"","
server/apps/platform-host/src/composition/__tests__/iam-audit-vertical.test.ts,95,permission,literal_permission_candidate,iam.provisioning.create,test_fixture,"principal_id: ""principal-1"", azp: ""studio-web"", permissions: [""iam.provisioning.create""], resource_access: { ""studio-web"": { roles: [""AUTHORIZED""] } },"
server/apps/platform-host/src/composition/__tests__/metadata-records-vertical.test.ts,21,entity,entity_property_literal,business_partner,test_fixture,"entityCode: ""business_partner"","
server/apps/platform-host/src/composition/__tests__/metadata-records-vertical.test.ts,27,entity,entity_literal_reference,business_partner,test_fixture,"storage: { schema: ""master"", object: ""business_partner"", idField: ""id"", tenantField: ""tenant_id"", versionField: ""row_version"", statusField: ""status"" },"
server/apps/platform-host/src/composition/__tests__/metadata-records-vertical.test.ts,35,permission,literal_permission_candidate,master.business_partner.read,test_fixture,"read: { code: ""read"", permissionCode: ""master.business_partner.read"" },"
server/apps/platform-host/src/composition/__tests__/metadata-records-vertical.test.ts,36,permission,literal_permission_candidate,master.business_partner.create,test_fixture,"create: { code: ""create"", permissionCode: ""master.business_partner.create"" },"
server/apps/platform-host/src/composition/__tests__/metadata-records-vertical.test.ts,37,permission,literal_permission_candidate,master.business_partner.update,test_fixture,"patch: { code: ""patch"", permissionCode: ""master.business_partner.update"" },"
server/apps/platform-host/src/composition/__tests__/metadata-records-vertical.test.ts,38,permission,literal_permission_candidate,master.business_partner.delete,test_fixture,"delete: { code: ""delete"", permissionCode: ""master.business_partner.delete"" },"
server/apps/platform-host/src/composition/__tests__/metadata-records-vertical.test.ts,40,permission,literal_permission_candidate,master.business_partner.activate,test_fixture,"lifecycle: { transitions: [{ code: ""activate"", from: [""draft""], to: ""active"", permissionCode: ""master.business_partner.activate"" }] },"
server/apps/platform-host/src/composition/__tests__/native-runtime-lowering.test.ts,23,permission,literal_permission_candidate,common.platform.reference.view,test_fixture,"permissions: [{ id: ""00000000-0000-4000-8000-000000000003"", kind: ""capability"", code: ""common.platform.reference.view"", scopeKinds: [""tenant""] }] };"
server/apps/platform-host/src/composition/__tests__/native-runtime-lowering.test.ts,35,permission,literal_permission_candidate,common.platform.reference.view,test_fixture,"registry: { permissions: new Set([""common.platform.reference.view""]), sourceObjects: new Set([""shared.test_dictionary""]), handlers: new Set(), resolvers: new Set(), renderers: new Set(), evaluators: new Set() },"
server/apps/platform-host/src/composition/__tests__/native-runtime-lowering.test.ts,60,entity,entity_literal_reference,country,test_fixture,"const members = JSON.parse(contents.replaceAll(""country"", ""test_dictionary""));"
server/apps/platform-host/src/composition/__tests__/native-runtime-lowering.test.ts,66,permission,literal_permission_candidate,common.platform.reference.view,test_fixture,"const registry = { permissions: new Set([""common.platform.reference.view""]), sourceObjects: new Set([""shared.test_dictionary""]), handlers: new Set<string>(), resolvers: new Set<string>(), renderers: new Set<string>(), evaluators: new Set<string>() };"
server/apps/platform-host/src/composition/__tests__/policy-vertical.test.ts,20,entity,entity_property_literal,network_relationship,test_fixture,"const definitions: readonly PolicyDefinition[] = [{ id: ""33333333-3333-4333-8333-333333333333"", entityType: ""network_relationship"", name: ""Restricted network"", priority: 10, evaluationMode: ""first_match"", effectiveFrom: ""2026-01-01"", versionNo: 1, rules: [{ id: ""44444444-4444-4444-8444-444444444444"", priority: 10, condition: { ""=="": [{ var: ""risk"" }, ""blocked""] }, action: ""deny"", actionConfig: {}, explanation: ""Network is blocked"", metadata: {} }"
server/apps/platform-host/src/composition/__tests__/policy-vertical.test.ts,28,entity,entity_property_literal,network_relationship,test_fixture,"const response = await fetch(`${baseUrl}/api/policy/evaluate`, { method: ""POST"", headers: { authorization: ""Bearer signed-token"", ""x-plane"": ""mesh"", ""content-type"": ""application/json"" }, body: JSON.stringify({ entityType: ""network_relationship"", facts: { risk: ""blocked"" } }) });"
server/apps/platform-host/src/composition/__tests__/policy-vertical.test.ts,32,entity,entity_property_literal,network_relationship,test_fixture,"const invalid = await fetch(`${baseUrl}/api/policy/evaluate`, { method: ""POST"", headers: { authorization: ""Bearer signed-token"", ""x-plane"": ""mesh"", ""content-type"": ""application/json"" }, body: JSON.stringify({ entityType: ""network_relationship"", facts: {}, policyDefinitionIds: [""not-a-uuid""] }) });"
server/apps/platform-host/src/composition/__tests__/studio-collection-compilation.test.ts,15,permission,literal_permission_candidate,neon.assets.case.read,test_fixture,"subjectEntityCode: ""master.asset"", permissionCode: ""neon.assets.case.read"","
server/apps/platform-host/src/composition/__tests__/studio-collection-compilation.test.ts,19,permission,literal_permission_candidate,neon.assets.case.read,test_fixture,"for (const operation of layout.authorization.operations) operation.permissionCode = ""neon.assets.case.read"";"
server/apps/platform-host/src/composition/__tests__/studio-collection-compilation.test.ts,20,permission,literal_permission_candidate,neon.assets.case.read,test_fixture,"for (const permission of graph.operationPermissions) permission.permissionCode = ""neon.assets.case.read"";"
server/apps/platform-host/src/composition/__tests__/studio-collection-compilation.test.ts,32,permission,literal_permission_candidate,neon.assets.case.read,test_fixture,"expect(pinned.operations.read?.permissionCode).toBe(""neon.assets.case.read"");"
server/apps/platform-host/src/composition/__tests__/workflow-vertical.test.ts,22,permission,literal_permission_candidate,control.tenant_change.approve,test_fixture,"const descriptor: EntityRuntimeDescriptor = { schema: ""athyper.entity-runtime-descriptor/1.0"", entityCode: ""tenant_change"", planeKey: ""studio"", releaseId: ""release-1"", releaseNo: 1, contractHash: ""a"".repeat(64), compiledHash: ""b"".repeat(64), storage: { schema: ""control"", object: ""tenant_change"", idField: ""id"", statusField: ""status"" }, fields: [], operations: {}, lifecycle: { transitions: [{ code: ""approve"", from: [""pending""], to: ""approved"", perm"
server/apps/platform-host/src/composition/atlas-feature-gates.test.ts,29,entity,entity_literal_reference,principal,test_fixture,"principalFingerprint: ""principal"","
server/apps/platform-host/src/composition/atlas-feature-gates.test.ts,32,permission,literal_permission_candidate,neon.ai.agent.use,test_fixture,"allowed: [""neon.ai.agent.use""],"
server/apps/platform-host/src/composition/atlas-feature-gates.test.ts,62,permission,literal_permission_candidate,neon.ai.agent.use,test_fixture,"requiredPermissions: [""neon.ai.agent.use""],"
server/apps/platform-host/src/composition/control-plane/__tests__/control-session.test.ts,10,mfa,mfa_identifier_reference,assurance,test_fixture,"assurance: ""elevated"", authenticationMethods: [""pwd"", ""otp""], permissions: { allowed: [] }, requestId: ""test"", ...override };"
server/apps/platform-host/src/composition/control-plane/__tests__/control-session.test.ts,10,mfa,assurance_literal,elevated,test_fixture,"assurance: ""elevated"", authenticationMethods: [""pwd"", ""otp""], permissions: { allowed: [] }, requestId: ""test"", ...override };"
server/apps/platform-host/src/composition/control-plane/__tests__/control-session.test.ts,23,mfa,mfa_identifier_reference,assurance,test_fixture,"it.each([{assurance:""standard""},{tenantId:""customer""},{realmKey:""athyper""},{planeKey:""neon""}])(""denies insufficient or foreign authority: %j"", async override => {"
server/apps/platform-host/src/composition/control-plane/__tests__/control-session.test.ts,23,entity,entity_literal_reference,customer,test_fixture,"it.each([{assurance:""standard""},{tenantId:""customer""},{realmKey:""athyper""},{planeKey:""neon""}])(""denies insufficient or foreign authority: %j"", async override => {"
server/apps/platform-host/src/composition/control-plane/__tests__/control-session.test.ts,30,mfa,mfa_identifier_reference,assurance,test_fixture,"assurance:""elevated"",authenticationMethods:[""pwd"",""otp""],allowedPermissions:[]});"
server/apps/platform-host/src/composition/control-plane/__tests__/control-session.test.ts,30,mfa,assurance_literal,elevated,test_fixture,"assurance:""elevated"",authenticationMethods:[""pwd"",""otp""],allowedPermissions:[]});"
server/apps/platform-host/src/composition/control-plane/control-plane.ts,28,permission,literal_permission_candidate,studio.metadata.contract.view,application_source,"read: ""studio.metadata.contract.view"", author: PUBLICATION_POLICY_PERMISSIONS.propose, publish: PUBLICATION_POLICY_PERMISSIONS.activate,"
server/apps/platform-host/src/composition/control-plane/product-review.postgres.test.ts,89,permission,literal_permission_candidate,studio.metadata.contract.view,test_fixture,"""studio.metadata.contract.view"","
server/apps/platform-host/src/composition/control-plane/product-review.postgres.test.ts,90,permission,literal_permission_candidate,studio.metadata.contract.edit,test_fixture,"""studio.metadata.contract.edit"","
server/apps/platform-host/src/composition/control-plane/product-review.postgres.test.ts,91,permission,literal_permission_candidate,studio.metadata.contract.submit,test_fixture,"""studio.metadata.contract.submit"","
server/apps/platform-host/src/composition/control-plane/product-review.postgres.test.ts,94,permission,literal_permission_candidate,studio.metadata.contract.view,test_fixture,"""studio.metadata.contract.view"","
server/apps/platform-host/src/composition/control-plane/product-review.postgres.test.ts,95,permission,literal_permission_candidate,studio.metadata.contract.review,test_fixture,"""studio.metadata.contract.review"","
server/apps/platform-host/src/composition/control-plane/product-review.postgres.test.ts,105,mfa,mfa_identifier_reference,assurance,test_fixture,"assurance: ""elevated"","
server/apps/platform-host/src/composition/control-plane/product-review.postgres.test.ts,105,mfa,assurance_literal,elevated,test_fixture,"assurance: ""elevated"","
server/apps/platform-host/src/composition/control-plane/product-review.postgres.test.ts,124,mfa,mfa_boolean_configuration,requiresMfa: true,test_fixture,"requiresMfa: true,"
server/apps/platform-host/src/composition/control-plane/product-review.postgres.test.ts,124,mfa,mfa_identifier_reference,requiresMfa,test_fixture,"requiresMfa: true,"
server/apps/platform-host/src/composition/control-plane/product-review.postgres.test.ts,178,mfa,mfa_identifier_reference,assurance,test_fixture,"service.inspect({ ...admin, assurance: ""standard"" }, cs.id),"
server/apps/platform-host/src/composition/control-plane/product-review.test.ts,14,mfa,mfa_identifier_reference,assurance,test_fixture,"{ assurance: ""standard"" },"
server/apps/platform-host/src/composition/control-plane/product-review.test.ts,28,mfa,mfa_identifier_reference,assurance,test_fixture,"assurance: ""elevated"","
server/apps/platform-host/src/composition/control-plane/product-review.test.ts,28,mfa,assurance_literal,elevated,test_fixture,"assurance: ""elevated"","
server/apps/platform-host/src/composition/control-plane/product-review.ts,125,permission,literal_permission_candidate,studio.metadata.contract.view,application_source,"read: ""studio.metadata.contract.view"","
server/apps/platform-host/src/composition/control-plane/product-review.ts,126,permission,literal_permission_candidate,studio.metadata.contract.edit,application_source,"adopt: ""studio.metadata.contract.edit"","
server/apps/platform-host/src/composition/control-plane/product-review.ts,127,permission,literal_permission_candidate,studio.metadata.contract.submit,application_source,"submit: ""studio.metadata.contract.submit"","
server/apps/platform-host/src/composition/control-plane/product-review.ts,128,permission,literal_permission_candidate,studio.metadata.contract.review,application_source,"approve: ""studio.metadata.contract.review"","
server/apps/platform-host/src/composition/control-plane/session.ts,10,mfa,mfa_literal_or_route,Verify the current control-plane identity and MFA,application_source,"operationId: ""platform.control.session"", summary: ""Verify the current control-plane identity and MFA"", authenticated: true,"
server/apps/platform-host/src/composition/control-plane/session.ts,12,mfa,mfa_literal_or_route,Control authority or MFA missing,application_source,"403: { description: ""Control authority or MFA missing"" } },"
server/apps/platform-host/src/composition/control-plane/session.ts,19,mfa,mfa_identifier_reference,assurance,application_source,"realm: context.realmKey, assurance: context.assurance, authenticationMethods: context.authenticationMethods ?? [],"
server/apps/platform-host/src/composition/control-plane/session.ts,21,mfa,mfa_literal_or_route,Control identity and MFA are required,application_source,"} catch { next(new HttpError(403, ""PLATFORM_AUTHORITY_DENIED"", ""Control identity and MFA are required"")); }"
server/apps/platform-host/src/composition/register-platform.ts,383,permission,literal_permission_candidate,studio.iam.application_projection.read,application_source,"permission: ""studio.iam.application_projection.read"","
server/apps/platform-host/src/composition/register-platform.ts,413,permission,literal_permission_candidate,studio.iam.application_projection.read,application_source,"permissionCode: ""studio.iam.application_projection.read"","
server/apps/platform-host/src/composition/register-platform.ts,577,permission,literal_permission_candidate,studio.iam.application_projection.read,application_source,"permission: ""studio.iam.application_projection.read"","
server/apps/platform-host/src/composition/register-platform.ts,598,permission,literal_permission_candidate,studio.iam.application_projection.read,application_source,"permissionCode: ""studio.iam.application_projection.read"","
server/apps/platform-host/src/composition/register-platform.ts,639,permission,literal_permission_candidate,studio.iam.application_projection.replay,application_source,"permission: ""studio.iam.application_projection.replay"","
server/apps/platform-host/src/composition/register-platform.ts,665,permission,literal_permission_candidate,studio.iam.application_projection.replay,application_source,"permissionCode: ""studio.iam.application_projection.replay"","
server/apps/platform-host/src/composition/register-services.ts,2138,mfa,mfa_identifier_reference,assurance,application_source,"assurance: ""baseline"" as const,"
server/apps/platform-host/src/composition/register-services.ts,2313,entity,entity_comparison,atlas.prompt,application_source,"if (entityType === ""atlas.prompt"") {"
server/apps/platform-host/src/composition/register-services.ts,2970,entity,entity_comparison,content.item,application_source,"if (entityCode === ""content.item"") {"
server/apps/platform-host/src/composition/register-services.ts,3126,permission,literal_permission_candidate,workflow.work_item.read,application_source,"permissionCode: ""workflow.work_item.read"","
server/apps/platform-host/src/composition/register-services.ts,3177,permission,constructed_permission_candidate,`${scope.planeKey}.ui.saved_view.${operation}`,application_source,"permissionCode: `${scope.planeKey}.ui.saved_view.${operation}`,"
server/apps/platform-host/src/composition/register-services.ts,3340,mfa,mfa_identifier_reference,assurance,application_source,"assurance: ""baseline"" as const,"
server/apps/platform-host/src/composition/register-services.ts,3899,entity,entity_literal_reference,principal,application_source,"subjectType: ""principal"","
server/apps/platform-host/src/composition/register-services.ts,4717,permission,literal_permission_candidate,studio.platform.catalog.manage,application_source,"""studio.platform.catalog.manage"","
server/apps/platform-host/src/composition/register-services.ts,4719,permission,literal_permission_candidate,atlas.admin.manage,application_source,"context.permissions.allowed.includes(""atlas.admin.manage"") ||"
server/apps/platform-host/src/composition/register-services.ts,5009,permission,constructed_permission_candidate,`${context.planeKey}.ai.agent.use`,application_source,"permissionCode: `${context.planeKey}.ai.agent.use`,"
server/apps/platform-host/src/composition/register-services.ts,5326,permission,literal_permission_candidate,atlas.admin.manage,application_source,"hasAtlasPermission(context, ""atlas.admin.manage"") ||"
server/apps/platform-host/src/composition/shared/atlas-entity-context.test.ts,3,entity,entity_literal_reference,principal,test_fixture,"const context = {tenantId: ""tenant"", principalId: ""principal"", planeKey: ""neon""} as never;"
server/apps/platform-host/src/composition/shared/atlas-entity-context.test.ts,4,entity,entity_property_literal,country,test_fixture,"const subject = {context, entityCode: ""country"", recordId: ""record""};"
server/apps/platform-host/src/composition/shared/atlas-entity-lookup.test.ts,70,permission,literal_permission_candidate,secret.read,test_fixture,"readPermissionCode: ""secret.read"","
server/apps/platform-host/src/composition/shared/atlas-entity-lookup.test.ts,80,permission,literal_permission_candidate,reference.read,test_fixture,"operations: { read: { code: ""read"", permissionCode: ""reference.read"" } },"
server/apps/platform-host/src/composition/shared/atlas-entity-lookup.test.ts,102,mfa,mfa_identifier_reference,assurance,test_fixture,"assurance: ""baseline"","
server/apps/platform-host/src/composition/shared/atlas-entity-lookup.test.ts,102,mfa,assurance_literal,baseline,test_fixture,"assurance: ""baseline"","
server/apps/platform-host/src/composition/shared/collaboration/__tests__/collaboration-section-providers.test.ts,8,entity,entity_property_literal,business_partner,test_fixture,"core: { entityCode: ""business_partner"" },"
server/apps/platform-host/src/composition/shared/collaboration/__tests__/collaboration-section-providers.test.ts,148,entity,entity_array_literal,business_partner,test_fixture,"expect.arrayContaining([""business_partner"", ""master.business_partner""]),"
server/apps/platform-host/src/composition/shared/collaboration/__tests__/collaboration-section-providers.test.ts,148,entity,entity_array_literal,master.business_partner,test_fixture,"expect.arrayContaining([""business_partner"", ""master.business_partner""]),"
server/apps/platform-host/src/composition/shared/collaboration/__tests__/collaboration-section-providers.test.ts,201,entity,entity_property_literal,contact_person,test_fixture,"core: { entityCode: ""contact_person"" },"
server/apps/platform-host/src/composition/shared/collaboration/__tests__/collaboration-section-providers.test.ts,209,entity,entity_array_literal,contact_person,test_fixture,"expect(main.parameters).toContainEqual([""contact_person""]);"
server/apps/platform-host/src/composition/shared/collaboration/__tests__/collaboration-section-providers.test.ts,211,entity,entity_array_literal,business_partner,test_fixture,"expect.arrayContaining([""business_partner""]),"
server/apps/platform-host/src/composition/shared/collaboration/__tests__/collaboration-section-providers.test.ts,291,entity,entity_array_literal,business_partner,test_fixture,"""business_partner"","
server/apps/platform-host/src/composition/shared/collaboration/__tests__/collaboration-section-providers.test.ts,306,entity,entity_property_literal,contact_person,test_fixture,".read({ ...input, core: { entityCode: ""contact_person"" } }),"
server/apps/platform-host/src/composition/shared/collaboration/__tests__/collaboration-section-providers.test.ts,311,entity,entity_literal_reference,contact_person,test_fixture,"expect(f.queries[0]!.parameters).toContain(""contact_person"");"
server/apps/platform-host/src/composition/shared/documents/__tests__/entity-attachment-admission.test.ts,12,entity,entity_property_literal,business_partner,test_fixture,"entity_type: ""business_partner"","
server/apps/platform-host/src/composition/shared/documents/__tests__/entity-attachment-admission.test.ts,39,entity,entity_property_literal,content.item,test_fixture,"f.load.mockResolvedValue({ ...(await f.load()), entity_type: ""content.item"", entity_id: ""stored-owner"" });"
server/apps/platform-host/src/composition/shared/documents/__tests__/entity-attachment-admission.test.ts,47,entity,entity_property_literal,business_partner,test_fixture,"expect(result).toMatchObject({commentId:""stored-comment"",entityType:""business_partner"",entityId:""record""});"
server/apps/platform-host/src/composition/shared/documents/__tests__/entity-attachment-admission.test.ts,78,entity,entity_property_literal,business_partner,test_fixture,"entityType: ""business_partner"","
server/apps/platform-host/src/composition/shared/documents/__tests__/entity-attachment-admission.test.ts,100,entity,entity_property_literal,business_partner,test_fixture,"entity_type: ""business_partner"","
server/apps/platform-host/src/composition/shared/documents/__tests__/entity-attachment-admission.test.ts,117,entity,entity_property_literal,business_partner,test_fixture,"entityType: ""business_partner"","
server/apps/platform-host/src/composition/shared/documents/__tests__/entity-attachment-admission.test.ts,127,entity,entity_property_literal,business_partner,test_fixture,"entity_type: ""business_partner"","
server/apps/platform-host/src/composition/shared/documents/attachment-admission.test.ts,10,entity,entity_array_literal,content.item,test_fixture,"it.each([""content.item"", ""atlas.prompt""])("
server/apps/platform-host/src/composition/shared/documents/attachment-admission.test.ts,10,entity,entity_array_literal,atlas.prompt,test_fixture,"it.each([""content.item"", ""atlas.prompt""])("
server/apps/platform-host/src/composition/shared/documents/attachment-admission.ts,40,entity,entity_literal_reference,content.item,application_source,"entityType: ""content.item"" | ""atlas.prompt"";"
server/apps/platform-host/src/composition/shared/documents/attachment-admission.ts,40,entity,entity_literal_reference,atlas.prompt,application_source,"entityType: ""content.item"" | ""atlas.prompt"";"
server/apps/platform-host/src/composition/shared/documents/attachment-admission.ts,99,entity,entity_comparison,content.item,application_source,"if (entityCode === ""content.item"" || entityCode === ""atlas.prompt"") {"
server/apps/platform-host/src/composition/shared/documents/attachment-admission.ts,99,entity,entity_comparison,atlas.prompt,application_source,"if (entityCode === ""content.item"" || entityCode === ""atlas.prompt"") {"
server/apps/platform-host/src/composition/shared/entity-governance/meta-entity-authoring-authorizer.test.ts,15,permission,literal_permission_candidate,metadata.entity.activate,test_fixture,"operation === ""metadata.entity.activate"""
server/apps/platform-host/src/composition/shared/entity-governance/meta-entity-authoring-authorizer.test.ts,16,permission,literal_permission_candidate,studio.metadata.contract.publish,test_fixture,"? ""studio.metadata.contract.publish"""
server/apps/platform-host/src/composition/shared/entity-governance/meta-entity-authoring-authorizer.test.ts,26,mfa,mfa_identifier_reference,assurance,test_fixture,"assurance: ""elevated"","
server/apps/platform-host/src/composition/shared/entity-governance/meta-entity-authoring-authorizer.test.ts,26,mfa,assurance_literal,elevated,test_fixture,"assurance: ""elevated"","
server/apps/platform-host/src/composition/shared/entity-governance/meta-entity-authoring-authorizer.test.ts,46,mfa,mfa_boolean_configuration,requiresMfa: true,test_fixture,"requiresMfa: true,"
server/apps/platform-host/src/composition/shared/entity-governance/meta-entity-authoring-authorizer.test.ts,46,mfa,mfa_identifier_reference,requiresMfa,test_fixture,"requiresMfa: true,"
server/apps/platform-host/src/composition/shared/entity-governance/meta-entity-authoring-authorizer.test.ts,68,permission,literal_permission_candidate,metadata.entity.review,test_fixture,"context: context(""metadata.entity.review""),"
server/apps/platform-host/src/composition/shared/entity-governance/meta-entity-authoring-authorizer.test.ts,69,permission,literal_permission_candidate,metadata.entity.review,test_fixture,"permissionCode: ""metadata.entity.review"","
server/apps/platform-host/src/composition/shared/entity-governance/meta-entity-authoring-authorizer.test.ts,85,permission,literal_permission_candidate,metadata.entity.review,test_fixture,"context: context(""metadata.entity.review""),"
server/apps/platform-host/src/composition/shared/entity-governance/meta-entity-authoring-authorizer.test.ts,86,permission,literal_permission_candidate,metadata.entity.review,test_fixture,"permissionCode: ""metadata.entity.review"","
server/apps/platform-host/src/composition/shared/entity-governance/meta-entity-authoring-authorizer.test.ts,91,mfa,mfa_literal_or_route,"does not bypass MFA, missing permissions or explicit denials",test_fixture,"it(""does not bypass MFA, missing permissions or explicit denials"", async () => {"
server/apps/platform-host/src/composition/shared/entity-governance/meta-entity-authoring-authorizer.test.ts,94,permission,literal_permission_candidate,metadata.entity.review,test_fixture,"c = context(""metadata.entity.review"");"
server/apps/platform-host/src/composition/shared/entity-governance/meta-entity-authoring-authorizer.test.ts,96,mfa,mfa_identifier_reference,assurance,test_fixture,"{ ...c, assurance: undefined },"
server/apps/platform-host/src/composition/shared/entity-governance/meta-entity-authoring-authorizer.test.ts,102,permission,literal_permission_candidate,studio.metadata.contract.review,test_fixture,"denied: [""studio.metadata.contract.review""],"
server/apps/platform-host/src/composition/shared/entity-governance/meta-entity-authoring-authorizer.test.ts,109,permission,literal_permission_candidate,metadata.entity.review,test_fixture,"permissionCode: ""metadata.entity.review"","
server/apps/platform-host/src/composition/shared/entity-governance/meta-entity-authoring-authorizer.test.ts,116,permission,literal_permission_candidate,metadata.entity.publish,test_fixture,"""metadata.entity.publish"","
server/apps/platform-host/src/composition/shared/entity-governance/meta-entity-authoring-authorizer.test.ts,117,permission,literal_permission_candidate,metadata.entity.activate,test_fixture,"""metadata.entity.activate"","
server/apps/platform-host/src/composition/shared/entity-governance/meta-entity-authoring-authorizer.test.ts,149,permission,literal_permission_candidate,metadata.entity.review,test_fixture,"context: context(""metadata.entity.review""),"
server/apps/platform-host/src/composition/shared/entity-governance/meta-entity-authoring-authorizer.test.ts,150,permission,literal_permission_candidate,metadata.entity.review,test_fixture,"permissionCode: ""metadata.entity.review"","
server/apps/platform-host/src/composition/shared/entity-governance/meta-entity-authoring-authorizer.test.ts,158,permission,literal_permission_candidate,metadata.entity.review,test_fixture,"c = context(""metadata.entity.review"");"
server/apps/platform-host/src/composition/shared/entity-governance/meta-entity-authoring-authorizer.test.ts,162,permission,literal_permission_candidate,metadata.entity.review,test_fixture,"permissionCode: ""metadata.entity.review"","
server/apps/platform-host/src/composition/shared/entity-governance/meta-entity-authoring-authorizer.test.ts,167,mfa,mfa_identifier_reference,assurance,test_fixture,"{ ...c, assurance: undefined },"
server/apps/platform-host/src/composition/shared/entity-governance/meta-entity-authoring-authorizer.test.ts,174,permission,literal_permission_candidate,studio.metadata.contract.review,test_fixture,"denied: [""studio.metadata.contract.review""],"
server/apps/platform-host/src/composition/shared/entity-governance/meta-entity-authoring-authorizer.test.ts,181,permission,literal_permission_candidate,metadata.entity.review,test_fixture,"permissionCode: ""metadata.entity.review"","
server/apps/platform-host/src/composition/shared/entity-governance/meta-entity-authoring-authorizer.test.ts,189,permission,literal_permission_candidate,metadata.entity.review,test_fixture,").authorize({ context: c, permissionCode: ""metadata.entity.review"" }),"
server/apps/platform-host/src/composition/shared/entity-governance/meta-entity-authoring-authorizer.test.ts,210,permission,constructed_permission_candidate,`metadata.entity.${operation}`,test_fixture,"permissionCode: `metadata.entity.${operation}`,"
server/apps/platform-host/src/composition/shared/entity-governance/meta-entity-authoring-authorizer.test.ts,230,mfa,mfa_identifier_reference,assurance,test_fixture,"context: { ...actor, assurance: undefined },"
server/apps/platform-host/src/composition/shared/entity-governance/meta-entity-authoring-authorizer.test.ts,247,permission,literal_permission_candidate,studio.metadata.contract.edit,test_fixture,"const c = context(""studio.metadata.contract.edit"");"
server/apps/platform-host/src/composition/shared/entity-governance/meta-entity-authoring-authorizer.test.ts,261,permission,literal_permission_candidate,metadata.entity.author,test_fixture,"permissionCode: ""metadata.entity.author"","
server/apps/platform-host/src/composition/shared/entity-governance/meta-entity-authoring-authorizer.test.ts,268,permission,literal_permission_candidate,studio.metadata.contract.edit,test_fixture,"const c = context(""studio.metadata.contract.edit"");"
server/apps/platform-host/src/composition/shared/entity-governance/meta-entity-authoring-authorizer.test.ts,275,mfa,mfa_boolean_configuration,requiresMfa: false,test_fixture,"requiresMfa: false,"
server/apps/platform-host/src/composition/shared/entity-governance/meta-entity-authoring-authorizer.test.ts,275,mfa,mfa_identifier_reference,requiresMfa,test_fixture,"requiresMfa: false,"
server/apps/platform-host/src/composition/shared/entity-governance/meta-entity-authoring-authorizer.test.ts,315,permission,literal_permission_candidate,studio.metadata.contract.rollback,test_fixture,"context: context(""studio.metadata.contract.rollback""),"
server/apps/platform-host/src/composition/shared/entity-governance/meta-entity-authoring-authorizer.test.ts,316,permission,literal_permission_candidate,metadata.entity.rollback,test_fixture,"permissionCode: ""metadata.entity.rollback"","
server/apps/platform-host/src/composition/shared/entity-governance/meta-entity-authoring-authorizer.test.ts,323,permission,literal_permission_candidate,studio.metadata.contract.publish,test_fixture,"context: context(""studio.metadata.contract.publish""),"
server/apps/platform-host/src/composition/shared/entity-governance/meta-entity-authoring-authorizer.test.ts,334,permission,literal_permission_candidate,metadata.entity.review,test_fixture,"expect(await a.authorize({ context: context(""metadata.entity.review""), permissionCode: ""metadata.entity.review"", resource: { learningOperation: ""list"" } })).toMatchObject({ allowed: true });"
server/apps/platform-host/src/composition/shared/entity-governance/meta-entity-authoring-authorizer.test.ts,346,permission,literal_permission_candidate,metadata.entity.review,test_fixture,"expect(await a.authorize({ context: context(""metadata.entity.review""), permissionCode: ""metadata.entity.review"", resource: { learningOperation: ""stage"", learningInboxId: id } })).toMatchObject({ allowed });"
server/apps/platform-host/src/composition/shared/entity-governance/meta-entity-authoring-authorizer.test.ts,348,mfa,mfa_literal_or_route,"learning review never bypasses MFA, missing grants, explicit denies or ordinary release authority",test_fixture,"it(""learning review never bypasses MFA, missing grants, explicit denies or ordinary release authority"", async () => {"
server/apps/platform-host/src/composition/shared/entity-governance/meta-entity-authoring-authorizer.test.ts,350,permission,literal_permission_candidate,metadata.entity.review,test_fixture,"const a = createAtlasLearningReviewAuthorizer(fallback, load), c = context(""metadata.entity.review"");"
server/apps/platform-host/src/composition/shared/entity-governance/meta-entity-authoring-authorizer.test.ts,352,mfa,mfa_identifier_reference,assurance,test_fixture,"{ ...c, assurance: undefined },"
server/apps/platform-host/src/composition/shared/entity-governance/meta-entity-authoring-authorizer.test.ts,354,permission,literal_permission_candidate,studio.metadata.contract.review,test_fixture,"{ ...c, permissions: { ...c.permissions, denied: [""studio.metadata.contract.review""] } },"
server/apps/platform-host/src/composition/shared/entity-governance/meta-entity-authoring-authorizer.test.ts,355,permission,literal_permission_candidate,metadata.entity.review,test_fixture,"]) expect(await a.authorize({ context: changed as VerifiedRequestContext, permissionCode: ""metadata.entity.review"", resource: { learningOperation: ""stage"", learningInboxId: id } })).toMatchObject({ allowed: false });"
server/apps/platform-host/src/composition/shared/entity-governance/meta-entity-authoring-authorizer.test.ts,357,permission,literal_permission_candidate,metadata.entity.review,test_fixture,"const input = { context: c, permissionCode: ""metadata.entity.review"", resource: { changeSetId: id } };"
server/apps/platform-host/src/composition/shared/entity-governance/meta-entity-authoring-authorizer.ts,17,permission,literal_permission_candidate,metadata.entity.author,application_source,"""metadata.entity.author"": ""studio.metadata.contract.edit"","
server/apps/platform-host/src/composition/shared/entity-governance/meta-entity-authoring-authorizer.ts,17,permission,literal_permission_candidate,studio.metadata.contract.edit,application_source,"""metadata.entity.author"": ""studio.metadata.contract.edit"","
server/apps/platform-host/src/composition/shared/entity-governance/meta-entity-authoring-authorizer.ts,18,permission,literal_permission_candidate,metadata.entity.validate,application_source,"""metadata.entity.validate"": ""studio.metadata.contract.edit"","
server/apps/platform-host/src/composition/shared/entity-governance/meta-entity-authoring-authorizer.ts,18,permission,literal_permission_candidate,studio.metadata.contract.edit,application_source,"""metadata.entity.validate"": ""studio.metadata.contract.edit"","
server/apps/platform-host/src/composition/shared/entity-governance/meta-entity-authoring-authorizer.ts,19,permission,literal_permission_candidate,metadata.entity.test,application_source,"""metadata.entity.test"": ""studio.metadata.contract.edit"","
server/apps/platform-host/src/composition/shared/entity-governance/meta-entity-authoring-authorizer.ts,19,permission,literal_permission_candidate,studio.metadata.contract.edit,application_source,"""metadata.entity.test"": ""studio.metadata.contract.edit"","
server/apps/platform-host/src/composition/shared/entity-governance/meta-entity-authoring-authorizer.ts,20,permission,literal_permission_candidate,metadata.entity.submit,application_source,"""metadata.entity.submit"": ""studio.metadata.contract.submit"","
server/apps/platform-host/src/composition/shared/entity-governance/meta-entity-authoring-authorizer.ts,20,permission,literal_permission_candidate,studio.metadata.contract.submit,application_source,"""metadata.entity.submit"": ""studio.metadata.contract.submit"","
server/apps/platform-host/src/composition/shared/entity-governance/meta-entity-authoring-authorizer.ts,21,permission,literal_permission_candidate,metadata.entity.review,application_source,"""metadata.entity.review"": ""studio.metadata.contract.review"","
server/apps/platform-host/src/composition/shared/entity-governance/meta-entity-authoring-authorizer.ts,21,permission,literal_permission_candidate,studio.metadata.contract.review,application_source,"""metadata.entity.review"": ""studio.metadata.contract.review"","
server/apps/platform-host/src/composition/shared/entity-governance/meta-entity-authoring-authorizer.ts,22,permission,literal_permission_candidate,metadata.entity.publish,application_source,"""metadata.entity.publish"": ""studio.metadata.contract.publish"","
server/apps/platform-host/src/composition/shared/entity-governance/meta-entity-authoring-authorizer.ts,22,permission,literal_permission_candidate,studio.metadata.contract.publish,application_source,"""metadata.entity.publish"": ""studio.metadata.contract.publish"","
server/apps/platform-host/src/composition/shared/entity-governance/meta-entity-authoring-authorizer.ts,23,permission,literal_permission_candidate,metadata.entity.activate,application_source,"""metadata.entity.activate"": ""studio.metadata.contract.publish"","
server/apps/platform-host/src/composition/shared/entity-governance/meta-entity-authoring-authorizer.ts,23,permission,literal_permission_candidate,studio.metadata.contract.publish,application_source,"""metadata.entity.activate"": ""studio.metadata.contract.publish"","
server/apps/platform-host/src/composition/shared/entity-governance/meta-entity-authoring-authorizer.ts,24,permission,literal_permission_candidate,metadata.entity.rollback,application_source,"""metadata.entity.rollback"": ""studio.metadata.contract.rollback"","
server/apps/platform-host/src/composition/shared/entity-governance/meta-entity-authoring-authorizer.ts,24,permission,literal_permission_candidate,studio.metadata.contract.rollback,application_source,"""metadata.entity.rollback"": ""studio.metadata.contract.rollback"","
server/apps/platform-host/src/composition/shared/entity-governance/meta-entity-authoring-authorizer.ts,49,permission,literal_permission_candidate,metadata.entity.author,application_source,"""metadata.entity.author"","
server/apps/platform-host/src/composition/shared/entity-governance/meta-entity-authoring-authorizer.ts,50,permission,literal_permission_candidate,metadata.entity.validate,application_source,"""metadata.entity.validate"","
server/apps/platform-host/src/composition/shared/entity-governance/meta-entity-authoring-authorizer.ts,51,permission,literal_permission_candidate,metadata.entity.test,application_source,"""metadata.entity.test"","
server/apps/platform-host/src/composition/shared/entity-governance/meta-entity-authoring-authorizer.ts,52,permission,literal_permission_candidate,metadata.entity.submit,application_source,"""metadata.entity.submit"","
server/apps/platform-host/src/composition/shared/entity-governance/meta-entity-authoring-authorizer.ts,57,permission,literal_permission_candidate,metadata.entity.activate,application_source,"permissionCode === ""metadata.entity.activate"" ||"
server/apps/platform-host/src/composition/shared/entity-governance/meta-entity-authoring-authorizer.ts,80,permission,literal_permission_candidate,metadata.entity.review,application_source,"permissionCode === ""metadata.entity.review"""
server/apps/platform-host/src/composition/shared/entity-governance/meta-entity-authoring-authorizer.ts,112,permission,literal_permission_candidate,studio.metadata.contract.edit,application_source,"""studio.metadata.contract.edit"","
server/apps/platform-host/src/composition/shared/entity-governance/meta-entity-authoring-authorizer.ts,113,permission,literal_permission_candidate,studio.metadata.contract.review,application_source,"""studio.metadata.contract.review"","
server/apps/platform-host/src/composition/shared/entity-governance/meta-entity-authoring-authorizer.ts,120,permission,literal_permission_candidate,studio.metadata.contract.review,application_source,"sodSatisfied: permissionCode === ""studio.metadata.contract.review"","
server/apps/platform-host/src/composition/shared/entity-governance/meta-entity-authoring-authorizer.ts,127,permission,literal_permission_candidate,metadata.entity.author,application_source,"[""metadata.entity.author"", ""metadata.entity.review""].includes("
server/apps/platform-host/src/composition/shared/entity-governance/meta-entity-authoring-authorizer.ts,127,permission,literal_permission_candidate,metadata.entity.review,application_source,"[""metadata.entity.author"", ""metadata.entity.review""].includes("
server/apps/platform-host/src/composition/shared/entity-governance/meta-entity-authoring-authorizer.ts,147,permission,literal_permission_candidate,metadata.entity.review,application_source,"if (input.permissionCode !== ""metadata.entity.review"" || ![""list"", ""stage"", ""reject""].includes(String(operation)))"
server/apps/platform-host/src/composition/shared/entity-governance/meta-entity-authoring-authorizer.ts,159,permission,literal_permission_candidate,studio.metadata.contract.review,application_source,"} } }).authorize({ ...input, permissionCode: ""studio.metadata.contract.review"" });"
server/apps/platform-host/src/composition/shared/entity-runtime/__tests__/country-authorization-boundary.test.ts,11,permission,literal_permission_candidate,common.platform.reference.view,test_fixture,"expect(descriptor.referenceCapability).toBe(""common.platform.reference.view"");"
server/apps/platform-host/src/composition/shared/entity-runtime/__tests__/country-authorization-boundary.test.ts,13,entity,entity_property_literal,country,test_fixture,"entityCode: ""country"","
server/apps/platform-host/src/composition/shared/entity-runtime/__tests__/entity-activity-provider.test.ts,19,permission,literal_permission_candidate,secret.read,test_fixture,"{ key: ""secret"", readPermissionCode: ""secret.read"" },"
server/apps/platform-host/src/composition/shared/entity-runtime/__tests__/entity-activity-provider.test.ts,96,permission,literal_permission_candidate,secret.read,test_fixture,"input.permissionCode === ""secret.read"""
server/apps/platform-host/src/composition/shared/entity-runtime/__tests__/entity-route-admission.test.ts,11,permission,literal_permission_candidate,example.view,test_fixture,"const descriptor={entityCode:""example_dictionary"",releaseId:""release"",planeKey:""neon"",operations:{list:{permissionCode:""example.view""}}};"
server/apps/platform-host/src/composition/shared/entity-runtime/__tests__/entity-scope-registry.test.ts,6,permission,literal_permission_candidate,reference.record.read,test_fixture,"const operation = { key: ""read"", permissionCode: ""reference.record.read"","
server/apps/platform-host/src/composition/shared/entity-runtime/__tests__/entity-scope-registry.test.ts,10,entity,entity_literal_reference,principal,test_fixture,"const input = { context: { tenantId: ""tenant"", principalId: ""principal"", planeKey: ""neon"" } as VerifiedRequestContext,"
server/apps/platform-host/src/composition/shared/entity-runtime/__tests__/experience-composition.test.ts,38,entity,entity_property_literal,country,test_fixture,"{ entityCode: ""country"", releaseId: ""release"", operations: {} },"
server/apps/platform-host/src/composition/shared/entity-runtime/__tests__/experience-composition.test.ts,44,entity,entity_property_literal,country,test_fixture,"{ entityCode: ""country"", releaseId: ""release"", operations: {} },"
server/apps/platform-host/src/composition/shared/entity-runtime/__tests__/persisted-scopes.test.ts,20,entity,entity_literal_reference,principal,test_fixture,"const input = { context: { tenantId: ""tenant"", principalId: ""principal"", planeKey: ""neon"" } as VerifiedRequestContext,"
server/apps/platform-host/src/composition/shared/entity-runtime/__tests__/persisted-scopes.test.ts,30,entity,entity_literal_reference,principal,test_fixture,"expect(f.queries.some(q => q.sql.includes(""set_config"") && q.parameters.includes(""tenant"") && q.parameters.includes(""principal""))).toBe(true);"
server/apps/platform-host/src/composition/shared/entity-runtime/__tests__/published-parent-admission.test.ts,27,permission,literal_permission_candidate,common.platform.reference.view,test_fixture,"permissions: [{ id: ""00000000-0000-4000-8000-000000000003"", kind: ""capability"", code: ""common.platform.reference.view"", scopeKinds: [""tenant""] }],"
server/apps/platform-host/src/composition/shared/entity-runtime/__tests__/published-parent-admission.test.ts,28,permission,literal_permission_candidate,common.platform.reference.view,test_fixture,"}), registry: { permissions: new Set([""common.platform.reference.view""]), sourceObjects: new Set([""shared.test_dictionary""]), handlers: new Set(), resolvers: new Set(), renderers: new Set(), evaluators: new Set() },"
server/apps/platform-host/src/composition/shared/entity-runtime/__tests__/record-display-choices.test.ts,7,entity,entity_literal_reference,principal,test_fixture,"const context = { planeKey: ""neon"", tenantId: ""tenant"", principalId: ""principal"" } as never;"
server/apps/platform-host/src/composition/shared/entity-runtime/__tests__/revision-authorizer-context.test.ts,8,permission,literal_permission_candidate,test.publish,test_fixture,"} as never, permissionCode: ""test.publish"", resource: { tenantId: ""tenant"", revisionId: ""revision"" } });"
server/apps/platform-host/src/composition/shared/entity-runtime/__tests__/service-composition.test.ts,100,permission,constructed_permission_candidate,`test.${code}`,test_fixture,"{ code, permissionCode: `test.${code}` },"
server/apps/platform-host/src/composition/shared/entity-runtime/deployment-readiness.test.ts,34,entity,entity_property_literal,country,test_fixture,"entityCode: ""country"","
server/apps/platform-host/src/composition/shared/entity-runtime/deployment-readiness.test.ts,270,entity,entity_literal_reference,country,test_fixture,"metadata.getEntityDescriptor(context, ""country""),"
server/apps/platform-host/src/composition/shared/entity-runtime/deployment-readiness.test.ts,273,entity,entity_literal_reference,country,test_fixture,"expect(await metadata.getEntityDescriptor(context, ""country"")).toMatchObject({"
server/apps/platform-host/src/composition/shared/entity-runtime/deployment-readiness.test.ts,279,entity,entity_literal_reference,country,test_fixture,"metadata.getEntityDescriptor(context, ""country""),"
server/apps/platform-host/src/composition/shared/entity-runtime/entity-export-registrations.test.ts,15,entity,entity_literal_reference,country,test_fixture,"storageObject: ""country"","
server/apps/platform-host/src/composition/shared/entity-runtime/published-action-authorizer.test.ts,5,permission,literal_permission_candidate,workforce.profile.write,test_fixture,const permission='workforce.profile.write';
server/apps/platform-host/src/composition/shared/entity-runtime/published-action-authorizer.test.ts,6,entity,entity_property_literal,principal,test_fixture,"const descriptor={entityCode:'principal',planeKey:'neon',compiledHash:'pinned',actions:[{code:'link_person',handlerKey:'workforce.link.v1',permissionCode:permission}]} as EntityRuntimeDescriptor;"
server/apps/platform-host/src/composition/shared/entity-runtime/published-action-authorizer.test.ts,7,mfa,mfa_boolean_configuration,requiresMfa:false,test_fixture,"const context={tenantId:'tenant',principalId:'hr',planeKey:'neon',realmKey:'realm',authEpoch:1,requestId:'test',profileHash:'profile',permissions:{tenantId:'tenant',principalId:'hr',planeKey:'neon',profileHash:'profile',schemaHash:'schema',resolvedAt:1,principalFingerprint:'hr',allowed:[permission],denied:[],planLocked:[],planeExcluded:[],entries:[],authorizationScopes:[{permissionCode:permission,tenantWide:false,companyCodeIds:['company-1'],lega"
server/apps/platform-host/src/composition/shared/entity-runtime/published-action-authorizer.test.ts,7,mfa,mfa_identifier_reference,requiresMfa,test_fixture,"const context={tenantId:'tenant',principalId:'hr',planeKey:'neon',realmKey:'realm',authEpoch:1,requestId:'test',profileHash:'profile',permissions:{tenantId:'tenant',principalId:'hr',planeKey:'neon',profileHash:'profile',schemaHash:'schema',resolvedAt:1,principalFingerprint:'hr',allowed:[permission],denied:[],planLocked:[],planeExcluded:[],entries:[],authorizationScopes:[{permissionCode:permission,tenantWide:false,companyCodeIds:['company-1'],lega"
server/apps/platform-host/src/composition/shared/entity-runtime/published-action-authorizer.test.ts,7,entity,entity_property_literal,principal,test_fixture,"const context={tenantId:'tenant',principalId:'hr',planeKey:'neon',realmKey:'realm',authEpoch:1,requestId:'test',profileHash:'profile',permissions:{tenantId:'tenant',principalId:'hr',planeKey:'neon',profileHash:'profile',schemaHash:'schema',resolvedAt:1,principalFingerprint:'hr',allowed:[permission],denied:[],planLocked:[],planeExcluded:[],entries:[],authorizationScopes:[{permissionCode:permission,tenantWide:false,companyCodeIds:['company-1'],lega"
server/apps/platform-host/src/composition/shared/entity-runtime/published-action-authorizer.test.ts,8,entity,entity_property_literal,principal,test_fixture,"const resource={tenantId:'tenant',entityCode:'principal',recordId:'selected-user',operationKey:'link_person',actionCode:'link_person',actionHandlerKey:'workforce.link.v1',registeredActionCheck:true,authorizationDescriptorHash:'pinned',companyCodeId:'company-1'};"
server/apps/platform-host/src/composition/shared/entity-runtime/published-action-authorizer.test.ts,18,mfa,mfa_boolean_configuration,requiresMfa:true,test_fixture,"for(const change of [{allowed:[]},{denied:[permission]},{operationBindings:[]},{requirements:[{...context.permissions.requirements![0]!,requiresSod:true}]},{requirements:[{...context.permissions.requirements![0]!,requiresMfa:true}]}]){"
server/apps/platform-host/src/composition/shared/entity-runtime/published-action-authorizer.test.ts,18,mfa,mfa_identifier_reference,requiresMfa,test_fixture,"for(const change of [{allowed:[]},{denied:[permission]},{operationBindings:[]},{requirements:[{...context.permissions.requirements![0]!,requiresSod:true}]},{requirements:[{...context.permissions.requirements![0]!,requiresMfa:true}]}]){"
server/apps/platform-host/src/composition/shared/entity-runtime/published-owner-authorizer.test.ts,106,entity,entity_literal_reference,principal,test_fixture,"function setup(code = ""principal"", plane: ""studio"" | ""neon"" | ""mesh"" = ""neon"") {"
server/apps/platform-host/src/composition/shared/entity-runtime/published-owner-authorizer.test.ts,152,entity,entity_array_literal,principal,test_fixture,"""principal"","
server/apps/platform-host/src/composition/shared/entity-runtime/published-owner-authorizer.test.ts,153,entity,entity_array_literal,principal_profile,test_fixture,"""principal_profile"","
server/apps/platform-host/src/composition/shared/entity-runtime/published-owner-authorizer.test.ts,154,entity,entity_array_literal,principal_notification_preference,test_fixture,"""principal_notification_preference"","
server/apps/platform-host/src/composition/shared/entity-runtime/published-owner-authorizer.test.ts,155,entity,entity_array_literal,principal_ui_profile,test_fixture,"""principal_ui_profile"","
server/apps/platform-host/src/composition/shared/entity-runtime/published-owner-authorizer.test.ts,215,entity,entity_array_literal,principal_profile,test_fixture,"it.each([""principal_profile"", ""principal_notification_preference"", ""principal_ui_profile""])("
server/apps/platform-host/src/composition/shared/entity-runtime/published-owner-authorizer.test.ts,215,entity,entity_array_literal,principal_notification_preference,test_fixture,"it.each([""principal_profile"", ""principal_notification_preference"", ""principal_ui_profile""])("
server/apps/platform-host/src/composition/shared/entity-runtime/published-owner-authorizer.test.ts,215,entity,entity_array_literal,principal_ui_profile,test_fixture,"it.each([""principal_profile"", ""principal_notification_preference"", ""principal_ui_profile""])("
server/apps/platform-host/src/composition/shared/entity-runtime/published-owner-authorizer.test.ts,265,entity,entity_literal_reference,principal_profile,test_fixture,"const f = setup(""principal_profile"");"
server/apps/platform-host/src/composition/shared/entity-runtime/published-owner-authorizer.test.ts,335,entity,entity_property_literal,principal,test_fixture,"entityCode: ""principal"","
server/apps/platform-host/src/composition/shared/entity-runtime/published-owner-authorizer.test.ts,417,entity,entity_property_literal,principal,test_fixture,"entityCode: ""principal"","
server/apps/platform-host/src/composition/shared/entity-runtime/published-owner-authorizer.test.ts,423,entity,entity_property_literal,principal,test_fixture,"entityCode: ""principal"","
server/apps/platform-host/src/composition/shared/entity-runtime/published-owner-authorizer.test.ts,444,entity,entity_property_literal,principal,test_fixture,"entityCode: ""principal"","
server/apps/platform-host/src/composition/shared/entity-runtime/published-owner-authorizer.test.ts,474,mfa,mfa_boolean_configuration,requiresMfa: false,test_fixture,"requiresMfa: false,"
server/apps/platform-host/src/composition/shared/entity-runtime/published-owner-authorizer.test.ts,474,mfa,mfa_identifier_reference,requiresMfa,test_fixture,"requiresMfa: false,"
server/apps/platform-host/src/composition/shared/entity-runtime/published-owner-authorizer.test.ts,495,entity,entity_property_literal,principal,test_fixture,"ownerEntityCode: ""principal"","
server/apps/platform-host/src/composition/shared/entity-runtime/published-owner-authorizer.test.ts,527,mfa,mfa_boolean_configuration,requiresMfa: true,test_fixture,"requirements: [{ ...requirement, requiresMfa: true }],"
server/apps/platform-host/src/composition/shared/entity-runtime/published-owner-authorizer.test.ts,527,mfa,mfa_identifier_reference,requiresMfa,test_fixture,"requirements: [{ ...requirement, requiresMfa: true }],"
server/apps/platform-host/src/composition/shared/entity-runtime/published-owner-authorizer.test.ts,543,entity,entity_array_literal,principal_profile,test_fixture,"it.each([""principal_profile"", ""principal_notification_preference"", ""principal_ui_profile""])("
server/apps/platform-host/src/composition/shared/entity-runtime/published-owner-authorizer.test.ts,543,entity,entity_array_literal,principal_notification_preference,test_fixture,"it.each([""principal_profile"", ""principal_notification_preference"", ""principal_ui_profile""])("
server/apps/platform-host/src/composition/shared/entity-runtime/published-owner-authorizer.test.ts,543,entity,entity_array_literal,principal_ui_profile,test_fixture,"it.each([""principal_profile"", ""principal_notification_preference"", ""principal_ui_profile""])("
server/apps/platform-host/src/composition/shared/entity-runtime/published-tenant-authorizer.test.ts,50,entity,embedded_entity_route_or_publication,metadata.entity.country,test_fixture,"publicationKey: ""metadata.entity.country"","
server/apps/platform-host/src/composition/shared/entity-runtime/published-tenant-authorizer.test.ts,53,entity,entity_property_literal,country,test_fixture,"entityCode: ""country"","
server/apps/platform-host/src/composition/shared/entity-runtime/published-tenant-authorizer.test.ts,65,entity,entity_property_literal,country,test_fixture,"entityCode: ""country"","
server/apps/platform-host/src/composition/shared/entity-runtime/published-tenant-authorizer.test.ts,67,entity,entity_literal_reference,country,test_fixture,"storage: { schema: ""shared"", object: ""country"", idField: ""id"" },"
server/apps/platform-host/src/composition/shared/entity-runtime/published-tenant-authorizer.test.ts,69,entity,embedded_entity_route_or_publication,/app/entity/country/:recordId,test_fixture,"detailRouteTemplate: ""/app/entity/country/:recordId"","
server/apps/platform-host/src/composition/shared/entity-runtime/published-tenant-authorizer.test.ts,74,permission,literal_permission_candidate,common.platform.reference.view,test_fixture,"code: ""common.platform.reference.view"","
server/apps/platform-host/src/composition/shared/entity-runtime/published-tenant-authorizer.test.ts,82,entity,entity_property_literal,country,test_fixture,"entity_code: ""country"","
server/apps/platform-host/src/composition/shared/entity-runtime/published-tenant-authorizer.test.ts,94,permission,literal_permission_candidate,common.platform.reference.view,test_fixture,"permissions: { allowed: [""common.platform.reference.view""] },"
server/apps/platform-host/src/composition/shared/entity-runtime/published-tenant-authorizer.test.ts,141,entity,entity_property_literal,country,test_fixture,"entityCode: ""country"","
server/apps/platform-host/src/composition/shared/entity-runtime/published-tenant-authorizer.test.ts,150,entity,entity_property_literal,country,test_fixture,"entityCode: ""country"","
server/apps/platform-host/src/composition/shared/entity-runtime/published-tenant-authorizer.test.ts,160,entity,entity_property_literal,country,test_fixture,"f.queries.list({ context: f.context, entityCode: ""country"" }),"
server/apps/platform-host/src/composition/shared/entity-runtime/published-tenant-authorizer.test.ts,170,entity,entity_property_literal,country,test_fixture,"entityCode: ""country"","
server/apps/platform-host/src/composition/shared/entity-runtime/published-tenant-authorizer.test.ts,184,entity,entity_property_literal,country,test_fixture,"f.queries.get({ context: f.context, entityCode: ""country"", recordId: id }),"
server/apps/platform-host/src/composition/shared/entity-runtime/published-tenant-authorizer.test.ts,195,entity,entity_property_literal,country,test_fixture,"f.queries.list({ context: f.context, entityCode: ""country"" }),"
server/apps/platform-host/src/composition/shared/entity-runtime/published-tenant-authorizer.test.ts,202,entity,entity_property_literal,country,test_fixture,"f.queries.get({ context: f.context, entityCode: ""country"", recordId: id }),"
server/apps/platform-host/src/composition/shared/entity-runtime/published-tenant-authorizer.test.ts,208,entity,entity_literal_reference,country,test_fixture,"resourceCode: ""country"","
server/apps/platform-host/src/composition/shared/entity-runtime/published-tenant-authorizer.test.ts,211,entity,entity_property_literal,country,test_fixture,"entityType: ""country"","
server/apps/platform-host/src/composition/shared/entity-runtime/published-tenant-authorizer.test.ts,214,permission,literal_permission_candidate,common.document.attachment.download,test_fixture,"const permissionCode = ""common.document.attachment.download"";"
server/apps/platform-host/src/composition/shared/entity-runtime/published-tenant-authorizer.test.ts,241,entity,entity_property_literal,country,test_fixture,"f.queries.get({ context: f.context, entityCode: ""country"", recordId: id }),"
server/apps/platform-host/src/composition/shared/entity-runtime/published-tenant-authorizer.test.ts,274,entity,entity_property_literal,country,test_fixture,"entityCode: ""country"","
server/apps/platform-host/src/composition/shared/entity-runtime/published-tenant-authorizer.test.ts,282,entity,entity_property_literal,country,test_fixture,"entityCode: ""country"","
server/apps/platform-host/src/composition/shared/entity-runtime/read-evidence.test.ts,32,entity,entity_property_literal,country,test_fixture,"entityCode: ""country"","
server/apps/platform-host/src/composition/shared/entity-runtime/read-evidence.test.ts,34,entity,entity_literal_reference,country,test_fixture,"storage: { schema: ""shared"", object: ""country"", idField: ""id"" },"
server/apps/platform-host/src/composition/shared/entity-runtime/read-evidence.test.ts,38,permission,literal_permission_candidate,common.platform.reference.view,test_fixture,"{ code: ""common.platform.reference.view"", scopeKinds: [""tenant""] },"
server/apps/platform-host/src/composition/shared/entity-runtime/read-evidence.test.ts,42,entity,entity_property_literal,country,test_fixture,"entity_code: ""country"","
server/apps/platform-host/src/composition/shared/entity-runtime/read-evidence.test.ts,71,entity,entity_property_literal,country,test_fixture,"entityCode: ""country"","
server/apps/platform-host/src/composition/shared/entity-runtime/readiness-inventory.test.ts,6,entity,entity_property_literal,country,test_fixture,"let current = [{ entityCode: ""country"" }] as EntityRuntimeDescriptor[];"
server/apps/platform-host/src/composition/shared/entity-runtime/readiness-inventory.test.ts,12,entity,entity_property_literal,principal,test_fixture,"current = [{ entityCode: ""principal"" }] as EntityRuntimeDescriptor[];"
server/apps/platform-host/src/composition/shared/entity-runtime/record-scope-sql.test.ts,26,entity,entity_property_literal,business_partner,test_fixture,"entityCode: ""business_partner"","
server/apps/platform-host/src/composition/shared/entity-runtime/record-scope-sql.test.ts,34,entity,entity_literal_reference,business_partner,test_fixture,"object: ""business_partner"","
server/apps/platform-host/src/composition/shared/entity-runtime/record-scope-sql.test.ts,76,entity,entity_literal_reference,supplier,test_fixture,"storage: { ...descriptor.storage, object: ""supplier"" },"
server/apps/platform-host/src/composition/shared/entity-runtime/record-scope-sql.test.ts,95,entity,entity_property_literal,network_relationship,test_fixture,"entityCode: ""network_relationship"","
server/apps/platform-host/src/composition/shared/entity-runtime/record-scope-sql.test.ts,99,entity,entity_literal_reference,network_relationship,test_fixture,"object: ""network_relationship"","
server/apps/platform-host/src/composition/shared/entity-runtime/record-scope-sql.test.ts,122,entity,entity_property_literal,metadata_entity,test_fixture,"entityCode: ""metadata_entity"","
server/apps/platform-host/src/composition/shared/entity-runtime/record-scope-sql.test.ts,150,entity,entity_literal_reference,supplier,test_fixture,"partnerRole: ""supplier"","
server/apps/platform-host/src/composition/shared/entity-runtime/record-scope-sql.test.ts,162,entity,entity_literal_reference,business_partner_operating_organization_assignment,test_fixture,"""business_partner_operating_organization_assignment"","
server/apps/platform-host/src/composition/shared/entity-runtime/record-scope-sql.test.ts,179,entity,entity_array_literal,supplier,test_fixture,"for (const partnerRole of [""supplier"", ""customer""] as const) {"
server/apps/platform-host/src/composition/shared/entity-runtime/record-scope-sql.test.ts,179,entity,entity_array_literal,customer,test_fixture,"for (const partnerRole of [""supplier"", ""customer""] as const) {"
server/apps/platform-host/src/composition/shared/entity-runtime/record-scope-sql.test.ts,194,entity,entity_literal_reference,supplier,test_fixture,"partnerRole: ""invalid"" as ""supplier"","
server/apps/platform-host/src/composition/shared/entity-runtime/reference-baseline.test.ts,7,entity,entity_array_literal,country,test_fixture,"""country"","
server/apps/platform-host/src/composition/shared/entity-runtime/reference-baseline.test.ts,8,entity,entity_array_literal,state_region,test_fixture,"""state_region"","
server/apps/platform-host/src/composition/shared/entity-runtime/reference-baseline.test.ts,9,entity,entity_array_literal,currency,test_fixture,"""currency"","
server/apps/platform-host/src/composition/shared/entity-runtime/reference-baseline.test.ts,10,entity,entity_array_literal,language,test_fixture,"""language"","
server/apps/platform-host/src/composition/shared/entity-runtime/reference-baseline.test.ts,11,entity,entity_array_literal,locale,test_fixture,"""locale"","
server/apps/platform-host/src/composition/shared/entity-runtime/reference-baseline.test.ts,12,entity,entity_array_literal,timezone,test_fixture,"""timezone"","
server/apps/platform-host/src/composition/shared/entity-runtime/revision-authorizer.test.ts,4,permission,literal_permission_candidate,studio.policy.read,test_fixture,"const permissions = { read: ""studio.policy.read"", author: ""studio.policy.author"", publish: ""studio.policy.publish"" };"
server/apps/platform-host/src/composition/shared/entity-runtime/revision-authorizer.test.ts,4,permission,literal_permission_candidate,studio.policy.author,test_fixture,"const permissions = { read: ""studio.policy.read"", author: ""studio.policy.author"", publish: ""studio.policy.publish"" };"
server/apps/platform-host/src/composition/shared/entity-runtime/revision-authorizer.test.ts,4,permission,literal_permission_candidate,studio.policy.publish,test_fixture,"const permissions = { read: ""studio.policy.read"", author: ""studio.policy.author"", publish: ""studio.policy.publish"" };"
server/apps/platform-host/src/composition/shared/entity-runtime/revision-authorizer.test.ts,6,permission,literal_permission_candidate,studio.policy.publish,test_fixture,"const permissionCode = ""studio.policy.publish"";"
server/apps/platform-host/src/composition/shared/entity-runtime/revision-authorizer.test.ts,9,mfa,mfa_identifier_reference,assurance,test_fixture,"profileHash: ""profile"", requestId: ""request"", assurance: ""elevated"","
server/apps/platform-host/src/composition/shared/entity-runtime/revision-authorizer.test.ts,9,mfa,assurance_literal,elevated,test_fixture,"profileHash: ""profile"", requestId: ""request"", assurance: ""elevated"","
server/apps/platform-host/src/composition/shared/entity-runtime/revision-authorizer.test.ts,12,mfa,mfa_boolean_configuration,requiresMfa: true,test_fixture,"requirements: [{ permissionCode, moduleId: ""pub"", riskTier: ""critical"", requiresMfa: true, requiresSod: true, entitled: true }],"
server/apps/platform-host/src/composition/shared/entity-runtime/revision-authorizer.test.ts,12,mfa,mfa_identifier_reference,requiresMfa,test_fixture,"requirements: [{ permissionCode, moduleId: ""pub"", riskTier: ""critical"", requiresMfa: true, requiresSod: true, entitled: true }],"
server/apps/platform-host/src/composition/shared/entity-runtime/revision-authorizer.test.ts,37,mfa,mfa_literal_or_route,requires MFA before consulting revision evidence,test_fixture,"it(""requires MFA before consulting revision evidence"", async () => {"
server/apps/platform-host/src/composition/shared/entity-runtime/revision-authorizer.test.ts,39,mfa,mfa_identifier_reference,assurance,test_fixture,"expect(await createTestAuthorizer({get}).authorize({context:{...context,assurance:""baseline""},permissionCode,resource:{revisionId:""revision""}})).toMatchObject({allowed:false,reason:""mfa_required""});"
server/apps/platform-host/src/composition/shared/entity-runtime/revision-authorizer.test.ts,39,mfa,assurance_literal,baseline,test_fixture,"expect(await createTestAuthorizer({get}).authorize({context:{...context,assurance:""baseline""},permissionCode,resource:{revisionId:""revision""}})).toMatchObject({allowed:false,reason:""mfa_required""});"
server/apps/platform-host/src/composition/shared/entity-runtime/revision-authorizer.test.ts,39,mfa,mfa_literal_or_route,mfa_required,test_fixture,"expect(await createTestAuthorizer({get}).authorize({context:{...context,assurance:""baseline""},permissionCode,resource:{revisionId:""revision""}})).toMatchObject({allowed:false,reason:""mfa_required""});"
server/apps/platform-host/src/composition/shared/entity-runtime/ui-profile-mutation-policy.test.ts,5,entity,entity_literal_reference,principal_ui_profile,test_fixture,"const input={context:{planeKey:'neon',tenantId:'tenant',principalId:'admin'},descriptor:{storage:{schema:'master',object:'principal_ui_profile'}},action:'patch'} as const;"
server/apps/platform-host/src/composition/shared/entity-runtime/ui-profile-mutation-policy.test.ts,20,entity,entity_literal_reference,principal,test_fixture,"await expect(createUiProfileMutationPolicy().validate({...input,descriptor:{storage:{schema:'master',object:'principal'}},values:{}} as never,{} as never)).rejects.toThrow('UI_PROFILE_STORAGE_MISMATCH');"
server/apps/platform-host/src/composition/shared/entity-runtime/ui-profile-mutation-policy.ts,8,entity,entity_literal_reference,principal_ui_profile,application_source,if(descriptor.storage.schema!=='master'||descriptor.storage.object!=='principal_ui_profile')throw Error('UI_PROFILE_STORAGE_MISMATCH');
server/apps/platform-host/src/composition/shared/entity-runtime/workforce-read-policy.test.ts,17,entity,entity_literal_reference,employee,test_fixture,"function fixture(entity = ""employee"") {"
server/apps/platform-host/src/composition/shared/entity-runtime/workforce-read-policy.test.ts,61,mfa,mfa_identifier_reference,assurance,test_fixture,"assurance: ""elevated"","
server/apps/platform-host/src/composition/shared/entity-runtime/workforce-read-policy.test.ts,61,mfa,assurance_literal,elevated,test_fixture,"assurance: ""elevated"","
server/apps/platform-host/src/composition/shared/entity-runtime/workforce-read-policy.test.ts,75,mfa,mfa_boolean_configuration,requiresMfa: true,test_fixture,"requiresMfa: true,"
server/apps/platform-host/src/composition/shared/entity-runtime/workforce-read-policy.test.ts,75,mfa,mfa_identifier_reference,requiresMfa,test_fixture,"requiresMfa: true,"
server/apps/platform-host/src/composition/shared/entity-runtime/workforce-read-policy.test.ts,116,entity,entity_array_literal,person,test_fixture,"""person"","
server/apps/platform-host/src/composition/shared/entity-runtime/workforce-read-policy.test.ts,117,entity,entity_array_literal,employee,test_fixture,"""employee"","
server/apps/platform-host/src/composition/shared/entity-runtime/workforce-read-policy.test.ts,118,entity,entity_array_literal,external_worker,test_fixture,"""external_worker"","
server/apps/platform-host/src/composition/shared/entity-runtime/workforce-read-policy.test.ts,119,entity,entity_array_literal,address,test_fixture,"""address"","
server/apps/platform-host/src/composition/shared/entity-runtime/workforce-read-policy.test.ts,120,entity,entity_array_literal,person_address_use,test_fixture,"""person_address_use"","
server/apps/platform-host/src/composition/shared/entity-runtime/workforce-read-policy.test.ts,122,mfa,mfa_literal_or_route,admits the published %s read with current MFA and tenant grants,test_fixture,"""admits the published %s read with current MFA and tenant grants"","
server/apps/platform-host/src/composition/shared/entity-runtime/workforce-read-policy.test.ts,139,mfa,mfa_literal_or_route,mfa,test_fixture,"""mfa"","
server/apps/platform-host/src/composition/shared/entity-runtime/workforce-read-policy.test.ts,153,mfa,mfa_literal_or_route,mfa,test_fixture,"if (scenario === ""mfa"") Object.assign(r.context, { assurance: ""baseline"" });"
server/apps/platform-host/src/composition/shared/entity-runtime/workforce-read-policy.test.ts,153,mfa,mfa_identifier_reference,assurance,test_fixture,"if (scenario === ""mfa"") Object.assign(r.context, { assurance: ""baseline"" });"
server/apps/platform-host/src/composition/shared/entity-runtime/workforce-read-policy.test.ts,153,mfa,assurance_literal,baseline,test_fixture,"if (scenario === ""mfa"") Object.assign(r.context, { assurance: ""baseline"" });"
server/apps/platform-host/src/composition/shared/identity/platform-authority.ts,27,mfa,mfa_identifier_reference,assurance,application_source,"if (context.assurance !== ""elevated"") throw Error(""PLATFORM_AUTHORITY_MFA_REQUIRED"");"
server/apps/platform-host/src/composition/shared/identity/platform-authority.ts,27,mfa,assurance_literal,elevated,application_source,"if (context.assurance !== ""elevated"") throw Error(""PLATFORM_AUTHORITY_MFA_REQUIRED"");"
server/apps/platform-host/src/composition/shared/identity/platform-authority.ts,27,mfa,mfa_literal_or_route,PLATFORM_AUTHORITY_MFA_REQUIRED,application_source,"if (context.assurance !== ""elevated"") throw Error(""PLATFORM_AUTHORITY_MFA_REQUIRED"");"
server/apps/platform-host/src/composition/shared/identity/trusted-device-routes.ts,31,mfa,mfa_literal_or_route,Register remembered-device evidence after verified step-up,application_source,"summary: ""Register remembered-device evidence after verified step-up"","
server/apps/platform-host/src/composition/shared/identity/trusted-device-routes.ts,67,mfa,mfa_literal_or_route,AUTH_STEP_UP_ASSURANCE_REQUIRED,application_source,"""AUTH_STEP_UP_ASSURANCE_REQUIRED"","
server/apps/platform-host/src/composition/shared/identity/trusted-device-routes.ts,302,mfa,mfa_literal_or_route,mfa,application_source,"""mfa"","
server/apps/platform-host/src/composition/shared/publication/__tests__/capability-qualification.test.ts,11,permission,constructed_permission_candidate,`common.collaboration.attachment.${key}`,test_fixture,"actions: [""read"", ""create"", ""finalize"", ""download"", ""archive""].map(key => ({ key, permissionCode: `common.collaboration.attachment.${key}`,"
server/apps/platform-host/src/composition/shared/publication/__tests__/capability-qualification.test.ts,102,permission,literal_permission_candidate,common.collaboration.comment.read,test_fixture,"actions: [{ key: ""read"", permissionCode: ""common.collaboration.comment.read"", handlerKey: ""platform.comments.read.v1"", concurrency: ""none"", idempotency: ""none"" }],"
server/apps/platform-host/src/composition/shared/publication/__tests__/compiled-runtime-publication.test.ts,41,permission,literal_permission_candidate,common.platform.reference.view,test_fixture,": text.includes(""p.canonical_code code"") ? [""common.platform.reference.view"", ...new Set<string>(graph.capabilities?.flatMap(c => c.binding?.actions.map(a => a.permissionCode) ?? []) ?? [])].map((code, i) => ({ id: id(100 + i), kind: ""capability"", code, scopeKinds: [""tenant""] })) : [] }));"
server/apps/platform-host/src/composition/shared/publication/__tests__/compiled-runtime-publication.test.ts,106,permission,literal_permission_candidate,common.collaboration.attachment.download,test_fixture,"permissions.delete(""common.collaboration.attachment.download"");"
server/apps/platform-host/src/composition/shared/publication/__tests__/entity-authorization-activation.test.ts,10,entity,entity_literal_reference,business_partner,test_fixture,"storage: { schema: ""master"", object: ""business_partner"", idField: ""id"", tenantField: ""tenant_id"" } } as unknown as EntityRuntimeDescriptor;"
server/apps/platform-host/src/composition/shared/publication/__tests__/entity-authorization-activation.test.ts,13,permission,literal_permission_candidate,common.platform.reference.view,test_fixture,"const operations = ([""list"", ""read""] as const).map(key => ({ key, permissionCode: ""common.platform.reference.view"","
server/apps/platform-host/src/composition/shared/publication/__tests__/entity-authorization-activation.test.ts,17,entity,entity_property_literal,country,test_fixture,"entityCode: ""country"", planeKey: plane, referenceCapability: ""common.platform.reference.view"","
server/apps/platform-host/src/composition/shared/publication/__tests__/entity-authorization-activation.test.ts,17,permission,literal_permission_candidate,common.platform.reference.view,test_fixture,"entityCode: ""country"", planeKey: plane, referenceCapability: ""common.platform.reference.view"","
server/apps/platform-host/src/composition/shared/publication/__tests__/entity-authorization-activation.test.ts,18,entity,entity_literal_reference,country,test_fixture,"storage: { schema: ""shared"", object: ""country"", idField: ""id"" },"
server/apps/platform-host/src/composition/shared/publication/__tests__/entity-authorization-activation.test.ts,21,entity,entity_property_literal,country,test_fixture,"authorization: { schemaVersion: 1, entityCode: ""country"", planeKey: plane, ownership: ""tenant.record.v1"","
server/apps/platform-host/src/composition/shared/publication/__tests__/machine-publication-policy.test.ts,66,permission,literal_permission_candidate,studio.metadata.contract.publish,test_fixture,"expect((await authorizer.authorize({ context, permissionCode: ""studio.metadata.contract.publish"" })).allowed).toBe(false);"
server/apps/platform-host/src/composition/shared/publication/__tests__/machine-publication-policy.test.ts,77,mfa,mfa_boolean_configuration,requiresMfa: false,test_fixture,"[{ permissionCode, moduleId: id(11), riskTier: ""high"", requiresMfa: false, requiresSod: false, entitled: true }]);"
server/apps/platform-host/src/composition/shared/publication/__tests__/machine-publication-policy.test.ts,77,mfa,mfa_identifier_reference,requiresMfa,test_fixture,"[{ permissionCode, moduleId: id(11), riskTier: ""high"", requiresMfa: false, requiresSod: false, entitled: true }]);"
server/apps/platform-host/src/composition/shared/publication/__tests__/machine-publication-policy.test.ts,104,mfa,mfa_boolean_configuration,requiresMfa: false,test_fixture,"[{ permissionCode: MACHINE_PUBLICATION_PERMISSION, moduleId: id(11), riskTier: ""critical"", requiresMfa: false, requiresSod: true, entitled: true }]);"
server/apps/platform-host/src/composition/shared/publication/__tests__/machine-publication-policy.test.ts,104,mfa,mfa_identifier_reference,requiresMfa,test_fixture,"[{ permissionCode: MACHINE_PUBLICATION_PERMISSION, moduleId: id(11), riskTier: ""critical"", requiresMfa: false, requiresSod: true, entitled: true }]);"
server/apps/platform-host/src/composition/shared/publication/__tests__/publication-policy-enrollment.test.ts,46,mfa,mfa_identifier_reference,assurance,test_fixture,"const context = { planeKey: ""studio"", realmKey: ""platform-control"", assurance: ""elevated"", tenantId: id(6), principalId: id(7), authEpoch: 0, requestId: id(10) } as VerifiedRequestContext;"
server/apps/platform-host/src/composition/shared/publication/__tests__/publication-policy-enrollment.test.ts,46,mfa,assurance_literal,elevated,test_fixture,"const context = { planeKey: ""studio"", realmKey: ""platform-control"", assurance: ""elevated"", tenantId: id(6), principalId: id(7), authEpoch: 0, requestId: id(10) } as VerifiedRequestContext;"
server/apps/platform-host/src/composition/shared/publication/__tests__/publication-policy-enrollment.test.ts,95,permission,literal_permission_candidate,studio.metadata.contract.publish,test_fixture,"expect(Object.values(PUBLICATION_POLICY_PERMISSIONS)).not.toContain(""studio.metadata.contract.publish"");"
server/apps/platform-host/src/composition/shared/publication/__tests__/publication-policy-enrollment.test.ts,109,mfa,mfa_literal_or_route,"rechecks persisted successor pins on proposal and independent activation, retaining MFA and maker/checker",test_fixture,"it(""rechecks persisted successor pins on proposal and independent activation, retaining MFA and maker/checker"", async () => {"
server/apps/platform-host/src/composition/shared/publication/__tests__/publication-policy-enrollment.test.ts,149,mfa,mfa_identifier_reference,assurance,test_fixture,"{ tenantId: id(99) }, { realmKey: ""athyper"" }, { planeKey: ""neon"" }, { assurance: ""baseline"" },"
server/apps/platform-host/src/composition/shared/publication/__tests__/publication-policy-enrollment.test.ts,149,mfa,assurance_literal,baseline,test_fixture,"{ tenantId: id(99) }, { realmKey: ""athyper"" }, { planeKey: ""neon"" }, { assurance: ""baseline"" },"
server/apps/platform-host/src/composition/shared/publication/__tests__/publication-policy-enrollment.test.ts,150,mfa,mfa_literal_or_route,denies non-platform or non-MFA context before authorization and storage: %j,test_fixture,"])(""denies non-platform or non-MFA context before authorization and storage: %j"", async override => {"
server/apps/platform-host/src/composition/shared/publication/__tests__/runtime-qualification.test.ts,7,permission,literal_permission_candidate,common.platform.reference.view,test_fixture,"{ key: ""list"", permissionCode: ""common.platform.reference.view"", scope: ""tenant.record.v1"", target: ""collection"", effect: ""read"", requiresParentRead: false, requiresPreflight: false },"
server/apps/platform-host/src/composition/shared/publication/__tests__/runtime-qualification.test.ts,8,permission,literal_permission_candidate,common.platform.reference.view,test_fixture,"{ key: ""read"", permissionCode: ""common.platform.reference.view"", scope: ""tenant.record.v1"", target: ""existing"", effect: ""read"", requiresParentRead: false, requiresPreflight: false },"
server/apps/platform-host/src/composition/shared/publication/__tests__/runtime-qualification.test.ts,11,entity,entity_property_literal,country,test_fixture,"schemaVersion: 1, entityCode: ""country"", planeKey: ""neon"","
server/apps/platform-host/src/composition/shared/publication/__tests__/runtime-qualification.test.ts,19,entity,entity_property_literal,country,test_fixture,"planeKey: ""neon"", entityCode: ""country"", operation,"
server/apps/platform-host/src/composition/shared/publication/__tests__/table-entity-publication.test.ts,104,entity,entity_array_literal,principal,test_fixture,"""principal"","
server/apps/platform-host/src/composition/shared/publication/__tests__/table-entity-publication.test.ts,105,entity,entity_array_literal,principal_profile,test_fixture,"""principal_profile"","
server/apps/platform-host/src/composition/shared/publication/__tests__/table-entity-publication.test.ts,106,entity,entity_array_literal,principal_notification_preference,test_fixture,"""principal_notification_preference"","
server/apps/platform-host/src/composition/shared/publication/__tests__/table-entity-publication.test.ts,107,entity,entity_array_literal,principal_ui_profile,test_fixture,"""principal_ui_profile"","
server/apps/platform-host/src/composition/shared/publication/__tests__/table-entity-publication.test.ts,123,entity,entity_array_literal,person,test_fixture,"for (const code of [""person"", ""employee"", ""external_worker"", ""address"", ""person_address_use""])"
server/apps/platform-host/src/composition/shared/publication/__tests__/table-entity-publication.test.ts,123,entity,entity_array_literal,employee,test_fixture,"for (const code of [""person"", ""employee"", ""external_worker"", ""address"", ""person_address_use""])"
server/apps/platform-host/src/composition/shared/publication/__tests__/table-entity-publication.test.ts,123,entity,entity_array_literal,external_worker,test_fixture,"for (const code of [""person"", ""employee"", ""external_worker"", ""address"", ""person_address_use""])"
server/apps/platform-host/src/composition/shared/publication/__tests__/table-entity-publication.test.ts,123,entity,entity_array_literal,address,test_fixture,"for (const code of [""person"", ""employee"", ""external_worker"", ""address"", ""person_address_use""])"
server/apps/platform-host/src/composition/shared/publication/__tests__/table-entity-publication.test.ts,123,entity,entity_array_literal,person_address_use,test_fixture,"for (const code of [""person"", ""employee"", ""external_worker"", ""address"", ""person_address_use""])"
server/apps/platform-host/src/composition/shared/publication/__tests__/table-entity-publication.test.ts,184,entity,entity_literal_reference,principal_profile,test_fixture,"fixture(""principal_profile""),"
server/apps/platform-host/src/composition/shared/publication/__tests__/table-entity-publication.test.ts,185,entity,entity_literal_reference,principal_notification_preference,test_fixture,"fixture(""principal_notification_preference""),"
server/apps/platform-host/src/composition/shared/publication/__tests__/table-entity-publication.test.ts,186,entity,entity_literal_reference,principal_ui_profile,test_fixture,"fixture(""principal_ui_profile""),"
server/apps/platform-host/src/composition/shared/publication/__tests__/table-entity-publication.test.ts,190,entity,entity_literal_reference,principal,test_fixture,"qualifyPublishedRelationships(fixture(""principal"").graph, db as never),"
server/apps/platform-host/src/composition/shared/publication/__tests__/table-entity-publication.test.ts,201,entity,entity_literal_reference,principal_profile,test_fixture,"fixture(""principal_profile""),"
server/apps/platform-host/src/composition/shared/publication/__tests__/table-entity-publication.test.ts,202,entity,entity_literal_reference,principal_notification_preference,test_fixture,"fixture(""principal_notification_preference""),"
server/apps/platform-host/src/composition/shared/publication/__tests__/table-entity-publication.test.ts,209,entity,entity_literal_reference,principal_profile,test_fixture,"fixture(""principal_profile""),"
server/apps/platform-host/src/composition/shared/publication/__tests__/table-entity-publication.test.ts,210,entity,entity_literal_reference,principal_notification_preference,test_fixture,"fixture(""principal_notification_preference""),"
server/apps/platform-host/src/composition/shared/publication/__tests__/table-entity-publication.test.ts,219,entity,entity_literal_reference,principal,test_fixture,"qualifyPublishedRelationships(fixture(""principal"").graph, db as never),"
server/apps/platform-host/src/composition/shared/publication/__tests__/table-entity-publication.test.ts,227,entity,entity_literal_reference,principal,test_fixture,"const db = qualificationDatabase([fixture(""principal"")]);"
server/apps/platform-host/src/composition/shared/publication/__tests__/table-entity-publication.test.ts,229,entity,entity_literal_reference,principal_profile,test_fixture,"const { graph } = fixture(""principal_profile"");"
server/apps/platform-host/src/composition/shared/publication/capability-qualification.ts,166,mfa,mfa_literal_or_route,"`SELECT p.id FROM authz.permission p JOIN authz.permission_scope_kind s ON s.permission_id=p.id
          WHERE p.canonical_code=${permission} AND p.status='published' AND s.status='active' AND s.scope_kind='tenant'
    ",application_source,const rows = (await sql`SELECT p.id FROM authz.permission p JOIN authz.permission_scope_kind s ON s.permission_id=p.id
server/apps/platform-host/src/composition/shared/publication/capability-qualification.ts,168,mfa,mfa_literal_or_route,"`AND p.permission_kind='capability' AND p.risk_tier::text=${activity.riskTier}
            AND NOT p.requires_mfa AND NOT p.requires_sod AND NOT p.is_shareable AND NOT p.is_delegable AND NOT p.is_overridable
            ",application_source,${activity ? sql`AND p.permission_kind='capability' AND p.risk_tier::text=${activity.riskTier}
server/apps/platform-host/src/composition/shared/publication/coordinated-relationship-qualification.test.ts,8,entity,entity_array_literal,principal,test_fixture,"const graphs = [""principal"", ""principal_profile"", ""principal_notification_preference"", ""principal_ui_profile""].map(code => {"
server/apps/platform-host/src/composition/shared/publication/coordinated-relationship-qualification.test.ts,8,entity,entity_array_literal,principal_profile,test_fixture,"const graphs = [""principal"", ""principal_profile"", ""principal_notification_preference"", ""principal_ui_profile""].map(code => {"
server/apps/platform-host/src/composition/shared/publication/coordinated-relationship-qualification.test.ts,8,entity,entity_array_literal,principal_notification_preference,test_fixture,"const graphs = [""principal"", ""principal_profile"", ""principal_notification_preference"", ""principal_ui_profile""].map(code => {"
server/apps/platform-host/src/composition/shared/publication/coordinated-relationship-qualification.test.ts,8,entity,entity_array_literal,principal_ui_profile,test_fixture,"const graphs = [""principal"", ""principal_profile"", ""principal_notification_preference"", ""principal_ui_profile""].map(code => {"
server/apps/platform-host/src/composition/shared/publication/deployment-recovery-compiler.postgres.test.ts,40,mfa,mfa_identifier_reference,assurance,test_fixture,"const ctx=(id:string)=>({principalId:id,tenantId:tenant,planeKey:'studio',realmKey:'platform-control',assurance:'elevated',authEpoch:actors.find(a=>a.id===id)!.auth_epoch,requestId:randomUUID()} as VerifiedRequestContext);"
server/apps/platform-host/src/composition/shared/publication/deployment-recovery-compiler.postgres.test.ts,40,mfa,assurance_literal,elevated,test_fixture,"const ctx=(id:string)=>({principalId:id,tenantId:tenant,planeKey:'studio',realmKey:'platform-control',assurance:'elevated',authEpoch:actors.find(a=>a.id===id)!.auth_epoch,requestId:randomUUID()} as VerifiedRequestContext);"
server/apps/platform-host/src/composition/shared/publication/deployment-recovery.postgres.test.ts,65,mfa,mfa_identifier_reference,assurance,test_fixture,"const ctx=(id:string)=>({principalId:id,tenantId:tenant,planeKey:""studio"",realmKey:""platform-control"",assurance:""elevated"",authEpoch:actor(id).authEpoch,requestId:randomUUID()} as VerifiedRequestContext);"
server/apps/platform-host/src/composition/shared/publication/deployment-recovery.postgres.test.ts,65,mfa,assurance_literal,elevated,test_fixture,"const ctx=(id:string)=>({principalId:id,tenantId:tenant,planeKey:""studio"",realmKey:""platform-control"",assurance:""elevated"",authEpoch:actor(id).authEpoch,requestId:randomUUID()} as VerifiedRequestContext);"
server/apps/platform-host/src/composition/shared/publication/entity-ai-manifest-publication.test.ts,14,entity,entity_literal_reference,country,test_fixture,"function compile(entity: ""country"" | ""principal"", plane: PublicationPlane, enroll = true) {"
server/apps/platform-host/src/composition/shared/publication/entity-ai-manifest-publication.test.ts,14,entity,entity_literal_reference,principal,test_fixture,"function compile(entity: ""country"" | ""principal"", plane: PublicationPlane, enroll = true) {"
server/apps/platform-host/src/composition/shared/publication/entity-ai-manifest-publication.test.ts,17,entity,entity_comparison,country,test_fixture,"const graph = entity === ""country"" ? compileSharedReferenceProduct(parseSharedReferenceProduct(product), plane).graph"
server/apps/platform-host/src/composition/shared/publication/entity-ai-manifest-publication.test.ts,44,entity,entity_literal_reference,country,test_fixture,"const first = compile(""country"", plane), repeated = compile(""country"", plane);"
server/apps/platform-host/src/composition/shared/publication/entity-ai-manifest-publication.test.ts,55,entity,entity_literal_reference,country,test_fixture,"const f = compile(""country"", ""neon"");"
server/apps/platform-host/src/composition/shared/publication/entity-ai-manifest-publication.test.ts,68,entity,entity_literal_reference,principal,test_fixture,"const value = compile(""principal"", plane, false);"
server/apps/platform-host/src/composition/shared/publication/entity-ai-manifest-publication.test.ts,74,entity,entity_literal_reference,principal,test_fixture,"const value = compile(""principal"", plane);"
server/apps/platform-host/src/composition/shared/publication/human-publication-activation.test.ts,19,entity,entity_array_literal,address,test_fixture,"const sources = [""address"", ""person""].map(code => {"
server/apps/platform-host/src/composition/shared/publication/human-publication-activation.test.ts,19,entity,entity_array_literal,person,test_fixture,"const sources = [""address"", ""person""].map(code => {"
server/apps/platform-host/src/composition/shared/publication/human-publication.postgres.test.ts,64,permission,literal_permission_candidate,studio.metadata.contract.publish_automated,test_fixture,"tenantId: policy.authorityTenantId, permissionCode: ""studio.metadata.contract.publish_automated"", policy };"
server/apps/platform-host/src/composition/shared/publication/machine-policy.ts,10,permission,literal_permission_candidate,studio.metadata.contract.publish_automated,application_source,"export const MACHINE_PUBLICATION_PERMISSION = ""studio.metadata.contract.publish_automated"";"
server/apps/platform-host/src/composition/shared/publication/machine-policy.ts,59,permission,literal_permission_candidate,studio.metadata.contract.edit,application_source,"const authoring = [""studio.metadata.contract.edit"", ""studio.metadata.contract.submit""].includes(input.permissionCode);"
server/apps/platform-host/src/composition/shared/publication/machine-policy.ts,59,permission,literal_permission_candidate,studio.metadata.contract.submit,application_source,"const authoring = [""studio.metadata.contract.edit"", ""studio.metadata.contract.submit""].includes(input.permissionCode);"
server/apps/platform-host/src/composition/shared/publication/machine-policy.ts,60,permission,literal_permission_candidate,studio.metadata.contract.review,application_source,"const reviewing = input.permissionCode === ""studio.metadata.contract.review"";"
server/apps/platform-host/src/composition/shared/publication/policy-enrollment.ts,23,permission,literal_permission_candidate,studio.metadata.publication_policy.create,application_source,"propose: ""studio.metadata.publication_policy.create"","
server/apps/platform-host/src/composition/shared/publication/policy-enrollment.ts,24,permission,literal_permission_candidate,studio.metadata.publication_policy.activate,application_source,"activate: ""studio.metadata.publication_policy.activate"","
server/apps/platform-host/src/composition/shared/publication/policy-replacement.postgres.test.ts,29,mfa,mfa_identifier_reference,assurance,test_fixture,"const context=(principalId:string)=>({principalId,tenantId:policy.authorityTenantId,planeKey:""studio"",realmKey:""platform-control"",assurance:""elevated"",authEpoch:1,requestId:randomUUID()} as VerifiedRequestContext);"
server/apps/platform-host/src/composition/shared/publication/policy-replacement.postgres.test.ts,29,mfa,assurance_literal,elevated,test_fixture,"const context=(principalId:string)=>({principalId,tenantId:policy.authorityTenantId,planeKey:""studio"",realmKey:""platform-control"",assurance:""elevated"",authEpoch:1,requestId:randomUUID()} as VerifiedRequestContext);"
server/apps/platform-host/src/composition/shared/publication/policy-replacement.postgres.test.ts,76,mfa,mfa_identifier_reference,assurance,test_fixture,"await expect(service.replace({...owner,assurance:""baseline""} as VerifiedRequestContext,pending.id,pending.hash,pins)).rejects.toThrow(""MFA_REQUIRED"");"
server/apps/platform-host/src/composition/shared/publication/policy-replacement.postgres.test.ts,76,mfa,assurance_literal,baseline,test_fixture,"await expect(service.replace({...owner,assurance:""baseline""} as VerifiedRequestContext,pending.id,pending.hash,pins)).rejects.toThrow(""MFA_REQUIRED"");"
server/apps/platform-host/src/composition/shared/publication/policy-replacement.postgres.test.ts,76,mfa,mfa_literal_or_route,MFA_REQUIRED,test_fixture,"await expect(service.replace({...owner,assurance:""baseline""} as VerifiedRequestContext,pending.id,pending.hash,pins)).rejects.toThrow(""MFA_REQUIRED"");"
server/apps/platform-host/src/composition/shared/publication/provenance-recovery.test.ts,8,entity,entity_property_literal,business_partner,test_fixture,"const profile={schemaVersion:1,entityCode:'business_partner',planeKey:'neon',ownership:'tenant.record.v1',directory:{operation:'discover',population:'tenant'},recordReadOperation:'read',operations:['discover','read'].map(key=>({key,permissionCode:'neon.relationship.business_partner.read',scope:'tenant.record.v1',target:key==='discover'?'collection':'existing',effect:'read',requiresParentRead:false,requiresPreflight:false})),fieldPolicies:[],surfa"
server/apps/platform-host/src/composition/shared/publication/provenance-recovery.test.ts,8,permission,literal_permission_candidate,neon.relationship.business_partner.read,test_fixture,"const profile={schemaVersion:1,entityCode:'business_partner',planeKey:'neon',ownership:'tenant.record.v1',directory:{operation:'discover',population:'tenant'},recordReadOperation:'read',operations:['discover','read'].map(key=>({key,permissionCode:'neon.relationship.business_partner.read',scope:'tenant.record.v1',target:key==='discover'?'collection':'existing',effect:'read',requiresParentRead:false,requiresPreflight:false})),fieldPolicies:[],surfa"
server/apps/platform-host/src/composition/shared/publication/provenance-recovery.test.ts,10,entity,entity_property_literal,business_partner,test_fixture,"const coordinate={releaseId:release,releaseNo:1,tenantId:tenant,plane:'neon',entityCode:'business_partner',contractHash:hash({}),profileHash:hash(profile),runtimeHash:hash(runtime),catalogHash:'historical',operationKeys:['discover','read']};"
server/apps/platform-host/src/composition/shared/publication/provenance-recovery.test.ts,19,entity,entity_property_literal,business_partner,test_fixture,"const result: any = {now,signingKeyId:'key',catalogHash:'current',config:{tenantId:tenant,entityCode:'business_partner',targets:['neon'],runtimeApproval:{releaseId:release,sha256:qualificationSha256},author:{principalId:'author',authEpoch:0},publisher:{principalId:'publisher',authEpoch:0}},loaded:{document,computedArtifactHash:artifactHash,verification:{signatureVerified:true,manifestValid:true,runtimeCompatible:true}},archive:{id:'archive',tenan"
server/apps/platform-host/src/composition/shared/publication/tenant-rollback.test.ts,12,entity,embedded_entity_route_or_publication,metadata.entity.country,test_fixture,"publicationKey: ""metadata.entity.country"","
server/apps/platform-host/src/composition/shared/verification-permissions.test.ts,13,entity,entity_literal_reference,principal,test_fixture,"principalId: ""principal"","
server/apps/platform-host/src/composition/shared/verification-permissions.test.ts,71,permission,literal_permission_candidate,platform.verification.read,test_fixture,"it.each([{ permissions: [] }, { permissions: [""platform.verification.read""] }])("
server/apps/platform-host/src/composition/shared/verification-permissions.test.ts,86,permission,literal_permission_candidate,platform.verification.run,test_fixture,"const { origin, health } = await setup([""platform.verification.run""]);"
server/apps/platform-host/src/composition/shared/verification-permissions.test.ts,92,permission,literal_permission_candidate,platform.verification.read,test_fixture,"const { origin, health } = await setup([""platform.verification.read""]);"
server/apps/platform-host/src/composition/shared/verification.ts,21,permission,literal_permission_candidate,platform.verification.read,application_source,"const VERIFICATION_READ_PERMISSION = ""platform.verification.read"";"
server/apps/platform-host/src/composition/shared/verification.ts,22,permission,literal_permission_candidate,platform.verification.run,application_source,"const VERIFICATION_RUN_PERMISSION = ""platform.verification.run"";"
server/apps/platform-host/src/composition/shared/verification.ts,88,permission,literal_permission_candidate,platform.verification.run,application_source,"operationId: ""platform.verification.run"","
server/apps/platform-host/src/composition/shared/verification/__tests__/routes.test.ts,25,permission,literal_permission_candidate,platform.verification.read,test_fixture,"expect(() => requireVerificationPermission(context, ""platform.verification.read""))"
server/apps/platform-host/src/composition/shared/verification/__tests__/routes.test.ts,27,permission,literal_permission_candidate,platform.verification.run,test_fixture,"expect(() => requireVerificationPermission(context, ""platform.verification.run""))"
server/apps/platform-host/src/composition/shared/verification/__tests__/routes.test.ts,29,permission,literal_permission_candidate,platform.verification.read,test_fixture,"const readable = { ...context, permissions: { allowed: [""platform.verification.read""] } } as VerifiedRequestContext;"
server/apps/platform-host/src/composition/shared/verification/__tests__/routes.test.ts,30,permission,literal_permission_candidate,platform.verification.read,test_fixture,"expect(() => requireVerificationPermission(readable, ""platform.verification.read"")).not.toThrow();"
server/apps/platform-host/src/composition/shared/verification/__tests__/routes.test.ts,31,permission,literal_permission_candidate,platform.verification.run,test_fixture,"expect(() => requireVerificationPermission(readable, ""platform.verification.run""))"
server/apps/platform-host/src/composition/spaces/mesh/exchange-readiness.ts,9,permission,literal_permission_candidate,mesh.business_partner_exchange.read,application_source,"""mesh.business_partner_exchange.read"","
server/apps/platform-host/src/composition/spaces/mesh/exchange-readiness.ts,10,permission,literal_permission_candidate,mesh.business_partner_exchange.relationship,application_source,"""mesh.business_partner_exchange.relationship"","
server/apps/platform-host/src/composition/spaces/mesh/exchange-readiness.ts,11,permission,literal_permission_candidate,mesh.business_partner_exchange.registration,application_source,"""mesh.business_partner_exchange.registration"","
server/apps/platform-host/src/composition/spaces/mesh/record-scope-sql.ts,14,entity,entity_literal_reference,network_relationship,application_source,"descriptor.storage.object !== ""network_relationship"""
server/apps/platform-host/src/composition/spaces/neon/__tests__/finance-routes.test.ts,112,permission,literal_permission_candidate,finance.planning.approve,test_fixture,"""finance.planning.approve"","
server/apps/platform-host/src/composition/spaces/neon/__tests__/finance-routes.test.ts,186,permission,literal_permission_candidate,finance.ledger.post,test_fixture,"permissionCode: ""finance.ledger.post"","
server/apps/platform-host/src/composition/spaces/neon/__tests__/finance-routes.test.ts,215,permission,literal_permission_candidate,finance.planning.run,test_fixture,"if (code === ""finance.planning.run"")"
server/apps/platform-host/src/composition/spaces/neon/__tests__/finance-routes.test.ts,217,permission,literal_permission_candidate,finance.inventory.rebuild,test_fixture,"if (code === ""finance.inventory.rebuild"")"
server/apps/platform-host/src/composition/spaces/neon/__tests__/finance-routes.test.ts,227,permission,literal_permission_candidate,finance.budget.reverse,test_fixture,"if (code === ""finance.budget.reverse"")"
server/apps/platform-host/src/composition/spaces/neon/__tests__/finance-routes.test.ts,232,permission,literal_permission_candidate,finance.commitment.reverse,test_fixture,"if (code === ""finance.commitment.reverse"")"
server/apps/platform-host/src/composition/spaces/neon/__tests__/finance-routes.test.ts,234,permission,literal_permission_candidate,finance.tax.reverse,test_fixture,"if (code === ""finance.tax.reverse"")"
server/apps/platform-host/src/composition/spaces/neon/__tests__/finance-routes.test.ts,241,permission,literal_permission_candidate,finance.close.reverse,test_fixture,"code === ""finance.close.reverse"" ? { reversesReserveId: uuid } : {},"
server/apps/platform-host/src/composition/spaces/neon/__tests__/finance-routes.test.ts,447,permission,literal_permission_candidate,finance.planning.approve,test_fixture,"permissions: [""finance.planning.approve""],"
server/apps/platform-host/src/composition/spaces/neon/__tests__/finance-routes.test.ts,581,permission,literal_permission_candidate,finance.commitment.post,test_fixture,"permissions: [""finance.commitment.post"", ""finance.close.execute""],"
server/apps/platform-host/src/composition/spaces/neon/__tests__/finance-routes.test.ts,581,permission,literal_permission_candidate,finance.close.execute,test_fixture,"permissions: [""finance.commitment.post"", ""finance.close.execute""],"
server/apps/platform-host/src/composition/spaces/neon/ai/__tests__/atlas-attachment-knowledge.test.ts,75,permission,literal_permission_candidate,neon.business_partner.record.read,test_fixture,"read: { permissionCode: ""neon.business_partner.record.read"" },"
server/apps/platform-host/src/composition/spaces/neon/ai/__tests__/atlas-attachment-knowledge.test.ts,109,entity,entity_property_literal,business_partner,test_fixture,"entityCode: ""business_partner"","
server/apps/platform-host/src/composition/spaces/neon/ai/__tests__/atlas-attachment-knowledge.test.ts,140,permission,literal_permission_candidate,neon.collaboration.attachment.read,test_fixture,"permissionCode: ""neon.collaboration.attachment.read"","
server/apps/platform-host/src/composition/spaces/neon/ai/__tests__/atlas-document-grounding.test.ts,6,entity,entity_property_literal,business_partner,test_fixture,"const page={schemaVersion:1,kind:'record',entityCode:'business_partner',recordId:parent,dirty:false,generationId:'g',locale:'en',workContext:{operatingOrganizationId:'org'}} as const;"
server/apps/platform-host/src/composition/spaces/neon/ai/__tests__/atlas-retrieval-disconnect.test.ts,13,entity,entity_property_literal,business_partner,test_fixture,"const req=Object.assign(new EventEmitter(),{body:{entityCode:'business_partner',recordId:id,query:'synthetic'}});"
server/apps/platform-host/src/composition/spaces/neon/ai/__tests__/atlas-semantic-index.test.ts,4,entity,entity_property_literal,business_partner,test_fixture,"const scope={tenantId:'tenant',entityCode:'business_partner',recordId:'record'};"
server/apps/platform-host/src/composition/spaces/neon/ai/atlas-attachment-knowledge.ts,100,permission,literal_permission_candidate,neon.collaboration.attachment.read,application_source,"const permissionCode = ""neon.collaboration.attachment.read"";"
server/apps/platform-host/src/composition/spaces/neon/ai/atlas-attachment-knowledge.ts,112,permission,literal_permission_candidate,neon.ai.agent.use,application_source,"permissionCode: ""neon.ai.agent.use"","
server/apps/platform-host/src/composition/spaces/neon/ai/atlas-attachment-knowledge.ts,275,permission,literal_permission_candidate,neon.collaboration.attachment.create,application_source,"""neon.collaboration.attachment.create"","
server/apps/platform-host/src/composition/spaces/neon/ai/atlas-attachment-knowledge.ts,391,permission,literal_permission_candidate,neon.ai.agent.use,application_source,"permission: ""neon.ai.agent.use"","
server/apps/platform-host/src/composition/spaces/neon/ai/atlas-document-grounding.ts,84,permission,literal_permission_candidate,neon.ai.agent.use,application_source,"permissionCode: ""neon.ai.agent.use"","
server/apps/platform-host/src/composition/spaces/neon/ai/atlas-document-grounding.ts,137,permission,literal_permission_candidate,neon.collaboration.attachment.read,application_source,"permissionCode: ""neon.collaboration.attachment.read"","
server/apps/platform-host/src/composition/spaces/neon/ai/atlas-document-grounding.ts,180,permission,literal_permission_candidate,neon.collaboration.attachment.read,application_source,"permissionCode: ""neon.collaboration.attachment.read"","
server/apps/platform-host/src/composition/spaces/neon/entity-case-backend-mapping.ts,9,entity,entity_comparison,entity_case,application_source,"if (profile.entityCode !== ""entity_case"" || profile.planeKey !== ""neon"")"
server/apps/platform-host/src/composition/spaces/neon/entity-case-backend-mapping.ts,14,entity,entity_comparison,entity_case,application_source,"request.resource?.[""entityCode""] === ""entity_case"","
server/apps/platform-host/src/composition/spaces/neon/finance-routes.ts,56,permission,literal_permission_candidate,finance.period.manage,application_source,"handle(""finance.period.manage"", (request, context) => {"
server/apps/platform-host/src/composition/spaces/neon/finance-routes.ts,82,permission,literal_permission_candidate,finance.ledger.read,application_source,"handle(""finance.ledger.read"", (request, context) => {"
server/apps/platform-host/src/composition/spaces/neon/finance-routes.ts,99,permission,literal_permission_candidate,finance.ledger.post,application_source,"handle(""finance.ledger.post"", (request, context) => {"
server/apps/platform-host/src/composition/spaces/neon/finance-routes.ts,127,permission,literal_permission_candidate,finance.numbering.allocate,application_source,"handle(""finance.numbering.allocate"", (request, context) => {"
server/apps/platform-host/src/composition/spaces/neon/finance-routes.ts,164,permission,literal_permission_candidate,finance.numbering.reconcile,application_source,"handle(""finance.numbering.reconcile"", (request, context) => {"
server/apps/platform-host/src/composition/spaces/neon/finance-routes.ts,202,permission,literal_permission_candidate,finance.period.manage,application_source,"permission: ""finance.period.manage"","
server/apps/platform-host/src/composition/spaces/neon/finance-routes.ts,223,permission,literal_permission_candidate,finance.ledger.read,application_source,"permission: ""finance.ledger.read"","
server/apps/platform-host/src/composition/spaces/neon/finance-routes.ts,239,permission,literal_permission_candidate,finance.ledger.post,application_source,"permission: ""finance.ledger.post"","
server/apps/platform-host/src/composition/spaces/neon/finance-routes.ts,256,permission,literal_permission_candidate,finance.numbering.allocate,application_source,"permission: ""finance.numbering.allocate"","
server/apps/platform-host/src/composition/spaces/neon/finance-routes.ts,273,permission,literal_permission_candidate,finance.numbering.reconcile,application_source,"permission: ""finance.numbering.reconcile"","
server/apps/platform-host/src/composition/spaces/neon/partner-section-contract.ts,10,entity,entity_comparison,business_partner,application_source,"if (!Array.isArray(children) || !Array.isArray(fields) || section.dataBinding.ownerEntityCode !== ""business_partner"")"
server/apps/platform-host/src/composition/spaces/neon/record-scope-sql.ts,12,entity,entity_literal_reference,business_partner,application_source,"descriptor.storage.object !== ""business_partner"""
server/apps/platform-host/src/composition/spaces/neon/record-scope-sql.ts,45,entity,entity_literal_reference,supplier,application_source,"constraint.partnerRole === ""supplier"""
server/apps/platform-host/src/composition/spaces/neon/record-scope-sql.ts,47,entity,entity_literal_reference,customer,application_source,": constraint.partnerRole === ""customer"""
server/apps/platform-host/src/composition/spaces/studio/onboarding/register-studio-onboarding.ts,84,permission,literal_permission_candidate,studio.onboarding.manage,application_source,"permissionCode: ""studio.onboarding.manage"","
server/apps/platform-host/src/development/graph-preview.ts,57,permission,literal_permission_candidate,metadata.entity.author,application_source,"permissionCode: ""metadata.entity.author"","
server/apps/platform-host/src/development/publication-workload.test.ts,62,permission,literal_permission_candidate,studio.metadata.contract.edit,test_fixture,"""studio.metadata.contract.edit"", ""studio.metadata.contract.submit"", ""studio.metadata.contract.review"", ""studio.metadata.contract.publish"","
server/apps/platform-host/src/development/publication-workload.test.ts,62,permission,literal_permission_candidate,studio.metadata.contract.submit,test_fixture,"""studio.metadata.contract.edit"", ""studio.metadata.contract.submit"", ""studio.metadata.contract.review"", ""studio.metadata.contract.publish"","
server/apps/platform-host/src/development/publication-workload.test.ts,62,permission,literal_permission_candidate,studio.metadata.contract.review,test_fixture,"""studio.metadata.contract.edit"", ""studio.metadata.contract.submit"", ""studio.metadata.contract.review"", ""studio.metadata.contract.publish"","
server/apps/platform-host/src/development/publication-workload.test.ts,62,permission,literal_permission_candidate,studio.metadata.contract.publish,test_fixture,"""studio.metadata.contract.edit"", ""studio.metadata.contract.submit"", ""studio.metadata.contract.review"", ""studio.metadata.contract.publish"","
server/apps/platform-host/src/development/publication-workload.ts,51,permission,literal_permission_candidate,metadata.entity.author,application_source,"""metadata.entity.author"": ""studio.metadata.contract.edit"","
server/apps/platform-host/src/development/publication-workload.ts,51,permission,literal_permission_candidate,studio.metadata.contract.edit,application_source,"""metadata.entity.author"": ""studio.metadata.contract.edit"","
server/apps/platform-host/src/development/publication-workload.ts,52,permission,literal_permission_candidate,metadata.entity.submit,application_source,"""metadata.entity.submit"": ""studio.metadata.contract.submit"","
server/apps/platform-host/src/development/publication-workload.ts,52,permission,literal_permission_candidate,studio.metadata.contract.submit,application_source,"""metadata.entity.submit"": ""studio.metadata.contract.submit"","
server/apps/platform-host/src/development/publication-workload.ts,53,permission,literal_permission_candidate,metadata.entity.review,application_source,"""metadata.entity.review"": ""studio.metadata.contract.review"","
server/apps/platform-host/src/development/publication-workload.ts,53,permission,literal_permission_candidate,studio.metadata.contract.review,application_source,"""metadata.entity.review"": ""studio.metadata.contract.review"","
server/apps/platform-host/src/development/publication-workload.ts,54,permission,literal_permission_candidate,metadata.entity.publish,application_source,"""metadata.entity.publish"": ""studio.metadata.contract.publish"","
server/apps/platform-host/src/development/publication-workload.ts,54,permission,literal_permission_candidate,studio.metadata.contract.publish,application_source,"""metadata.entity.publish"": ""studio.metadata.contract.publish"","
server/apps/platform-host/src/development/publication-workload.ts,132,permission,literal_permission_candidate,metadata.entity.author,application_source,"const allowed = role === ""author"" ? [""metadata.entity.author"", ""metadata.entity.submit""] : [""metadata.entity.review"", ""metadata.entity.publish""];"
server/apps/platform-host/src/development/publication-workload.ts,132,permission,literal_permission_candidate,metadata.entity.submit,application_source,"const allowed = role === ""author"" ? [""metadata.entity.author"", ""metadata.entity.submit""] : [""metadata.entity.review"", ""metadata.entity.publish""];"
server/apps/platform-host/src/development/publication-workload.ts,132,permission,literal_permission_candidate,metadata.entity.review,application_source,"const allowed = role === ""author"" ? [""metadata.entity.author"", ""metadata.entity.submit""] : [""metadata.entity.review"", ""metadata.entity.publish""];"
server/apps/platform-host/src/development/publication-workload.ts,132,permission,literal_permission_candidate,metadata.entity.publish,application_source,"const allowed = role === ""author"" ? [""metadata.entity.author"", ""metadata.entity.submit""] : [""metadata.entity.review"", ""metadata.entity.publish""];"
server/apps/platform-host/src/development/publication-workload.ts,141,permission,literal_permission_candidate,metadata.entity.publish,application_source,"const machinePublish = permission === ""metadata.entity.publish"" && machinePolicy;"
server/apps/platform-host/src/development/publication.test.ts,32,entity,entity_property_literal,business_partner,test_fixture,"entityCode: ""business_partner"","
server/apps/platform-host/src/development/publication.test.ts,229,entity,entity_property_literal,business_partner,test_fixture,"entity: { entityCode: ""business_partner"" },"
server/apps/platform-host/src/development/publication.test.ts,298,entity,entity_property_literal,business_partner,test_fixture,"entity: { entityCode: ""business_partner"" },"
server/apps/platform-host/src/development/publication.ts,422,permission,literal_permission_candidate,metadata.entity.author,application_source,"? [""metadata.entity.author"", ""metadata.entity.submit""]"
server/apps/platform-host/src/development/publication.ts,422,permission,literal_permission_candidate,metadata.entity.submit,application_source,"? [""metadata.entity.author"", ""metadata.entity.submit""]"
server/apps/platform-host/src/development/publication.ts,423,permission,literal_permission_candidate,metadata.entity.review,application_source,": [""metadata.entity.review"", ""metadata.entity.publish""];"
server/apps/platform-host/src/development/publication.ts,423,permission,literal_permission_candidate,metadata.entity.publish,application_source,": [""metadata.entity.review"", ""metadata.entity.publish""];"
server/apps/platform-host/src/development/publication.ts,438,permission,literal_permission_candidate,metadata.entity.author,application_source,"if (permission !== ""metadata.entity.author"")"
server/apps/platform-host/src/development/publication.ts,448,permission,literal_permission_candidate,metadata.entity.review,application_source,"(permission === ""metadata.entity.review"""
server/apps/platform-host/src/development/runtime-publication.test.ts,22,entity,entity_property_literal,business_partner,test_fixture,"entityCode: ""business_partner"","
server/apps/platform-host/src/development/runtime-publication.test.ts,34,entity,entity_property_literal,business_partner,test_fixture,"entityCode: ""business_partner"","
server/apps/platform-host/src/scripts/submit-derivative-scan-backfill.ts,52,entity,entity_literal_reference,principal,tooling_operations,"const principalId = flags.get(""principal"");"
server/db/scripts/__tests__/activity/activity-ddl.test.ts,13,mfa,mfa_literal_or_route,"CREATE SCHEMA control; CREATE SCHEMA authz; CREATE SCHEMA metadata;
     CREATE DOMAIN authz.risk_tier_d AS text CHECK(VALUE IN ('low','medium','high','critical'));
     CREATE TABLE control.module(id uuid PRIMARY KEY,co",test_fixture,`CREATE SCHEMA control; CREATE SCHEMA authz; CREATE SCHEMA metadata;
server/db/scripts/__tests__/activity/activity-permissions.test.ts,7,mfa,mfa_boolean_configuration,requiresMfa:false,test_fixture,"const permissions=Object.entries(ACTIVITY_PERMISSION_CATALOG).map(([canonicalCode,definition])=>({canonicalCode,permissionKind:""capability"",riskTier:definition.riskTier,requiresMfa:false}));"
server/db/scripts/__tests__/activity/activity-permissions.test.ts,7,mfa,mfa_identifier_reference,requiresMfa,test_fixture,"const permissions=Object.entries(ACTIVITY_PERMISSION_CATALOG).map(([canonicalCode,definition])=>({canonicalCode,permissionKind:""capability"",riskTier:definition.riskTier,requiresMfa:false}));"
server/db/scripts/__tests__/activity/activity-permissions.test.ts,14,permission,literal_permission_candidate,common.audit.event.query,test_fixture,"assert.throws(()=>buildExactScopeCompatibility({plane,permissionCodes:permissions.map(p=>p.canonicalCode),requiredScopesByPermission:{""common.audit.event.query"":[{kind:""resource"",propagation:""exact""}]}}));"
server/db/scripts/__tests__/activity/entity-activity-preparation.test.ts,23,entity,entity_literal_reference,country,test_fixture,"assert.equal(candidate.entityCode, ""country"");"
server/db/scripts/__tests__/activity/entity-activity-preparation.test.ts,36,permission,literal_permission_candidate,common.platform.reference.view,test_fixture,"""common.platform.reference.view"","
server/db/scripts/__tests__/activity/entity-activity-preparation.test.ts,39,permission,literal_permission_candidate,common.audit.event.query,test_fixture,"""common.audit.event.query"","
server/db/scripts/__tests__/activity/entity-activity-preparation.test.ts,40,permission,literal_permission_candidate,common.records.snapshot.capture,test_fixture,"""common.records.snapshot.capture"","
server/db/scripts/__tests__/activity/entity-activity-preparation.test.ts,41,permission,literal_permission_candidate,common.records.snapshot.read,test_fixture,"""common.records.snapshot.read"","
server/db/scripts/__tests__/authorization/authorization-clean-slate.test.ts,49,permission,literal_permission_candidate,common.platform.reference.view,test_fixture,"(permission.canonicalCode.startsWith(`${plane}.`) || permission.canonicalCode === ""common.platform.reference.view""),"
server/db/scripts/__tests__/authorization/cirrusatlantic-demo-authorization.test.ts,14,permission,literal_permission_candidate,neon.context.catalog.read,test_fixture,"assert.equal(CIRRUSATLANTIC_CONTEXT_PERMISSION, ""neon.context.catalog.read"");"
server/db/scripts/__tests__/authorization/cirrusatlantic-demo-authorization.test.ts,38,permission,literal_permission_candidate,neon.relationship.business_partner.read,test_fixture,"""neon.relationship.business_partner.read"","
server/db/scripts/__tests__/authorization/cirrusatlantic-demo-authorization.test.ts,39,permission,literal_permission_candidate,neon.relationship.entity_case.read,test_fixture,"""neon.relationship.entity_case.read"","
server/db/scripts/__tests__/authorization/cirrusatlantic-demo-authorization.test.ts,40,permission,literal_permission_candidate,neon.relationship.entity_case.decide,test_fixture,"""neon.relationship.entity_case.decide"","
server/db/scripts/__tests__/authorization/cirrusatlantic-demo-authorization.test.ts,41,permission,literal_permission_candidate,workflow.work_item.read,test_fixture,"""workflow.work_item.read"","
server/db/scripts/__tests__/authorization/cirrusatlantic-demo-authorization.test.ts,50,permission,literal_permission_candidate,neon.mesh_account_link.read,test_fixture,"""neon.mesh_account_link.read"","
server/db/scripts/__tests__/authorization/cirrusatlantic-demo-authorization.test.ts,55,permission,literal_permission_candidate,neon.mesh_account_link.read,test_fixture,"""neon.mesh_account_link.read"","
server/db/scripts/__tests__/authorization/cirrusatlantic-demo-authorization.test.ts,63,permission,literal_permission_candidate,neon.business_partner_profile_projection.read,test_fixture,"permissions: [""neon.business_partner_profile_projection.read""],"
server/db/scripts/__tests__/authorization/common-identity-catalog.test.ts,20,mfa,mfa_boolean_configuration,requiresMfa: false,test_fixture,"requiresMfa: false,"
server/db/scripts/__tests__/authorization/common-identity-catalog.test.ts,20,mfa,mfa_identifier_reference,requiresMfa,test_fixture,"requiresMfa: false,"
server/db/scripts/__tests__/authorization/common-identity-catalog.test.ts,48,permission,literal_permission_candidate,common.identity.principal.administer,test_fixture,"""common.identity.principal.administer"","
server/db/scripts/__tests__/authorization/common-identity-catalog.test.ts,58,mfa,mfa_boolean_configuration,requiresMfa: false,test_fixture,"requiresMfa: false,"
server/db/scripts/__tests__/authorization/common-identity-catalog.test.ts,58,mfa,mfa_identifier_reference,requiresMfa,test_fixture,"requiresMfa: false,"
server/db/scripts/__tests__/authorization/common-reference-catalog.test.ts,6,permission,literal_permission_candidate,common.platform.reference.view,test_fixture,"const canonicalCode = ""common.platform.reference.view"";"
server/db/scripts/__tests__/authorization/common-reference-catalog.test.ts,10,mfa,mfa_boolean_configuration,requiresMfa: false,test_fixture,"const { catalog } = buildCanonicalCatalogV2({ plane: p, permissions: [{ canonicalCode, permissionKind: ""capability"", riskTier: ""low"", requiresMfa: false }] });"
server/db/scripts/__tests__/authorization/common-reference-catalog.test.ts,10,mfa,mfa_identifier_reference,requiresMfa,test_fixture,"const { catalog } = buildCanonicalCatalogV2({ plane: p, permissions: [{ canonicalCode, permissionKind: ""capability"", riskTier: ""low"", requiresMfa: false }] });"
server/db/scripts/__tests__/authorization/common-reference-catalog.test.ts,21,mfa,mfa_boolean_configuration,requiresMfa: false,test_fixture,"assert.throws(() => buildCanonicalCatalogV2({ plane: ""neon"", permissions: [{ canonicalCode: code, permissionKind: ""capability"", riskTier: ""low"", requiresMfa: false }] }));"
server/db/scripts/__tests__/authorization/common-reference-catalog.test.ts,21,mfa,mfa_identifier_reference,requiresMfa,test_fixture,"assert.throws(() => buildCanonicalCatalogV2({ plane: ""neon"", permissions: [{ canonicalCode: code, permissionKind: ""capability"", riskTier: ""low"", requiresMfa: false }] }));"
server/db/scripts/__tests__/authorization/common-reference-catalog.test.ts,23,mfa,mfa_boolean_configuration,requiresMfa: false,test_fixture,"assert.throws(() => buildCanonicalCatalogV2({ plane: ""neon"", permissions: [{ canonicalCode, permissionKind: ""entity_operation"", riskTier: ""low"", requiresMfa: false }] }));"
server/db/scripts/__tests__/authorization/common-reference-catalog.test.ts,23,mfa,mfa_identifier_reference,requiresMfa,test_fixture,"assert.throws(() => buildCanonicalCatalogV2({ plane: ""neon"", permissions: [{ canonicalCode, permissionKind: ""entity_operation"", riskTier: ""low"", requiresMfa: false }] }));"
server/db/scripts/__tests__/authorization/entity-operation-projection-compiler.test.ts,21,entity,entity_property_literal,business_partner,test_fixture,"entityCode: ""business_partner"","
server/db/scripts/__tests__/authorization/entity-operation-projection-compiler.test.ts,81,mfa,mfa_boolean_configuration,requiresMfa: false,test_fixture,"requiresMfa: false,"
server/db/scripts/__tests__/authorization/entity-operation-projection-compiler.test.ts,81,mfa,mfa_identifier_reference,requiresMfa,test_fixture,"requiresMfa: false,"
server/db/scripts/__tests__/authorization/entity-operation-projection-compiler.test.ts,179,mfa,mfa_boolean_configuration,requiresMfa: false,test_fixture,"requiresMfa: false,"
server/db/scripts/__tests__/authorization/entity-operation-projection-compiler.test.ts,179,mfa,mfa_identifier_reference,requiresMfa,test_fixture,"requiresMfa: false,"
server/db/scripts/__tests__/authorization/exact-scope-compatibility.test.ts,25,permission,literal_permission_candidate,neon.relationship.business_partner.read,test_fixture,"const code = ""neon.relationship.business_partner.read"";"
server/db/scripts/__tests__/authorization/exact-scope-compatibility.test.ts,38,permission,literal_permission_candidate,neon.context.catalog.read,test_fixture,"const code = ""neon.context.catalog.read"";"
server/db/scripts/__tests__/authorization/exact-scope-compatibility.test.ts,71,permission,literal_permission_candidate,studio.metadata.contract.view,test_fixture,"permissionCodes: [""studio.metadata.contract.view""],"
server/db/scripts/__tests__/authorization/exact-scope-compatibility.test.ts,76,permission,literal_permission_candidate,studio.metadata.contract.view,test_fixture,"""studio.metadata.contract.view"","
server/db/scripts/__tests__/authorization/exact-scope-compatibility.test.ts,77,permission,literal_permission_candidate,studio.metadata.contract.edit,test_fixture,"""studio.metadata.contract.edit"","
server/db/scripts/__tests__/authorization/exact-scope-compatibility.test.ts,88,permission,literal_permission_candidate,studio.metadata.contract.view,test_fixture,"""studio.metadata.contract.view"","
server/db/scripts/__tests__/authorization/inventory-promotion.test.ts,14,permission,literal_permission_candidate,neon.finance.invoice.approve,test_fixture,"permissionCode: ""neon.finance.invoice.approve"","
server/db/scripts/__tests__/authorization/inventory-promotion.test.ts,20,mfa,mfa_boolean_configuration,requiresMfa: true,test_fixture,"requiresMfa: true,"
server/db/scripts/__tests__/authorization/inventory-promotion.test.ts,20,mfa,mfa_identifier_reference,requiresMfa,test_fixture,"requiresMfa: true,"
server/db/scripts/__tests__/authorization/inventory-promotion.test.ts,59,mfa,mfa_identifier_reference,assurance,test_fixture,assurance: {
server/db/scripts/__tests__/authorization/inventory-promotion.test.ts,61,mfa,mfa_identifier_reference,mfaReviewed,test_fixture,"mfaReviewed: true,"
server/db/scripts/__tests__/authorization/mesh-authorization-inventory.test.ts,37,permission,literal_permission_candidate,mesh.network.network_account.read,test_fixture,"permissionCode: ""mesh.network.network_account.read"","
server/db/scripts/__tests__/authorization/mesh-authorization-inventory.test.ts,50,mfa,mfa_boolean_configuration,requiresMfa: false,test_fixture,"requiresMfa: false,"
server/db/scripts/__tests__/authorization/mesh-authorization-inventory.test.ts,50,mfa,mfa_identifier_reference,requiresMfa,test_fixture,"requiresMfa: false,"
server/db/scripts/__tests__/authorization/mesh-authorization-inventory.test.ts,143,entity,entity_array_literal,network_relationship,test_fixture,"requiredScopeKinds: [""network_relationship"", ""network_account""],"
server/db/scripts/__tests__/authorization/mesh-authorization-inventory.test.ts,147,entity,entity_property_literal,network_relationship,test_fixture,"entityCode: ""network_relationship"","
server/db/scripts/__tests__/authorization/mesh-authorization-inventory.test.ts,153,entity,entity_literal_reference,network_relationship,test_fixture,"scopeKind: ""network_relationship"","
server/db/scripts/__tests__/authorization/neon-authorization-inventory.test.ts,37,permission,literal_permission_candidate,neon.example.example.create,test_fixture,"permissionCode: ""neon.example.example.create"","
server/db/scripts/__tests__/authorization/neon-authorization-inventory.test.ts,43,mfa,mfa_boolean_configuration,requiresMfa: false,test_fixture,"requiresMfa: false,"
server/db/scripts/__tests__/authorization/neon-authorization-inventory.test.ts,43,mfa,mfa_identifier_reference,requiresMfa,test_fixture,"requiresMfa: false,"
server/db/scripts/__tests__/authorization/three-tenant-demo-authorization.test.ts,24,mfa,mfa_identifier_reference,DEMO_BASELINE_ASSURANCE_PERMISSIONS,test_fixture,"assert.deepEqual(DEMO_BASELINE_ASSURANCE_PERMISSIONS, {"
server/db/scripts/__tests__/authorization/three-tenant-demo-authorization.test.ts,25,permission,literal_permission_candidate,neon.ai.agent.use,test_fixture,"neon: [""neon.ai.agent.use""],"
server/db/scripts/__tests__/authorization/three-tenant-demo-authorization.test.ts,54,permission,literal_permission_candidate,studio.metadata.contract.view,test_fixture,"""studio.metadata.contract.view"","
server/db/scripts/__tests__/authorization/three-tenant-demo-authorization.test.ts,102,permission,literal_permission_candidate,mesh.catalog.network_account.read,test_fixture,"""mesh.catalog.network_account.read"","
server/db/scripts/__tests__/authorization/three-tenant-demo-authorization.test.ts,103,permission,literal_permission_candidate,mesh.catalog.network_relationship.read,test_fixture,"""mesh.catalog.network_relationship.read"","
server/db/scripts/__tests__/authorization/workflow-permission-seed.test.ts,28,permission,literal_permission_candidate,neon.context.catalog.read,test_fixture,"""neon.context.catalog.read"","
server/db/scripts/__tests__/authorization/workflow-permission-seed.test.ts,29,permission,literal_permission_candidate,workflow.work_item.read,test_fixture,"""workflow.work_item.read"","
server/db/scripts/__tests__/provisioning/development-phase1-list-runtimes.test.ts,15,entity,entity_literal_reference,currency,test_fixture,"assert.equal(neon.projection.descriptor.compiled_json.entityCode, ""currency"");"
server/db/scripts/__tests__/provisioning/development-phase1-list-runtimes.test.ts,18,permission,literal_permission_candidate,neon.reference.currency.read,test_fixture,"{ code: ""read"", permissionCode: ""neon.reference.currency.read"" },"
server/db/scripts/__tests__/provisioning/development-phase1-list-runtimes.test.ts,21,permission,literal_permission_candidate,neon.reference.currency.read,test_fixture,"read: { code: ""read"", permissionCode: ""neon.reference.currency.read"" },"
server/db/scripts/__tests__/provisioning/development-phase1-list-runtimes.test.ts,27,entity,entity_literal_reference,network_relationship,test_fixture,"""network_relationship"","
server/db/scripts/__tests__/provisioning/development-phase1-list-runtimes.test.ts,64,entity,entity_literal_reference,metadata_entity,test_fixture,"""metadata_entity"","
server/db/scripts/__tests__/provisioning/three-plane-provision.test.ts,176,entity,entity_literal_reference,principal,test_fixture,"const athyper = deterministicUuid(""neon"", ""athyper"", ""principal"", subject);"
server/db/scripts/__tests__/provisioning/three-plane-provision.test.ts,180,entity,entity_literal_reference,principal,test_fixture,"""principal"","
server/db/scripts/__tests__/provisioning/three-plane-provision.test.ts,183,entity,entity_literal_reference,principal,test_fixture,"const mesh = deterministicUuid(""mesh"", ""athyper"", ""principal"", subject);"
server/db/scripts/checks/ddl/three-plane-model.ts,115,entity,entity_array_literal,address,tooling_operations,"""address"", ""address_link"", ""contact_link"", ""contact_email"", ""contact_phone"","
server/db/scripts/checks/ddl/three-plane-model.ts,115,entity,entity_array_literal,address_link,tooling_operations,"""address"", ""address_link"", ""contact_link"", ""contact_email"", ""contact_phone"","
server/db/scripts/checks/ddl/three-plane-model.ts,116,entity,entity_array_literal,principal,tooling_operations,"""principal"", ""principal_profile"", ""principal_identity_binding"","
server/db/scripts/checks/ddl/three-plane-model.ts,116,entity,entity_array_literal,principal_profile,tooling_operations,"""principal"", ""principal_profile"", ""principal_identity_binding"","
server/db/scripts/checks/ddl/three-plane-model.ts,117,entity,entity_array_literal,principal_ui_profile,tooling_operations,"""principal_ui_profile"", ""principal_ui_preference"","
server/db/scripts/checks/ddl/three-plane-model.ts,118,entity,entity_array_literal,principal_notification_preference,tooling_operations,"""principal_notification_preference"", ""saved_view"", ""record_bookmark"","
server/db/scripts/checks/ddl/three-plane-model.ts,119,entity,entity_array_literal,external_reference,tooling_operations,"""external_reference"", ""team"", ""team_member"", ""brand_profile"", ""letterhead"","
server/db/scripts/operations/publication/identity-operation-projection.test.ts,42,entity,embedded_entity_route_or_publication,"BEGIN READ ONLY; SELECT json_agg(json_build_object('plane',c.plane_code,'release',c.publication_release_id,'payload',c.unsigned_document->'envelope'->'payload')) FROM publication.artifact_compilation c JOIN publication.r",test_fixture,"`BEGIN READ ONLY; SELECT json_agg(json_build_object('plane',c.plane_code,'release',c.publication_release_id,'payload',c.unsigned_document->'envelope'->'payload')) FROM publication.artifact_compilation c JOIN publication.release r ON r.id=c.publication_release_id WHERE r.release_key IN ('metadata.entity.principal_profile','metadata.entity.principal_notification_preference'); ROLLBACK;`,"
server/db/scripts/operations/publication/identity-operation-projection.test.ts,77,permission,literal_permission_candidate,common.identity.principal.administer,test_fixture,"permissionCode: ""common.identity.principal.administer"","
server/db/scripts/operations/publication/successor-release.test.ts,39,permission,literal_permission_candidate,studio.metadata.contract.publish_automated,test_fixture,"const config = { schema: ""athyper.machine-publication-enrollment/1"", environment: ""dev"", permissionCode: ""studio.metadata.contract.publish_automated"", tenantId: p.authorityTenantId, policy: p };"
server/db/scripts/operations/publication/system-entity-commands.test.ts,47,permission,literal_permission_candidate,studio.metadata.contract.publish_automated,test_fixture,"permissionCode: 'studio.metadata.contract.publish_automated', tenantId: fixture.tenant, policy: p };"
server/db/scripts/operations/studio/project-meta-entity-admin-identities.ts,211,mfa,mfa_literal_or_route,Post-projection identity verification failed.,tooling_operations,"throw new Error(""Post-projection identity verification failed."");"
server/db/scripts/operations/studio/provision-meta-entity-authority.ts,30,permission,literal_permission_candidate,metadata.entity.view,tooling_operations,"meta_entity_reader: [""metadata.entity.view""],"
server/db/scripts/operations/studio/provision-meta-entity-authority.ts,31,permission,literal_permission_candidate,metadata.entity.view,tooling_operations,"meta_entity_designer: [""metadata.entity.view"", ""metadata.entity.author""],"
server/db/scripts/operations/studio/provision-meta-entity-authority.ts,31,permission,literal_permission_candidate,metadata.entity.author,tooling_operations,"meta_entity_designer: [""metadata.entity.view"", ""metadata.entity.author""],"
server/db/scripts/operations/studio/provision-meta-entity-authority.ts,32,permission,literal_permission_candidate,metadata.entity.view,tooling_operations,"meta_entity_reviewer: [""metadata.entity.view"", ""metadata.entity.review""],"
server/db/scripts/operations/studio/provision-meta-entity-authority.ts,32,permission,literal_permission_candidate,metadata.entity.review,tooling_operations,"meta_entity_reviewer: [""metadata.entity.view"", ""metadata.entity.review""],"
server/db/scripts/operations/studio/provision-meta-entity-authority.ts,33,permission,literal_permission_candidate,metadata.entity.view,tooling_operations,"meta_entity_publisher: [""metadata.entity.view"", ""metadata.entity.publish""],"
server/db/scripts/operations/studio/provision-meta-entity-authority.ts,33,permission,literal_permission_candidate,metadata.entity.publish,tooling_operations,"meta_entity_publisher: [""metadata.entity.view"", ""metadata.entity.publish""],"
server/db/scripts/operations/studio/provision-meta-entity-authority.ts,34,permission,literal_permission_candidate,metadata.entity.view,tooling_operations,"meta_entity_recovery_operator: [""metadata.entity.view"", ""metadata.entity.rollback""],"
server/db/scripts/operations/studio/provision-meta-entity-authority.ts,34,permission,literal_permission_candidate,metadata.entity.rollback,tooling_operations,"meta_entity_recovery_operator: [""metadata.entity.view"", ""metadata.entity.rollback""],"
server/db/scripts/operations/studio/provision-meta-entity-authority.ts,35,permission,literal_permission_candidate,metadata.entity.view,tooling_operations,"meta_entity_retirement_custodian: [""metadata.entity.view"", ""metadata.entity.retire""],"
server/db/scripts/operations/studio/provision-meta-entity-authority.ts,35,permission,literal_permission_candidate,metadata.entity.retire,tooling_operations,"meta_entity_retirement_custodian: [""metadata.entity.view"", ""metadata.entity.retire""],"
server/db/scripts/provisioning/authorization-pack-applicator.ts,397,entity,entity_literal_reference,principal,tooling_operations,"const actorId = existing.rows[0]?.id ?? deterministicUuid(plane, tenantCode, ""principal"", code);"
server/db/scripts/provisioning/authorization-pack-applicator.ts,606,mfa,mfa_literal_or_route,"
      INSERT INTO authz.permission (
        id,canonical_code,permission_kind,module_id,risk_tier,requires_mfa,
        requires_sod,is_shareable,is_delegable,metadata,status,created_by
      ) VALUES ($1::uuid,$2,$3::",tooling_operations,await client.query(`
server/db/scripts/provisioning/authorization-pack-applicator.ts,624,mfa,mfa_identifier_reference,requiresMfa,tooling_operations,"operation.riskTier, operation.requiresMfa, operation.requiresSod,"
server/db/scripts/provisioning/authorization-pack-applicator.ts,768,entity,entity_literal_reference,principal,tooling_operations,"const desiredId = deterministicUuid(plane, tenantId, ""principal"", subject.keycloakSubject);"
server/db/scripts/provisioning/cirrusatlantic-demo-authorization-model.ts,4,permission,literal_permission_candidate,neon.context.catalog.read,tooling_operations,"export const CIRRUSATLANTIC_CONTEXT_PERMISSION = ""neon.context.catalog.read"";"
server/db/scripts/provisioning/cirrusatlantic-demo-authorization-model.ts,10,permission,literal_permission_candidate,neon.relationship.business_partner.read,tooling_operations,"""neon.relationship.business_partner.read"","
server/db/scripts/provisioning/cirrusatlantic-demo-authorization-model.ts,11,permission,literal_permission_candidate,neon.relationship.entity_case.read,tooling_operations,"""neon.relationship.entity_case.read"","
server/db/scripts/provisioning/cirrusatlantic-demo-authorization-model.ts,12,permission,literal_permission_candidate,neon.relationship.entity_case.decide,tooling_operations,"""neon.relationship.entity_case.decide"","
server/db/scripts/provisioning/cirrusatlantic-demo-authorization-model.ts,13,permission,literal_permission_candidate,workflow.work_item.read,tooling_operations,"""workflow.work_item.read"","
server/db/scripts/provisioning/cirrusatlantic-demo-authorization-model.ts,37,entity,entity_literal_reference,network_relationship,tooling_operations,"kind: ""network_relationship"" as const,"
server/db/scripts/provisioning/cirrusatlantic-demo-authorization-model.ts,46,permission,literal_permission_candidate,neon.mesh_account_link.read,tooling_operations,"""neon.mesh_account_link.read"","
server/db/scripts/provisioning/cirrusatlantic-demo-authorization-model.ts,55,permission,literal_permission_candidate,neon.mesh_account_link.read,tooling_operations,"""neon.mesh_account_link.read"","
server/db/scripts/provisioning/cirrusatlantic-demo-authorization-model.ts,64,permission,literal_permission_candidate,neon.business_partner_profile_projection.read,tooling_operations,"""neon.business_partner_profile_projection.read"","
server/db/scripts/provisioning/cirrusatlantic-demo-authorization-model.ts,70,entity,entity_literal_reference,network_relationship,tooling_operations,"kind: ""tenant"" | ""legal_entity"" | ""company_code"" | ""operating_organization"" | ""network_relationship"";"
server/db/scripts/provisioning/cirrusatlantic-demo-authorization-model.ts,140,permission,literal_permission_candidate,neon.relationship.business_partner.read,tooling_operations,"""neon.relationship.business_partner.read"","
server/db/scripts/provisioning/cirrusatlantic-demo-authorization-model.ts,141,permission,literal_permission_candidate,neon.relationship.entity_case.read,tooling_operations,"""neon.relationship.entity_case.read"","
server/db/scripts/provisioning/cirrusatlantic-demo-authorization-model.ts,142,permission,literal_permission_candidate,neon.relationship.entity_case.decide,tooling_operations,"""neon.relationship.entity_case.decide"","
server/db/scripts/provisioning/cirrusatlantic-demo-authorization-model.ts,143,permission,literal_permission_candidate,workflow.work_item.read,tooling_operations,"""workflow.work_item.read"","
server/db/scripts/provisioning/prepare-entity-activity.ts,37,permission,literal_permission_candidate,common.platform.reference.view,tooling_operations,"requiredParentPermission: ""common.platform.reference.view"","
server/db/scripts/provisioning/provision-development-northwind-mesh-fixture.ts,18,permission,literal_permission_candidate,mesh.catalog.network_account.read,tooling_operations,"""mesh.catalog.network_account.read"","
server/db/scripts/provisioning/provision-development-northwind-mesh-fixture.ts,19,permission,literal_permission_candidate,mesh.catalog.network_relationship.read,tooling_operations,"""mesh.catalog.network_relationship.read"","
server/db/scripts/provisioning/provision-development-northwind-mesh-fixture.ts,20,permission,literal_permission_candidate,mesh.business_partner_profile.publish,tooling_operations,"""mesh.business_partner_profile.publish"","
server/db/scripts/provisioning/provision-development-northwind-mesh-fixture.ts,21,permission,literal_permission_candidate,mesh.business_partner_profile.read,tooling_operations,"""mesh.business_partner_profile.read"","
server/db/scripts/provisioning/provision-development-northwind-mesh-fixture.ts,40,permission,literal_permission_candidate,mesh.bank_disclosure.read,tooling_operations,"permissions: [...PERMISSIONS, ""mesh.bank_disclosure.request"", ""mesh.bank_disclosure.decide"", ""mesh.bank_disclosure.read""],"
server/db/scripts/provisioning/provision-development-northwind-mesh-fixture.ts,194,entity,entity_literal_reference,network_relationship,tooling_operations,"const relationshipScopeId = await scope(client, deterministicUuid(""mesh"", ATHYPER_TENANT_ID, SOURCE_REF, ""relationship-scope""), ""network_relationship"", `network_relationship:${relationshipId}`, relationshipId, accountScopeId, ""Northwind / CirrusAtlantic"", actorId);"
server/db/scripts/provisioning/provision-development-northwind-mesh-fixture.ts,199,permission,literal_permission_candidate,mesh.catalog.network_account.read,tooling_operations,"""mesh.catalog.network_account.read"","
server/db/scripts/provisioning/provision-development-northwind-mesh-fixture.ts,200,permission,literal_permission_candidate,mesh.catalog.network_relationship.read,tooling_operations,"""mesh.catalog.network_relationship.read"","
server/db/scripts/provisioning/provision-development-northwind-mesh-fixture.ts,203,permission,literal_permission_candidate,mesh.catalog.network_relationship.read,tooling_operations,"""mesh.catalog.network_relationship.read"","
server/db/scripts/provisioning/provision-development-northwind-mesh-fixture.ts,204,permission,literal_permission_candidate,mesh.business_partner_profile.publish,tooling_operations,"""mesh.business_partner_profile.publish"","
server/db/scripts/provisioning/provision-development-northwind-mesh-fixture.ts,205,permission,literal_permission_candidate,mesh.business_partner_profile.read,tooling_operations,"""mesh.business_partner_profile.read"","
server/db/scripts/provisioning/provision-development-northwind-mesh-fixture.ts,208,permission,literal_permission_candidate,mesh.catalog.network_relationship.read,tooling_operations,"""mesh.catalog.network_relationship.read"","
server/db/scripts/provisioning/provision-development-northwind-mesh-fixture.ts,213,permission,literal_permission_candidate,mesh.catalog.network_relationship.read,tooling_operations,"""mesh.catalog.network_relationship.read"","
server/db/scripts/provisioning/provision-development-northwind-mesh-fixture.ts,245,entity,entity_array_literal,network_relationship,tooling_operations,"[""network_relationship"", producerGroupId, relationshipScopeId, publicationRoleId],"
server/db/scripts/provisioning/provision-development-phase1-list-fixtures.ts,35,entity,entity_literal_reference,supplier,tooling_operations,"const byCode=new Map(accounts.map((account)=>[account.account_code,account])),suppliers=accounts.filter((account)=>account.network_role===""supplier"");"
server/db/scripts/provisioning/provision-development-phase1-list-fixtures.ts,51,entity,entity_array_literal,business_partner,tooling_operations,"const codes=[""business_partner"",""company_code"",""legal_entity"",""operating_organization"",""supplier"",""customer"",""product"",""item"",""purchase_order"",""purchase_requisition"",""goods_receipt"",""supplier_invoice"",""payment"",""journal_entry"",""cost_center"",""profit_center"",""project"",""employee"",""network_account"",""network_relationship"",""catalog"",""catalog_item"",""document_envelope"",""workflow_item"",""notification"",""saved_view"",""entity_definition"",""entity_change_set"",""e"
server/db/scripts/provisioning/provision-development-phase1-list-fixtures.ts,51,entity,entity_array_literal,supplier,tooling_operations,"const codes=[""business_partner"",""company_code"",""legal_entity"",""operating_organization"",""supplier"",""customer"",""product"",""item"",""purchase_order"",""purchase_requisition"",""goods_receipt"",""supplier_invoice"",""payment"",""journal_entry"",""cost_center"",""profit_center"",""project"",""employee"",""network_account"",""network_relationship"",""catalog"",""catalog_item"",""document_envelope"",""workflow_item"",""notification"",""saved_view"",""entity_definition"",""entity_change_set"",""e"
server/db/scripts/provisioning/provision-development-phase1-list-fixtures.ts,51,entity,entity_array_literal,customer,tooling_operations,"const codes=[""business_partner"",""company_code"",""legal_entity"",""operating_organization"",""supplier"",""customer"",""product"",""item"",""purchase_order"",""purchase_requisition"",""goods_receipt"",""supplier_invoice"",""payment"",""journal_entry"",""cost_center"",""profit_center"",""project"",""employee"",""network_account"",""network_relationship"",""catalog"",""catalog_item"",""document_envelope"",""workflow_item"",""notification"",""saved_view"",""entity_definition"",""entity_change_set"",""e"
server/db/scripts/provisioning/provision-development-phase1-list-fixtures.ts,51,entity,entity_array_literal,employee,tooling_operations,"const codes=[""business_partner"",""company_code"",""legal_entity"",""operating_organization"",""supplier"",""customer"",""product"",""item"",""purchase_order"",""purchase_requisition"",""goods_receipt"",""supplier_invoice"",""payment"",""journal_entry"",""cost_center"",""profit_center"",""project"",""employee"",""network_account"",""network_relationship"",""catalog"",""catalog_item"",""document_envelope"",""workflow_item"",""notification"",""saved_view"",""entity_definition"",""entity_change_set"",""e"
server/db/scripts/provisioning/provision-development-phase1-list-fixtures.ts,51,entity,entity_array_literal,network_relationship,tooling_operations,"const codes=[""business_partner"",""company_code"",""legal_entity"",""operating_organization"",""supplier"",""customer"",""product"",""item"",""purchase_order"",""purchase_requisition"",""goods_receipt"",""supplier_invoice"",""payment"",""journal_entry"",""cost_center"",""profit_center"",""project"",""employee"",""network_account"",""network_relationship"",""catalog"",""catalog_item"",""document_envelope"",""workflow_item"",""notification"",""saved_view"",""entity_definition"",""entity_change_set"",""e"
server/db/scripts/provisioning/provision-development-phase1-list-runtimes.ts,16,entity,embedded_entity_route_or_publication,metadata.entity.currency,tooling_operations,"publicationKey: ""metadata.entity.currency"","
server/db/scripts/provisioning/provision-development-phase1-list-runtimes.ts,17,entity,entity_property_literal,currency,tooling_operations,"entityCode: ""currency"","
server/db/scripts/provisioning/provision-development-phase1-list-runtimes.ts,18,permission,literal_permission_candidate,neon.reference.currency.read,tooling_operations,"permissionCode: ""neon.reference.currency.read"","
server/db/scripts/provisioning/provision-development-phase1-list-runtimes.ts,19,entity,entity_literal_reference,currency,tooling_operations,"storage: { schema: ""shared"", object: ""currency"", idField: ""id"", statusField: ""status"" },"
server/db/scripts/provisioning/provision-development-phase1-list-runtimes.ts,35,entity,embedded_entity_route_or_publication,metadata.entity.network_relationship,tooling_operations,"publicationKey: ""metadata.entity.network_relationship"","
server/db/scripts/provisioning/provision-development-phase1-list-runtimes.ts,36,entity,entity_property_literal,network_relationship,tooling_operations,"entityCode: ""network_relationship"","
server/db/scripts/provisioning/provision-development-phase1-list-runtimes.ts,37,permission,literal_permission_candidate,mesh.catalog.network_relationship.read,tooling_operations,"permissionCode: ""mesh.catalog.network_relationship.read"","
server/db/scripts/provisioning/provision-development-phase1-list-runtimes.ts,40,entity,entity_literal_reference,network_relationship,tooling_operations,"storage: { schema: ""mesh"", object: ""network_relationship"", idField: ""id"", statusField: ""status"" },"
server/db/scripts/provisioning/provision-development-phase1-list-runtimes.ts,60,entity,embedded_entity_route_or_publication,metadata.entity.metadata_entity,tooling_operations,"publicationKey: ""metadata.entity.metadata_entity"","
server/db/scripts/provisioning/provision-development-phase1-list-runtimes.ts,61,entity,entity_property_literal,metadata_entity,tooling_operations,"entityCode: ""metadata_entity"","
server/db/scripts/provisioning/provision-development-phase1-list-runtimes.ts,62,permission,literal_permission_candidate,studio.metadata.contract.view,tooling_operations,"permissionCode: ""studio.metadata.contract.view"","
server/db/scripts/provisioning/provision-development-phase1-list-runtimes.ts,63,permission,literal_permission_candidate,studio.metadata.contract.import,tooling_operations,"importPermissionCode:""studio.metadata.contract.import"","
server/db/scripts/provisioning/provision-three-tenant-demo-authorization.ts,12,permission,literal_permission_candidate,neon.context.catalog.read,tooling_operations,"neon: [""neon.context.catalog.read"", ""workflow.work_item.read""],"
server/db/scripts/provisioning/provision-three-tenant-demo-authorization.ts,12,permission,literal_permission_candidate,workflow.work_item.read,tooling_operations,"neon: [""neon.context.catalog.read"", ""workflow.work_item.read""],"
server/db/scripts/provisioning/provision-three-tenant-demo-authorization.ts,13,permission,literal_permission_candidate,mesh.catalog.network_account.read,tooling_operations,"mesh: [""mesh.catalog.network_account.read"", ""mesh.catalog.network_relationship.read"",""mesh.catalog.network_relationship.request""],"
server/db/scripts/provisioning/provision-three-tenant-demo-authorization.ts,13,permission,literal_permission_candidate,mesh.catalog.network_relationship.read,tooling_operations,"mesh: [""mesh.catalog.network_account.read"", ""mesh.catalog.network_relationship.read"",""mesh.catalog.network_relationship.request""],"
server/db/scripts/provisioning/provision-three-tenant-demo-authorization.ts,14,permission,literal_permission_candidate,studio.metadata.contract.view,tooling_operations,"studio: [""studio.platform.catalog.view"", ""studio.platform.catalog.manage"",""studio.metadata.contract.view"",""studio.metadata.contract.import"",""studio.metadata.contract_draft.create""],"
server/db/scripts/provisioning/provision-three-tenant-demo-authorization.ts,16,mfa,mfa_identifier_reference,DEMO_BASELINE_ASSURANCE_PERMISSIONS,tooling_operations,"export const DEMO_BASELINE_ASSURANCE_PERMISSIONS: Readonly<Record<ProvisionPlane, readonly string[]>> = {"
server/db/scripts/provisioning/provision-three-tenant-demo-authorization.ts,17,permission,literal_permission_candidate,neon.ai.agent.use,tooling_operations,"neon: [""neon.ai.agent.use""],"
server/db/scripts/provisioning/provision-three-tenant-demo-authorization.ts,126,mfa,mfa_identifier_reference,DEMO_BASELINE_ASSURANCE_PERMISSIONS,tooling_operations,for (const permissionCode of DEMO_BASELINE_ASSURANCE_PERMISSIONS[plane]) {
server/db/scripts/provisioning/provision-three-tenant-demo-authorization.ts,131,mfa,mfa_literal_or_route,"UPDATE authz.permission SET requires_mfa=false,metadata=metadata||$2::jsonb WHERE id=$1::uuid",tooling_operations,"await client.query(`UPDATE authz.permission SET requires_mfa=false,metadata=metadata||$2::jsonb WHERE id=$1::uuid`,"
server/db/scripts/provisioning/provision-three-tenant-demo-authorization.ts,132,mfa,mfa_identifier_reference,localDemoBaselineAssurance,tooling_operations,"[permission.id, JSON.stringify({ localDemoBaselineAssurance: true, managedBy: SOURCE_REF })]);"
server/db/scripts/provisioning/publish-development-list-experience.ts,125,permission,literal_permission_candidate,neon.relationship.entity_case.create,tooling_operations,"permissionCode: ""neon.relationship.entity_case.create"","
server/db/scripts/provisioning/publish-development-list-experience.ts,151,permission,literal_permission_candidate,neon.relationship.business_partner.read,tooling_operations,"permission: ""neon.relationship.business_partner.read"","
server/db/scripts/provisioning/publish-development-list-experience.ts,164,permission,literal_permission_candidate,neon.relationship.business_partner.read,tooling_operations,"permission: ""neon.relationship.business_partner.read"","
server/db/scripts/provisioning/publish-development-list-experience.ts,173,permission,literal_permission_candidate,neon.relationship.entity_case.read,tooling_operations,"permission: ""neon.relationship.entity_case.read"","
server/db/scripts/provisioning/publish-development-list-experience.ts,175,entity,entity_property_literal,business_partner_request,tooling_operations,"content: { kind: ""task_list"", entityCode: ""business_partner_request"" },"
server/db/scripts/provisioning/publish-development-list-experience.ts,212,entity,entity_literal_reference,business_partner,tooling_operations,"key: ""business_partner"","
server/db/scripts/provisioning/publish-development-list-experience.ts,333,entity,entity_array_literal,business_partner_request,tooling_operations,"[""business_partner_request""],"
server/db/scripts/provisioning/publish-development-list-experience.ts,492,entity,embedded_entity_route_or_publication,SELECT count(*) FROM runtime_meta.release_activation_head WHERE publication_key='metadata.entity.business_partner_request',tooling_operations,"""SELECT count(*) FROM runtime_meta.release_activation_head WHERE publication_key='metadata.entity.business_partner_request'"","
server/db/scripts/provisioning/publish-development-list-experience.ts,509,entity,entity_literal_reference,entity_case,tooling_operations,"sourceRef: ""entity_case"","
server/db/scripts/provisioning/publish-development-list-experience.ts,510,entity,entity_literal_reference,master.business_partner,tooling_operations,"subject: { fieldRef: ""subject_entity"", value: ""master.business_partner"" },"
server/db/scripts/provisioning/publish-development-list-experience.ts,519,entity,embedded_entity_route_or_publication,metadata.entity.business_partner_request,tooling_operations,"const publicationKey = ""metadata.entity.business_partner_request"","
server/db/scripts/provisioning/publish-development-list-experience.ts,520,permission,literal_permission_candidate,neon.relationship.entity_case.read,tooling_operations,"permissionCode = ""neon.relationship.entity_case.read"";"
server/db/scripts/provisioning/publish-development-list-experience.ts,581,entity,entity_property_literal,business_partner_request,tooling_operations,"entity: { entityCode: ""business_partner_request"", entityClass: ""document"" },"
server/db/scripts/provisioning/publish-development-list-experience.ts,590,entity,entity_property_literal,business_partner_request,tooling_operations,"entityCode: ""business_partner_request"","
server/db/scripts/provisioning/publish-development-list-experience.ts,596,entity,entity_literal_reference,entity_case,tooling_operations,"object: ""entity_case"","
server/db/scripts/provisioning/publish-development-list-experience.ts,609,entity,entity_property_literal,business_partner_request,tooling_operations,"entityCode: ""business_partner_request"","
server/db/scripts/provisioning/publish-development-list-experience.ts,672,entity,entity_property_literal,business_partner_request,tooling_operations,"entity_code: ""business_partner_request"","
server/db/scripts/provisioning/publish-development-list-experience.ts,699,entity,entity_property_literal,business_partner_request,tooling_operations,"entity_code: ""business_partner_request"","
server/db/scripts/provisioning/publish-development-list-experience.ts,715,entity,entity_array_literal,business_partner,tooling_operations,"![""business_partner"", ""business_partner_request""].includes("
server/db/scripts/provisioning/publish-development-list-experience.ts,715,entity,entity_array_literal,business_partner_request,tooling_operations,"![""business_partner"", ""business_partner_request""].includes("
server/db/scripts/provisioning/publish-development-record-presentation.ts,18,entity,entity_comparison,business_partner,tooling_operations,"if (config.entityCode !== ""business_partner"")"
server/db/scripts/provisioning/publish-development-record-presentation.ts,124,permission,literal_permission_candidate,neon.relationship.entity_case.create,tooling_operations,"permissionCode !== ""neon.relationship.entity_case.create"" ||"
server/db/scripts/provisioning/publish-document-relationship.ts,53,entity,entity_literal_reference,entity_case,tooling_operations,"sourceRef: ""entity_case"","
server/db/scripts/provisioning/publish-document-relationship.ts,56,entity,entity_literal_reference,master.business_partner,tooling_operations,"value: ""master.business_partner"","
server/db/scripts/provisioning/three-plane-model.ts,155,mfa,mfa_identifier_reference,requiresMfa,tooling_operations,readonly requiresMfa: boolean;
server/db/scripts/provisioning/three-plane-model.ts,234,entity,entity_literal_reference,supplier,tooling_operations,"readonly networkRole: ""buyer"" | ""supplier"" | ""both"";"
server/db/scripts/provisioning/three-plane-model.ts,372,entity,entity_literal_reference,supplier,tooling_operations,": buyer === scopeKey ? ""buyer"" : ""supplier"";"
server/db/scripts/reports/mesh-authorization-quality.ts,260,entity,entity_literal_reference,principal,tooling_operations,"""principal"","
server/db/scripts/reports/mesh-authorization-quality.ts,343,entity,entity_literal_reference,principal,tooling_operations,"""principal"","
server/db/scripts/reports/mesh-authorization-quality.ts,723,entity,entity_literal_reference,network_relationship,tooling_operations,"""network_relationship"","
server/db/scripts/reports/neon-authorization-quality.ts,425,entity,entity_literal_reference,principal,tooling_operations,"""principal"","
server/db/scripts/reports/neon-authorization-quality.ts,445,entity,entity_literal_reference,principal,tooling_operations,"""principal"","
server/db/scripts/reports/neon-authorization-quality.ts,456,entity,entity_literal_reference,principal,tooling_operations,"targetTable: ""principal"","
server/db/scripts/reports/neon-authorization-quality.ts,458,entity,entity_literal_reference,principal,tooling_operations,"referenceType: ""principal"","
server/db/scripts/reports/neon-authorization-quality.ts,478,entity,entity_literal_reference,principal,tooling_operations,"targetTable: ""principal"","
server/db/scripts/reports/neon-authorization-quality.ts,480,entity,entity_literal_reference,principal,tooling_operations,"referenceType: ""principal"","
server/db/scripts/reports/neon-authorization-quality.ts,534,entity,entity_property_literal,principal,tooling_operations,"{ entityType: ""principal"", targetTable: ""principal"" },"
server/db/scripts/reports/neon-authorization-quality.ts,534,entity,entity_literal_reference,principal,tooling_operations,"{ entityType: ""principal"", targetTable: ""principal"" },"
server/db/scripts/seed/canonical-catalog-v2-model.ts,11,mfa,mfa_identifier_reference,requiresMfa,tooling_operations,requiresMfa: boolean;
server/db/scripts/seed/canonical-catalog-v2-model.ts,24,mfa,mfa_identifier_reference,requiresMfa,tooling_operations,requiresMfa: boolean;
server/db/scripts/seed/canonical-catalog-v2-model.ts,46,mfa,mfa_identifier_reference,requiresMfa,tooling_operations,"if (permission.canonicalCode === COMMON_REFERENCE_VIEW_PERMISSION && (permission.permissionKind !== ""capability"" || permission.riskTier !== ""low"" || permission.requiresMfa || permission.requiresSod)) throw new Error(""Invalid common reference capability definition"");"
server/db/scripts/seed/canonical-catalog-v2-model.ts,49,mfa,mfa_identifier_reference,requiresMfa,tooling_operations,"if (permission.permissionKind !== ""capability"" || permission.riskTier !== expected.riskTier || permission.requiresMfa || permission.requiresSod) throw new Error(""Invalid common Activity capability definition"");"
server/db/scripts/seed/canonical-catalog-v2-model.ts,51,mfa,mfa_identifier_reference,requiresMfa,tooling_operations,"if(isIdentityPermissionCode(permission.canonicalCode) && (permission.permissionKind !== ""capability"" || permission.riskTier !== IDENTITY_PERMISSION_CATALOG[permission.canonicalCode] || permission.requiresMfa || permission.requiresSod)) throw Error(""Invalid common identity capability definition"");"
server/db/scripts/seed/canonical-catalog-v2-model.ts,56,mfa,mfa_identifier_reference,requiresMfa,tooling_operations,"riskTier: permission.riskTier, requiresMfa: permission.requiresMfa,"
server/db/scripts/seed/compile-final-authorization-seed-packs.ts,52,mfa,mfa_identifier_reference,requiresMfa,tooling_operations,requiresMfa: boolean;
server/db/scripts/seed/compile-final-authorization-seed-packs.ts,169,mfa,mfa_identifier_reference,requiresMfa,tooling_operations,"requiresMfa: permission.requiresMfa,"
server/db/scripts/seed/compile-final-authorization-seed-packs.ts,175,permission,literal_permission_candidate,common.platform.reference.view,tooling_operations,"moduleCode: permission.canonicalCode.startsWith(""common.identity."") || permission.canonicalCode === ""common.platform.reference.view"" ? ""fnd"" : moduleCode(target, permission.domain),"
server/db/scripts/seed/compile-inventory-promotion.ts,21,mfa,mfa_identifier_reference,assurance,tooling_operations,"const template:InventoryPromotionQualificationContract={contractVersion:""athyper.authorization.inventory-promotion-qualification.v1"",plane,defaultDecision:""deny_unqualified"",qualifications:inventory.operations.map((operation):InventoryPromotionQualification=>{const transition=transitionByPermission.get(operation.permissionCode);return{permissionCode:operation.permissionCode,decision:""pending"",scopeCoordinatesReviewed:false,lifecycle:transition?{d"
server/db/scripts/seed/compile-inventory-promotion.ts,21,mfa,mfa_identifier_reference,mfaReviewed,tooling_operations,"const template:InventoryPromotionQualificationContract={contractVersion:""athyper.authorization.inventory-promotion-qualification.v1"",plane,defaultDecision:""deny_unqualified"",qualifications:inventory.operations.map((operation):InventoryPromotionQualification=>{const transition=transitionByPermission.get(operation.permissionCode);return{permissionCode:operation.permissionCode,decision:""pending"",scopeCoordinatesReviewed:false,lifecycle:transition?{d"
server/db/scripts/seed/compile-mesh-authorization-inventory.ts,214,mfa,mfa_literal_or_route,| Permission | Coordinates | Participant rule | Risk | MFA | SoD |,tooling_operations,"""| Permission | Coordinates | Participant rule | Risk | MFA | SoD |"","
server/db/scripts/seed/compile-mesh-authorization-inventory.ts,216,mfa,mfa_literal_or_route,"`| ${operation.permissionCode} | ${operation.coordinates.map((coordinate) => `${coordinate.scopeKind}:${coordinate.coordinateKey}${coordinate.authorizationRequired ? ""*"" : """"}`).join("", "")} | ${operation.participantRule}",tooling_operations,"...operations.map((operation) => `| ${operation.permissionCode} | ${operation.coordinates.map((coordinate) => `${coordinate.scopeKind}:${coordinate.coordinateKey}${coordinate.authorizationRequired ? ""*"" : """"}`).join("", "")} | ${operation.participantRule} | ${operation.riskTier} | ${operation.requiresMfa} | ${operation.requiresSod} |`),"
server/db/scripts/seed/compile-mesh-authorization-inventory.ts,216,mfa,mfa_identifier_reference,requiresMfa,tooling_operations,"...operations.map((operation) => `| ${operation.permissionCode} | ${operation.coordinates.map((coordinate) => `${coordinate.scopeKind}:${coordinate.coordinateKey}${coordinate.authorizationRequired ? ""*"" : """"}`).join("", "")} | ${operation.participantRule} | ${operation.riskTier} | ${operation.requiresMfa} | ${operation.requiresSod} |`),"
server/db/scripts/seed/compile-neon-authorization-inventory.ts,192,mfa,mfa_literal_or_route,| Permission | Kind | Storage root | Scope | Risk | MFA | SoD |,tooling_operations,"""| Permission | Kind | Storage root | Scope | Risk | MFA | SoD |"","
server/db/scripts/seed/compile-neon-authorization-inventory.ts,194,mfa,mfa_literal_or_route,"`| ${operation.permissionCode} | ${operation.permissionKind} | ${operation.storageRoot} | ${operation.requiredScopeKinds.join("", "")} | ${operation.riskTier} | ${operation.requiresMfa} | ${operation.requiresSod} |`",tooling_operations,"...operations.map((operation) => `| ${operation.permissionCode} | ${operation.permissionKind} | ${operation.storageRoot} | ${operation.requiredScopeKinds.join("", "")} | ${operation.riskTier} | ${operation.requiresMfa} | ${operation.requiresSod} |`),"
server/db/scripts/seed/compile-neon-authorization-inventory.ts,194,mfa,mfa_identifier_reference,requiresMfa,tooling_operations,"...operations.map((operation) => `| ${operation.permissionCode} | ${operation.permissionKind} | ${operation.storageRoot} | ${operation.requiredScopeKinds.join("", "")} | ${operation.riskTier} | ${operation.requiresMfa} | ${operation.requiresSod} |`),"
server/db/scripts/seed/entity-operation-projection-compiler.ts,83,permission,missing_permission_guard_review,!permission || permission.permissionKind !== permissionRow.permissionKind,tooling_operations,if (!permission || permission.permissionKind !== permissionRow.permissionKind) throw new Error(`canonical permission ID is unresolved or kind-mismatched: ${permissionRow.permissionCode}`);
server/db/scripts/seed/exact-scope-compatibility-model.ts,6,entity,entity_literal_reference,network_relationship,tooling_operations,"export type ScopeKind = ""tenant"" | ""workspace"" | ""module"" | ""company_code"" | ""legal_entity"" | ""operating_organization"" | ""network_account"" | ""network_relationship"" | ""resource"";"
server/db/scripts/seed/exact-scope-compatibility-model.ts,21,entity,entity_array_literal,network_relationship,tooling_operations,"mesh: new Set([""tenant"", ""network_account"", ""network_relationship"", ""resource""]),"
server/db/scripts/seed/exact-scope-compatibility-model.ts,74,entity,entity_array_literal,network_relationship,tooling_operations,"if ([""tenant"", ""resource"", ""network_relationship""].includes(scope.kind) && scope.propagation !== ""exact"") throw new Error(`${scope.kind} requires exact propagation`);"
server/db/scripts/seed/exact-scope-compatibility-model.ts,84,permission,literal_permission_candidate,studio.metadata.publication_policy.create,tooling_operations,"if (plane === ""studio"" && [""studio.metadata.publication_policy.create"", ""studio.metadata.publication_policy.activate"","
server/db/scripts/seed/exact-scope-compatibility-model.ts,84,permission,literal_permission_candidate,studio.metadata.publication_policy.activate,tooling_operations,"if (plane === ""studio"" && [""studio.metadata.publication_policy.create"", ""studio.metadata.publication_policy.activate"","
server/db/scripts/seed/exact-scope-compatibility-model.ts,85,permission,literal_permission_candidate,studio.metadata.contract.publish_automated,tooling_operations,"""studio.metadata.contract.publish_automated""].includes(permissionCode)) return [{ kind: ""tenant"", propagation: ""exact"" }];"
server/db/scripts/seed/exact-scope-compatibility-model.ts,105,entity,entity_literal_reference,supplier,tooling_operations,"if (domain === ""relationship"" || domain === ""supplier"" || domain === ""procurement"") {"
server/db/scripts/seed/exact-scope-compatibility-model.ts,111,entity,entity_comparison,network_relationship,tooling_operations,"if (entity === ""network_relationship"" || entity === ""document_envelope"") scopes.push({ kind: ""network_relationship"", propagation: ""exact"" });"
server/db/scripts/seed/exact-scope-compatibility-model.ts,111,entity,entity_literal_reference,network_relationship,tooling_operations,"if (entity === ""network_relationship"" || entity === ""document_envelope"") scopes.push({ kind: ""network_relationship"", propagation: ""exact"" });"
server/db/scripts/seed/inventory-promotion-model.ts,15,mfa,mfa_identifier_reference,assurance,tooling_operations,assurance: { riskTierReviewed: boolean; mfaReviewed: boolean; sodReviewed: boolean };
server/db/scripts/seed/inventory-promotion-model.ts,15,mfa,mfa_identifier_reference,mfaReviewed,tooling_operations,assurance: { riskTierReviewed: boolean; mfaReviewed: boolean; sodReviewed: boolean };
server/db/scripts/seed/inventory-promotion-model.ts,30,mfa,mfa_identifier_reference,requiresMfa,tooling_operations,storageRoot: string; riskTier: string; requiresMfa: boolean; requiresSod: boolean; serviceOwner: string;
server/db/scripts/seed/inventory-promotion-model.ts,76,mfa,mfa_identifier_reference,assurance,tooling_operations,if (!q.assurance.riskTierReviewed || !q.assurance.mfaReviewed || !q.assurance.sodReviewed) blockers.push(`${prefix}: risk/MFA/SoD review is incomplete`);
server/db/scripts/seed/inventory-promotion-model.ts,76,mfa,mfa_identifier_reference,mfaReviewed,tooling_operations,if (!q.assurance.riskTierReviewed || !q.assurance.mfaReviewed || !q.assurance.sodReviewed) blockers.push(`${prefix}: risk/MFA/SoD review is incomplete`);
server/db/scripts/seed/inventory-promotion-model.ts,76,mfa,mfa_literal_or_route,`${prefix}: risk/MFA/SoD review is incomplete`,tooling_operations,if (!q.assurance.riskTierReviewed || !q.assurance.mfaReviewed || !q.assurance.sodReviewed) blockers.push(`${prefix}: risk/MFA/SoD review is incomplete`);
server/db/scripts/seed/inventory-promotion-model.ts,90,mfa,mfa_identifier_reference,requiresMfa,tooling_operations,"const built = buildCanonicalCatalogV2({ plane: inventory.plane, permissions: inventory.operations.map((operation) => ({ canonicalCode: operation.permissionCode, permissionKind: operation.permissionKind, riskTier: operation.riskTier, requiresMfa: operation.requiresMfa, requiresSod: operation.requiresSod })) }).catalog;"
server/db/scripts/seed/inventory-promotion-model.ts,92,mfa,mfa_identifier_reference,requiresMfa,tooling_operations,"const catalog = buildCanonicalCatalogV2({ plane: inventory.plane, permissions: [...byCode.values()].map((permission) => ({ canonicalCode: permission.canonicalCode, permissionKind: permission.permissionKind, riskTier: permission.riskTier, requiresMfa: permission.requiresMfa, ...(permission.requiresSod === undefined ? {} : { requiresSod: permission.requiresSod }) })) }).catalog;"
server/db/scripts/seed/inventory-promotion-model.ts,102,mfa,mfa_identifier_reference,requiresMfa,tooling_operations,"const seedPackPermissionCatalog={version:catalog.catalogVersion,operations:catalog.permissions.map((permission)=>({permissionId:permission.permissionId,canonicalPermissionCode:permission.canonicalCode,plane:inventory.plane,entityCode:permission.entity,operationCode:permission.operation,operationKind:isMutation(permission.operation)?""mutation"":""read"",riskTier:permission.riskTier,requiresMfa:permission.requiresMfa,requiresSod:permission.requiresSod"
server/db/scripts/seed/inventory-promotion-model.ts,110,entity,entity_literal_reference,network_relationship,tooling_operations,"function propagation(plane: PromotionPlane, kind: string): ScopePropagation { if (plane === ""mesh"" && kind === ""network_relationship"") return ""relationship_participants""; return kind === ""operating_organization"" ? ""subtree"" : ""exact""; }"
server/db/scripts/seed/mesh-authorization-inventory-model.ts,16,entity,entity_literal_reference,network_relationship,tooling_operations,"export type MeshScopeKind = ""tenant"" | ""network_account"" | ""network_relationship"" | ""resource"";"
server/db/scripts/seed/mesh-authorization-inventory-model.ts,50,mfa,mfa_identifier_reference,requiresMfa,tooling_operations,readonly requiresMfa: boolean;
server/db/scripts/seed/mesh-authorization-inventory-model.ts,253,mfa,mfa_identifier_reference,requiresMfa,tooling_operations,"if (operation.riskTier === ""critical"" && (!operation.requiresMfa || !operation.requiresSod)) {"
server/db/scripts/seed/mesh-authorization-inventory-model.ts,254,mfa,mfa_literal_or_route,`critical operation lacks MFA or SoD: ${key}`,tooling_operations,errors.push(`critical operation lacks MFA or SoD: ${key}`);
server/db/scripts/seed/mesh-authorization-inventory-model.ts,295,entity,entity_comparison,network_relationship,tooling_operations,"if (operation.entityCode !== ""network_relationship"") return;"
server/db/scripts/seed/mesh-authorization-inventory-model.ts,315,entity,entity_literal_reference,network_relationship,tooling_operations,"if (relationship.scopeKind !== ""network_relationship"" || relationship.coordinateRole !== ""target"") errors.push(`relationship target coordinate is misbound: ${key}`);"
server/db/scripts/seed/mesh-authorization-inventory-model.ts,328,mfa,mfa_identifier_reference,requiresMfa,tooling_operations,"if ([""accept"", ""resume""].includes(operation.operationKey) && (!operation.requiresMfa || !operation.requiresSod)) errors.push(`bilateral activation lacks MFA or SoD: ${key}`);"
server/db/scripts/seed/mesh-authorization-inventory-model.ts,328,mfa,mfa_literal_or_route,`bilateral activation lacks MFA or SoD: ${key}`,tooling_operations,"if ([""accept"", ""resume""].includes(operation.operationKey) && (!operation.requiresMfa || !operation.requiresSod)) errors.push(`bilateral activation lacks MFA or SoD: ${key}`);"
server/db/scripts/seed/mesh-authorization-inventory-model.ts,372,mfa,mfa_identifier_reference,requiresMfa,tooling_operations,"if (!activation || activation.permissionCode !== boundary.resource.activationPermissionCode || !activation.requiresMfa || !activation.requiresSod) errors.push(""network-account activation gate is incomplete"");"
server/db/scripts/seed/neon-authorization-inventory-model.ts,17,entity,entity_literal_reference,network_relationship,tooling_operations,"| ""operating_organization"" | ""network_account"" | ""network_relationship"" | ""resource"";"
server/db/scripts/seed/neon-authorization-inventory-model.ts,43,mfa,mfa_identifier_reference,requiresMfa,tooling_operations,readonly requiresMfa: boolean;
server/db/scripts/seed/neon-authorization-inventory-model.ts,351,mfa,mfa_identifier_reference,requiresMfa,tooling_operations,|| !activation.requiresMfa || !activation.requiresSod
server/db/scripts/seed/tenant-authority-projection.ts,145,permission,missing_permission_guard_review,!permissionCode,tooling_operations,if (!permissionCode) throw new Error(`${input.plane}/${role.code} references uncatalogued permission ${permissionId}`);
server/db/scripts/seed/tenant-authority-projection.ts,187,entity,entity_literal_reference,principal,tooling_operations,"const principalId = uuid(input.plane, tenant.id, ""principal"", subject.keycloakSubject);"
server/db/scripts/seed/validate-canonical-catalogs.ts,19,mfa,mfa_identifier_reference,requiresMfa,tooling_operations,requiresMfa: boolean;
server/db/scripts/seed/validate-canonical-catalogs.ts,53,mfa,mfa_identifier_reference,requiresMfa,tooling_operations,"if (identity && (permission.permissionKind !== ""capability"" || permission.riskTier !== IDENTITY_PERMISSION_CATALOG[permission.canonicalCode as keyof typeof IDENTITY_PERMISSION_CATALOG] || permission.requiresMfa || permission.requiresSod)) throw Error(""Invalid common identity capability definition"");"
server/db/scripts/seed/validate-canonical-catalogs.ts,55,mfa,mfa_identifier_reference,requiresMfa,tooling_operations,"if (commonReference && (permission.permissionKind !== ""capability"" || permission.riskTier !== ""low"" || permission.requiresMfa)) throw new Error(""Invalid common reference capability definition"");"
server/db/scripts/tests/integration/ci-integrity.ts,658,mfa,mfa_identifier_reference,numFailedTests,tooling_operations,"numFailedTests: 0,"
server/db/scripts/tests/integration/ci-integrity.ts,719,mfa,mfa_literal_or_route,numFailedTests,tooling_operations,"""numFailedTests"","
server/db/scripts/tests/integration/collaboration-phase1-review.ts,56,entity,entity_property_literal,business_partner,tooling_operations,"VALUES(${attachmentId}::uuid,${zero}::uuid,${series}::uuid,'test.pdf','application/pdf',4,repeat('a',64),'review-fixture','review-file','active',true,true,${zero}::uuid,${JSON.stringify({ entity_type: ""business_partner"", entity_id: record })}::jsonb,${zero}::uuid)`.execute("
server/db/scripts/tests/integration/collaboration-phase1-review.ts,65,entity,entity_property_literal,business_partner,tooling_operations,"entityType: ""business_partner"","
server/db/scripts/tests/integration/collaboration-phase1-review.ts,79,entity,entity_property_literal,business_partner,tooling_operations,"entityType: ""business_partner"","
server/db/scripts/tests/integration/collaboration-phase1-review.ts,123,entity,entity_property_literal,business_partner,tooling_operations,"await sql`INSERT INTO document.attachment(id,tenant_id,series_id,file_name,content_type,size_bytes,sha256,storage_bucket,storage_key,status,is_active,is_virus_scanned,uploaded_by,metadata,created_by) VALUES(${sharedAttachment}::uuid,${zero}::uuid,${sharedSeries}::uuid,'shared.pdf','application/pdf',4,repeat('b',64),'review-fixture','review-shared','active',true,true,${zero}::uuid,${JSON.stringify({entity_type:""business_partner"",entity_id:record})"
server/db/scripts/tests/integration/collaboration-phase1-review.ts,124,entity,entity_property_literal,business_partner,tooling_operations,"const firstPin=await comments.create({context,entityType:""business_partner"",entityId:record,text:""First shared pin"",attachmentIds:[sharedAttachment]},[],tx);"
server/db/scripts/tests/integration/collaboration-phase1-review.ts,126,entity,entity_property_literal,business_partner,tooling_operations,"const secondPin=await comments.create({context,entityType:""business_partner"",entityId:record,text:""Second shared pin"",attachmentIds:[sharedAttachment]},[],tx);"
server/db/scripts/tests/integration/collaboration-phase1-review.ts,171,entity,entity_property_literal,business_partner,tooling_operations,"{ entityType: ""business_partner"", entityId: record },"
server/db/scripts/tests/integration/comment-draft-ca07.ts,52,entity,entity_property_literal,business_partner,tooling_operations,"entityType: ""business_partner"","
server/db/scripts/tests/integration/comment-draft-ca07.ts,115,entity,entity_property_literal,business_partner,tooling_operations,"entityType: ""business_partner"","
server/db/scripts/tests/integration/comment-draft-ca07.ts,148,entity,entity_property_literal,business_partner,tooling_operations,"entityType: ""business_partner"","
server/db/scripts/tests/integration/comment-draft-ca07.ts,183,entity,entity_property_literal,business_partner,tooling_operations,"{ entityType: ""business_partner"", entityId: saved.id },"
server/db/scripts/tests/integration/customer-portal-source-probe.ts,60,entity,entity_literal_reference,customer,tooling_operations,"portalCapability: ""customer"","
server/db/scripts/tests/integration/effective-lock-scenarios.ts,179,mfa,mfa_literal_or_route,"[31mFAIL — at least one scenario failed.[0m
",tooling_operations,console.log(`\x1b[31mFAIL — at least one scenario failed.\x1b[0m\n`);
server/db/scripts/tests/integration/end-to-end-pipeline.ts,138,mfa,mfa_literal_or_route,`\n\x1b[31mFAIL — row was not processed within ${PIPELINE_WAIT_MS}ms.\x1b[0m`,tooling_operations,console.log(`\n\x1b[31mFAIL — row was not processed within ${PIPELINE_WAIT_MS}ms.\x1b[0m`);
server/db/scripts/verification/inspect-dev-workforce-authority.ts,81,permission,literal_permission_candidate,neon.workforce.profile.write,tooling_operations,"const code = ""neon.workforce.profile.write"";"
server/db/scripts/verification/inspect-dev-workforce-authority.ts,99,entity,entity_comparison,principal,tooling_operations,"b.entityCode === ""principal"" &&"
server/packages/adapters/communications/src/__tests__/capture.adapter.test.ts,29,entity,entity_literal_reference,principal,test_fixture,"await createCapturePush(inbox).send({ id: ""subscription"", tenantId: ""tenant"", principalId: ""principal"", planeKey: ""neon"", platform: ""android"", endpoint: ""secret-endpoint"", deviceToken: ""secret-token"" }, { body: ""hello"" });"
server/packages/adapters/database/athyper-postgres/src/generated/kysely-studio/types.ts,3362,mfa,mfa_identifier_reference,requires_mfa,declaration_generated,requires_mfa: Generated<boolean>;
server/packages/adapters/database/athyper-postgres/src/generated/kysely-studio/types.ts,4613,mfa,mfa_identifier_reference,mfa_credential_projection,declaration_generated,export type mfa_credential_projection = {
server/packages/adapters/database/athyper-postgres/src/generated/kysely-studio/types.ts,5370,mfa,mfa_identifier_reference,requires_mfa,declaration_generated,requires_mfa: Generated<boolean>;
server/packages/adapters/database/athyper-postgres/src/generated/kysely-studio/types.ts,7112,mfa,mfa_literal_or_route,runtime_meta.mfa_credential_projection,declaration_generated,"""runtime_meta.mfa_credential_projection"": mfa_credential_projection;"
server/packages/adapters/database/athyper-postgres/src/generated/kysely-studio/types.ts,7112,mfa,mfa_identifier_reference,mfa_credential_projection,declaration_generated,"""runtime_meta.mfa_credential_projection"": mfa_credential_projection;"
server/packages/adapters/database/mesh-postgres/src/generated/kysely-mesh/types.ts,4650,mfa,mfa_identifier_reference,requires_mfa,declaration_generated,requires_mfa: Generated<boolean>;
server/packages/adapters/database/neon-postgres/src/generated/kysely/types.ts,9105,mfa,mfa_identifier_reference,requires_mfa,declaration_generated,requires_mfa: Generated<boolean>;
server/packages/adapters/database/neon-postgres/src/generated/kysely/types.ts,13336,entity,entity_literal_reference,master.business_partner,declaration_generated,"""master.business_partner"": business_partner;"
server/packages/adapters/experience-postgres/src/experience.postgres.test.ts,47,permission,literal_permission_candidate,studio.platform.catalog.manage,test_fixture,"if (plane === ""studio"") expect(catalog?.permissions.map((permission) => permission.code)).toContain(""studio.platform.catalog.manage"");"
server/packages/adapters/experience-postgres/src/index.ts,504,entity,entity_literal_reference,supplier,application_source,"role: ""buyer"" | ""supplier"" | ""both"";"
server/packages/contracts/ai/src/__tests__/business-context.test.ts,6,entity,entity_property_literal,business_partner,test_fixture,"entityCode: ""business_partner"","
server/packages/contracts/auth/src/authorization.ts,25,mfa,mfa_identifier_reference,requiresMfa,application_source,readonly requiresMfa: boolean;
server/packages/contracts/auth/src/identity.ts,21,mfa,mfa_identifier_reference,assurance,application_source,"readonly assurance?: ""baseline"" | ""elevated"";"
server/packages/contracts/auth/src/management.ts,6,permission,literal_permission_candidate,role.create,application_source,"""role.create"","
server/packages/contracts/auth/src/management.ts,7,permission,literal_permission_candidate,role.update,application_source,"""role.update"","
server/packages/contracts/auth/src/management.ts,8,permission,literal_permission_candidate,role.activate,application_source,"""role.activate"","
server/packages/contracts/auth/src/management.ts,10,permission,literal_permission_candidate,role.retire,application_source,"""role.retire"","
server/packages/contracts/auth/src/management.ts,11,permission,literal_permission_candidate,role.permission.assign,application_source,"""role.permission.assign"","
server/packages/contracts/auth/src/management.ts,13,permission,literal_permission_candidate,group.create,application_source,"""group.create"","
server/packages/contracts/auth/src/management.ts,14,permission,literal_permission_candidate,group.update,application_source,"""group.update"","
server/packages/contracts/auth/src/management.ts,15,permission,literal_permission_candidate,group.activate,application_source,"""group.activate"","
server/packages/contracts/auth/src/management.ts,17,permission,literal_permission_candidate,group.retire,application_source,"""group.retire"","
server/packages/contracts/auth/src/management.ts,20,permission,literal_permission_candidate,group.role.assign,application_source,"""group.role.assign"","
server/packages/contracts/auth/src/management.ts,22,permission,literal_permission_candidate,deny.create,application_source,"""deny.create"","
server/packages/contracts/auth/src/management.ts,24,permission,literal_permission_candidate,delegation.create,application_source,"""delegation.create"","
server/packages/contracts/auth/src/management.ts,26,permission,literal_permission_candidate,delegation.grant.assign,application_source,"""delegation.grant.assign"","
server/packages/contracts/auth/src/management.ts,29,permission,literal_permission_candidate,override.approve,application_source,"""override.approve"","
server/packages/contracts/auth/src/management.ts,181,permission,literal_permission_candidate,authorization.management.read,application_source,"read: ""authorization.management.read"","
server/packages/contracts/auth/src/management.ts,182,permission,literal_permission_candidate,authorization.management.manage,application_source,"manage: ""authorization.management.manage"","
server/packages/contracts/auth/src/management.ts,183,permission,literal_permission_candidate,authorization.management.approve,application_source,"approve: ""authorization.management.approve"","
server/packages/contracts/auth/src/management.ts,184,permission,literal_permission_candidate,authorization.management.revoke,application_source,"revoke: ""authorization.management.revoke"","
server/packages/contracts/auth/src/management.ts,185,permission,literal_permission_candidate,authorization.management.break_glass,application_source,"breakGlass: ""authorization.management.break_glass"","
server/packages/contracts/content/src/index.ts,5,entity,entity_literal_reference,principal,application_source,"export type ContentSubjectType=""principal""|""group""|""public"";"
server/packages/contracts/control-admin/src/index.ts,35,permission,literal_permission_candidate,control.catalog.read,application_source,"export const controlAdminPermissions = { catalogRead: ""control.catalog.read"", catalogPublish: ""control.catalog.publish"", tenantOverrideManage: ""control.tenant_override.manage"", financeConfigManage: ""control.finance_config.manage"", cycleTemplateManage: ""control.cycle_template.manage"", connectorManage: ""control.connector.manage"", runtimeCommandManage: ""control.runtime_command.manage"", runtimeCommandApprove: ""control.runtime_command.approve"", runtim"
server/packages/contracts/control-admin/src/index.ts,35,permission,literal_permission_candidate,control.catalog.publish,application_source,"export const controlAdminPermissions = { catalogRead: ""control.catalog.read"", catalogPublish: ""control.catalog.publish"", tenantOverrideManage: ""control.tenant_override.manage"", financeConfigManage: ""control.finance_config.manage"", cycleTemplateManage: ""control.cycle_template.manage"", connectorManage: ""control.connector.manage"", runtimeCommandManage: ""control.runtime_command.manage"", runtimeCommandApprove: ""control.runtime_command.approve"", runtim"
server/packages/contracts/control-admin/src/index.ts,35,permission,literal_permission_candidate,control.tenant_override.manage,application_source,"export const controlAdminPermissions = { catalogRead: ""control.catalog.read"", catalogPublish: ""control.catalog.publish"", tenantOverrideManage: ""control.tenant_override.manage"", financeConfigManage: ""control.finance_config.manage"", cycleTemplateManage: ""control.cycle_template.manage"", connectorManage: ""control.connector.manage"", runtimeCommandManage: ""control.runtime_command.manage"", runtimeCommandApprove: ""control.runtime_command.approve"", runtim"
server/packages/contracts/control-admin/src/index.ts,35,permission,literal_permission_candidate,control.finance_config.manage,application_source,"export const controlAdminPermissions = { catalogRead: ""control.catalog.read"", catalogPublish: ""control.catalog.publish"", tenantOverrideManage: ""control.tenant_override.manage"", financeConfigManage: ""control.finance_config.manage"", cycleTemplateManage: ""control.cycle_template.manage"", connectorManage: ""control.connector.manage"", runtimeCommandManage: ""control.runtime_command.manage"", runtimeCommandApprove: ""control.runtime_command.approve"", runtim"
server/packages/contracts/control-admin/src/index.ts,35,permission,literal_permission_candidate,control.cycle_template.manage,application_source,"export const controlAdminPermissions = { catalogRead: ""control.catalog.read"", catalogPublish: ""control.catalog.publish"", tenantOverrideManage: ""control.tenant_override.manage"", financeConfigManage: ""control.finance_config.manage"", cycleTemplateManage: ""control.cycle_template.manage"", connectorManage: ""control.connector.manage"", runtimeCommandManage: ""control.runtime_command.manage"", runtimeCommandApprove: ""control.runtime_command.approve"", runtim"
server/packages/contracts/control-admin/src/index.ts,35,permission,literal_permission_candidate,control.connector.manage,application_source,"export const controlAdminPermissions = { catalogRead: ""control.catalog.read"", catalogPublish: ""control.catalog.publish"", tenantOverrideManage: ""control.tenant_override.manage"", financeConfigManage: ""control.finance_config.manage"", cycleTemplateManage: ""control.cycle_template.manage"", connectorManage: ""control.connector.manage"", runtimeCommandManage: ""control.runtime_command.manage"", runtimeCommandApprove: ""control.runtime_command.approve"", runtim"
server/packages/contracts/control-admin/src/index.ts,35,permission,literal_permission_candidate,control.runtime_command.manage,application_source,"export const controlAdminPermissions = { catalogRead: ""control.catalog.read"", catalogPublish: ""control.catalog.publish"", tenantOverrideManage: ""control.tenant_override.manage"", financeConfigManage: ""control.finance_config.manage"", cycleTemplateManage: ""control.cycle_template.manage"", connectorManage: ""control.connector.manage"", runtimeCommandManage: ""control.runtime_command.manage"", runtimeCommandApprove: ""control.runtime_command.approve"", runtim"
server/packages/contracts/control-admin/src/index.ts,35,permission,literal_permission_candidate,control.runtime_command.approve,application_source,"export const controlAdminPermissions = { catalogRead: ""control.catalog.read"", catalogPublish: ""control.catalog.publish"", tenantOverrideManage: ""control.tenant_override.manage"", financeConfigManage: ""control.finance_config.manage"", cycleTemplateManage: ""control.cycle_template.manage"", connectorManage: ""control.connector.manage"", runtimeCommandManage: ""control.runtime_command.manage"", runtimeCommandApprove: ""control.runtime_command.approve"", runtim"
server/packages/contracts/control-admin/src/index.ts,35,permission,literal_permission_candidate,control.runtime_history.read,application_source,"export const controlAdminPermissions = { catalogRead: ""control.catalog.read"", catalogPublish: ""control.catalog.publish"", tenantOverrideManage: ""control.tenant_override.manage"", financeConfigManage: ""control.finance_config.manage"", cycleTemplateManage: ""control.cycle_template.manage"", connectorManage: ""control.connector.manage"", runtimeCommandManage: ""control.runtime_command.manage"", runtimeCommandApprove: ""control.runtime_command.approve"", runtim"
server/packages/contracts/entity-governance/src/entity-change-case.ts,59,permission,literal_permission_candidate,neon.relationship.entity_case.create,application_source,"create: ""neon.relationship.entity_case.create"","
server/packages/contracts/entity-governance/src/entity-change-case.ts,60,permission,literal_permission_candidate,neon.relationship.entity_case.read,application_source,"read: ""neon.relationship.entity_case.read"","
server/packages/contracts/entity-governance/src/entity-change-case.ts,61,permission,literal_permission_candidate,neon.relationship.entity_case.update,application_source,"update: ""neon.relationship.entity_case.update"","
server/packages/contracts/entity-governance/src/entity-change-case.ts,63,permission,literal_permission_candidate,neon.relationship.entity_case.submit,application_source,"submit: ""neon.relationship.entity_case.submit"","
server/packages/contracts/entity-governance/src/entity-change-case.ts,64,permission,literal_permission_candidate,neon.relationship.entity_case.decide,application_source,"decide: ""neon.relationship.entity_case.decide"","
server/packages/contracts/entity-governance/src/entity-change-case.ts,65,permission,literal_permission_candidate,neon.relationship.entity_case.materialize,application_source,"apply: ""neon.relationship.entity_case.materialize"","
server/packages/contracts/entity-governance/src/entity-change-case.ts,72,permission,literal_permission_candidate,neon.relationship.business_partner.read,application_source,"read: ""neon.relationship.business_partner.read"","
server/packages/contracts/entity-governance/src/entity-change-case.ts,91,entity,entity_literal_reference,supplier,application_source,"export type BusinessPartnerRequestedRole = ""supplier"" | ""customer"";"
server/packages/contracts/entity-governance/src/entity-change-case.ts,91,entity,entity_literal_reference,customer,application_source,"export type BusinessPartnerRequestedRole = ""supplier"" | ""customer"";"
server/packages/contracts/entity-governance/src/entity-change-case.ts,210,entity,entity_literal_reference,supplier,application_source,"readonly partnerRole?: ""supplier"" | ""customer"";"
server/packages/contracts/entity-governance/src/entity-change-case.ts,210,entity,entity_literal_reference,customer,application_source,"readonly partnerRole?: ""supplier"" | ""customer"";"
server/packages/contracts/entity-governance/src/entity-change-case.ts,567,entity,entity_literal_reference,supplier,application_source,"partnerRole?: ""supplier"" | ""customer"";"
server/packages/contracts/entity-governance/src/entity-change-case.ts,567,entity,entity_literal_reference,customer,application_source,"partnerRole?: ""supplier"" | ""customer"";"
server/packages/contracts/entity-governance/src/entity-change-case.ts,700,entity,entity_literal_reference,supplier,application_source,"readonly partnerRole?: ""supplier"" | ""customer"";"
server/packages/contracts/entity-governance/src/entity-change-case.ts,700,entity,entity_literal_reference,customer,application_source,"readonly partnerRole?: ""supplier"" | ""customer"";"
server/packages/contracts/experience/src/ports.ts,76,entity,entity_literal_reference,supplier,application_source,"readonly role: ""buyer"" | ""supplier"" | ""both"";"
server/packages/contracts/finance/src/foundation.ts,136,entity,entity_literal_reference,currency,application_source,"""book"" | ""period"" | ""currency"""
server/packages/contracts/finance/src/index.test.ts,3,permission,literal_permission_candidate,finance.ledger.post,test_fixture,"describe(""finance contract"", () => { it(""publishes stable codes"", () => { expect(new Set(financeErrorCodes).size).toBe(financeErrorCodes.length); expect(financePermissions.ledgerPost).toBe(""finance.ledger.post"");expect(new Set(Object.values(financePermissions)).size).toBe(Object.values(financePermissions).length);expect(financePermissions).toMatchObject({budgetReverse:""finance.budget.reverse"",budgetRebuild:""finance.budget.rebuild"",ledgerReverse:"""
server/packages/contracts/finance/src/index.test.ts,3,permission,literal_permission_candidate,finance.budget.reverse,test_fixture,"describe(""finance contract"", () => { it(""publishes stable codes"", () => { expect(new Set(financeErrorCodes).size).toBe(financeErrorCodes.length); expect(financePermissions.ledgerPost).toBe(""finance.ledger.post"");expect(new Set(Object.values(financePermissions)).size).toBe(Object.values(financePermissions).length);expect(financePermissions).toMatchObject({budgetReverse:""finance.budget.reverse"",budgetRebuild:""finance.budget.rebuild"",ledgerReverse:"""
server/packages/contracts/finance/src/index.test.ts,3,permission,literal_permission_candidate,finance.budget.rebuild,test_fixture,"describe(""finance contract"", () => { it(""publishes stable codes"", () => { expect(new Set(financeErrorCodes).size).toBe(financeErrorCodes.length); expect(financePermissions.ledgerPost).toBe(""finance.ledger.post"");expect(new Set(Object.values(financePermissions)).size).toBe(Object.values(financePermissions).length);expect(financePermissions).toMatchObject({budgetReverse:""finance.budget.reverse"",budgetRebuild:""finance.budget.rebuild"",ledgerReverse:"""
server/packages/contracts/finance/src/index.test.ts,3,permission,literal_permission_candidate,finance.ledger.reverse,test_fixture,"describe(""finance contract"", () => { it(""publishes stable codes"", () => { expect(new Set(financeErrorCodes).size).toBe(financeErrorCodes.length); expect(financePermissions.ledgerPost).toBe(""finance.ledger.post"");expect(new Set(Object.values(financePermissions)).size).toBe(Object.values(financePermissions).length);expect(financePermissions).toMatchObject({budgetReverse:""finance.budget.reverse"",budgetRebuild:""finance.budget.rebuild"",ledgerReverse:"""
server/packages/contracts/finance/src/index.test.ts,3,permission,literal_permission_candidate,finance.ledger.rebuild,test_fixture,"describe(""finance contract"", () => { it(""publishes stable codes"", () => { expect(new Set(financeErrorCodes).size).toBe(financeErrorCodes.length); expect(financePermissions.ledgerPost).toBe(""finance.ledger.post"");expect(new Set(Object.values(financePermissions)).size).toBe(Object.values(financePermissions).length);expect(financePermissions).toMatchObject({budgetReverse:""finance.budget.reverse"",budgetRebuild:""finance.budget.rebuild"",ledgerReverse:"""
server/packages/contracts/finance/src/index.test.ts,3,permission,literal_permission_candidate,finance.inventory.reverse,test_fixture,"describe(""finance contract"", () => { it(""publishes stable codes"", () => { expect(new Set(financeErrorCodes).size).toBe(financeErrorCodes.length); expect(financePermissions.ledgerPost).toBe(""finance.ledger.post"");expect(new Set(Object.values(financePermissions)).size).toBe(Object.values(financePermissions).length);expect(financePermissions).toMatchObject({budgetReverse:""finance.budget.reverse"",budgetRebuild:""finance.budget.rebuild"",ledgerReverse:"""
server/packages/contracts/finance/src/index.test.ts,3,permission,literal_permission_candidate,finance.inventory.rebuild,test_fixture,"describe(""finance contract"", () => { it(""publishes stable codes"", () => { expect(new Set(financeErrorCodes).size).toBe(financeErrorCodes.length); expect(financePermissions.ledgerPost).toBe(""finance.ledger.post"");expect(new Set(Object.values(financePermissions)).size).toBe(Object.values(financePermissions).length);expect(financePermissions).toMatchObject({budgetReverse:""finance.budget.reverse"",budgetRebuild:""finance.budget.rebuild"",ledgerReverse:"""
server/packages/contracts/finance/src/index.test.ts,3,permission,literal_permission_candidate,finance.tax.reverse,test_fixture,"describe(""finance contract"", () => { it(""publishes stable codes"", () => { expect(new Set(financeErrorCodes).size).toBe(financeErrorCodes.length); expect(financePermissions.ledgerPost).toBe(""finance.ledger.post"");expect(new Set(Object.values(financePermissions)).size).toBe(Object.values(financePermissions).length);expect(financePermissions).toMatchObject({budgetReverse:""finance.budget.reverse"",budgetRebuild:""finance.budget.rebuild"",ledgerReverse:"""
server/packages/contracts/finance/src/index.test.ts,3,permission,literal_permission_candidate,finance.tax.rebuild,test_fixture,"describe(""finance contract"", () => { it(""publishes stable codes"", () => { expect(new Set(financeErrorCodes).size).toBe(financeErrorCodes.length); expect(financePermissions.ledgerPost).toBe(""finance.ledger.post"");expect(new Set(Object.values(financePermissions)).size).toBe(Object.values(financePermissions).length);expect(financePermissions).toMatchObject({budgetReverse:""finance.budget.reverse"",budgetRebuild:""finance.budget.rebuild"",ledgerReverse:"""
server/packages/contracts/finance/src/index.test.ts,3,permission,literal_permission_candidate,finance.close.reverse,test_fixture,"describe(""finance contract"", () => { it(""publishes stable codes"", () => { expect(new Set(financeErrorCodes).size).toBe(financeErrorCodes.length); expect(financePermissions.ledgerPost).toBe(""finance.ledger.post"");expect(new Set(Object.values(financePermissions)).size).toBe(Object.values(financePermissions).length);expect(financePermissions).toMatchObject({budgetReverse:""finance.budget.reverse"",budgetRebuild:""finance.budget.rebuild"",ledgerReverse:"""
server/packages/contracts/finance/src/index.test.ts,3,permission,literal_permission_candidate,finance.close.recover,test_fixture,"describe(""finance contract"", () => { it(""publishes stable codes"", () => { expect(new Set(financeErrorCodes).size).toBe(financeErrorCodes.length); expect(financePermissions.ledgerPost).toBe(""finance.ledger.post"");expect(new Set(Object.values(financePermissions)).size).toBe(Object.values(financePermissions).length);expect(financePermissions).toMatchObject({budgetReverse:""finance.budget.reverse"",budgetRebuild:""finance.budget.rebuild"",ledgerReverse:"""
server/packages/contracts/finance/src/permissions.ts,2,permission,literal_permission_candidate,finance.ledger.business_partner_activity.read,application_source,"businessPartnerActivityRead: ""finance.ledger.business_partner_activity.read"","
server/packages/contracts/finance/src/permissions.ts,3,permission,literal_permission_candidate,finance.ledger.read,application_source,"ledgerRead: ""finance.ledger.read"","
server/packages/contracts/finance/src/permissions.ts,4,permission,literal_permission_candidate,finance.ledger.post,application_source,"ledgerPost: ""finance.ledger.post"","
server/packages/contracts/finance/src/permissions.ts,5,permission,literal_permission_candidate,finance.commitment.post,application_source,"commitmentPost: ""finance.commitment.post"","
server/packages/contracts/finance/src/permissions.ts,6,permission,literal_permission_candidate,finance.period.manage,application_source,"periodManage: ""finance.period.manage"","
server/packages/contracts/finance/src/permissions.ts,7,permission,literal_permission_candidate,finance.period.reopen,application_source,"periodReopen: ""finance.period.reopen"","
server/packages/contracts/finance/src/permissions.ts,8,permission,literal_permission_candidate,finance.budget.manage,application_source,"budgetManage: ""finance.budget.manage"","
server/packages/contracts/finance/src/permissions.ts,9,permission,literal_permission_candidate,finance.budget.read,application_source,"budgetRead: ""finance.budget.read"","
server/packages/contracts/finance/src/permissions.ts,10,permission,literal_permission_candidate,finance.budget.reverse,application_source,"budgetReverse: ""finance.budget.reverse"","
server/packages/contracts/finance/src/permissions.ts,11,permission,literal_permission_candidate,finance.budget.rebuild,application_source,"budgetRebuild: ""finance.budget.rebuild"","
server/packages/contracts/finance/src/permissions.ts,12,permission,literal_permission_candidate,finance.planning.read,application_source,"planningRead: ""finance.planning.read"","
server/packages/contracts/finance/src/permissions.ts,13,permission,literal_permission_candidate,finance.inventory.post,application_source,"inventoryPost: ""finance.inventory.post"","
server/packages/contracts/finance/src/permissions.ts,14,permission,literal_permission_candidate,finance.inventory.read,application_source,"inventoryRead: ""finance.inventory.read"","
server/packages/contracts/finance/src/permissions.ts,15,permission,literal_permission_candidate,finance.inventory.reverse,application_source,"inventoryReverse: ""finance.inventory.reverse"","
server/packages/contracts/finance/src/permissions.ts,16,permission,literal_permission_candidate,finance.inventory.rebuild,application_source,"inventoryRebuild: ""finance.inventory.rebuild"","
server/packages/contracts/finance/src/permissions.ts,17,permission,literal_permission_candidate,finance.tax.calculate,application_source,"taxCalculate: ""finance.tax.calculate"","
server/packages/contracts/finance/src/permissions.ts,18,permission,literal_permission_candidate,finance.tax.read,application_source,"taxRead: ""finance.tax.read"","
server/packages/contracts/finance/src/permissions.ts,19,permission,literal_permission_candidate,finance.tax.reverse,application_source,"taxReverse: ""finance.tax.reverse"","
server/packages/contracts/finance/src/permissions.ts,20,permission,literal_permission_candidate,finance.tax.rebuild,application_source,"taxRebuild: ""finance.tax.rebuild"","
server/packages/contracts/finance/src/permissions.ts,21,permission,literal_permission_candidate,finance.ledger.reverse,application_source,"ledgerReverse: ""finance.ledger.reverse"","
server/packages/contracts/finance/src/permissions.ts,22,permission,literal_permission_candidate,finance.ledger.rebuild,application_source,"ledgerRebuild: ""finance.ledger.rebuild"","
server/packages/contracts/finance/src/permissions.ts,23,permission,literal_permission_candidate,finance.commitment.reverse,application_source,"commitmentReverse: ""finance.commitment.reverse"","
server/packages/contracts/finance/src/permissions.ts,24,permission,literal_permission_candidate,finance.close.execute,application_source,"closeExecute: ""finance.close.execute"","
server/packages/contracts/finance/src/permissions.ts,25,permission,literal_permission_candidate,finance.close.read,application_source,"closeRead: ""finance.close.read"","
server/packages/contracts/finance/src/permissions.ts,26,permission,literal_permission_candidate,finance.close.reverse,application_source,"closeReverse: ""finance.close.reverse"","
server/packages/contracts/finance/src/permissions.ts,27,permission,literal_permission_candidate,finance.close.recover,application_source,"closeRecover: ""finance.close.recover"","
server/packages/contracts/finance/src/permissions.ts,28,permission,literal_permission_candidate,finance.planning.run,application_source,"planningRun: ""finance.planning.run"","
server/packages/contracts/finance/src/permissions.ts,29,permission,literal_permission_candidate,finance.planning.approve,application_source,"planningApprove: ""finance.planning.approve"","
server/packages/contracts/finance/src/permissions.ts,30,permission,literal_permission_candidate,finance.numbering.allocate,application_source,"numberingAllocate: ""finance.numbering.allocate"","
server/packages/contracts/finance/src/permissions.ts,31,permission,literal_permission_candidate,finance.numbering.reconcile,application_source,"numberingReconcile: ""finance.numbering.reconcile"","
server/packages/contracts/governance/src/compliance.ts,4,permission,literal_permission_candidate,governance.legal_hold.manage,application_source,"legalHoldManage: ""governance.legal_hold.manage"","
server/packages/contracts/governance/src/compliance.ts,5,permission,literal_permission_candidate,governance.report_pack.generate,application_source,"reportPackGenerate: ""governance.report_pack.generate"","
server/packages/contracts/governance/src/index.test.ts,3,permission,literal_permission_candidate,governance.consent.write,test_fixture,"describe(""governance contract"", () => { it(""publishes stable codes"", () => { expect(new Set(governanceErrorCodes).size).toBe(governanceErrorCodes.length); expect(governancePermissions.consentWrite).toBe(""governance.consent.write""); }); });"
server/packages/contracts/governance/src/index.ts,5,entity,entity_array_literal,principal,application_source,"export const governanceSubjectTypes = [""principal"", ""person"", ""contact_person"", ""business_partner""] as const;"
server/packages/contracts/governance/src/index.ts,5,entity,entity_array_literal,person,application_source,"export const governanceSubjectTypes = [""principal"", ""person"", ""contact_person"", ""business_partner""] as const;"
server/packages/contracts/governance/src/index.ts,5,entity,entity_array_literal,contact_person,application_source,"export const governanceSubjectTypes = [""principal"", ""person"", ""contact_person"", ""business_partner""] as const;"
server/packages/contracts/governance/src/index.ts,5,entity,entity_array_literal,business_partner,application_source,"export const governanceSubjectTypes = [""principal"", ""person"", ""contact_person"", ""business_partner""] as const;"
server/packages/contracts/governance/src/index.ts,146,permission,literal_permission_candidate,governance.consent.read,application_source,"consentRead: ""governance.consent.read"","
server/packages/contracts/governance/src/index.ts,147,permission,literal_permission_candidate,governance.consent.write,application_source,"consentWrite: ""governance.consent.write"","
server/packages/contracts/governance/src/index.ts,148,permission,literal_permission_candidate,governance.moderation.read,application_source,"moderationRead: ""governance.moderation.read"","
server/packages/contracts/governance/src/index.ts,149,permission,literal_permission_candidate,governance.moderation.decide,application_source,"moderationDecide: ""governance.moderation.decide"","
server/packages/contracts/governance/src/index.ts,150,permission,literal_permission_candidate,governance.cycle.execute,application_source,"cycleExecute: ""governance.cycle.execute"","
server/packages/contracts/governance/src/index.ts,151,permission,literal_permission_candidate,governance.cycle.review,application_source,"cycleReview: ""governance.cycle.review"","
server/packages/contracts/governance/src/index.ts,152,permission,literal_permission_candidate,governance.cycle.certify,application_source,"cycleCertify: ""governance.cycle.certify"","
server/packages/contracts/governance/src/index.ts,153,permission,literal_permission_candidate,governance.legal_hold.manage,application_source,"legalHoldManage: ""governance.legal_hold.manage"","
server/packages/contracts/governance/src/index.ts,154,permission,literal_permission_candidate,governance.report_pack.generate,application_source,"reportPackGenerate: ""governance.report_pack.generate"","
server/packages/contracts/master-data/src/ports.ts,41,entity,entity_literal_reference,address,application_source,"createAddressLink(input: Omit<AddressLink, ""id"" | ""address"">, transaction: Transaction): Promise<AddressLink>;"
server/packages/contracts/master-data/src/supplier-onboarding-requirement.ts,16,permission,literal_permission_candidate,neon.relationship.entity_case.create,application_source,"createPermission: ""neon.relationship.entity_case.create"","
server/packages/contracts/master-data/src/supplier-onboarding-requirement.ts,17,permission,literal_permission_candidate,neon.relationship.entity_case.update,application_source,"updatePermission: ""neon.relationship.entity_case.update"","
server/packages/contracts/master-data/src/supplier-onboarding-requirement.ts,18,permission,literal_permission_candidate,neon.relationship.entity_case.read,application_source,"readPermission: ""neon.relationship.entity_case.read"","
server/packages/contracts/meta-entity-authoring/src/model.ts,22,mfa,mfa_identifier_reference,requiresMfa,application_source,export interface MetaEntityOperation { readonly id?:string;readonly operationKey:string;readonly fieldKeys?:readonly string[];readonly operationKind:string;readonly label:string;readonly description?:string;readonly handlerKey?:string;readonly permissionCode?:string;readonly executionMode?:string;readonly idempotencyMode?:string;readonly inputSurfaceKey?:string;readonly confirmationSurfaceKey?:string;readonly resultSurfaceKey?:string;readonly req
server/packages/contracts/metadata/src/__tests__/api.test.ts,6,entity,entity_property_literal,business_partner,test_fixture,"const descriptor = { schema: ""athyper.entity-runtime-descriptor/1.0"", entityCode: ""business_partner"", planeKey: ""neon"", releaseId: ""release-1"", releaseNo: 1, contractHash: ""a"".repeat(64), compiledHash: ""b"".repeat(64), storage: { schema: ""master"", object: ""business_partner"", idField: ""id"", tenantField: ""tenant_id"", versionField: ""row_version"", statusField: ""status"" }, fields: [], operations: {} } as const satisfies EntityRuntimeDescriptor;"
server/packages/contracts/metadata/src/__tests__/api.test.ts,6,entity,entity_literal_reference,business_partner,test_fixture,"const descriptor = { schema: ""athyper.entity-runtime-descriptor/1.0"", entityCode: ""business_partner"", planeKey: ""neon"", releaseId: ""release-1"", releaseNo: 1, contractHash: ""a"".repeat(64), compiledHash: ""b"".repeat(64), storage: { schema: ""master"", object: ""business_partner"", idField: ""id"", tenantField: ""tenant_id"", versionField: ""row_version"", statusField: ""status"" }, fields: [], operations: {} } as const satisfies EntityRuntimeDescriptor;"
server/packages/contracts/metadata/src/__tests__/entity-ai.test.ts,4,entity,entity_property_literal,business_partner,test_fixture,"const context = { entityCode: ""business_partner"", planeKey: ""neon"", fields: [{ key: ""code"", searchable: true }, { key: ""secret"" }, { key: ""parent"", reference: true }], operationKeys: [""read""] };"
server/packages/contracts/metadata/src/__tests__/entity-ai.test.ts,18,entity,entity_array_literal,supplier,test_fixture,"{ aliases: [""Supplier"", ""supplier""] }, { aliases: [""\nSupplier""] }, { contextKinds: [""all_data""] },"
server/packages/contracts/metadata/src/__tests__/entity-ai.test.ts,43,entity,entity_array_literal,entity_case,test_fixture,"expect(parseEntityAiDescriptor({ ...config, relationshipKeys: [""entity_case""] }, { ...context, collectionSourceRef: ""entity_case"" }).relationshipKeys).toEqual([""entity_case""]);"
server/packages/contracts/metadata/src/__tests__/entity-ai.test.ts,43,entity,entity_literal_reference,entity_case,test_fixture,"expect(parseEntityAiDescriptor({ ...config, relationshipKeys: [""entity_case""] }, { ...context, collectionSourceRef: ""entity_case"" }).relationshipKeys).toEqual([""entity_case""]);"
server/packages/contracts/metadata/src/__tests__/entity-ai.test.ts,44,entity,entity_array_literal,entity_case,test_fixture,"expect(() => parseEntityAiDescriptor({ ...config, relationshipKeys: [""entity_case""] }, context)).toThrow();"
server/packages/contracts/metadata/src/__tests__/entity-ai.test.ts,55,entity,entity_array_literal,business_partner,test_fixture,"it.each([[""business_partner"", ""neon""], [""network_relationship"", ""mesh""], [""metadata_entity"", ""studio""]])(""admits the generic record capability for %s in %s"", (entityCode, planeKey) => {"
server/packages/contracts/metadata/src/__tests__/entity-ai.test.ts,55,entity,entity_array_literal,network_relationship,test_fixture,"it.each([[""business_partner"", ""neon""], [""network_relationship"", ""mesh""], [""metadata_entity"", ""studio""]])(""admits the generic record capability for %s in %s"", (entityCode, planeKey) => {"
server/packages/contracts/metadata/src/__tests__/entity-ai.test.ts,55,entity,entity_array_literal,metadata_entity,test_fixture,"it.each([[""business_partner"", ""neon""], [""network_relationship"", ""mesh""], [""metadata_entity"", ""studio""]])(""admits the generic record capability for %s in %s"", (entityCode, planeKey) => {"
server/packages/contracts/metadata/src/__tests__/entity-ai.test.ts,64,entity,entity_property_literal,network_relationship,test_fixture,"expect(() => parseEntityAiDescriptor(value, {...context, entityCode: ""network_relationship"", planeKey: ""mesh""})).toThrow();"
server/packages/contracts/metadata/src/__tests__/entity-canonical-read-admission.test.ts,9,permission,literal_permission_candidate,target.read,test_fixture,"{ key: ""read"", effect: ""read"", permissionCode: ""target.read"" },"
server/packages/contracts/metadata/src/__tests__/entity-canonical-read-admission.test.ts,10,permission,literal_permission_candidate,target.write,test_fixture,"{ key: ""write"", effect: ""write"", permissionCode: ""target.write"" },"
server/packages/contracts/metadata/src/__tests__/entity-canonical-read-admission.test.ts,23,permission,literal_permission_candidate,source.read,test_fixture,"sourcePermissionCode: ""source.read"","
server/packages/contracts/metadata/src/__tests__/entity-canonical-read-admission.test.ts,24,permission,literal_permission_candidate,target.read,test_fixture,"targetPermissionCode: ""target.read"","
server/packages/contracts/metadata/src/__tests__/entity-canonical-read-admission.test.ts,43,permission,literal_permission_candidate,source.write,test_fixture,"sourcePermissionCode: ""source.write"","
server/packages/contracts/metadata/src/__tests__/entity-canonical-read-admission.test.ts,44,permission,literal_permission_candidate,target.write,test_fixture,"targetPermissionCode: ""target.write"","
server/packages/contracts/metadata/src/__tests__/entity-canonical-read-admission.test.ts,50,permission,literal_permission_candidate,wrong.read,test_fixture,"{ ...contract.transitions[0], targetPermissionCode: ""wrong.read"" },"
server/packages/contracts/metadata/src/__tests__/entity-canonical-read-admission.test.ts,115,permission,literal_permission_candidate,target.discover,test_fixture,"permissionCode: ""target.discover"","
server/packages/contracts/metadata/src/__tests__/entity-canonical-read-admission.test.ts,124,permission,literal_permission_candidate,target.read,test_fixture,"permissionCode: ""target.read"","
server/packages/contracts/metadata/src/atlas-learning.ts,29,entity,entity_array_literal,locale,application_source,"if (Object.keys(v).some(key => ![""schemaVersion"", ""candidateId"", ""feedbackId"", ""locale"", ""phrase"", ""capabilityId""].includes(key)) || v.schemaVersion !== 1 || v.locale !== ""en"") throw new TypeError(""Invalid learning proposal version or locale"");"
server/packages/contracts/metadata/src/collection-relationship.ts,4,entity,entity_literal_reference,entity_case,application_source,"schema: ""document"", object: ""entity_case"", idField: ""id"", tenantField: ""tenant_id"","
server/packages/contracts/metadata/src/collection-relationship.ts,18,entity,entity_literal_reference,entity_case,application_source,"readonly sourceRef: ""entity_case"";"
server/packages/contracts/metadata/src/collection-relationship.ts,30,entity,entity_comparison,entity_case,application_source,"if(value.schemaVersion!==1 || value.sourceRef!==""entity_case"")throw new TypeError(""Unregistered collection source or version"");"
server/packages/contracts/metadata/src/common-reference-permission.ts,4,permission,literal_permission_candidate,common.platform.reference.view,application_source,"export const COMMON_REFERENCE_VIEW_PERMISSION = ""common.platform.reference.view"";"
server/packages/contracts/metadata/src/descriptors.ts,317,permission,literal_permission_candidate,common.platform.reference.view,application_source,"readonly referenceCapability?: ""common.platform.reference.view"";"
server/packages/contracts/metadata/src/entity-ai.ts,71,entity,entity_property_literal,business_partner,application_source,"entityCode: ""business_partner"","
server/packages/contracts/metadata/src/entity-ai.ts,76,entity,entity_property_literal,business_partner,application_source,"entityCode: ""business_partner"","
server/packages/contracts/metadata/src/entity-ai.ts,81,entity,entity_property_literal,business_partner,application_source,"entityCode: ""business_partner"","
server/packages/contracts/metadata/src/entity-ai.ts,86,entity,entity_property_literal,business_partner,application_source,"entityCode: ""business_partner"","
server/packages/contracts/metadata/src/entity-ai.ts,91,entity,entity_property_literal,business_partner,application_source,"entityCode: ""business_partner"","
server/packages/contracts/metadata/src/entity-ai.ts,96,entity,entity_property_literal,business_partner,application_source,"entityCode: ""business_partner"","
server/packages/contracts/metadata/src/entity-ai.ts,101,entity,entity_property_literal,business_partner,application_source,"entityCode: ""business_partner"","
server/packages/contracts/metadata/src/entity-ai.ts,106,entity,entity_property_literal,business_partner,application_source,"entityCode: ""business_partner"","
server/packages/contracts/metadata/src/entity-ai.ts,111,entity,entity_property_literal,business_partner,application_source,"entityCode: ""business_partner"","
server/packages/contracts/metadata/src/entity-ai.ts,408,entity,entity_array_literal,locale,application_source,"exactKeys(vocabulary, [""schemaVersion"", ""locale"", ""terms""], ""vocabulary"");"
server/packages/contracts/metadata/src/identity-permissions.ts,3,permission,literal_permission_candidate,common.identity.principal.read,application_source,"""common.identity.principal.read"": ""low"","
server/packages/contracts/metadata/src/identity-permissions.ts,4,permission,literal_permission_candidate,common.identity.principal_profile.read,application_source,"""common.identity.principal_profile.read"": ""low"","
server/packages/contracts/metadata/src/identity-permissions.ts,5,permission,literal_permission_candidate,common.identity.principal_profile.edit,application_source,"""common.identity.principal_profile.edit"": ""medium"","
server/packages/contracts/metadata/src/identity-permissions.ts,6,permission,literal_permission_candidate,common.identity.principal_notification_preference.read,application_source,"""common.identity.principal_notification_preference.read"": ""low"","
server/packages/contracts/metadata/src/identity-permissions.ts,7,permission,literal_permission_candidate,common.identity.principal_notification_preference.edit,application_source,"""common.identity.principal_notification_preference.edit"": ""medium"","
server/packages/contracts/metadata/src/identity-permissions.ts,8,permission,literal_permission_candidate,common.identity.principal_ui_profile.read,application_source,"""common.identity.principal_ui_profile.read"": ""low"","
server/packages/contracts/metadata/src/identity-permissions.ts,9,permission,literal_permission_candidate,common.identity.principal_ui_profile.edit,application_source,"""common.identity.principal_ui_profile.edit"": ""medium"","
server/packages/contracts/metadata/src/identity-permissions.ts,10,permission,literal_permission_candidate,common.identity.principal.administer,application_source,"""common.identity.principal.administer"": ""high"","
server/packages/contracts/publication/src/__tests__/activity-binding.test.ts,16,permission,literal_permission_candidate,common.records.snapshot.capture,test_fixture,"expect(binding.actions.find(action => action.key === ""snapshots_capture"")).toMatchObject({ permissionCode: ""common.records.snapshot.capture"", servicePermissionCode: ""records.snapshot.capture"", idempotency: ""required"" });"
server/packages/contracts/publication/src/__tests__/activity-binding.test.ts,21,permission,literal_permission_candidate,common.platform.reference.view,test_fixture,"if (change === ""permission"") binding.actions[0].permissionCode = ""common.platform.reference.view"";"
server/packages/contracts/publication/src/__tests__/activity-collections.test.ts,22,entity,entity_property_literal,address_link,test_fixture,"sourceEntity: ""address_link"","
server/packages/contracts/publication/src/__tests__/activity-collections.test.ts,59,permission,literal_permission_candidate,common.records.snapshot.capture,test_fixture,"""common.records.snapshot.capture"","
server/packages/contracts/publication/src/__tests__/activity-collections.test.ts,63,permission,literal_permission_candidate,common.audit.event.query,test_fixture,"[""common.audit.event.query"", ""common.records.snapshot.read""].includes("
server/packages/contracts/publication/src/__tests__/activity-collections.test.ts,63,permission,literal_permission_candidate,common.records.snapshot.read,test_fixture,"[""common.audit.event.query"", ""common.records.snapshot.read""].includes("
server/packages/contracts/publication/src/__tests__/activity-collections.test.ts,133,permission,literal_permission_candidate,common.records.snapshot.capture,test_fixture,"expect(binding.actions.map(a=>a.permissionCode)).toContain(""common.records.snapshot.capture"");"
server/packages/contracts/publication/src/__tests__/activity-collections.test.ts,145,permission,literal_permission_candidate,common.audit.event.query,test_fixture,"expect(binding.actions.find(action=>action.key===""timeline_query"")).toMatchObject({permissionCode:""common.audit.event.query""});"
server/packages/contracts/publication/src/__tests__/activity-profile.test.ts,45,permission,literal_permission_candidate,common.audit.event.query,test_fixture,"""common.audit.event.query"","
server/packages/contracts/publication/src/__tests__/activity-profile.test.ts,46,permission,literal_permission_candidate,common.records.snapshot.capture,test_fixture,"""common.records.snapshot.capture"","
server/packages/contracts/publication/src/__tests__/activity-profile.test.ts,47,permission,literal_permission_candidate,common.records.snapshot.read,test_fixture,"""common.records.snapshot.read"","
server/packages/contracts/publication/src/__tests__/activity-profile.test.ts,52,permission,literal_permission_candidate,common.records.snapshot.capture,test_fixture,"permissionCode: ""common.records.snapshot.capture"","
server/packages/contracts/publication/src/__tests__/activity-profile.test.ts,111,permission,literal_permission_candidate,common.platform.reference.view,test_fixture,"{ permissionCode: ""common.platform.reference.view"" },"
server/packages/contracts/publication/src/__tests__/activity-profile.test.ts,215,permission,literal_permission_candidate,common.audit.event.query,test_fixture,").toBe(""common.audit.event.query"");"
server/packages/contracts/publication/src/__tests__/capability-profile.test.ts,19,permission,literal_permission_candidate,common.collaboration.attachment.create,test_fixture,"if (categories.length) expect(binding.actions.find(action => action.key === ""category"")).toEqual({key:""category"",permissionCode:""common.collaboration.attachment.create"",handlerKey:""platform.attachments.category.v1"",concurrency:""none"",idempotency:""none""});"
server/packages/contracts/publication/src/__tests__/common-capability-permissions.test.ts,8,entity,entity_property_literal,country,test_fixture,"schemaVersion: 1, serviceKey: ""platform.comments.v1"", ownerEntityCode: ""country"","
server/packages/contracts/publication/src/__tests__/common-capability-permissions.test.ts,25,permission,constructed_permission_candidate,"`common.collaboration.${kind === ""comments"" ? ""comment"" : ""attachment""}.${permission}`",test_fixture,"const action = { key, permissionCode: `common.collaboration.${kind === ""comments"" ? ""comment"" : ""attachment""}.${permission}`, handlerKey: `platform.${kind}.${key}.v1` };"
server/packages/contracts/publication/src/__tests__/common-capability-permissions.test.ts,27,permission,literal_permission_candidate,common.platform.reference.view,test_fixture,"expect(isCommonCapabilityAction(kind, { ...action, permissionCode: ""common.platform.reference.view"" })).toBe(false);"
server/packages/contracts/publication/src/__tests__/common-capability-permissions.test.ts,34,permission,constructed_permission_candidate,"`common.collaboration.${kind === ""comments"" ? ""comment"" : ""attachment""}.${key}`",test_fixture,"const action = { key, permissionCode: `common.collaboration.${kind === ""comments"" ? ""comment"" : ""attachment""}.${key}`, handlerKey: `platform.${kind}.${key}.v1` };"
server/packages/contracts/publication/src/__tests__/common-capability-permissions.test.ts,37,permission,literal_permission_candidate,common.platform.reference.view,test_fixture,"expect(isCommonCapabilityAction(kind, { ...action, permissionCode: ""common.platform.reference.view"" })).toBe(false);"
server/packages/contracts/publication/src/__tests__/common-capability-permissions.test.ts,41,permission,literal_permission_candidate,common.collaboration.comment.read,test_fixture,"expect(() => parseCapabilityBinding(binding(""common.collaboration.comment.read""), ""comments"", ""country"")).not.toThrow();"
server/packages/contracts/publication/src/__tests__/common-capability-permissions.test.ts,41,entity,entity_literal_reference,country,test_fixture,"expect(() => parseCapabilityBinding(binding(""common.collaboration.comment.read""), ""comments"", ""country"")).not.toThrow();"
server/packages/contracts/publication/src/__tests__/common-capability-permissions.test.ts,42,permission,literal_permission_candidate,common.platform.reference.view,test_fixture,"for (const code of [""common.platform.reference.view"", ""common.collaboration.comment.create"", ""common.collaboration.attachment.read"", ""common.arbitrary.read""]) {"
server/packages/contracts/publication/src/__tests__/common-capability-permissions.test.ts,42,permission,literal_permission_candidate,common.collaboration.comment.create,test_fixture,"for (const code of [""common.platform.reference.view"", ""common.collaboration.comment.create"", ""common.collaboration.attachment.read"", ""common.arbitrary.read""]) {"
server/packages/contracts/publication/src/__tests__/common-capability-permissions.test.ts,42,permission,literal_permission_candidate,common.collaboration.attachment.read,test_fixture,"for (const code of [""common.platform.reference.view"", ""common.collaboration.comment.create"", ""common.collaboration.attachment.read"", ""common.arbitrary.read""]) {"
server/packages/contracts/publication/src/__tests__/common-capability-permissions.test.ts,43,entity,entity_literal_reference,country,test_fixture,"expect(() => parseCapabilityBinding(binding(code), ""comments"", ""country"")).toThrow(/unsupported common/);"
server/packages/contracts/publication/src/__tests__/compiled-entity-artifact.test.ts,82,entity,entity_property_literal,business_partner,test_fixture,"entityCode: ""business_partner"","
server/packages/contracts/publication/src/__tests__/entity-capabilities.test.ts,25,permission,literal_permission_candidate,common.collaboration.comment.read,test_fixture,"binding.actions = [{ key: ""read"", permissionCode: ""common.collaboration.comment.read"", handlerKey: ""platform.comments.read.v1"", concurrency: ""none"", idempotency: ""none"" }];"
server/packages/contracts/publication/src/__tests__/entity-capabilities.test.ts,32,permission,literal_permission_candidate,common.collaboration.comment.read,test_fixture,"permissions: new Set([""common.collaboration.comment.read""]),"
server/packages/contracts/publication/src/__tests__/entity-capabilities.test.ts,39,permission,literal_permission_candidate,common.collaboration.comment.read,test_fixture,"registry.permissions.add(""common.collaboration.comment.read"");"
server/packages/contracts/publication/src/__tests__/entity-capabilities.test.ts,45,entity,entity_literal_reference,customer,test_fixture,"parseCapabilityDeclaration(undefined, ""comments"", ""customer""),"
server/packages/contracts/publication/src/__tests__/entity-capabilities.test.ts,51,entity,entity_literal_reference,customer,test_fixture,"""customer"","
server/packages/contracts/publication/src/__tests__/entity-capabilities.test.ts,59,entity,entity_literal_reference,business_partner,test_fixture,"""business_partner"","
server/packages/contracts/publication/src/__tests__/entity-capabilities.test.ts,63,permission,literal_permission_candidate,neon.collaboration.comment.read,test_fixture,"new Set([""neon.collaboration.comment.read""]),"
server/packages/contracts/publication/src/__tests__/entity-capabilities.test.ts,186,entity,entity_literal_reference,business_partner,test_fixture,"""business_partner"","
server/packages/contracts/publication/src/__tests__/entity-capabilities.test.ts,251,entity,entity_comparison,customer,test_fixture,"b.ownerEntityCode = ""customer"";"
server/packages/contracts/publication/src/__tests__/entity-capabilities.test.ts,254,entity,entity_literal_reference,customer,test_fixture,"parseCapabilityBinding(b, ""attachments"", ""customer"").maxFileBytes,"
server/packages/contracts/publication/src/__tests__/entity-capabilities.test.ts,257,entity,entity_literal_reference,business_partner,test_fixture,"parseCapabilityBinding(b, ""attachments"", ""business_partner""),"
server/packages/contracts/publication/src/__tests__/entity-capabilities.test.ts,265,entity,entity_literal_reference,business_partner,test_fixture,"expect(()=>parseCapabilityBinding(binding,""comments"",""business_partner"")).toThrow();"
server/packages/contracts/publication/src/__tests__/notification-policy.test.ts,103,entity,entity_property_literal,business_partner,test_fixture,"parentEntityCode: ""business_partner"","
server/packages/contracts/publication/src/__tests__/notification-policy.test.ts,106,entity,entity_literal_reference,business_partner,test_fixture,").toBe(""business_partner"");"
server/packages/contracts/publication/src/activity-permissions.ts,3,permission,literal_permission_candidate,common.audit.event.query,application_source,"""common.audit.event.query"": Object.freeze({ domain: ""audit"", entity: ""event"", operation: ""query"", riskTier: ""low"", servicePermissionCode: ""audit.event.query"" }),"
server/packages/contracts/publication/src/activity-permissions.ts,4,permission,literal_permission_candidate,common.records.snapshot.read,application_source,"""common.records.snapshot.read"": Object.freeze({ domain: ""records"", entity: ""snapshot"", operation: ""read"", riskTier: ""low"", servicePermissionCode: ""records.snapshot.read"" }),"
server/packages/contracts/publication/src/activity-permissions.ts,4,permission,literal_permission_candidate,records.snapshot.read,application_source,"""common.records.snapshot.read"": Object.freeze({ domain: ""records"", entity: ""snapshot"", operation: ""read"", riskTier: ""low"", servicePermissionCode: ""records.snapshot.read"" }),"
server/packages/contracts/publication/src/activity-permissions.ts,5,permission,literal_permission_candidate,common.records.snapshot.capture,application_source,"""common.records.snapshot.capture"": Object.freeze({ domain: ""records"", entity: ""snapshot"", operation: ""capture"", riskTier: ""medium"", servicePermissionCode: ""records.snapshot.capture"" }),"
server/packages/contracts/publication/src/activity-policy.ts,43,permission,literal_permission_candidate,common.audit.event.query,application_source,"permissionCode: ""common.audit.event.query"","
server/packages/contracts/publication/src/activity-policy.ts,49,permission,literal_permission_candidate,common.audit.event.query,application_source,"permissionCode: ""common.audit.event.query"","
server/packages/contracts/publication/src/activity-policy.ts,55,permission,literal_permission_candidate,common.audit.event.query,application_source,"permissionCode: ""common.audit.event.query"","
server/packages/contracts/publication/src/activity-policy.ts,61,permission,literal_permission_candidate,common.records.snapshot.read,application_source,"permissionCode: ""common.records.snapshot.read"","
server/packages/contracts/publication/src/activity-policy.ts,62,permission,literal_permission_candidate,records.snapshot.read,application_source,"servicePermissionCode: ""records.snapshot.read"","
server/packages/contracts/publication/src/activity-policy.ts,67,permission,literal_permission_candidate,common.records.snapshot.read,application_source,"permissionCode: ""common.records.snapshot.read"","
server/packages/contracts/publication/src/activity-policy.ts,68,permission,literal_permission_candidate,records.snapshot.read,application_source,"servicePermissionCode: ""records.snapshot.read"","
server/packages/contracts/publication/src/activity-policy.ts,73,permission,literal_permission_candidate,common.records.snapshot.capture,application_source,"permissionCode: ""common.records.snapshot.capture"","
server/packages/contracts/publication/src/common-capability-permissions.ts,41,permission,constructed_permission_candidate,"`common.collaboration.${kind === ""comments"" ? ""comment"" : ""attachment""}.${permissions[key]}`",application_source,"return { key, permissionCode: `common.collaboration.${kind === ""comments"" ? ""comment"" : ""attachment""}.${permissions[key]}`,"
server/packages/contracts/publication/src/notification-policy.ts,114,entity,entity_array_literal,locale,application_source,"[""key"", ""channel"", ""locale"", ""version""],"
server/packages/contracts/publication/src/notification-policy.ts,119,entity,entity_literal_reference,locale,application_source,"const locale = str(v.locale, ""locale"", 16);"
server/packages/contracts/publication/src/notification-policy.ts,133,entity,entity_array_literal,locale,application_source,"[""key"", ""channel"", ""locale"", ""version"", ""subject"", ""bodyText"", ""variables""],"
server/packages/contracts/records/src/ports.ts,71,entity,entity_literal_reference,supplier,application_source,"readonly partnerRole?: ""supplier"" | ""customer"";"
server/packages/contracts/records/src/ports.ts,71,entity,entity_literal_reference,customer,application_source,"readonly partnerRole?: ""supplier"" | ""customer"";"
server/packages/contracts/records/src/query.ts,14,entity,entity_literal_reference,supplier,application_source,"readonly partnerRole?: ""supplier"" | ""customer"";"
server/packages/contracts/records/src/query.ts,14,entity,entity_literal_reference,customer,application_source,"readonly partnerRole?: ""supplier"" | ""customer"";"
server/packages/foundation/src/transaction/__tests__/exact-plane.test.ts,10,entity,entity_literal_reference,principal,test_fixture,"await coordinator.run(""neon"", { tenantId: ""tenant"", principalId: ""principal"" }, async (exact) => {"
server/packages/foundation/src/transaction/__tests__/exact-plane.test.ts,43,entity,entity_literal_reference,principal,test_fixture,"{ tenantId: ""tenant"", principalId: ""principal"" },"
server/packages/foundation/src/transaction/__tests__/exact-plane.test.ts,57,entity,entity_literal_reference,principal,test_fixture,"{ tenantId: ""tenant"", principalId: ""principal"" },"
server/packages/planes/mesh/src/network-relationship-import.ts,12,entity,entity_comparison,network_relationship,application_source,"supports: descriptor => descriptor.planeKey === ""mesh"" && descriptor.entityCode === ""network_relationship"" && descriptor.storage.schema === ""mesh"" && descriptor.storage.object === ""network_relationship"","
server/packages/planes/mesh/src/network-relationship-import.ts,12,entity,entity_literal_reference,network_relationship,application_source,"supports: descriptor => descriptor.planeKey === ""mesh"" && descriptor.entityCode === ""network_relationship"" && descriptor.storage.schema === ""mesh"" && descriptor.storage.object === ""network_relationship"","
server/packages/planes/mesh/src/record-collection-scope.ts,11,entity,entity_literal_reference,supplier,application_source,"readonly role: ""buyer"" | ""supplier"" | ""both"";"
server/packages/planes/mesh/src/record-collection-scope.ts,42,entity,entity_comparison,network_relationship,application_source,"return (input.operationCode === ""read"" || input.operationCode === ""import"") && descriptor.planeKey === ""mesh"" && descriptor.entityCode === ""network_relationship"" && descriptor.storage.schema === ""mesh"" && descriptor.storage.object === ""network_relationship"";"
server/packages/planes/mesh/src/record-collection-scope.ts,42,entity,entity_literal_reference,network_relationship,application_source,"return (input.operationCode === ""read"" || input.operationCode === ""import"") && descriptor.planeKey === ""mesh"" && descriptor.entityCode === ""network_relationship"" && descriptor.storage.schema === ""mesh"" && descriptor.storage.object === ""network_relationship"";"
server/packages/planes/neon/src/finance-http.test.ts,20,permission,literal_permission_candidate,finance.budget.manage,test_fixture,"allowed: [""finance.budget.manage""],"
server/packages/planes/neon/src/finance-http.ts,82,permission,literal_permission_candidate,finance.planning.run,application_source,"point.code === ""finance.planning.run"" &&"
server/packages/planes/neon/src/finance-http.ts,85,permission,literal_permission_candidate,finance.planning.approve,application_source,"? ""finance.planning.approve"""
server/packages/planes/neon/src/finance-http.ts,121,permission,literal_permission_candidate,finance.budget.reverse,application_source,"""finance.budget.reverse"","
server/packages/planes/neon/src/finance-http.ts,122,permission,literal_permission_candidate,finance.commitment.reverse,application_source,"""finance.commitment.reverse"","
server/packages/planes/neon/src/finance-http.ts,123,permission,literal_permission_candidate,finance.tax.reverse,application_source,"""finance.tax.reverse"","
server/packages/planes/neon/src/finance-http.ts,127,permission,literal_permission_candidate,finance.budget.reverse,application_source,"if (code === ""finance.budget.reverse"") {"
server/packages/planes/neon/src/finance-http.ts,135,permission,literal_permission_candidate,finance.commitment.reverse,application_source,"} else if (code === ""finance.commitment.reverse"")"
server/packages/planes/neon/src/finance-http.ts,152,permission,literal_permission_candidate,finance.budget.reverse,application_source,"case ""finance.budget.reverse"":"
server/packages/planes/neon/src/finance-http.ts,158,permission,literal_permission_candidate,finance.budget.rebuild,application_source,"case ""finance.budget.rebuild"":"
server/packages/planes/neon/src/finance-http.ts,160,permission,literal_permission_candidate,finance.planning.run,application_source,"case ""finance.planning.run"": {"
server/packages/planes/neon/src/finance-http.ts,242,permission,literal_permission_candidate,finance.commitment.reverse,application_source,"case ""finance.commitment.reverse"": {"
server/packages/planes/neon/src/finance-http.ts,245,permission,literal_permission_candidate,finance.commitment.reverse,application_source,"requirePermission(actor, ""finance.commitment.reverse"");"
server/packages/planes/neon/src/finance-http.ts,266,permission,literal_permission_candidate,finance.inventory.reverse,application_source,"case ""finance.inventory.reverse"":"
server/packages/planes/neon/src/finance-http.ts,286,permission,literal_permission_candidate,finance.inventory.rebuild,application_source,"case ""finance.inventory.rebuild"": {"
server/packages/planes/neon/src/finance-http.ts,297,permission,literal_permission_candidate,finance.tax.calculate,application_source,"case ""finance.tax.calculate"":"
server/packages/planes/neon/src/finance-http.ts,298,permission,literal_permission_candidate,finance.tax.reverse,application_source,"case ""finance.tax.reverse"":"
server/packages/planes/neon/src/finance-http.ts,320,permission,literal_permission_candidate,finance.tax.rebuild,application_source,"case ""finance.tax.rebuild"":"
server/packages/planes/neon/src/finance-http.ts,332,permission,literal_permission_candidate,finance.close.reverse,application_source,"case ""finance.close.reverse"":"
server/packages/planes/neon/src/finance-http.ts,333,permission,literal_permission_candidate,finance.close.recover,application_source,"case ""finance.close.recover"": {"
server/packages/planes/neon/src/finance-http.ts,338,permission,literal_permission_candidate,finance.close.recover,application_source,"code === ""finance.close.recover"""
server/packages/planes/neon/src/finance-http.ts,339,permission,literal_permission_candidate,finance.close.recover,application_source,"? ""finance.close.recover"""
server/packages/planes/neon/src/finance-http.ts,342,permission,literal_permission_candidate,finance.close.reverse,application_source,"requirePermission(actor, ""finance.close.reverse"");"
server/packages/planes/neon/src/finance-http.ts,343,permission,literal_permission_candidate,finance.close.reverse,application_source,"if (code === ""finance.close.reverse"") {"
server/packages/planes/neon/src/finance-jobs.test.ts,6,permission,literal_permission_candidate,finance.planning.run,test_fixture,"const actor={tenantId:""aaaaaaaa-aaaa-4aaa-8aaa-aaaaaaaaaaaa"",principalId:""bbbbbbbb-bbbb-4bbb-8bbb-bbbbbbbbbbbb"",planeKey:""neon"" as const,correlationId:""correlation"",permissionCodes:[""finance.planning.run""]};"
server/packages/planes/neon/src/finance-jobs.ts,5,permission,literal_permission_candidate,finance.close.recover,application_source,"export const financeWorkerNames=[""finance.planning.execute"",""finance.cross_book.execute"",""finance.commitment.fulfill"",""finance.inventory.value-fifo"",""finance.close.fx"",""finance.close.intercompany"",""finance.close.asset-revaluation"",""finance.close.recover""] as const;"
server/packages/planes/neon/src/record-collection-scope.test.ts,11,entity,entity_property_literal,business_partner,test_fixture,"entityCode: ""business_partner"","
server/packages/planes/neon/src/record-collection-scope.test.ts,19,entity,entity_literal_reference,business_partner,test_fixture,"object: ""business_partner"","
server/packages/planes/neon/src/record-collection-scope.test.ts,27,permission,literal_permission_candidate,neon.relationship.business_partner.read,test_fixture,"permissionCode: ""neon.relationship.business_partner.read"","
server/packages/planes/neon/src/record-collection-scope.test.ts,193,entity,entity_property_literal,business_partner_request,test_fixture,"entityCode: ""business_partner_request"","
server/packages/planes/neon/src/record-collection-scope.test.ts,196,entity,entity_literal_reference,entity_case,test_fixture,"sourceRef: ""entity_case"" as const,"
server/packages/planes/neon/src/record-collection-scope.test.ts,199,entity,entity_literal_reference,master.business_partner,test_fixture,"value: ""master.business_partner"","
server/packages/planes/neon/src/record-collection-scope.test.ts,208,entity,entity_literal_reference,entity_case,test_fixture,"object: ""entity_case"","
server/packages/planes/neon/src/record-collection-scope.test.ts,429,entity,entity_literal_reference,supplier,test_fixture,"options: [{ value: ""supplier"", label: ""Supplier"" }],"
server/packages/planes/neon/src/record-collection-scope.test.ts,449,entity,entity_literal_reference,supplier,test_fixture,"coordinate: { partnerRole: ""supplier"" },"
server/packages/planes/neon/src/record-collection-scope.test.ts,460,entity,entity_literal_reference,customer,test_fixture,"coordinate: { partnerRole: ""customer"" },"
server/packages/planes/neon/src/record-collection-scope.test.ts,483,entity,entity_literal_reference,supplier,test_fixture,"partnerRole: ""supplier"","
server/packages/planes/neon/src/record-collection-scope.test.ts,493,entity,entity_literal_reference,supplier,test_fixture,"{ eligibleIds: [""eligible-partner""], partnerRole: ""supplier"" },"
server/packages/planes/neon/src/record-collection-scope.ts,61,entity,entity_array_literal,supplier,application_source,"![""supplier"", ""customer""].includes(input.coordinate.partnerRole)"
server/packages/planes/neon/src/record-collection-scope.ts,61,entity,entity_array_literal,customer,application_source,"![""supplier"", ""customer""].includes(input.coordinate.partnerRole)"
server/packages/planes/neon/src/record-collection-scope.ts,431,entity,entity_comparison,business_partner,application_source,"descriptor.entityCode === ""business_partner"" &&"
server/packages/planes/neon/src/record-collection-scope.ts,433,entity,entity_array_literal,business_partner,application_source,"[""business_partner"", ""business_partner_identity_current""].includes(descriptor.storage.object)"
server/packages/planes/neon/src/register-finance.ts,167,permission,literal_permission_candidate,finance.budget.reverse,application_source,"""finance.budget.reverse"","
server/packages/planes/neon/src/register-finance.ts,173,permission,literal_permission_candidate,finance.budget.rebuild,application_source,"""finance.budget.rebuild"","
server/packages/planes/neon/src/register-finance.ts,177,permission,literal_permission_candidate,finance.planning.run,application_source,"route(""finance.planning.run"", ""manage"", financePermissions.planningRun),"
server/packages/planes/neon/src/register-finance.ts,185,permission,literal_permission_candidate,finance.cross_book.execute,application_source,"route(""finance.cross_book.execute"", ""post"", financePermissions.ledgerPost),"
server/packages/planes/neon/src/register-finance.ts,192,permission,literal_permission_candidate,finance.commitment.reverse,application_source,"""finance.commitment.reverse"","
server/packages/planes/neon/src/register-finance.ts,203,permission,literal_permission_candidate,finance.inventory.reverse,application_source,"""finance.inventory.reverse"","
server/packages/planes/neon/src/register-finance.ts,213,permission,literal_permission_candidate,finance.inventory.rebuild,application_source,"""finance.inventory.rebuild"","
server/packages/planes/neon/src/register-finance.ts,221,permission,literal_permission_candidate,finance.tax.calculate,application_source,"route(""finance.tax.calculate"", ""post"", financePermissions.taxCalculate),"
server/packages/planes/neon/src/register-finance.ts,222,permission,literal_permission_candidate,finance.tax.reverse,application_source,"route(""finance.tax.reverse"", ""reverse"", financePermissions.taxReverse),"
server/packages/planes/neon/src/register-finance.ts,225,permission,literal_permission_candidate,finance.tax.rebuild,application_source,"route(""finance.tax.rebuild"", ""rebuild"", financePermissions.taxRebuild),"
server/packages/planes/neon/src/register-finance.ts,229,permission,literal_permission_candidate,finance.close.run,application_source,"route(""finance.close.run"", ""post"", financePermissions.closeExecute),"
server/packages/planes/neon/src/register-finance.ts,231,permission,literal_permission_candidate,finance.close.reverse,application_source,"route(""finance.close.reverse"", ""reverse"", financePermissions.closeReverse),"
server/packages/planes/neon/src/register-finance.ts,232,permission,literal_permission_candidate,finance.close.recover,application_source,"route(""finance.close.recover"", ""rebuild"", financePermissions.closeRecover),"
server/packages/planes/neon/src/register-finance.ts,236,permission,literal_permission_candidate,finance.close.recover,application_source,"worker(""finance.close.recover""),"
server/packages/planes/neon/src/register-finance.ts,577,permission,literal_permission_candidate,finance.close.recover,application_source,"case ""finance.close.recover"": {"
server/packages/planes/studio/control-authoring/src/cycle-config-authoring-service.test.ts,13,entity,entity_literal_reference,finance.close,test_fixture,"function template(): CycleTemplateDraft { return { cycleType: { id: ""type-1"", code: ""MONTH_END"", name: ""Month end"", domainCode: ""finance.close"", frequency: ""monthly"", cleanCyclePolicy: {}, approvalPolicy: {}, runDataSchema: {}, taskDataSchema: {} }, phases: [], categories: [], tasks: [], dependencies: [], crossDependencies: [], carryForwardRules: [] }; }"
server/packages/planes/studio/meta-entity-authoring/src/__tests__/amend-successor-collaboration.test.ts,41,permission,literal_permission_candidate,common.platform.reference.view,test_fixture,"invalid.definition.capabilities[0].binding.actions[0].permissionCode = ""common.platform.reference.view"";"
server/packages/planes/studio/meta-entity-authoring/src/__tests__/capability-profile-files.test.ts,18,entity,entity_array_literal,country,test_fixture,"for (const ownerEntityCode of [""country"", ""example_reference""]) {"
server/packages/planes/studio/meta-entity-authoring/src/__tests__/collection-configuration.test.ts,78,entity,entity_literal_reference,business_partner,test_fixture,"entity: { code: ""business_partner"", pluralLabel: ""Business Partners"" },"
server/packages/planes/studio/meta-entity-authoring/src/__tests__/collection-relationship.test.ts,22,entity,entity_property_literal,business_partner_request,test_fixture,"schemaVersion: 1 as const, entityCode: ""business_partner_request"", planeKey: ""neon"" as const,"
server/packages/planes/studio/meta-entity-authoring/src/__tests__/collection-relationship.test.ts,23,entity,entity_property_literal,master.business_partner,test_fixture,"subjectEntityCode: ""master.business_partner"", permissionCode: ""neon.relationship.entity_case.read"","
server/packages/planes/studio/meta-entity-authoring/src/__tests__/collection-relationship.test.ts,23,permission,literal_permission_candidate,neon.relationship.entity_case.read,test_fixture,"subjectEntityCode: ""master.business_partner"", permissionCode: ""neon.relationship.entity_case.read"","
server/packages/planes/studio/meta-entity-authoring/src/__tests__/collection-relationship.test.ts,24,entity,embedded_entity_route_or_publication,/app/entity/business_partner_request/:recordId,test_fixture,"detailRouteTemplate: ""/app/entity/business_partner_request/:recordId"","
server/packages/planes/studio/meta-entity-authoring/src/__tests__/collection-relationship.test.ts,112,permission,literal_permission_candidate,neon.other.read,test_fixture,"if (mutation === ""permission"") config.collectionCompilation.permissionCode = ""neon.other.read"";"
server/packages/planes/studio/meta-entity-authoring/src/__tests__/collection-relationship.test.ts,142,entity,entity_literal_reference,business_partner,test_fixture,"graph.runtimeProfiles[0].storageObject = ""business_partner"";"
server/packages/planes/studio/meta-entity-authoring/src/__tests__/development-publication.test.ts,21,entity,entity_property_literal,business_partner,test_fixture,"entity: { entityCode: ""business_partner"" },"
server/packages/planes/studio/meta-entity-authoring/src/__tests__/development-publication.test.ts,78,entity,entity_property_literal,business_partner,test_fixture,"entityCode: ""business_partner"","
server/packages/planes/studio/meta-entity-authoring/src/__tests__/development-publication.test.ts,88,entity,entity_property_literal,business_partner,test_fixture,"entityCode: ""business_partner"","
server/packages/planes/studio/meta-entity-authoring/src/__tests__/development-publication.test.ts,181,permission,literal_permission_candidate,metadata.entity.author,test_fixture,"""metadata.entity.author"","
server/packages/planes/studio/meta-entity-authoring/src/__tests__/development-publication.test.ts,182,permission,literal_permission_candidate,metadata.entity.submit,test_fixture,"""metadata.entity.submit"","
server/packages/planes/studio/meta-entity-authoring/src/__tests__/development-publication.test.ts,183,permission,literal_permission_candidate,metadata.entity.review,test_fixture,"""metadata.entity.review"","
server/packages/planes/studio/meta-entity-authoring/src/__tests__/development-publication.test.ts,184,permission,literal_permission_candidate,metadata.entity.publish,test_fixture,"""metadata.entity.publish"","
server/packages/planes/studio/meta-entity-authoring/src/__tests__/document-collection-publication.test.ts,19,entity,entity_property_literal,business_partner_request,test_fixture,"entityCode: ""business_partner_request"","
server/packages/planes/studio/meta-entity-authoring/src/__tests__/document-collection-publication.test.ts,21,entity,entity_property_literal,master.business_partner,test_fixture,"subjectEntityCode: ""master.business_partner"","
server/packages/planes/studio/meta-entity-authoring/src/__tests__/document-collection-publication.test.ts,22,permission,literal_permission_candidate,neon.relationship.entity_case.read,test_fixture,"permissionCode: ""neon.relationship.entity_case.read"","
server/packages/planes/studio/meta-entity-authoring/src/__tests__/document-collection-publication.test.ts,23,entity,embedded_entity_route_or_publication,/app/entity/business_partner_request/:recordId,test_fixture,"detailRouteTemplate: ""/app/entity/business_partner_request/:recordId"","
server/packages/planes/studio/meta-entity-authoring/src/__tests__/document-collection-publication.test.ts,32,entity,entity_property_literal,business_partner_request,test_fixture,"entity_code: ""business_partner_request"","
server/packages/planes/studio/meta-entity-authoring/src/__tests__/document-collection-publication.test.ts,73,entity,entity_literal_reference,business_partner_request,test_fixture,"expect(f.query.mock.calls[0]![0]).not.toContain(""business_partner_request"");"
server/packages/planes/studio/meta-entity-authoring/src/__tests__/entity-ai.test.ts,7,entity,entity_property_literal,business_partner,test_fixture,"return { contractSchema: ""athyper.meta-entity-contract/2.1"", entity: { entityCode: ""business_partner"" },"
server/packages/planes/studio/meta-entity-authoring/src/__tests__/entity-ai.test.ts,45,entity,entity_array_literal,business_partner,test_fixture,"it.each([""business_partner"", ""network_relationship""])(""compiles the generic record provider for %s through the same authoring path"", entityCode => {"
server/packages/planes/studio/meta-entity-authoring/src/__tests__/entity-ai.test.ts,45,entity,entity_array_literal,network_relationship,test_fixture,"it.each([""business_partner"", ""network_relationship""])(""compiles the generic record provider for %s through the same authoring path"", entityCode => {"
server/packages/planes/studio/meta-entity-authoring/src/__tests__/entity-registration.test.ts,18,entity,entity_property_literal,business_partner,test_fixture,"entityCode: ""business_partner"","
server/packages/planes/studio/meta-entity-authoring/src/__tests__/execution-binding-storage.test.ts,9,entity,entity_property_literal,sample,test_fixture,"? [{ entity_code: ""sample"", entity_class: ""reference"", ownership_model: ""system"" }]"
server/packages/planes/studio/meta-entity-authoring/src/__tests__/graph-builder.test.ts,8,entity,entity_property_literal,country,test_fixture,"entityCode: ""country"", title: ""Countries"", storageObject: ""country"", codeField: ""code"", titleField: ""name"","
server/packages/planes/studio/meta-entity-authoring/src/__tests__/graph-builder.test.ts,8,entity,entity_literal_reference,country,test_fixture,"entityCode: ""country"", title: ""Countries"", storageObject: ""country"", codeField: ""code"", titleField: ""name"","
server/packages/planes/studio/meta-entity-authoring/src/__tests__/graph-builder.test.ts,26,permission,literal_permission_candidate,common.platform.reference.view,test_fixture,"capabilities[0].binding.actions[0].permissionCode = ""common.platform.reference.view"";"
server/packages/planes/studio/meta-entity-authoring/src/__tests__/graph-editor-routes.test.ts,25,permission,literal_permission_candidate,metadata.entity.author,test_fixture,"allowed: authorized && permissionCode === ""metadata.entity.author"","
server/packages/planes/studio/meta-entity-authoring/src/__tests__/graph-preview.test.ts,227,permission,literal_permission_candidate,neon.invoice.read,test_fixture,"permissionCode: ""neon.invoice.read"","
server/packages/planes/studio/meta-entity-authoring/src/__tests__/learning-inbox.test.ts,7,entity,entity_property_literal,business_partner,test_fixture,"const graph:MetaEntityGraph={contractSchema:""athyper.meta-entity-contract/2.1"",entity:{entityCode:""business_partner""},runtimeProfiles:[{profileKey:""default"",backingKind:""virtual"",apiExposure:""catalog_only"",readMode:""none"",writeMode:""none""}],fields:[{id:""field-id"",fieldKey:""code"",dataType:""string"",typeConfig:{kind:""string""}}],operations:[{operationKey:""read"",operationKind:""read"",label:""Read"",auditEventCode:""partner.read""}],surfaces:[{surfaceKey:""d"
server/packages/planes/studio/meta-entity-authoring/src/__tests__/learning-inbox.test.ts,8,entity,entity_property_literal,business_partner,test_fixture,"const proposal:AtlasLearningHandoff={schemaVersion:1,candidateId:""00000000-0000-4000-8000-000000000001"",feedbackId:""00000000-0000-4000-8000-000000000002"",tenantId:""00000000-0000-4000-8000-000000000003"",submittedBy:""00000000-0000-4000-8000-000000000004"",originPlane:""neon"",locale:""en"",phrase:""company snapshot"",capabilityId:""entity_read_record"",entityCode:""business_partner"",sourceReleaseId:""00000000-0000-4000-8000-000000000005"",sourceDescriptorHash:"
server/packages/planes/studio/meta-entity-authoring/src/__tests__/learning-inbox.test.ts,18,entity,entity_property_literal,network_relationship,test_fixture,"for(const patch of [{sourceContractHash:""c"".repeat(64)},{entityCode:""network_relationship""},{capabilityId:""bp_read_contacts""}])expect(()=>applyLearningCorrection(graph,{...proposal,...patch})).toThrow();"
server/packages/planes/studio/meta-entity-authoring/src/__tests__/learning-route-scope.test.ts,11,permission,literal_permission_candidate,studio.platform.catalog.manage,test_fixture,"registerMetaEntityAuthoringRoutes(app,{authenticate:(_q,_s,next)=>next(),readContext:()=>({planeKey:""studio"",tenantId,principalId:""author""}) as never,authorizer:{authorize:async({permissionCode}:any)=>({allowed:permissionCode!==""studio.platform.catalog.manage""})} as never,service:new MetaEntityAuthoringService({repository:repository as never,signer:{} as never,publication:{} as never})});"
server/packages/planes/studio/meta-entity-authoring/src/__tests__/list-experience.test.ts,55,permission,literal_permission_candidate,partner.request.create,test_fixture,"permissionCode: ""partner.request.create"","
server/packages/planes/studio/meta-entity-authoring/src/__tests__/list-experience.test.ts,84,permission,literal_permission_candidate,partner.request.create,test_fixture,"permissions: [{ plane: ""neon"", permissionCode: ""partner.request.create"" }],"
server/packages/planes/studio/meta-entity-authoring/src/__tests__/notification-inspection-routes.test.ts,12,entity,entity_property_literal,business_partner,test_fixture,"({ entityCode: ""business_partner"", releaseId: ""release"" }) as"
server/packages/planes/studio/meta-entity-authoring/src/__tests__/notification-inspection-routes.test.ts,34,permission,literal_permission_candidate,publication.deployment.view,test_fixture,"permissionCode: ""publication.deployment.view"","
server/packages/planes/studio/meta-entity-authoring/src/__tests__/notification-inspection-routes.test.ts,40,entity,entity_literal_reference,business_partner,test_fixture,"""business_partner"","
server/packages/planes/studio/meta-entity-authoring/src/__tests__/product.test.ts,26,entity,entity_literal_reference,country,test_fixture,"expect(result.graph.entity.entityCode).toBe(""country"");"
server/packages/planes/studio/meta-entity-authoring/src/__tests__/product.test.ts,51,entity,entity_array_literal,country,test_fixture,"""country"","
server/packages/planes/studio/meta-entity-authoring/src/__tests__/product.test.ts,279,permission,literal_permission_candidate,common.arbitrary.write,test_fixture,"bad[0].binding.actions[0].permissionCode = ""common.arbitrary.write"";"
server/packages/planes/studio/meta-entity-authoring/src/__tests__/publication-workflow.test.ts,56,permission,literal_permission_candidate,metadata.entity.author,test_fixture,"expect(f.authorize.mock.calls.map(c => c[0])).toEqual([""metadata.entity.author"", ""metadata.entity.submit"", ""metadata.entity.review"", ""metadata.entity.publish""]);"
server/packages/planes/studio/meta-entity-authoring/src/__tests__/publication-workflow.test.ts,56,permission,literal_permission_candidate,metadata.entity.submit,test_fixture,"expect(f.authorize.mock.calls.map(c => c[0])).toEqual([""metadata.entity.author"", ""metadata.entity.submit"", ""metadata.entity.review"", ""metadata.entity.publish""]);"
server/packages/planes/studio/meta-entity-authoring/src/__tests__/publication-workflow.test.ts,56,permission,literal_permission_candidate,metadata.entity.review,test_fixture,"expect(f.authorize.mock.calls.map(c => c[0])).toEqual([""metadata.entity.author"", ""metadata.entity.submit"", ""metadata.entity.review"", ""metadata.entity.publish""]);"
server/packages/planes/studio/meta-entity-authoring/src/__tests__/publication-workflow.test.ts,56,permission,literal_permission_candidate,metadata.entity.publish,test_fixture,"expect(f.authorize.mock.calls.map(c => c[0])).toEqual([""metadata.entity.author"", ""metadata.entity.submit"", ""metadata.entity.review"", ""metadata.entity.publish""]);"
server/packages/planes/studio/meta-entity-authoring/src/__tests__/release-inspection-repository.test.ts,22,entity,entity_property_literal,business_partner,test_fixture,"const graph = { entity: { entityCode: ""business_partner"" } },"
server/packages/planes/studio/meta-entity-authoring/src/__tests__/release-inspection-repository.test.ts,46,entity,entity_property_literal,business_partner,test_fixture,"graph: { entity: { entityCode: ""business_partner"" } },"
server/packages/planes/studio/meta-entity-authoring/src/__tests__/release-inspection-repository.test.ts,59,entity,entity_property_literal,business_partner,test_fixture,"const graph = { entity: { entityCode: ""business_partner"" } };"
server/packages/planes/studio/meta-entity-authoring/src/__tests__/release-inspection-repository.test.ts,82,entity,entity_property_literal,business_partner,test_fixture,"graph: { entity: { entityCode: ""business_partner"" } },"
server/packages/planes/studio/meta-entity-authoring/src/__tests__/release-inspection-routes.test.ts,12,entity,entity_property_literal,business_partner,test_fixture,"entity: { entityCode: ""business_partner"" },"
server/packages/planes/studio/meta-entity-authoring/src/__tests__/release-inspection-routes.test.ts,32,permission,literal_permission_candidate,metadata.entity.author,test_fixture,"allowed: authorized && permissionCode === ""metadata.entity.author"","
server/packages/planes/studio/meta-entity-authoring/src/__tests__/release-inspection-routes.test.ts,82,permission,literal_permission_candidate,publication.deployment.view,test_fixture,"allowed: allowed && permissionCode === ""publication.deployment.view"","
server/packages/planes/studio/meta-entity-authoring/src/__tests__/reviewer-read-routes.test.ts,6,mfa,mfa_literal_or_route,allows tenant-scoped reviewer reads while preserving author-only writes and MFA,test_fixture,"it(""allows tenant-scoped reviewer reads while preserving author-only writes and MFA"", async () => {"
server/packages/planes/studio/meta-entity-authoring/src/__tests__/reviewer-read-routes.test.ts,27,permission,literal_permission_candidate,metadata.entity.review,test_fixture,"if (permissionCode !== ""metadata.entity.review"" || !reviewer)"
server/packages/planes/studio/meta-entity-authoring/src/__tests__/reviewer-read-routes.test.ts,32,mfa,mfa_literal_or_route,mfa_required,test_fixture,": { allowed: false, reason: ""mfa_required"" };"
server/packages/planes/studio/meta-entity-authoring/src/__tests__/reviewer-read-routes.test.ts,99,mfa,mfa_literal_or_route,mfa_required,test_fixture,"expect(await res.json()).toMatchObject({ reason: ""mfa_required"", code: ""MFA_REQUIRED"", status: 403 });"
server/packages/planes/studio/meta-entity-authoring/src/__tests__/reviewer-read-routes.test.ts,99,mfa,mfa_literal_or_route,MFA_REQUIRED,test_fixture,"expect(await res.json()).toMatchObject({ reason: ""mfa_required"", code: ""MFA_REQUIRED"", status: 403 });"
server/packages/planes/studio/meta-entity-authoring/src/__tests__/table-product.test.ts,6,entity,entity_array_literal,principal,test_fixture,"for (const entity of [""principal"", ""principal_profile"", ""principal_notification_preference"", ""principal_ui_profile""]) it(`compiles ${entity} through standard entity graphs on all three planes`, () => {"
server/packages/planes/studio/meta-entity-authoring/src/__tests__/table-product.test.ts,6,entity,entity_array_literal,principal_profile,test_fixture,"for (const entity of [""principal"", ""principal_profile"", ""principal_notification_preference"", ""principal_ui_profile""]) it(`compiles ${entity} through standard entity graphs on all three planes`, () => {"
server/packages/planes/studio/meta-entity-authoring/src/__tests__/table-product.test.ts,6,entity,entity_array_literal,principal_notification_preference,test_fixture,"for (const entity of [""principal"", ""principal_profile"", ""principal_notification_preference"", ""principal_ui_profile""]) it(`compiles ${entity} through standard entity graphs on all three planes`, () => {"
server/packages/planes/studio/meta-entity-authoring/src/__tests__/table-product.test.ts,6,entity,entity_array_literal,principal_ui_profile,test_fixture,"for (const entity of [""principal"", ""principal_profile"", ""principal_notification_preference"", ""principal_ui_profile""]) it(`compiles ${entity} through standard entity graphs on all three planes`, () => {"
server/packages/planes/studio/meta-entity-authoring/src/__tests__/table-product.test.ts,17,entity,entity_literal_reference,principal_profile,test_fixture,"const product = source(""principal_profile"");"
server/packages/planes/studio/meta-entity-authoring/src/__tests__/table-product.test.ts,24,entity,entity_property_literal,principal_profile,test_fixture,"const relation = parseEntityRelationships([{key:""profile"",targetEntity:""principal_profile"",cardinality:""zero_or_one"",fields:[{source:""id"",target:""principal_id""}],tenant:{source:""tenant_id"",target:""tenant_id""},readOperation:""list""}])[0]!;"
server/packages/planes/studio/meta-entity-authoring/src/__tests__/table-product.test.ts,25,entity,entity_property_literal,principal,test_fixture,"const owner = {entityCode:""principal"",plane:""neon"",tenantField:""tenant_id"",fields:{id:""uuid"",tenant_id:""uuid""},operations:[""list"",""read""],uniqueKeys:[[""id""]]};"
server/packages/planes/studio/meta-entity-authoring/src/__tests__/table-product.test.ts,26,entity,entity_property_literal,principal_profile,test_fixture,"const child = {entityCode:""principal_profile"",plane:""neon"",tenantField:""tenant_id"",fields:{id:""uuid"",tenant_id:""uuid"",principal_id:""uuid""},operations:[""list"",""read""],uniqueKeys:[[""tenant_id"",""principal_id""]]};"
server/packages/planes/studio/meta-entity-authoring/src/__tests__/table-product.test.ts,34,entity,entity_literal_reference,principal_ui_profile,test_fixture,"const {graph}=compileTableEntityProduct(parseTableEntityProduct(source(""principal_ui_profile"")),""neon"");"
server/packages/planes/studio/meta-entity-authoring/src/authoring/country-ai.test.ts,35,permission,literal_permission_candidate,common.platform.reference.view,test_fixture,"binding.permissionCode === ""common.platform.reference.view"","
server/packages/planes/studio/meta-entity-authoring/src/authoring/principal-products.test.ts,12,entity,entity_array_literal,principal,test_fixture,"it.each([""principal"", ""principal_notification_preference"", ""principal_ui_profile""])(""%s still compiles for every plane"", (entity) => {"
server/packages/planes/studio/meta-entity-authoring/src/authoring/principal-products.test.ts,12,entity,entity_array_literal,principal_notification_preference,test_fixture,"it.each([""principal"", ""principal_notification_preference"", ""principal_ui_profile""])(""%s still compiles for every plane"", (entity) => {"
server/packages/planes/studio/meta-entity-authoring/src/authoring/principal-products.test.ts,12,entity,entity_array_literal,principal_ui_profile,test_fixture,"it.each([""principal"", ""principal_notification_preference"", ""principal_ui_profile""])(""%s still compiles for every plane"", (entity) => {"
server/packages/planes/studio/meta-entity-authoring/src/authoring/principal-products.test.ts,18,entity,entity_literal_reference,principal,test_fixture,"const detail = source(""principal"").definition.surfaces.find((surface: { surfaceKind: string }) => surface.surfaceKind === ""detail"");"
server/packages/planes/studio/meta-entity-authoring/src/authoring/principal-products.test.ts,25,entity,entity_literal_reference,principal_notification_preference,test_fixture,"const event = bindings(""principal_notification_preference"", ""_event_code"");"
server/packages/planes/studio/meta-entity-authoring/src/authoring/principal-products.test.ts,29,entity,entity_literal_reference,principal_notification_preference,test_fixture,"const list = source(""principal_notification_preference"").definition.surfaces.find((surface: { surfaceKind: string }) => surface.surfaceKind === ""list"");"
server/packages/planes/studio/meta-entity-authoring/src/authoring/principal-products.test.ts,34,entity,entity_literal_reference,principal_ui_profile,test_fixture,"for (const binding of bindings(""principal_ui_profile"", ""_week_start""))"
server/packages/planes/studio/meta-entity-authoring/src/authoring/principal-products.test.ts,39,entity,entity_literal_reference,principal,test_fixture,"const detail = source(""principal"").definition.surfaces.find((surface: { surfaceKind: string }) => surface.surfaceKind === ""detail"");"
server/packages/planes/studio/meta-entity-authoring/src/authoring/principal-products.test.ts,49,entity,entity_literal_reference,principal,test_fixture,"const product = parseTableEntityProduct(source(""principal""), localization);"
server/packages/planes/studio/meta-entity-authoring/src/authoring/principal-products.test.ts,62,entity,entity_literal_reference,principal_ui_profile,test_fixture,"const product = parseTableEntityProduct(source(""principal_ui_profile""), localization);"
server/packages/planes/studio/meta-entity-authoring/src/authoring/reference-batch.test.ts,4,entity,entity_array_literal,currency,test_fixture,"for(const entity of ['currency','language']) it(`qualifies ${entity} through Country's shared read-only reference contract on all planes`,()=>{"
server/packages/planes/studio/meta-entity-authoring/src/authoring/reference-batch.test.ts,4,entity,entity_array_literal,language,test_fixture,"for(const entity of ['currency','language']) it(`qualifies ${entity} through Country's shared read-only reference contract on all planes`,()=>{"
server/packages/planes/studio/meta-entity-authoring/src/authoring/reference-batch.test.ts,11,permission,literal_permission_candidate,common.platform.reference.view,test_fixture,expect(graph.operationPermissions?.every(binding=>binding.permissionCode==='common.platform.reference.view')).toBe(true);
server/packages/planes/studio/meta-entity-authoring/src/authoring/reference-batch.test.ts,13,entity,entity_comparison,currency,test_fixture,if(entity==='currency')expect(graph.fields.find(field=>field.fieldKey==='minor_units')?.dataType).toBe('integer');
server/packages/planes/studio/meta-entity-authoring/src/authoring/reference-choices.test.ts,11,entity,entity_literal_reference,country,test_fixture,"const source = (entity = ""country"") =>"
server/packages/planes/studio/meta-entity-authoring/src/authoring/reference-choices.test.ts,15,entity,entity_array_literal,country,test_fixture,"""country"","
server/packages/planes/studio/meta-entity-authoring/src/authoring/reference-choices.test.ts,16,entity,entity_array_literal,state_region,test_fixture,"""state_region"","
server/packages/planes/studio/meta-entity-authoring/src/authoring/reference-choices.test.ts,17,entity,entity_array_literal,currency,test_fixture,"""currency"","
server/packages/planes/studio/meta-entity-authoring/src/authoring/reference-choices.test.ts,18,entity,entity_array_literal,language,test_fixture,"""language"","
server/packages/planes/studio/meta-entity-authoring/src/authoring/reference-choices.test.ts,19,entity,entity_array_literal,locale,test_fixture,"""locale"","
server/packages/planes/studio/meta-entity-authoring/src/authoring/reference-choices.test.ts,20,entity,entity_array_literal,timezone,test_fixture,"""timezone"","
server/packages/planes/studio/meta-entity-authoring/src/authoring/reference-choices.test.ts,75,entity,entity_literal_reference,state_region,test_fixture,"parseSharedReferenceProduct(source(""state_region"")),"
server/packages/planes/studio/meta-entity-authoring/src/authoring/table-product-ai.test.ts,6,entity,entity_array_literal,principal,test_fixture,"it.each([""principal"", ""principal_notification_preference""])(""projects %s AI authoring and amends only that projection on every plane"", code => {"
server/packages/planes/studio/meta-entity-authoring/src/authoring/table-product-ai.test.ts,6,entity,entity_array_literal,principal_notification_preference,test_fixture,"it.each([""principal"", ""principal_notification_preference""])(""projects %s AI authoring and amends only that projection on every plane"", code => {"
server/packages/planes/studio/meta-entity-authoring/src/authoring/table-product-ai.test.ts,29,entity,entity_literal_reference,principal,test_fixture,"const value = source(""principal"");"
server/packages/planes/studio/meta-entity-authoring/src/authoring/table-product-ai.test.ts,32,entity,entity_literal_reference,principal_profile,test_fixture,"const profile = parseTableEntityProduct(source(""principal_profile""));"
server/packages/planes/studio/meta-entity-authoring/src/authoring/table-product-permissions.test.ts,19,permission,literal_permission_candidate,studio.foundation.principal_probe.read,test_fixture,"binding.permissionCode = ""studio.foundation.principal_probe.read"";"
server/packages/planes/studio/meta-entity-authoring/src/authoring/table-product-permissions.test.ts,23,permission,literal_permission_candidate,studio.foundation.principal_probe.read,test_fixture,"operation.permissionCode = ""studio.foundation.principal_probe.read"";"
server/packages/planes/studio/meta-entity-authoring/src/authoring/table-product-permissions.test.ts,31,permission,constructed_permission_candidate,`${plane}.foundation.principal_probe.read`,test_fixture,"binding.permissionCode === `${plane}.foundation.principal_probe.read`,"
server/packages/planes/studio/meta-entity-authoring/src/authoring/table-product-permissions.test.ts,45,permission,constructed_permission_candidate,`${plane}.foundation.principal_probe.read`,test_fixture,"`${plane}.foundation.principal_probe.read`,"
server/packages/planes/studio/meta-entity-authoring/src/authoring/table-product-permissions.test.ts,53,permission,literal_permission_candidate,common.identity.principal.administer,test_fixture,").toBe(""common.identity.principal.administer"");"
server/packages/planes/studio/meta-entity-authoring/src/authoring/table-product-permissions.test.ts,57,permission,literal_permission_candidate,studio.foundation.principal_probe.read,test_fixture,"""studio.foundation.principal_probe.read"","
server/packages/planes/studio/meta-entity-authoring/src/authoring/table-product-storage-plane.test.ts,22,permission,literal_permission_candidate,neon.workforce.identity.read,test_fixture,"binding.permissionCode = ""neon.workforce.identity.read"";"
server/packages/planes/studio/meta-entity-authoring/src/authoring/table-product-storage-plane.test.ts,31,permission,literal_permission_candidate,neon.workforce.identity.read,test_fixture,"operation.permissionCode = ""neon.workforce.identity.read"";"
server/packages/planes/studio/meta-entity-authoring/src/authoring/table-product-storage-plane.test.ts,44,permission,literal_permission_candidate,neon.workforce.identity.read,test_fixture,"(binding) => binding.permissionCode === ""neon.workforce.identity.read"","
server/packages/planes/studio/meta-entity-authoring/src/authoring/table-product-storage-plane.test.ts,65,permission,literal_permission_candidate,mesh.workforce.identity.read,test_fixture,"(binding) => binding.permissionCode === ""mesh.workforce.identity.read"","
server/packages/planes/studio/meta-entity-authoring/src/authoring/table-product-storage-plane.test.ts,77,permission,literal_permission_candidate,mesh.workforce.identity.read,test_fixture,"operation.permissionCode === ""mesh.workforce.identity.read"","
server/packages/planes/studio/meta-entity-authoring/src/authoring/workforce-products.test.ts,24,entity,entity_array_literal,person,test_fixture,"""person"","
server/packages/planes/studio/meta-entity-authoring/src/authoring/workforce-products.test.ts,25,entity,entity_array_literal,employee,test_fixture,"""employee"","
server/packages/planes/studio/meta-entity-authoring/src/authoring/workforce-products.test.ts,26,entity,entity_array_literal,external_worker,test_fixture,"""external_worker"","
server/packages/planes/studio/meta-entity-authoring/src/authoring/workforce-products.test.ts,27,entity,entity_array_literal,address,test_fixture,"""address"","
server/packages/planes/studio/meta-entity-authoring/src/authoring/workforce-products.test.ts,28,entity,entity_array_literal,person_address_use,test_fixture,"""person_address_use"","
server/packages/planes/studio/meta-entity-authoring/src/authoring/workforce-products.test.ts,49,permission,constructed_permission_candidate,`neon.workforce.${entity}.read`,test_fixture,"(binding) => binding.permissionCode === `neon.workforce.${entity}.read`,"
server/packages/planes/studio/meta-entity-authoring/src/authoring/workforce-products.test.ts,59,entity,entity_literal_reference,employee,test_fixture,"const fields = source(""employee"").definition.fields.map("
server/packages/planes/studio/meta-entity-authoring/src/authoring/workforce-products.test.ts,74,entity,entity_literal_reference,person,test_fixture,"const person = source(""person"").definition;"
server/packages/planes/studio/meta-entity-authoring/src/authoring/workforce-products.test.ts,89,entity,entity_literal_reference,person,test_fixture,"const parent = parseTableEntityProduct(source(""person"")).definition;"
server/packages/planes/studio/meta-entity-authoring/src/authoring/workforce-products.test.ts,122,entity,entity_literal_reference,person,test_fixture,"shape(""person""),"
server/packages/planes/studio/meta-entity-authoring/src/authoring/workforce-products.test.ts,133,entity,entity_array_literal,employee,test_fixture,"for (const code of [""employee"", ""external_worker"", ""person_address_use""]) {"
server/packages/planes/studio/meta-entity-authoring/src/authoring/workforce-products.test.ts,133,entity,entity_array_literal,external_worker,test_fixture,"for (const code of [""employee"", ""external_worker"", ""person_address_use""]) {"
server/packages/planes/studio/meta-entity-authoring/src/authoring/workforce-products.test.ts,133,entity,entity_array_literal,person_address_use,test_fixture,"for (const code of [""employee"", ""external_worker"", ""person_address_use""]) {"
server/packages/planes/studio/meta-entity-authoring/src/authoring/workforce-products.test.ts,146,entity,entity_literal_reference,address,test_fixture,"const address = source(""address"").definition;"
server/packages/planes/studio/meta-entity-authoring/src/collection-authoring-routes.ts,54,permission,literal_permission_candidate,metadata.entity.author,application_source,"if (!(await options.authorize(s, ""metadata.entity.author""))) return;"
server/packages/planes/studio/meta-entity-authoring/src/collection-authoring-routes.ts,77,permission,literal_permission_candidate,metadata.entity.author,application_source,"const c = await options.authorize(s, ""metadata.entity.author"", id);"
server/packages/planes/studio/meta-entity-authoring/src/development-publication.ts,159,permission,literal_permission_candidate,metadata.entity.author,application_source,"await authorize(""metadata.entity.author"", source.changeSet.id);"
server/packages/planes/studio/meta-entity-authoring/src/development-publication.ts,195,permission,literal_permission_candidate,metadata.entity.submit,application_source,"await authorize(""metadata.entity.submit"", saved.id);"
server/packages/planes/studio/meta-entity-authoring/src/development-publication.ts,222,permission,literal_permission_candidate,metadata.entity.review,application_source,"await authorize(""metadata.entity.review"", submitted.changeSet.id);"
server/packages/planes/studio/meta-entity-authoring/src/development-publication.ts,228,permission,literal_permission_candidate,metadata.entity.publish,application_source,"await authorize(""metadata.entity.publish"", approved.id);"
server/packages/planes/studio/meta-entity-authoring/src/entity-authorization.ts,47,entity,entity_literal_reference,network_relationship,application_source,"networkRelationshipId: ""network_relationship"","
server/packages/planes/studio/meta-entity-authoring/src/kysely-authoring-repository.ts,1202,mfa,mfa_literal_or_route,requiresMfa,application_source,"""requiresMfa"","
server/packages/planes/studio/meta-entity-authoring/src/learning-evaluation-receipt.test.ts,6,entity,entity_property_literal,country,test_fixture,"proposal: { candidateId: ""candidate"", proposalHash: ""proposal"", sourceReleaseId: ""source"", sourceDescriptorHash: ""descriptor"", sourceContractHash: ""contract"", entityCode: ""country"", tenantId: ""tenant"", originPlane: ""studio"", submittedBy: ""proposer"" } as AtlasLearningHandoff,"
server/packages/planes/studio/meta-entity-authoring/src/learning-inbox.ts,144,permission,literal_permission_candidate,metadata.entity.review,application_source,"await this.allowed(context, ""metadata.entity.review"", { learningOperation: ""list"" });"
server/packages/planes/studio/meta-entity-authoring/src/learning-inbox.ts,201,permission,literal_permission_candidate,metadata.entity.review,application_source,"await this.allowed(context, ""metadata.entity.review"", { learningOperation: ""reject"", learningInboxId: id });"
server/packages/planes/studio/meta-entity-authoring/src/learning-inbox.ts,230,permission,literal_permission_candidate,metadata.entity.review,application_source,"await this.allowed(context, ""metadata.entity.review"", { learningOperation: ""stage"", learningInboxId: input.id });"
server/packages/planes/studio/meta-entity-authoring/src/learning-inbox.ts,231,permission,literal_permission_candidate,metadata.entity.author,application_source,"await this.allowed(context, ""metadata.entity.author"");"
server/packages/planes/studio/meta-entity-authoring/src/learning-inbox.ts,488,permission,literal_permission_candidate,metadata.entity.publish,application_source,"await this.allowed(context, ""metadata.entity.publish"", { releaseId: release.id });"
server/packages/planes/studio/meta-entity-authoring/src/list-experience.ts,135,mfa,mfa_identifier_reference,requiresMfa,application_source,operation.requiresMfa ||
server/packages/planes/studio/meta-entity-authoring/src/notification-authoring-routes.ts,71,permission,literal_permission_candidate,metadata.entity.author,application_source,"permission = ""metadata.entity.author"","
server/packages/planes/studio/meta-entity-authoring/src/notification-authoring-routes.ts,90,permission,literal_permission_candidate,metadata.entity.author,application_source,"permission = ""metadata.entity.author"","
server/packages/planes/studio/meta-entity-authoring/src/notification-authoring-routes.ts,268,permission,literal_permission_candidate,metadata.entity.validate,application_source,"const l = await load(q, s, ""metadata.entity.validate"");"
server/packages/planes/studio/meta-entity-authoring/src/product-review.test.ts,42,entity,entity_property_literal,address,test_fixture,"entityCode: ""address"","
server/packages/planes/studio/meta-entity-authoring/src/publication-ownership.test.ts,20,permission,literal_permission_candidate,studio.platform.catalog.manage,test_fixture,"authorizer: { authorize: async ({ permissionCode }: { permissionCode: string }) => ({ allowed: permissionCode !== ""studio.platform.catalog.manage"" }) } as never,"
server/packages/planes/studio/meta-entity-authoring/src/publication/amend-successor-ai.test.ts,43,entity,entity_property_literal,principal,test_fixture,"{ ...original, entity: { ...original.entity, entityCode: ""principal"" } },"
server/packages/planes/studio/meta-entity-authoring/src/publication/human-reviewed-publication.test.ts,26,entity,entity_property_literal,address,test_fixture,"const changeSet = { id: changeSetId, entityId, entityCode: ""address"", tenantId: null, status: ""approved"","
server/packages/planes/studio/meta-entity-authoring/src/publication/publication-workflow.ts,90,permission,literal_permission_candidate,metadata.entity.author,application_source,"await actor.authorize(""metadata.entity.author"", p.changeSetId);"
server/packages/planes/studio/meta-entity-authoring/src/publication/publication-workflow.ts,102,permission,literal_permission_candidate,metadata.entity.submit,application_source,"await actor.authorize(""metadata.entity.submit"", p.changeSetId);"
server/packages/planes/studio/meta-entity-authoring/src/publication/publication-workflow.ts,108,permission,literal_permission_candidate,metadata.entity.review,application_source,"await actor.authorize(""metadata.entity.review"", p.changeSetId);"
server/packages/planes/studio/meta-entity-authoring/src/publication/publication-workflow.ts,116,permission,literal_permission_candidate,metadata.entity.publish,application_source,"await actor.authorize(""metadata.entity.publish"", p.changeSetId);"
server/packages/planes/studio/meta-entity-authoring/src/publication/publication-workflow.ts,155,permission,literal_permission_candidate,metadata.entity.author,application_source,"await actor.authorize(""metadata.entity.author"", p.changeSetId);"
server/packages/planes/studio/meta-entity-authoring/src/publication/publication-workflow.ts,164,permission,literal_permission_candidate,metadata.entity.submit,application_source,"await actor.authorize(""metadata.entity.submit"", p.changeSetId);"
server/packages/planes/studio/meta-entity-authoring/src/publication/publication-workflow.ts,170,permission,literal_permission_candidate,metadata.entity.review,application_source,"await actor.authorize(""metadata.entity.review"", p.changeSetId);"
server/packages/planes/studio/meta-entity-authoring/src/publication/publication-workflow.ts,176,permission,literal_permission_candidate,metadata.entity.publish,application_source,"await actor.authorize(""metadata.entity.publish"", p.changeSetId);"
server/packages/planes/studio/meta-entity-authoring/src/publication/table-successor.test.ts,22,entity,embedded_entity_route_or_publication,metadata.entity.principal,test_fixture,"targets: product.planes.map((plane, i) => ({ plane, environment: ""local"", instance: ""dev"", publicationKey: ""metadata.entity.principal"", appliedReleaseId: id(20 + i), sourceReleaseId: id(7), sourceReleaseNo: 1, artifactHash: ""f"".repeat(64), headVersion: 1 })),"
server/packages/planes/studio/meta-entity-authoring/src/publication/table-successor.test.ts,39,permission,literal_permission_candidate,common.identity.principal.read,test_fixture,"expect(target.graph.operationPermissions.every((p: { permissionCode: string }) => p.permissionCode === ""common.identity.principal.read"")).toBe(true);"
server/packages/planes/studio/meta-entity-authoring/src/published-learning-fixtures.test.ts,14,entity,entity_property_literal,sample,test_fixture,"schema: ""atlas-learning-fixtures/1"", entityCode: ""sample"", originPlane: ""neon"", fixtures,"
server/packages/planes/studio/meta-entity-authoring/src/published-learning-fixtures.test.ts,24,entity,entity_property_literal,sample,test_fixture,"entityCode: ""sample"", originPlane: ""neon"", lockedAt: ""2026-10-01T00:00:00.000Z"","
server/packages/planes/studio/meta-entity-authoring/src/routes.ts,31,permission,literal_permission_candidate,publication.deployment.view,application_source,"const context=await allowed(o,s,""publication.deployment.view"");if(!context)return;"
server/packages/planes/studio/meta-entity-authoring/src/routes.ts,43,permission,literal_permission_candidate,metadata.entity.author,application_source,"const c = await allowed(o,s,[""metadata.entity.author"",""metadata.entity.review""]); if(!c)return;"
server/packages/planes/studio/meta-entity-authoring/src/routes.ts,43,permission,literal_permission_candidate,metadata.entity.review,application_source,"const c = await allowed(o,s,[""metadata.entity.author"",""metadata.entity.review""]); if(!c)return;"
server/packages/planes/studio/meta-entity-authoring/src/routes.ts,48,permission,literal_permission_candidate,metadata.entity.author,application_source,"const c = await allowed(o,s,[""metadata.entity.author"",""metadata.entity.review""]); if(!c)return;"
server/packages/planes/studio/meta-entity-authoring/src/routes.ts,48,permission,literal_permission_candidate,metadata.entity.review,application_source,"const c = await allowed(o,s,[""metadata.entity.author"",""metadata.entity.review""]); if(!c)return;"
server/packages/planes/studio/meta-entity-authoring/src/routes.ts,57,permission,literal_permission_candidate,metadata.entity.author,application_source,"const c = await allowed(o, s, [""metadata.entity.author"", ""metadata.entity.review""]);"
server/packages/planes/studio/meta-entity-authoring/src/routes.ts,57,permission,literal_permission_candidate,metadata.entity.review,application_source,"const c = await allowed(o, s, [""metadata.entity.author"", ""metadata.entity.review""]);"
server/packages/planes/studio/meta-entity-authoring/src/routes.ts,64,permission,literal_permission_candidate,publication.deployment.view,application_source,"const c=await allowed(o,s,""publication.deployment.view"",{releaseId:uuid(q.params.id)});"
server/packages/planes/studio/meta-entity-authoring/src/routes.ts,73,permission,literal_permission_candidate,metadata.entity.author,application_source,"const c = await allowed(o, s, [""metadata.entity.author"", ""metadata.entity.review""]);"
server/packages/planes/studio/meta-entity-authoring/src/routes.ts,73,permission,literal_permission_candidate,metadata.entity.review,application_source,"const c = await allowed(o, s, [""metadata.entity.author"", ""metadata.entity.review""]);"
server/packages/planes/studio/meta-entity-authoring/src/routes.ts,77,permission,literal_permission_candidate,metadata.entity.author,application_source,"const c = await allowed(o, s, [""metadata.entity.author"", ""metadata.entity.review""]);"
server/packages/planes/studio/meta-entity-authoring/src/routes.ts,77,permission,literal_permission_candidate,metadata.entity.review,application_source,"const c = await allowed(o, s, [""metadata.entity.author"", ""metadata.entity.review""]);"
server/packages/planes/studio/meta-entity-authoring/src/routes.ts,88,permission,literal_permission_candidate,metadata.entity.author,application_source,"const c = await allowed(o, s, [""metadata.entity.author"", ""metadata.entity.review""]);"
server/packages/planes/studio/meta-entity-authoring/src/routes.ts,88,permission,literal_permission_candidate,metadata.entity.review,application_source,"const c = await allowed(o, s, [""metadata.entity.author"", ""metadata.entity.review""]);"
server/packages/planes/studio/meta-entity-authoring/src/routes.ts,96,permission,literal_permission_candidate,metadata.entity.author,application_source,"const c = await allowed(o, s, [""metadata.entity.author"", ""metadata.entity.review""]);"
server/packages/planes/studio/meta-entity-authoring/src/routes.ts,96,permission,literal_permission_candidate,metadata.entity.review,application_source,"const c = await allowed(o, s, [""metadata.entity.author"", ""metadata.entity.review""]);"
server/packages/planes/studio/meta-entity-authoring/src/routes.ts,108,permission,literal_permission_candidate,metadata.entity.author,application_source,"""metadata.entity.author"","
server/packages/planes/studio/meta-entity-authoring/src/routes.ts,116,permission,literal_permission_candidate,metadata.entity.author,application_source,"const c = await allowed(o, s, ""metadata.entity.author"");"
server/packages/planes/studio/meta-entity-authoring/src/routes.ts,137,permission,literal_permission_candidate,metadata.entity.author,application_source,"const c = await allowed(o, s, ""metadata.entity.author"");"
server/packages/planes/studio/meta-entity-authoring/src/routes.ts,152,permission,literal_permission_candidate,metadata.entity.validate,application_source,"action(app, o, ""validate"", ""metadata.entity.validate"", (id, c) =>"
server/packages/planes/studio/meta-entity-authoring/src/routes.ts,155,permission,literal_permission_candidate,metadata.entity.test,application_source,"action(app, o, ""test"", ""metadata.entity.test"", (id, c) =>"
server/packages/planes/studio/meta-entity-authoring/src/routes.ts,158,permission,literal_permission_candidate,metadata.entity.submit,application_source,"action(app, o, ""submit"", ""metadata.entity.submit"", (id, c, q) =>"
server/packages/planes/studio/meta-entity-authoring/src/routes.ts,165,permission,literal_permission_candidate,metadata.entity.review,application_source,"action(app, o, ""approve"", ""metadata.entity.review"", (id, c, q) =>"
server/packages/planes/studio/meta-entity-authoring/src/routes.ts,177,permission,literal_permission_candidate,metadata.entity.publish,application_source,"""metadata.entity.publish"","
server/packages/planes/studio/meta-entity-authoring/src/routes.ts,196,permission,literal_permission_candidate,metadata.entity.activate,application_source,"const c = await allowed(o, s, ""metadata.entity.activate"", {"
server/packages/planes/studio/meta-entity-authoring/src/routes.ts,213,permission,literal_permission_candidate,metadata.entity.rollback,application_source,"const c = await allowed(o, s, ""metadata.entity.rollback"", {"
server/packages/planes/studio/meta-entity-authoring/src/routes.ts,277,mfa,mfa_literal_or_route,mfa_required,application_source,"if (!reason || decision.reason === ""mfa_required"") reason = decision.reason;"
server/packages/planes/studio/meta-entity-authoring/src/routes.ts,281,mfa,mfa_literal_or_route,mfa_required,application_source,"code: reason === ""mfa_required"" ? ""MFA_REQUIRED"" : ""FORBIDDEN"","
server/packages/planes/studio/meta-entity-authoring/src/routes.ts,281,mfa,mfa_literal_or_route,MFA_REQUIRED,application_source,"code: reason === ""mfa_required"" ? ""MFA_REQUIRED"" : ""FORBIDDEN"","
server/packages/planes/studio/meta-entity-authoring/src/routes.ts,282,mfa,mfa_literal_or_route,mfa_required,application_source,"detail: reason === ""mfa_required"" ? ""This action requires verified MFA."" : ""The current account is not authorized for this action."","
server/packages/planes/studio/meta-entity-authoring/src/routes.ts,282,mfa,mfa_literal_or_route,This action requires verified MFA.,application_source,"detail: reason === ""mfa_required"" ? ""This action requires verified MFA."" : ""The current account is not authorized for this action."","
server/packages/planes/studio/meta-entity-authoring/src/routes.ts,360,permission,literal_permission_candidate,studio.platform.catalog.manage,application_source,"permissionCode: ""studio.platform.catalog.manage"","
server/packages/planes/studio/meta-entity-authoring/src/tenant-learning-extension.postgres.test.ts,44,entity,entity_property_literal,country,test_fixture,"submittedBy: actor.principal_id, originPlane: ""neon"", locale: ""en"", phrase: ""review the country dossier"", capabilityId: ""entity_read_record"", entityCode: ""country"","
server/packages/planes/studio/meta-entity-authoring/src/tenant-learning-extension.postgres.test.ts,68,entity,entity_property_literal,country,test_fixture,"await repository.createDraft({ tenantId: actor.tenant_id, entityId: source!.entityId, entityCode: ""country"", actorId: actor.principal_id,"
server/packages/planes/studio/meta-entity-authoring/src/tenant-learning-extension.test.ts,13,entity,entity_property_literal,country,test_fixture,"entity: { entityCode: ""country"", entityClass: ""reference"", ownershipModel: ""system"" },"
server/packages/planes/studio/meta-entity-authoring/src/tenant-learning-extension.test.ts,18,entity,entity_array_literal,country,test_fixture,"schemaVersion: 1, enabled: true, aliases: [""country""], summaryFieldKeys: [""code""], searchFieldKeys: [],"
server/packages/planes/studio/meta-entity-authoring/src/tenant-learning-extension.test.ts,21,entity,entity_property_literal,country,test_fixture,"const descriptor = { schema: ""athyper.entity-runtime-descriptor/1.0"", entityCode: ""country"", planeKey: ""neon"","
server/packages/planes/studio/meta-entity-authoring/src/tenant-learning-extension.test.ts,22,entity,entity_literal_reference,country,test_fixture,"storage: { schema: ""shared"", object: ""country"" }, authorization: { permission: ""country.read"" },"
server/packages/planes/studio/meta-entity-authoring/src/tenant-learning-extension.test.ts,22,permission,literal_permission_candidate,country.read,test_fixture,"storage: { schema: ""shared"", object: ""country"" }, authorization: { permission: ""country.read"" },"
server/packages/planes/studio/meta-entity-authoring/src/tenant-learning-extension.test.ts,24,entity,entity_property_literal,country,test_fixture,"const source: ProductLearningSource = { sourceTenantId: null, entityId: id(1), entityCode: ""country"", moduleCode: ""fnd"","
server/packages/planes/studio/meta-entity-authoring/src/tenant-learning-extension.test.ts,28,entity,entity_property_literal,country,test_fixture,"originPlane: ""neon"", locale: ""en"", phrase: ""country snapshot"", capabilityId: ""entity_read_record"", entityCode: ""country"","
server/packages/planes/studio/meta-entity-authoring/src/tenant-learning-extension.ts,147,permission,literal_permission_candidate,metadata.entity.author,application_source,"|| !(await authorizer.authorize({ context, permissionCode: ""metadata.entity.author"" })).allowed)"
server/packages/planes/studio/meta-entity-authoring/src/testing/authoring-graph.ts,7,entity,entity_property_literal,sample,test_fixture,"entity: { entityCode: ""sample"" },"
server/packages/planes/studio/onboarding/src/maintenance.ts,23,permission,literal_permission_candidate,studio.onboarding.work_item.resolve,application_source,"const decision = await this.authorizer.authorize({ context: command.context, permissionCode: ""studio.onboarding.work_item.resolve"" });"
server/packages/planes/studio/onboarding/src/saga.test.ts,62,entity,entity_literal_reference,supplier,test_fixture,"desiredState: { role: ""supplier"" },"
server/packages/planes/studio/src/catalog-metadata-reader.ts,8,entity,entity_property_literal,metadata_entity,application_source,"entityCode: ""metadata_entity"","
server/packages/planes/studio/src/catalog-metadata-reader.ts,26,permission,literal_permission_candidate,studio.metadata.contract.view,application_source,"operations: Object.freeze({ read: Object.freeze({ code: ""read"", permissionCode: ""studio.metadata.contract.view"",authorizationMode:""permission_only""as const }),export:Object.freeze({code:""export"",permissionCode:""studio.metadata.contract.view"",authorizationMode:""permission_only""as const}),import:Object.freeze({code:""import"",permissionCode:""studio.metadata.contract.view"",authorizationMode:""permission_only""as const}) }),"
server/packages/planes/studio/src/catalog-metadata-reader.ts,34,entity,entity_comparison,metadata_entity,application_source,"if (context.planeKey === ""studio"" && entityCode === ""metadata_entity"") return Promise.resolve(metadataEntityDescriptor);"
server/packages/planes/studio/src/metadata-draft-import.test.ts,3,permission,literal_permission_candidate,studio.metadata.contract.view,test_fixture,"const graph={contractSchema:""athyper.meta-entity-contract/2.1"",entity:{entityCode:""invoice""},runtimeProfiles:[{profileKey:""default"",backingKind:""virtual"",apiExposure:""catalog_only"",readMode:""none"",writeMode:""none""}],fields:[{fieldKey:""id"",dataType:""uuid"",typeConfig:{kind:""uuid""}}],operations:[{operationKey:""read"",operationKind:""read"",label:""Read"",permissionCode:""studio.metadata.contract.view"",auditEventCode:""invoice.read"",fieldKeys:[""id""]}]};"
server/packages/planes/studio/src/metadata-draft-import.ts,13,entity,entity_comparison,metadata_entity,application_source,"supports:descriptor=>descriptor.planeKey===""studio""&&descriptor.entityCode===""metadata_entity""&&descriptor.storage.schema===""metadata""&&descriptor.storage.object===""entity"","
server/packages/planes/studio/src/record-collection-scope.ts,8,entity,entity_comparison,metadata_entity,application_source,"if ((input.operationCode !== ""read"" && input.operationCode !== ""import"") || descriptor.planeKey !== ""studio"" || descriptor.entityCode !== ""metadata_entity"" || descriptor.storage.schema !== ""metadata"" || descriptor.storage.object !== ""entity"") return tenantRecordCollectionScope();"
server/packages/platform/ai/src/__tests__/a2-operations.test.ts,24,permission,literal_permission_candidate,documents.read,test_fixture,"const source:AtlasKnowledgeSource={id:""10000000-0000-4000-8000-000000000020"",tenantId:context.tenantId,sourceKind:""document"",sourceId:""doc-1"",permissionCode:""documents.read"",status:""active"",createdAt:""2026-08-11T00:00:00Z""}; let persisted="""";"
server/packages/platform/ai/src/__tests__/admin-contracts.test.ts,6,permission,literal_permission_candidate,atlas.admin.manage,test_fixture,"describe(""Atlas admin contracts"",()=>{it(""registers every administration and dashboard route through the contract registry"",()=>{const app=express();registerAtlasAdminRoutes(app,{authenticate:((_req,_res,next)=>next()),readContext:()=>({tenantId:""tenant-1""} as never),authorize:async()=>true,credentials:{} as never,knowledge:{} as never,policies:{} as never,quotas:{} as never,dashboards:{} as never});const contracts=routeContracts(app);expect(cont"
server/packages/platform/ai/src/__tests__/business-context-http.test.ts,55,entity,entity_property_literal,business_partner,test_fixture,"entityCode: ""business_partner"","
server/packages/platform/ai/src/__tests__/direct-section-selection.test.ts,20,entity,entity_literal_reference,address,test_fixture,"aliases: [section, section === ""addresses"" ? ""address"" : ""contact""],"
server/packages/platform/ai/src/__tests__/direct-section-selection.test.ts,46,entity,entity_property_literal,business_partner,test_fixture,"entityCode: ""business_partner"","
server/packages/platform/ai/src/__tests__/entity-section-tool.test.ts,12,permission,literal_permission_candidate,catalog.product.read,test_fixture,"const binding: AtlasEntitySectionBinding = {planeKey, entityCode: ""product"", sectionKey: ""specifications"", toolCode: ""product_specs"", label: ""Product specifications"", aliases: [""specifications"", ""technical details""], readPermission: ""catalog.product.read"", admissionField: ""sku"", recordIdField: ""product_id"", resultKey: ""items"", maxRows: 5, fields: {label: {type: ""string"", maxLength: 80}, approved: {type: ""boolean""}, weight: {type: ""number""}}};"
server/packages/platform/ai/src/__tests__/entity-section-tool.test.ts,42,entity,entity_property_literal,business_partner,test_fixture,"for (const patch of [{entityCode: ""business_partner""}, {recordId: actor.principalId}, {asOf: ""2020-01-01""}]) {"
server/packages/platform/ai/src/__tests__/experience-configuration.test.ts,6,permission,literal_permission_candidate,records.business_partner.read,test_fixture,"const definition:AtlasExperienceDefinition={schema:""atlas-experience-definition/1"",scope:""home"",widgets:[{code:""home.recent"",kind:""recent"",title:""Recent"",enabled:true,planes:[""neon""],order:10},{code:""home.workspaces"",kind:""workspaces"",title:""Workspaces"",enabled:true,planes:[""studio""],order:20}],searchSources:[{code:""bp.records"",kind:""record"",label:""Partners"",enabled:true,planes:[""neon""],permissionCode:""records.business_partner.read"",entityCode:""b"
server/packages/platform/ai/src/__tests__/experience-configuration.test.ts,6,entity,entity_property_literal,business_partner,test_fixture,"const definition:AtlasExperienceDefinition={schema:""atlas-experience-definition/1"",scope:""home"",widgets:[{code:""home.recent"",kind:""recent"",title:""Recent"",enabled:true,planes:[""neon""],order:10},{code:""home.workspaces"",kind:""workspaces"",title:""Workspaces"",enabled:true,planes:[""studio""],order:20}],searchSources:[{code:""bp.records"",kind:""record"",label:""Partners"",enabled:true,planes:[""neon""],permissionCode:""records.business_partner.read"",entityCode:""b"
server/packages/platform/ai/src/__tests__/experience-routes.test.ts,6,permission,literal_permission_candidate,studio.platform.catalog.manage,test_fixture,"describe(""Atlas experience route contracts"",()=>{it(""keeps public projections independent from inference and authoring restricted to Studio catalog administration"",()=>{const app=express();registerAtlasExperienceRoutes(app,{authenticate:((_request,_response,next)=>next()),readContext:()=>({} as never),authorizeAdmin:async()=>true,experience:{} as never});const contracts=routeContracts(app);expect(contracts.map((item)=>item.operationId)).toEqual(["
server/packages/platform/ai/src/__tests__/governance.test.ts,19,entity,entity_literal_reference,supplier,test_fixture,"const gateway = createAtlasRecordDataGateway({ maxRows: 5, maxResponseBytes: 1024, metadata: { getEntityDescriptor: vi.fn(async () => ({ schema: ""athyper.entity-runtime-descriptor/1.0"" as const, entityCode: ""invoice"", planeKey: ""neon"" as const, releaseId: ""r"", releaseNo: 1, contractHash: ""c"", compiledHash: ""descriptor-1"", storage: { schema: ""finance"", object: ""invoice"", idField: ""id"", versionField: ""row_version"" }, fields: [{ key: ""id"", storagePa"
server/packages/platform/ai/src/__tests__/governance.test.ts,19,permission,literal_permission_candidate,records.invoice.read,test_fixture,"const gateway = createAtlasRecordDataGateway({ maxRows: 5, maxResponseBytes: 1024, metadata: { getEntityDescriptor: vi.fn(async () => ({ schema: ""athyper.entity-runtime-descriptor/1.0"" as const, entityCode: ""invoice"", planeKey: ""neon"" as const, releaseId: ""r"", releaseNo: 1, contractHash: ""c"", compiledHash: ""descriptor-1"", storage: { schema: ""finance"", object: ""invoice"", idField: ""id"", versionField: ""row_version"" }, fields: [{ key: ""id"", storagePa"
server/packages/platform/ai/src/__tests__/governance.test.ts,20,entity,entity_array_literal,supplier,test_fixture,"const result = await gateway.query({ context, request: { entityCode: ""invoice"", fields: [""supplier""], limit: 1 } });"
server/packages/platform/ai/src/__tests__/insight-disclosure.test.ts,24,entity,entity_property_literal,business_partner,test_fixture,"scope: candidate({ entityCode: ""business_partner"", fingerprint: ""scope"" }),"
server/packages/platform/ai/src/__tests__/insight-disclosure.test.ts,39,entity,entity_property_literal,business_partner,test_fixture,"entityCode: ""business_partner"","
server/packages/platform/ai/src/__tests__/insight-disclosure.test.ts,183,entity,entity_array_literal,address,test_fixture,"claims: [""identity"", ""address""],"
server/packages/platform/ai/src/__tests__/insight-disclosure.test.ts,200,entity,entity_literal_reference,address,test_fixture,"authorize: async (_c, claim) => claim !== ""address"","
server/packages/platform/ai/src/__tests__/insight-history.test.ts,80,entity,entity_property_literal,business_partner,test_fixture,"const citation = { toolCode: ""bp_read_summary"", coordinate: { entityCode: ""business_partner"", recordId: ""bp-1"", revision: ""1"", descriptorHash: ""d1"" } };"
server/packages/platform/ai/src/__tests__/local-generation.test.ts,26,permission,literal_permission_candidate,neon.ai.agent.use,test_fixture,"expect(await services.admission.resolve({...context,permissions:{...context.permissions,allowed:['neon.ai.agent.use']}})).toMatchObject({readToolsAllowed:false,mutationToolsAllowed:false});"
server/packages/platform/ai/src/__tests__/local-generation.test.ts,32,permission,literal_permission_candidate,neon.ai.agent.use,test_fixture,"const c={...context,permissions:{...context.permissions,allowed:['neon.ai.agent.use']}};"
server/packages/platform/ai/src/__tests__/record-citation.test.ts,14,entity,entity_property_literal,business_partner,test_fixture,"entityCode: ""business_partner"","
server/packages/platform/ai/src/__tests__/record-citation.test.ts,36,entity,entity_property_literal,business_partner,test_fixture,"entityCode: ""business_partner"","
server/packages/platform/ai/src/__tests__/record-citation.test.ts,55,entity,entity_property_literal,business_partner,test_fixture,"metadata: { getEntityDescriptor: async () => ({ entityCode: ""business_partner"", planeKey: context.planeKey, compiledHash: ""schema"", fields: [{ key: ""name"" }], storage: { idField: ""id"" } }) as never },"
server/packages/platform/ai/src/__tests__/record-citation.test.ts,59,entity,entity_property_literal,business_partner,test_fixture,"await expect(gateway.query({ context, request: { entityCode: ""business_partner"", fields: [""name""], limit: 1, group: ""secret"", search: ""secret"", viewRelationships: [{ secret: true }] } as never })).rejects.toThrow(""The requested Atlas query is unavailable."");"
server/packages/platform/ai/src/__tests__/redis-insight-cache.test.ts,16,entity,entity_array_literal,address,test_fixture,"const proof = () => ({ binding, claims: [""identity"", ""address""] });"
server/packages/platform/ai/src/__tests__/redis-insight-cache.test.ts,70,entity,entity_array_literal,address,test_fixture,"claims: [""identity"", ""address""],"
server/packages/platform/ai/src/__tests__/redis-insight-cache.test.ts,81,entity,entity_array_literal,address,test_fixture,"claims: [""identity"", ""address""],"
server/packages/platform/ai/src/__tests__/redis-insight-cache.test.ts,164,entity,entity_array_literal,address,test_fixture,"claims: [""identity"", ""address""],"
server/packages/platform/ai/src/__tests__/repository-review.test.ts,185,permission,literal_permission_candidate,documents.read,test_fixture,"{ permissionCode: ""documents.read"", citation: {}, score: 1 },"
server/packages/platform/ai/src/__tests__/retrieval-f5.test.ts,27,permission,literal_permission_candidate,documents.read,test_fixture,"permissionCode: ""documents.read"","
server/packages/platform/ai/src/__tests__/route-review.test.ts,191,permission,literal_permission_candidate,documents.read,test_fixture,"permissionCode: ""documents.read"","
server/packages/platform/ai/src/__tests__/route-review.test.ts,310,permission,literal_permission_candidate,atlas.admin.manage,test_fixture,"""atlas.admin.manage"","
server/packages/platform/ai/src/__tests__/runtime.test.ts,6,permission,literal_permission_candidate,neon.ai.agent.use,test_fixture,"const context: VerifiedRequestContext = { planeKey: ""neon"", realmKey: ""neon"", tenantId: ""tenant-1"", principalId: ""principal-1"", authEpoch: 1, requestId: ""request-1"", profileHash: ""profile-1"", permissions: { planeKey: ""neon"", tenantId: ""tenant-1"", principalId: ""principal-1"", principalFingerprint: ""fp"", profileHash: ""profile-1"", schemaHash: ""schema-1"", resolvedAt: 1, allowed: [""neon.ai.agent.use""], denied: [], planLocked: [], planeExcluded: [], ent"
server/packages/platform/ai/src/__tests__/runtime.test.ts,19,entity,entity_property_literal,business_partner,test_fixture,"const first = []; for await (const event of runtime.run(command)) first.push(event); storedOutput = [...storedOutput, { type: ""tool_result"", callId: ""read-1"", toolName: ""bp_read_summary"", result: {}, sources: [{ entityCode: ""business_partner"", recordId: ""bp-1"", revision: ""1"", descriptorHash: ""d1"" }] }]; const replay = []; for await (const event of runtime.run(command)) replay.push(event);"
server/packages/platform/ai/src/__tests__/structured-intent.test.ts,13,entity,entity_property_literal,business_partner,test_fixture,"entityCode: ""business_partner"","
server/packages/platform/ai/src/__tests__/structured-intent.test.ts,27,entity,entity_literal_reference,address,test_fixture,"aliases: [section, section === ""contacts"" ? ""contact"" : ""address""],"
server/packages/platform/ai/src/__tests__/surface-draft-routes.test.ts,10,permission,literal_permission_candidate,studio.platform.catalog.manage,test_fixture,"expect(routeContracts(application)).toEqual([expect.objectContaining({ method: ""post"", path: ""/api/studio/experience-surfaces/atlas-drafts"", operationId: ""generateAtlasExperienceSurfaceDraft"", permission: ""studio.platform.catalog.manage"" })]);"
server/packages/platform/ai/src/atlas-admin-routes.ts,22,permission,literal_permission_candidate,atlas.admin.manage,application_source,"function contract(method:""get""|""post""|""put""|""delete"",path:string,id:string,summary:string,body?:RuntimeSchema,query?:RuntimeSchema){return defineRouteContract({method,path,operationId:`atlas.admin.${id}`,summary,tags:[""Atlas Administration""],authenticated:true,permission:""atlas.admin.manage"",...(body||query?{request:{...(body?{body}:{}),...(query?{query}:{})}}:{}),responses:{200:{description:""Successful Atlas administration response"",body:id===""c"
server/packages/platform/ai/src/atlas-experience-routes.ts,15,permission,literal_permission_candidate,studio.platform.catalog.manage,application_source,"function contract(method:""get""|""put""|""post"",path:string,id:string,summary:string,body?:RuntimeSchema,admin=false){return defineRouteContract({method,path,operationId:id,summary,tags:[admin?""Atlas Administration"":""Atlas""],authenticated:true,...(admin?{permission:""studio.platform.catalog.manage""}:{}),...(body?{request:{body}}:{}),responses:{200:{description:""Atlas experience response"",body:method===""get""?{type:[""object"",""null""]}:objectSchema},400:{"
server/packages/platform/ai/src/atlas-route-schemas.ts,29,entity,entity_array_literal,locale,application_source,"""atlas.submitLearningCandidate"": body({schemaVersion: {const: 1}, candidateId: uuid, feedbackId: uuid, locale: {const: ""en""}, phrase: {...text, maxLength: 80}, capabilityId: {const: ""entity_read_record""}}, [""schemaVersion"", ""candidateId"", ""feedbackId"", ""locale"", ""phrase"", ""capabilityId""], true),"
server/packages/platform/ai/src/atlas-routes.ts,208,permission,literal_permission_candidate,neon.ai.agent.use,application_source,"return defineRouteContract({ method, path, operationId, summary: operationId, tags: [""Atlas""], authenticated: true, permission: ""neon.ai.agent.use"", ...(atlasRequests[operationId] ? { request: atlasRequests[operationId] } : requestBody ? { request: { body: objectSchema } } : {}), responses: { [successStatus]: success, 400: { description: ""Invalid request"", body: objectSchema }, 403: { description: ""Forbidden"", body: objectSchema }, 404: { descrip"
server/packages/platform/ai/src/atlas-surface-draft-routes.ts,14,permission,literal_permission_candidate,studio.platform.catalog.manage,application_source,"permission: ""studio.platform.catalog.manage"","
server/packages/platform/ai/src/business-context-admission.test.ts,10,entity,entity_property_literal,country,test_fixture,"entityCode: ""country"","
server/packages/platform/ai/src/business-context-admission.test.ts,19,entity,entity_property_literal,country,test_fixture,"entityCode: ""country"","
server/packages/platform/ai/src/business-context-admission.test.ts,45,mfa,mfa_identifier_reference,assurance,test_fixture,"const baseline = { ...context, assurance: ""baseline"" as const };"
server/packages/platform/ai/src/business-context.ts,105,entity,entity_comparison,network_relationship,application_source,"page.entityCode === ""network_relationship"";"
server/packages/platform/ai/src/entity-context-tools.test.ts,14,permission,literal_permission_candidate,common.platform.reference.view,test_fixture,"allowed: [""common.platform.reference.view""],"
server/packages/platform/ai/src/entity-context-tools.test.ts,18,entity,entity_property_literal,country,test_fixture,"entityCode: ""country"","
server/packages/platform/ai/src/entity-context-tools.test.ts,22,permission,literal_permission_candidate,common.platform.reference.view,test_fixture,"operations: { read: { permissionCode: ""common.platform.reference.view"" } },"
server/packages/platform/ai/src/entity-context-tools.test.ts,27,entity,entity_array_literal,country,test_fixture,"aliases: [""country""],"
server/packages/platform/ai/src/entity-context-tools.test.ts,47,entity,entity_property_literal,country,test_fixture,"entityCode: ""country"","
server/packages/platform/ai/src/entity-context-tools.test.ts,81,entity,entity_property_literal,country,test_fixture,"entityCode: ""country"","
server/packages/platform/ai/src/entity-context-tools.test.ts,131,entity,entity_property_literal,country,test_fixture,"entityCode: ""country"","
server/packages/platform/ai/src/entity-context-tools.test.ts,175,entity,entity_property_literal,principal,test_fixture,"{ entityCode: ""principal"" },"
server/packages/platform/ai/src/entity-context-tools.test.ts,209,permission,literal_permission_candidate,common.platform.reference.view,test_fixture,"denied: [""common.platform.reference.view""],"
server/packages/platform/ai/src/entity-lookup-tools.test.ts,64,permission,literal_permission_candidate,secret.read,test_fixture,"readPermissionCode: ""secret.read"","
server/packages/platform/ai/src/entity-parent-scope.test.ts,13,permission,literal_permission_candidate,child.read,test_fixture,"const context = { ...actor, permissions: { ...actor.permissions, allowed: [...actor.permissions.allowed, ""child.read""] } };"
server/packages/platform/ai/src/entity-parent-scope.test.ts,14,permission,literal_permission_candidate,child.read,test_fixture,"const child = { entityCode: ""child_record"", planeKey: ""neon"", compiledHash: ""b"".repeat(64), contractHash: ""contract"", operations: { read: { code: ""read"", permissionCode: ""child.read"" } }, storage: { schema: ""master"", object: ""child_record"", idField: ""id"", tenantField: ""tenant_id"" },"
server/packages/platform/ai/src/entity-parent-scope.test.ts,52,entity,entity_literal_reference,supplier,test_fixture,"await expect(resolver.resolve(f.context, { ...f.page, directory: { partnerRole: ""supplier"" } })).rejects.toMatchObject({ code: ""BUSINESS_CONTEXT_UNAVAILABLE"" });"
server/packages/platform/ai/src/entity-tool-manifest.test.ts,143,entity,entity_property_literal,country,test_fixture,"entityCode: ""country"","
server/packages/platform/ai/src/entity-tool-manifest.test.ts,148,permission,literal_permission_candidate,common.platform.reference.view,test_fixture,"read: { permissionCode: ""common.platform.reference.view"" },"
server/packages/platform/ai/src/entity-tool-manifest.test.ts,154,entity,entity_array_literal,country,test_fixture,"aliases: [""country""],"
server/packages/platform/ai/src/entity-tool-manifest.test.ts,180,permission,literal_permission_candidate,common.platform.reference.view,test_fixture,"allowed: [""common.platform.reference.view""],"
server/packages/platform/ai/src/entity-tool-manifest.test.ts,187,entity,entity_property_literal,country,test_fixture,"entityCode: ""country"","
server/packages/platform/ai/src/entity-tool-manifest.test.ts,247,entity,entity_property_literal,country,test_fixture,"entityCode: ""country"","
server/packages/platform/ai/src/entity-tool-manifest.test.ts,279,entity,entity_property_literal,country,test_fixture,"entityCode: ""country"","
server/packages/platform/ai/src/entity-tool-manifest.test.ts,285,entity,entity_literal_reference,country,test_fixture,"storage: { schema: ""shared"", object: ""country"", idField: ""id"" },"
server/packages/platform/ai/src/learning-evaluation.test.ts,12,entity,entity_array_literal,country,test_fixture,"aliases: [""country""],"
server/packages/platform/ai/src/learning-evaluation.test.ts,139,entity,entity_literal_reference,country,test_fixture,"""country"","
server/packages/platform/ai/src/learning-evaluation.test.ts,166,entity,entity_literal_reference,country,test_fixture,"evaluateAtlasLearningVocabulary(""country"", candidate, []).passed,"
server/packages/platform/ai/src/learning-evaluation.test.ts,173,entity,entity_literal_reference,country,test_fixture,"evaluateAtlasLearningVocabulary(""country"", candidate, [fixture])"
server/packages/platform/ai/src/learning-evaluation.test.ts,176,entity,entity_literal_reference,country,test_fixture,"evaluateAtlasLearningVocabulary(""country"", candidate, ["
server/packages/platform/ai/src/learning-evaluation.test.ts,183,entity,entity_literal_reference,country,test_fixture,"""country"","
server/packages/platform/ai/src/message-lineage-batch.test.ts,6,permission,literal_permission_candidate,neon.ai.agent.use,test_fixture,"const context = { ...base, permissions: { ...base.permissions, allowed: [""neon.ai.agent.use""] } };"
server/packages/platform/ai/src/message-lineage-batch.test.ts,7,entity,entity_property_literal,country,test_fixture,"const page = { schemaVersion: 1, kind: ""record"", entityCode: ""country"", recordId: ""country-id"", generationId: ""generation"", locale: ""en"", dirty: false } as const;"
server/packages/platform/ai/src/production-learning-evaluation.test.ts,36,entity,entity_property_literal,country,test_fixture,"entityCode: ""country"","
server/packages/platform/ai/src/production-learning-evaluation.test.ts,40,permission,literal_permission_candidate,country.read,test_fixture,"operations: { read: { permissionCode: ""country.read"" } },"
server/packages/platform/ai/src/production-learning-evaluation.test.ts,46,entity,entity_array_literal,country,test_fixture,"aliases: [""country""],"
server/packages/platform/ai/src/production-learning-evaluation.test.ts,88,entity,entity_array_literal,country,test_fixture,"listEntityCodes: async () => [""country""],"
server/packages/platform/ai/src/production-learning-evaluation.test.ts,134,entity,entity_property_literal,country,test_fixture,"entityCode: ""country"","
server/packages/platform/ai/src/production-learning-evaluation.test.ts,195,entity,entity_property_literal,country,test_fixture,"entityCode: ""country"","
server/packages/platform/ai/src/production-learning-evaluation.test.ts,428,entity,entity_property_literal,principal,test_fixture,"...(coordinate === ""entity"" ? { entityCode: ""principal"" } : {}),"
server/packages/platform/ai/src/production-learning-evaluation.test.ts,495,entity,entity_literal_reference,country,test_fixture,"""country"","
server/packages/platform/ai/src/production-learning-evaluation.test.ts,499,entity,entity_literal_reference,country,test_fixture,"""country"","
server/packages/platform/ai/src/record-data-gateway.test.ts,13,entity,entity_property_literal,principal,test_fixture,"parentEntityCode: ""principal"", parentRecordId: id, relationshipKey: ""notifications"","
server/packages/platform/ai/src/record-data-gateway.test.ts,19,entity,entity_property_literal,principal,test_fixture,"entityCode: ""principal"", planeKey: ""neon"", compiledHash: ""descriptor"","
server/packages/platform/ai/src/record-data-gateway.test.ts,28,entity,entity_property_literal,principal,test_fixture,"entityCode: ""principal"", fields: [""name""], limit: 1, scopeCoordinate,"
server/packages/platform/ai/src/record-data-gateway.test.ts,33,entity,entity_property_literal,principal,test_fixture,"expect(result.sources[0]).toMatchObject({ entityCode: ""principal"", recordId: id });"
server/packages/platform/ai/src/surface-draft-generation.ts,109,permission,literal_permission_candidate,studio.platform.catalog.manage,application_source,"if (context.planeKey !== ""studio"" || !context.permissions.allowed.includes(""studio.platform.catalog.manage"")) throw new AtlasServiceError(""PERMISSION_DENIED"", ""Atlas surface generation requires Studio catalog authority."");"
server/packages/platform/ai/src/tool-registry-identity.test.ts,7,permission,literal_permission_candidate,neon.ai.agent.use,test_fixture,"allowedPlanes: [""neon""], requiredPermissions: [""neon.ai.agent.use""], featureKey: ""atlas"","
server/packages/platform/audit/src/audit-routes.ts,13,permission,literal_permission_candidate,audit.status.read,application_source,"permission: ""audit.status.read"","
server/packages/platform/collaboration/src/__tests__/collaboration-repository.test.ts,21,entity,entity_property_literal,content.item,test_fixture,"entityType: ""content.item"","
server/packages/platform/collaboration/src/__tests__/collaboration-repository.test.ts,76,entity,entity_literal_reference,business_partner,test_fixture,"createKyselyCollaborationRepository(createCollaborationEntityCoordinates([{canonical:""business_partner"",aliases:[""master.business_partner""]}])),"
server/packages/platform/collaboration/src/__tests__/collaboration-repository.test.ts,76,entity,entity_array_literal,master.business_partner,test_fixture,"createKyselyCollaborationRepository(createCollaborationEntityCoordinates([{canonical:""business_partner"",aliases:[""master.business_partner""]}])),"
server/packages/platform/collaboration/src/__tests__/collaboration-repository.test.ts,87,entity,entity_property_literal,master.business_partner,test_fixture,"await run([[{active: true}], [{active: true}], [{thread_depth: 0, entity_type: ""master.business_partner""}], [{id: ""reply"", created_at: ""2026-09-25T00:00:00Z"", entity_type: ""master.business_partner""}]], async (repo, tx) => {"
server/packages/platform/collaboration/src/__tests__/collaboration-repository.test.ts,88,entity,entity_property_literal,business_partner,test_fixture,"await repo.create({...command, entityType: ""business_partner""}, [], tx);"
server/packages/platform/collaboration/src/__tests__/collaboration-repository.test.ts,91,entity,entity_array_literal,business_partner,test_fixture,"expect(parent.parameters).toContainEqual([""business_partner"", ""master.business_partner""]);"
server/packages/platform/collaboration/src/__tests__/collaboration-repository.test.ts,91,entity,entity_array_literal,master.business_partner,test_fixture,"expect(parent.parameters).toContainEqual([""business_partner"", ""master.business_partner""]);"
server/packages/platform/collaboration/src/__tests__/collaboration-repository.test.ts,94,entity,entity_literal_reference,master.business_partner,test_fixture,"expect(captured.find(q => q.sql.startsWith(""INSERT INTO document.comment(""))?.parameters).toContain(""master.business_partner"");"
server/packages/platform/collaboration/src/__tests__/collaboration-repository.test.ts,98,entity,entity_property_literal,master.business_partner,test_fixture,"await run([[{active: true}], [{id: command.parentCommentId, entity_type: ""master.business_partner""}], [{id: ""draft""}]], async (repo, tx) => {"
server/packages/platform/collaboration/src/__tests__/collaboration-repository.test.ts,99,entity,entity_property_literal,business_partner,test_fixture,"await repo.putDraft({...command, entityType: ""business_partner""}, tx);"
server/packages/platform/collaboration/src/__tests__/collaboration-repository.test.ts,101,entity,entity_literal_reference,master.business_partner,test_fixture,"expect(captured.find(q => q.sql.startsWith(""INSERT INTO document.comment_draft""))?.parameters).toContain(""master.business_partner"");"
server/packages/platform/collaboration/src/__tests__/collaboration-repository.test.ts,106,entity,entity_property_literal,business_partner,test_fixture,"await repo.markRead(context.tenantId, context.principalId, {entityType: ""business_partner"", entityId: command.entityId}, ""2026-09-25T00:00:00Z"", tx);"
server/packages/platform/collaboration/src/__tests__/collaboration-repository.test.ts,109,entity,entity_literal_reference,business_partner,test_fixture,"expect(captured[0]!.parameters).toContain(""business_partner"");"
server/packages/platform/collaboration/src/__tests__/collaboration-repository.test.ts,110,entity,entity_literal_reference,master.business_partner,test_fixture,"expect(captured[1]!.parameters).toContain(""master.business_partner"");"
server/packages/platform/collaboration/src/__tests__/collaboration-routes.test.ts,65,entity,entity_property_literal,content.item,test_fixture,"entityType: ""content.item"","
server/packages/platform/collaboration/src/__tests__/collaboration-service.test.ts,68,entity,entity_property_literal,content.item,test_fixture,"entityType: ""content.item"","
server/packages/platform/collaboration/src/__tests__/collaboration-service.test.ts,116,entity,entity_property_literal,content.item,test_fixture,"entityType: ""content.item"","
server/packages/platform/collaboration/src/__tests__/collaboration-service.test.ts,148,entity,entity_property_literal,content.item,test_fixture,"entityType: ""content.item"","
server/packages/platform/collaboration/src/__tests__/collaboration-service.test.ts,215,entity,entity_property_literal,content.item,test_fixture,"entityType: ""content.item"","
server/packages/platform/collaboration/src/__tests__/collaboration-service.test.ts,258,entity,entity_property_literal,content.item,test_fixture,"entityType: ""content.item"","
server/packages/platform/collaboration/src/__tests__/collaboration-service.test.ts,326,entity,entity_property_literal,content.item,test_fixture,"entityType: ""content.item"","
server/packages/platform/collaboration/src/__tests__/collaboration-service.test.ts,425,entity,entity_property_literal,content.item,test_fixture,"entityType: ""content.item"","
server/packages/platform/collaboration/src/__tests__/collaboration-service.test.ts,448,entity,entity_property_literal,business_partner,test_fixture,"entityType: ""business_partner"","
server/packages/platform/collaboration/src/__tests__/collaboration-service.test.ts,689,entity,entity_property_literal,content.item,test_fixture,"payload: { entity_type: ""content.item"", entity_id: ""article-1"" },"
server/packages/platform/collaboration/src/__tests__/entity-coordinate.test.ts,5,entity,entity_array_literal,business_partner,test_fixture,"for (const type of [""business_partner"", ""master.business_partner"", ""other.business_partner"", ""content.item"", ""customer""]) {"
server/packages/platform/collaboration/src/__tests__/entity-coordinate.test.ts,5,entity,entity_array_literal,master.business_partner,test_fixture,"for (const type of [""business_partner"", ""master.business_partner"", ""other.business_partner"", ""content.item"", ""customer""]) {"
server/packages/platform/collaboration/src/__tests__/entity-coordinate.test.ts,5,entity,entity_array_literal,content.item,test_fixture,"for (const type of [""business_partner"", ""master.business_partner"", ""other.business_partner"", ""content.item"", ""customer""]) {"
server/packages/platform/collaboration/src/__tests__/entity-coordinate.test.ts,5,entity,entity_array_literal,customer,test_fixture,"for (const type of [""business_partner"", ""master.business_partner"", ""other.business_partner"", ""content.item"", ""customer""]) {"
server/packages/platform/collaboration/src/collaboration-service.ts,26,permission,literal_permission_candidate,collaboration.comment.create,application_source,"create: ""collaboration.comment.create"","
server/packages/platform/collaboration/src/collaboration-service.ts,27,permission,literal_permission_candidate,collaboration.comment.edit,application_source,"edit: ""collaboration.comment.edit"","
server/packages/platform/collaboration/src/collaboration-service.ts,28,permission,literal_permission_candidate,collaboration.comment.delete,application_source,"remove: ""collaboration.comment.delete"","
server/packages/platform/collaboration/src/collaboration-service.ts,29,permission,literal_permission_candidate,collaboration.comment.react,application_source,"react: ""collaboration.comment.react"","
server/packages/platform/collaboration/src/collaboration-service.ts,30,permission,literal_permission_candidate,collaboration.draft.write,application_source,"draft: ""collaboration.draft.write"","
server/packages/platform/collaboration/src/collaboration-service.ts,31,permission,literal_permission_candidate,collaboration.comment.read,application_source,"read: ""collaboration.comment.read"","
server/packages/platform/collaboration/src/collaboration-service.ts,32,permission,literal_permission_candidate,collaboration.comment.flag,application_source,"flag: ""collaboration.comment.flag"","
server/packages/platform/collaboration/src/collaboration-service.ts,111,permission,literal_permission_candidate,collaboration.comment.create,application_source,"commandCode: ""collaboration.comment.create"","
server/packages/platform/collaboration/src/collaboration-service.ts,387,permission,literal_permission_candidate,collaboration.comment.flag,application_source,"source: ""collaboration.comment.flag"","
server/packages/platform/control-admin/src/authorization-management-routes.ts,14,permission,literal_permission_candidate,authorization.management.read,application_source,"registerContractRoute(application, defineRouteContract({ method: ""get"", path: ""/api/control-admin/authorization"", operationId: ""controlAdmin.authorization.read"", summary: ""Read authorization administration status"", tags: [""Control Administration""], authenticated: true, permission: ""authorization.management.read"", responses: { 200: { description: ""Authorization administration status"", body: controlAdminSchemas.response }, 401: { description: ""Auth"
server/packages/platform/control-admin/src/authorization-management-routes.ts,16,permission,constructed_permission_candidate,"`authorization.management.${action === ""break-glass"" ? ""break_glass"" : action}`",application_source,"registerContractRoute(application, defineRouteContract({ method: ""post"", path: `/api/control-admin/authorization/${action}`, operationId: `controlAdmin.authorization.${action.replace(""-"", ""_"")}`, summary: `${action} an authorization administration command`, tags: [""Control Administration""], authenticated: true, permission: `authorization.management.${action === ""break-glass"" ? ""break_glass"" : action}`, request: { body: controlAdminSchemas.authori"
server/packages/platform/control-admin/src/authorization-management-service.test.ts,199,permission,literal_permission_candidate,authorization.management.manage,test_fixture,"""authorization.management.manage"","
server/packages/platform/control-admin/src/authorization-management-service.test.ts,200,permission,literal_permission_candidate,authorization.management.revoke,test_fixture,"""authorization.management.revoke"","
server/packages/platform/control-admin/src/authorization-management-service.test.ts,201,permission,literal_permission_candidate,authorization.management.break_glass,test_fixture,"""authorization.management.break_glass"","
server/packages/platform/control-admin/src/authorization-management-service.test.ts,202,permission,literal_permission_candidate,authorization.management.approve,test_fixture,"""authorization.management.approve"","
server/packages/platform/control-admin/src/authorization-management-service.test.ts,317,permission,literal_permission_candidate,role.create,test_fixture,"expect(authorizationManagementPermissionFor(""role.create"")).toBe("
server/packages/platform/control-admin/src/authorization-management-service.test.ts,318,permission,literal_permission_candidate,authorization.management.manage,test_fixture,"""authorization.management.manage"","
server/packages/platform/control-admin/src/authorization-management-service.test.ts,321,permission,literal_permission_candidate,authorization.management.revoke,test_fixture,"""authorization.management.revoke"","
server/packages/platform/control-admin/src/authorization-management-service.test.ts,324,permission,literal_permission_candidate,authorization.management.break_glass,test_fixture,"""authorization.management.break_glass"","
server/packages/platform/control-admin/src/authorization-management-service.test.ts,326,permission,literal_permission_candidate,override.approve,test_fixture,"expect(authorizationManagementPermissionFor(""override.approve"")).toBe("
server/packages/platform/control-admin/src/authorization-management-service.test.ts,327,permission,literal_permission_candidate,authorization.management.approve,test_fixture,"""authorization.management.approve"","
server/packages/platform/control-admin/src/authorization-management-service.test.ts,333,permission,literal_permission_candidate,role.create,test_fixture,"assertRouteMatchesPermission(""manage"", ""role.create""),"
server/packages/platform/control-admin/src/authorization-management-service.test.ts,336,permission,literal_permission_candidate,override.approve,test_fixture,"assertRouteMatchesPermission(""approve"", ""override.approve""),"
server/packages/platform/control-admin/src/authorization-management-service.test.ts,345,permission,literal_permission_candidate,override.approve,test_fixture,"assertRouteMatchesPermission(""manage"", ""override.approve""),"
server/packages/platform/control-admin/src/authorization-management-service.test.ts,363,permission,literal_permission_candidate,authorization.management.read,test_fixture,"expect(seen).toEqual([""authorization.management.read""]);"
server/packages/platform/control-admin/src/authorization-writers.postgres.test.ts,326,permission,literal_permission_candidate,role.permission.assign,test_fixture,"command(""role.permission.assign"", {"
server/packages/platform/control-admin/src/authorization-writers.postgres.test.ts,353,permission,literal_permission_candidate,deny.create,test_fixture,"command(""deny.create"", {"
server/packages/platform/control-admin/src/authorization-writers.postgres.test.ts,356,entity,entity_literal_reference,principal,test_fixture,"subjectKind: ""principal"","
server/packages/platform/control-admin/src/authorization-writers.postgres.test.ts,391,permission,literal_permission_candidate,role.permission.assign,test_fixture,"command(""role.permission.assign"", {"
server/packages/platform/control-admin/src/authorization-writers.postgres.test.ts,414,permission,literal_permission_candidate,delegation.grant.assign,test_fixture,"command(""delegation.grant.assign"", {"
server/packages/platform/control-admin/src/authorization-writers.postgres.test.ts,432,entity,entity_literal_reference,principal,test_fixture,"subjectKind: ""principal"","
server/packages/platform/control-admin/src/bank-validation.test.ts,104,permission,literal_permission_candidate,control.catalog.read,test_fixture,"expect(authorize).toHaveBeenNthCalledWith(1, { context, permissionCode: ""control.catalog.read"" });"
server/packages/platform/control-admin/src/bank-validation.test.ts,105,permission,literal_permission_candidate,control.catalog.read,test_fixture,"expect(authorize).toHaveBeenNthCalledWith(2, { context, permissionCode: ""control.catalog.read"" });"
server/packages/platform/control-admin/src/bank-validation.test.ts,106,permission,literal_permission_candidate,control.catalog.publish,test_fixture,"expect(authorize).toHaveBeenNthCalledWith(3, { context, permissionCode: ""control.catalog.publish"" });"
server/packages/platform/control-admin/src/control-service-routes.ts,46,permission,literal_permission_candidate,control.catalog.read,application_source,"registerContractRoute(application, bankContract(""get"", ""/api/control-admin/bank-validation/rules"", ""bankValidation.list"", ""List bank-validation rules"", ""control.catalog.read"", controlAdminSchemas.bankRules), options.authenticate, route(async (_r, response) => s.bankValidation.list(c(response))));"
server/packages/platform/control-admin/src/control-service-routes.ts,47,permission,literal_permission_candidate,control.catalog.read,application_source,"registerContractRoute(application, bankContract(""post"", ""/api/control-admin/bank-validation/verify"", ""bankValidation.verify"", ""Verify bank details"", ""control.catalog.read"", controlAdminSchemas.bankResult, controlAdminSchemas.bankInput), options.authenticate, route(async (r, response) => s.bankValidation.verify(c(response), body(r) as unknown as BankValidationInput)));"
server/packages/platform/control-admin/src/control-service-routes.ts,71,permission,literal_permission_candidate,control.catalog.publish,application_source,"registerContractRoute(application, bankContract(""post"", ""/api/control-admin/bank-validation/rules/publish"", ""bankValidation.rules.publish"", ""Publish a bank-validation rule"", ""control.catalog.publish"", controlAdminSchemas.bankRule, controlAdminSchemas.bankRule), options.authenticate, route(async (r, response) => s.bankValidation.publish(c(response), body(r) as unknown as BankValidationRule)));"
server/packages/platform/control-admin/src/control-service-routes.ts,98,permission,literal_permission_candidate,control.catalog.read,application_source,"return defineRouteContract({method,path,operationId:`controlAdmin.${operation}`,summary,tags:[""Control Administration""],authenticated:true,permission:method===""get""?""control.catalog.read"":""control.tenant_override.manage"","
server/packages/platform/control-admin/src/control-service-routes.ts,98,permission,literal_permission_candidate,control.tenant_override.manage,application_source,"return defineRouteContract({method,path,operationId:`controlAdmin.${operation}`,summary,tags:[""Control Administration""],authenticated:true,permission:method===""get""?""control.catalog.read"":""control.tenant_override.manage"","
server/packages/platform/control-admin/src/control-service-routes.ts,105,permission,literal_permission_candidate,control.catalog.read,application_source,"permission:method===""get""?""control.catalog.read"":path.endsWith(""/retire"")?""control.tenant_override.manage"":""control.catalog.publish"","
server/packages/platform/control-admin/src/control-service-routes.ts,105,permission,literal_permission_candidate,control.tenant_override.manage,application_source,"permission:method===""get""?""control.catalog.read"":path.endsWith(""/retire"")?""control.tenant_override.manage"":""control.catalog.publish"","
server/packages/platform/control-admin/src/control-service-routes.ts,105,permission,literal_permission_candidate,control.catalog.publish,application_source,"permission:method===""get""?""control.catalog.read"":path.endsWith(""/retire"")?""control.tenant_override.manage"":""control.catalog.publish"","
server/packages/platform/control-admin/src/control-service-routes.ts,112,permission,literal_permission_candidate,control.catalog.read,application_source,"return defineRouteContract({method,path,operationId:`controlAdmin.${operation}`,summary,tags:[""Control Administration""],authenticated:true,permission:method===""get""?""control.catalog.read"":""control.tenant_override.manage"","
server/packages/platform/control-admin/src/control-service-routes.ts,112,permission,literal_permission_candidate,control.tenant_override.manage,application_source,"return defineRouteContract({method,path,operationId:`controlAdmin.${operation}`,summary,tags:[""Control Administration""],authenticated:true,permission:method===""get""?""control.catalog.read"":""control.tenant_override.manage"","
server/packages/platform/control-admin/src/control-service-routes.ts,118,permission,literal_permission_candidate,control.catalog.read,application_source,"return defineRouteContract({ method, path, operationId: `controlAdmin.${operation}`, summary, tags: [""Control Administration""], authenticated: true, permission: method === ""get"" ? ""control.catalog.read"" : ""control.tenant_override.manage"","
server/packages/platform/control-admin/src/control-service-routes.ts,118,permission,literal_permission_candidate,control.tenant_override.manage,application_source,"return defineRouteContract({ method, path, operationId: `controlAdmin.${operation}`, summary, tags: [""Control Administration""], authenticated: true, permission: method === ""get"" ? ""control.catalog.read"" : ""control.tenant_override.manage"","
server/packages/platform/control-admin/src/control-service-routes.ts,125,permission,literal_permission_candidate,control.connector.manage,application_source,"return defineRouteContract({ method, path, operationId: `controlAdmin.${operation}`, summary, tags: [""Control Administration""], authenticated: true, permission: ""control.connector.manage"","
server/packages/platform/control-admin/src/control-service-routes.ts,151,permission,literal_permission_candidate,control.finance_config.manage,application_source,"return defineRouteContract({method,path,operationId:`controlAdmin.${operation}`,summary,tags:[""Control Administration""],authenticated:true,permission:path.includes("":id"")?""control.finance_config.manage"":""control.catalog.read"",request:{...(path.includes("":id"")?{params:controlAdminSchemas.roundingIdParams}:{}),...(bodySchema?{body:bodySchema}:{}),query:{type:""object"",additionalProperties:false,properties:{}}},responses:{200:{description:""Rounding r"
server/packages/platform/control-admin/src/control-service-routes.ts,151,permission,literal_permission_candidate,control.catalog.read,application_source,"return defineRouteContract({method,path,operationId:`controlAdmin.${operation}`,summary,tags:[""Control Administration""],authenticated:true,permission:path.includes("":id"")?""control.finance_config.manage"":""control.catalog.read"",request:{...(path.includes("":id"")?{params:controlAdminSchemas.roundingIdParams}:{}),...(bodySchema?{body:bodySchema}:{}),query:{type:""object"",additionalProperties:false,properties:{}}},responses:{200:{description:""Rounding r"
server/packages/platform/control-admin/src/cycle/cycle-config-routes.test.ts,33,permission,literal_permission_candidate,control.catalog.read,test_fixture,"for (const contract of contracts) expect(contract.permission).toBe(contract.method === ""get"" ? ""control.catalog.read"" : ""control.cycle_template.manage"");"
server/packages/platform/control-admin/src/cycle/cycle-config-routes.test.ts,33,permission,literal_permission_candidate,control.cycle_template.manage,test_fixture,"for (const contract of contracts) expect(contract.permission).toBe(contract.method === ""get"" ? ""control.catalog.read"" : ""control.cycle_template.manage"");"
server/packages/platform/control-admin/src/cycle/cycle-config-service.test.ts,54,permission,literal_permission_candidate,control.cycle_template.manage,test_fixture,"expect(seen).toEqual([""control.cycle_template.manage"", ""control.catalog.read""]);"
server/packages/platform/control-admin/src/cycle/cycle-config-service.test.ts,54,permission,literal_permission_candidate,control.catalog.read,test_fixture,"expect(seen).toEqual([""control.cycle_template.manage"", ""control.catalog.read""]);"
server/packages/platform/control-admin/src/cycle/cycle-test-fixtures.ts,5,entity,entity_literal_reference,finance.close,application_source,"export function validTemplate(): Mutable<CycleTemplateDraft> { return { cycleType: { id: ""00000000-0000-4000-8000-000000000002"", code: ""MONTH_END"", name: ""Month end"", domainCode: ""finance.close"", frequency: ""monthly"", cleanCyclePolicy: {}, approvalPolicy: {}, runDataSchema: {}, taskDataSchema: {} }, phases: [{ id: ""00000000-0000-4000-8000-000000000003"", code: ""CLOSE"", name: ""Close"", sortOrder: 1, isGateEnforced: true }], categories: [{ id: ""00000"
server/packages/platform/control-admin/src/cycle/cycle-test-fixtures.ts,5,entity,entity_property_literal,finance.close,application_source,"export function validTemplate(): Mutable<CycleTemplateDraft> { return { cycleType: { id: ""00000000-0000-4000-8000-000000000002"", code: ""MONTH_END"", name: ""Month end"", domainCode: ""finance.close"", frequency: ""monthly"", cleanCyclePolicy: {}, approvalPolicy: {}, runDataSchema: {}, taskDataSchema: {} }, phases: [{ id: ""00000000-0000-4000-8000-000000000003"", code: ""CLOSE"", name: ""Close"", sortOrder: 1, isGateEnforced: true }], categories: [{ id: ""00000"
server/packages/platform/control-admin/src/cycle/process-selection-compiler.test.ts,186,entity,entity_literal_reference,business_partner,test_fixture,"authority: { ...revision(), owner: ""business_partner"" },"
server/packages/platform/control-admin/src/kysely-authorization-management-repository.ts,56,permission,literal_permission_candidate,role.permission.assign,application_source,"[""role.permission.assign"", ""role_permission"", [""roleId"", ""permissionId""]],"
server/packages/platform/control-admin/src/kysely-authorization-management-repository.ts,64,permission,literal_permission_candidate,deny.create,application_source,"""deny.create"","
server/packages/platform/control-admin/src/kysely-authorization-management-repository.ts,82,permission,literal_permission_candidate,delegation.grant.assign,application_source,"""delegation.grant.assign"","
server/packages/platform/control-admin/src/kysely-entitlement-repository.postgres.test.ts,143,mfa,mfa_literal_or_route,"CREATE SCHEMA shared; CREATE SCHEMA master; CREATE SCHEMA control; CREATE SCHEMA audit; CREATE SCHEMA event; CREATE SCHEMA snapshot; CREATE SCHEMA authz;
      CREATE EXTENSION btree_gist;
      DO $$ BEGIN CREATE ROLE a",test_fixture,await run(`CREATE SCHEMA shared; CREATE SCHEMA master; CREATE SCHEMA control; CREATE SCHEMA audit; CREATE SCHEMA event; CREATE SCHEMA snapshot; CREATE SCHEMA authz;
server/packages/platform/control-admin/src/kysely-entitlement-repository.postgres.test.ts,942,permission,constructed_permission_candidate,`test.${moduleCode}.read`,test_fixture,permission = `test.${moduleCode}.read`;
server/packages/platform/control-admin/src/lookup-control.test.ts,133,permission,literal_permission_candidate,control.tenant_override.manage,test_fixture,"permissionCode: ""control.tenant_override.manage"","
server/packages/platform/control-admin/src/parameter-routes.test.ts,111,entity,entity_literal_reference,address,test_fixture,"if (!address || typeof address === ""string"") throw new Error(""address"");"
server/packages/platform/control-admin/src/rounding-control.test.ts,131,entity,entity_literal_reference,currency,test_fixture,"id: ""currency"","
server/packages/platform/control-admin/src/rounding-routes.test.ts,101,entity,entity_literal_reference,address,test_fixture,"if (!address || typeof address === ""string"") throw Error(""address"");"
server/packages/platform/control-admin/src/runtime-command-routes.test.ts,96,entity,entity_literal_reference,address,test_fixture,"if (!a || typeof a === ""string"") throw Error(""address"");"
server/packages/platform/control-admin/src/runtime-command-routes.ts,33,permission,literal_permission_candidate,control.runtime_command.manage,application_source,"""control.runtime_command.manage"","
server/packages/platform/control-admin/src/runtime-command-routes.ts,51,permission,literal_permission_candidate,control.runtime_command.manage,application_source,"""control.runtime_command.manage"","
server/packages/platform/control-admin/src/runtime-command-routes.ts,73,permission,literal_permission_candidate,control.runtime_command.approve,application_source,"""control.runtime_command.approve"","
server/packages/platform/control-admin/src/runtime-command-routes.ts,94,permission,literal_permission_candidate,control.runtime_history.read,application_source,"""control.runtime_history.read"","
server/packages/platform/experience/src/contracts.ts,22,entity,entity_literal_reference,principal,application_source,"readonly source: { readonly uiLocale: ""principal"" | ""tenant"" | ""platform"" | ""request""; readonly formatLocale: ""principal"" | ""tenant"" | ""platform"" | ""request"" };"
server/packages/platform/experience/src/contracts.ts,129,entity,entity_literal_reference,supplier,application_source,"readonly legalName?: string; readonly role: ""buyer"" | ""supplier"" | ""both"";"
server/packages/platform/experience/src/contracts.ts,146,entity,entity_array_literal,supplier,application_source,"role: { enum: [""buyer"", ""supplier"", ""both""] }, countryCode: { type: ""string"", pattern: ""^[A-Z]{2}$"" }, defaultCurrency: { type: ""string"", pattern: ""^[A-Z]{3}$"" },logoAssetRef:{type:""string"",pattern:""^/[A-Za-z0-9][A-Za-z0-9_./-]*$"",maxLength:1024},"
server/packages/platform/experience/src/contracts.ts,189,entity,entity_array_literal,principal,application_source,"source: { type: ""object"", additionalProperties: false, required: [""uiLocale"", ""formatLocale""], properties: { uiLocale: { enum: [""principal"", ""tenant"", ""platform"", ""request""] }, formatLocale: { enum: [""principal"", ""tenant"", ""platform"", ""request""] } } },"
server/packages/platform/experience/src/effective-collaboration-controls.test.ts,10,entity,entity_literal_reference,country,test_fixture,"const mapped = capabilityArtifactMembers(""country"", members);"
server/packages/platform/experience/src/effective-collaboration-controls.test.ts,33,entity,entity_property_literal,country,test_fixture,"const coordinate = { tenantId: ""tenant"", principalId: ""actor"", planeKey: ""neon"", entityCode: ""country"" };"
server/packages/platform/experience/src/effective-collaboration-controls.test.ts,40,entity,entity_property_literal,country,test_fixture,"const input = { context: coordinate as unknown as VerifiedRequestContext, entityCode: ""country"", recordId: ""record"", kind: ""attachments"" as const,"
server/packages/platform/experience/src/entity-activity-policy.test.ts,26,permission,literal_permission_candidate,common.audit.event.query,test_fixture,"f.authorizer.authorize.mockImplementation(async request=>request.permissionCode === ""common.audit.event.query"" ? {allowed:true} : {allowed:false,reason:""denied""});"
server/packages/platform/experience/src/entity-activity-policy.test.ts,31,permission,literal_permission_candidate,common.audit.event.query,test_fixture,"expect(f.authorizer.authorize).toHaveBeenCalledWith(expect.objectContaining({permissionCode:""common.audit.event.query"",resource:expect.objectContaining({tenantId:""tenant"",entityType:""example_reference"",entityId:""record""})}));"
server/packages/platform/experience/src/entity-activity-policy.test.ts,48,permission,literal_permission_candidate,common.records.snapshot.capture,test_fixture,"await expect(f.policy.resolve({...input,idempotencyKey:""capture-replay-key""})).resolves.toMatchObject({action:{permissionCode:""common.records.snapshot.capture""}});"
server/packages/platform/experience/src/entity-activity-policy.test.ts,62,permission,literal_permission_candidate,common.audit.event.query,test_fixture,"for (const [code,expected] of [[""audit.event.query"",""common.audit.event.query""],[""records.snapshot.read"",""common.records.snapshot.read""],[""records.snapshot.capture"",""common.records.snapshot.capture""],[""records.snapshot.delete"",""records.snapshot.delete""],[""common.audit.event.query"",""common.audit.event.query""]]) {"
server/packages/platform/experience/src/entity-activity-policy.test.ts,62,permission,literal_permission_candidate,common.records.snapshot.read,test_fixture,"for (const [code,expected] of [[""audit.event.query"",""common.audit.event.query""],[""records.snapshot.read"",""common.records.snapshot.read""],[""records.snapshot.capture"",""common.records.snapshot.capture""],[""records.snapshot.delete"",""records.snapshot.delete""],[""common.audit.event.query"",""common.audit.event.query""]]) {"
server/packages/platform/experience/src/entity-activity-policy.test.ts,62,permission,literal_permission_candidate,common.records.snapshot.capture,test_fixture,"for (const [code,expected] of [[""audit.event.query"",""common.audit.event.query""],[""records.snapshot.read"",""common.records.snapshot.read""],[""records.snapshot.capture"",""common.records.snapshot.capture""],[""records.snapshot.delete"",""records.snapshot.delete""],[""common.audit.event.query"",""common.audit.event.query""]]) {"
server/packages/platform/experience/src/entity-capability-policy.test.ts,27,entity,entity_property_literal,business_partner,test_fixture,"entityCode: ""business_partner"","
server/packages/platform/experience/src/entity-capability-policy.test.ts,55,entity,entity_property_literal,business_partner,test_fixture,"entityCode: ""business_partner"","
server/packages/platform/experience/src/entity-capability-policy.test.ts,254,entity,entity_property_literal,business_partner,test_fixture,"[""private comment of another author"", { commentId: ""comment"", visibility: ""private"", authorId: ""other"", entityCode: ""business_partner"", recordId: ""record"" }, true, false],"
server/packages/platform/experience/src/entity-capability-policy.test.ts,255,entity,entity_property_literal,business_partner,test_fixture,"[""internal comment after collaborator revocation"", { commentId: ""comment"", visibility: ""internal"", authorId: ""other"", entityCode: ""business_partner"", recordId: ""record"" }, false, false],"
server/packages/platform/experience/src/entity-capability-policy.test.ts,256,entity,entity_property_literal,business_partner,test_fixture,"[""internal record participant"", { commentId: ""comment"", visibility: ""internal"", authorId: ""other"", entityCode: ""business_partner"", recordId: ""record"" }, true, true],"
server/packages/platform/experience/src/entity-capability-policy.test.ts,264,entity,entity_property_literal,business_partner,test_fixture,"const f = fixture({ comment: { commentId: ""parent"", visibility: ""internal"", authorId: ""actor"", entityCode: ""business_partner"", recordId: ""record"" } });"
server/packages/platform/experience/src/entity-capability-policy.test.ts,276,entity,entity_property_literal,business_partner,test_fixture,"entityCode: ""business_partner"","
server/packages/platform/experience/src/entity-capability-policy.test.ts,292,entity,entity_property_literal,business_partner,test_fixture,"const f = fixture({validateMentions, comment:{commentId:""comment"",visibility:""private"",authorId:""actor"",entityCode:""business_partner"",recordId:""record""}});"
server/packages/platform/experience/src/entity-capability-policy.test.ts,297,entity,entity_property_literal,business_partner,test_fixture,"const f=fixture({comment:{commentId:""comment"",visibility:""public"",authorId:""other"",entityCode:""business_partner"",recordId:""record""}});"
server/packages/platform/experience/src/entity-capability-policy.test.ts,315,entity,entity_property_literal,business_partner,test_fixture,"const f = fixture({comment:{commentId:""comment"",visibility:""private"",authorId:""actor"",entityCode:""business_partner"",recordId:""record""}});"
server/packages/platform/experience/src/entity-capability-policy.test.ts,319,entity,entity_property_literal,business_partner,test_fixture,"const other = fixture({comment:{commentId:""comment"",visibility:""private"",authorId:""other"",entityCode:""business_partner"",recordId:""record""}});"
server/packages/platform/experience/src/entity-collaboration-service.test.ts,13,entity,entity_property_literal,country,test_fixture,"const subject = { context, entityCode: ""country"", recordId: ""record-a"" };"
server/packages/platform/experience/src/entity-intake-operation-routes.test.ts,11,entity,entity_literal_reference,supplier,test_fixture,"answers: { requestedRole: ""supplier"" },"
server/packages/platform/experience/src/entity-intake-operation-routes.test.ts,19,entity,entity_literal_reference,principal,test_fixture,"readContext: () => ({ planeKey: ""neon"", tenantId: ""tenant"", principalId: ""principal"", permissions: { allowed: [] } }) as never,"
server/packages/platform/experience/src/entity-intake-operation-routes.test.ts,36,entity,entity_literal_reference,supplier,test_fixture,"expect(f.execute).toHaveBeenCalledWith(expect.objectContaining({ idempotencyKey: ""i"".repeat(16), request: expect.objectContaining({ answers: { requestedRole: ""supplier"" } }) }));"
server/packages/platform/experience/src/entity-operation-admission.test.ts,12,entity,entity_property_literal,business_partner,test_fixture,"entityCode: ""business_partner"","
server/packages/platform/experience/src/entity-operation-admission.test.ts,29,permission,literal_permission_candidate,bp.write,test_fixture,"permissionCode: ""bp.write"","
server/packages/platform/experience/src/entity-operation-admission.test.ts,54,permission,literal_permission_candidate,bp.read,test_fixture,"permissionCode: ""bp.read"","
server/packages/platform/experience/src/entity-operation-dispatcher.test.ts,6,entity,entity_property_literal,business_partner,test_fixture,"entityCode: ""business_partner"","
server/packages/platform/experience/src/entity-operation-dispatcher.test.ts,21,entity,entity_literal_reference,principal,test_fixture,"principalId: ""principal"","
server/packages/platform/experience/src/entity-operation-dispatcher.test.ts,38,entity,entity_property_literal,business_partner,test_fixture,"entityCode: ""business_partner"","
server/packages/platform/experience/src/entity-operation-dispatcher.test.ts,49,entity,entity_property_literal,business_partner,test_fixture,"entityCode: ""business_partner"","
server/packages/platform/experience/src/entity-operation-dispatcher.test.ts,58,entity,entity_property_literal,business_partner,test_fixture,"entityCode: ""business_partner"","
server/packages/platform/experience/src/entity-operation-dispatcher.test.ts,102,entity,entity_property_literal,business_partner,test_fixture,"entityCode: ""business_partner"","
server/packages/platform/experience/src/entity-operation-dispatcher.test.ts,130,entity,entity_property_literal,country,test_fixture,"entityCode: ""country"","
server/packages/platform/experience/src/entity-operation-dispatcher.test.ts,153,entity,entity_property_literal,country,test_fixture,"entityCode: ""country"","
server/packages/platform/experience/src/entity-operation-dispatcher.test.ts,194,entity,entity_property_literal,country,test_fixture,"entityCode: ""country"","
server/packages/platform/experience/src/entity-operation-dispatcher.test.ts,213,entity,entity_property_literal,business_partner_request,test_fixture,"entityCode: ""business_partner_request"","
server/packages/platform/experience/src/entity-operation-dispatcher.test.ts,219,permission,literal_permission_candidate,case.submit,test_fixture,"permissionCode: ""case.submit"","
server/packages/platform/experience/src/entity-operation-dispatcher.test.ts,229,entity,entity_property_literal,business_partner,test_fixture,"coordinate: { entityCode: ""business_partner"" },"
server/packages/platform/experience/src/entity-operation-dispatcher.test.ts,238,entity,entity_comparison,business_partner_request,test_fixture,"entityCode === ""business_partner_request"" && operationKey === ""submit"""
server/packages/platform/experience/src/entity-operation-dispatcher.test.ts,240,entity,entity_property_literal,business_partner,test_fixture,"releaseEntityCode: ""business_partner"","
server/packages/platform/experience/src/entity-operation-dispatcher.test.ts,241,entity,entity_property_literal,business_partner_request,test_fixture,"operationEntityCode: ""business_partner_request"","
server/packages/platform/experience/src/entity-operation-dispatcher.test.ts,254,entity,entity_property_literal,business_partner_request,test_fixture,"entityCode: ""business_partner_request"","
server/packages/platform/experience/src/entity-operation-dispatcher.test.ts,263,entity,entity_property_literal,business_partner,test_fixture,"expect.objectContaining({ entityCode: ""business_partner"" }),"
server/packages/platform/experience/src/entity-operation-dispatcher.ts,138,permission,missing_permission_guard_review,"!permission ||
        !input.context.permissions.allowed.includes(permission)",application_source,if (
server/packages/platform/experience/src/entity-page-planner.test.ts,12,permission,literal_permission_candidate,bp.read,test_fixture,"{ sectionKey: ""overview"", presentationRef: ""business_partner/presentation.section.overview.json"", viewPermission: ""bp.read"" },"
server/packages/platform/experience/src/entity-page-planner.test.ts,13,permission,literal_permission_candidate,bp.contacts.read,test_fixture,"{ sectionKey: ""contacts"", presentationRef: ""business_partner/presentation.section.contacts.json"", viewPermission: ""bp.contacts.read"" },"
server/packages/platform/experience/src/entity-page-planner.test.ts,14,permission,literal_permission_candidate,bp.bank.read,test_fixture,"{ sectionKey: ""banking"", presentationRef: ""business_partner/presentation.section.banking.json"", viewPermission: ""bp.bank.read"" },"
server/packages/platform/experience/src/entity-page-planner.test.ts,37,permission,literal_permission_candidate,qualification.read,test_fixture,"{sectionKey: ""qualifications-certificates"", presentationRef: ""business_partner/presentation.section.qualifications-certificates.json"", viewPermission: ""qualification.read""},"
server/packages/platform/experience/src/entity-page-planner.test.ts,38,permission,literal_permission_candidate,restriction.read,test_fixture,"{sectionKey: ""restrictions"", presentationRef: ""business_partner/presentation.section.restrictions.json"", viewPermission: ""restriction.read""},"
server/packages/platform/experience/src/entity-page-planner.test.ts,143,entity,entity_property_literal,business_partner,test_fixture,"entityCode: ""business_partner"","
server/packages/platform/experience/src/entity-section-service.test.ts,6,permission,literal_permission_candidate,bp.read,test_fixture,"const surface = artifact(""presentation_surface"", ""business_partner/presentation.detail"", { surfaceKey: ""detail"", header: { titleField: ""name"", codeField: ""code"", statusField: ""status"" }, sections: [{ sectionKey: ""overview"", presentationRef: ""business_partner/presentation.section.overview.json"", viewPermission: ""bp.read"" }, { sectionKey: ""contacts"", presentationRef: ""business_partner/presentation.section.contacts.json"", viewPermission: ""bp.contact"
server/packages/platform/experience/src/entity-section-service.test.ts,6,permission,literal_permission_candidate,bp.contacts.read,test_fixture,"const surface = artifact(""presentation_surface"", ""business_partner/presentation.detail"", { surfaceKey: ""detail"", header: { titleField: ""name"", codeField: ""code"", statusField: ""status"" }, sections: [{ sectionKey: ""overview"", presentationRef: ""business_partner/presentation.section.overview.json"", viewPermission: ""bp.read"" }, { sectionKey: ""contacts"", presentationRef: ""business_partner/presentation.section.contacts.json"", viewPermission: ""bp.contact"
server/packages/platform/experience/src/entity-section-service.test.ts,9,entity,entity_literal_reference,principal,test_fixture,"const context = { tenantId: ""tenant"", principalId: ""principal"", planeKey: ""neon"", permissions: { allowed: [""bp.read""] } } as any;"
server/packages/platform/experience/src/entity-section-service.test.ts,17,entity,entity_property_literal,business_partner,test_fixture,"const input = { context, entityCode: ""business_partner"", recordId: ""record"", surfaceKey: ""detail"" };"
server/packages/platform/experience/src/entity-section-service.test.ts,28,entity,entity_property_literal,business_partner,test_fixture,"const result = await service.bootstrap({context, entityCode: ""business_partner"", recordId: ""record"", surfaceKey: ""detail""});"
server/packages/platform/experience/src/entity-section-service.test.ts,32,entity,entity_array_literal,person,test_fixture,"const fields = [""organization"", ""person""].map(category => ({key: category, dynamicFacets: [{facet: ""visibility"", engine: ""jsonlogic.v1"", expression: {""=="": [{var: ""record.category""}, category]}, valueWhenTrue: ""visible"", valueWhenFalse: ""hidden""}]}));"
server/packages/platform/experience/src/entity-section-service.test.ts,36,entity,entity_literal_reference,person,test_fixture,"const service = createEntityRuntimeResourceService({reader: reader as any, headers: {readHeader: vi.fn()}, sections: {get: () => ({read: async () => ({revision: ""1"", data: {values: {category: ""organization""}, collections: {rows: [{category: ""person""}, {category: ""organization""}, {}]}}})})}});"
server/packages/platform/experience/src/entity-section-service.test.ts,37,entity,entity_property_literal,business_partner,test_fixture,"const result = await service.section({context, entityCode: ""business_partner"", recordId: ""partner"", surfaceKey: ""detail"", sectionKey: ""overview""});"
server/packages/platform/experience/src/entity-section-service.test.ts,38,entity,entity_array_literal,person,test_fixture,"expect(result?.presentation.childCollections[0]?.rowFields?.map(fields => fields.map(f => f.key))).toEqual([[""person""], [""organization""], []]);"
server/packages/platform/experience/src/entity-section-service.test.ts,45,entity,entity_property_literal,business_partner,test_fixture,"const result=await service.section({context,entityCode:'business_partner',recordId:'partner',surfaceKey:'detail',sectionKey:'overview'});"
server/packages/platform/experience/src/entity-section-service.test.ts,50,entity,entity_property_literal,business_partner_banking,test_fixture,"const typed=artifact('core',core.artifactKey,{entityCode:'business_partner_banking',fields:[{key:'account_last4'}],protections:[{protectedSource:{maskedByFieldKey:'account_last4'},normalProjection:{displayPrefix:'••••'},reveal:{operationKey:'reveal',targetField:'reveal_link_id',purposes}}]});"
server/packages/platform/experience/src/entity-section-service.test.ts,54,entity,entity_property_literal,business_partner,test_fixture,"const result=await service.section({context,entityCode:'business_partner',recordId:'partner',surfaceKey:'detail',sectionKey:'overview'});"
server/packages/platform/experience/src/entity-section-service.test.ts,57,entity,entity_array_literal,person,test_fixture,"it.each([['person',['person_name']],['organization',['legal_name']],[undefined,[]]])(""filters category facets from authorized values: %s"",async(category,expected)=>{"
server/packages/platform/experience/src/entity-section-service.test.ts,58,entity,entity_literal_reference,person,test_fixture,"const fields=['legal_name','person_name'].map((key,i)=>({key,dynamicFacets:[{facet:'visibility',engine:'jsonlogic.v1',expression:{'==':[{var:'record.partner_category'},i?'person':'organization']},valueWhenTrue:'visible',valueWhenFalse:'hidden'}]}));"
server/packages/platform/experience/src/entity-section-service.test.ts,63,entity,entity_property_literal,business_partner,test_fixture,"const result=await service.section({context,entityCode:'business_partner',recordId:'partner',surfaceKey:'detail',sectionKey:'overview'});"
server/packages/platform/experience/src/entity-section-service.test.ts,72,entity,entity_property_literal,business_partner,test_fixture,"const result=await service.section({context,entityCode:""business_partner"",recordId:""partner"",surfaceKey:""detail"",sectionKey:""overview""});"
server/packages/platform/experience/src/entity-section-service.test.ts,82,entity,entity_property_literal,business_partner,test_fixture,"const result=await service.section({context,entityCode:""business_partner"",recordId:""partner"",surfaceKey:""detail"",sectionKey:""overview""});"
server/packages/platform/experience/src/entity-section-service.test.ts,92,entity,entity_property_literal,business_partner,test_fixture,"const result=await service.section({context,entityCode:""business_partner"",recordId:""partner"",surfaceKey:""detail"",sectionKey:""overview""});"
server/packages/platform/experience/src/entity-section-service.test.ts,104,entity,entity_property_literal,business_partner,test_fixture,"const bootstrap = await service.bootstrap({ context, entityCode: ""business_partner"", recordId: ""00000000-0000-4000-8000-000000000001"", surfaceKey: ""detail"" });"
server/packages/platform/experience/src/entity-section-service.test.ts,107,entity,entity_property_literal,business_partner,test_fixture,"await expect(service.section({ context, entityCode: ""business_partner"", recordId: ""00000000-0000-4000-8000-000000000001"", surfaceKey: ""detail"", sectionKey: ""contacts"" })).resolves.toBeNull();"
server/packages/platform/experience/src/entity-section-service.test.ts,109,entity,entity_property_literal,business_partner,test_fixture,"await expect(service.section({ context, entityCode: ""business_partner"", recordId: ""00000000-0000-4000-8000-000000000001"", surfaceKey: ""detail"", sectionKey: ""overview"" })).resolves.toMatchObject({"
server/packages/platform/experience/src/entity-section-service.test.ts,124,entity,entity_property_literal,business_partner,test_fixture,"const result = await service.bootstrap({context,entityCode:""business_partner"",recordId:""record"",surfaceKey:""detail""});"
server/packages/platform/experience/src/entity-section-service.test.ts,141,entity,entity_property_literal,business_partner,test_fixture,"await expect(service.summary({ context, entityCode: ""business_partner"", recordId: ""00000000-0000-4000-8000-000000000001"", surfaceKey: ""detail"" })).resolves.toMatchObject({ revision: ""record-1"", cards: [ { key: ""primary-contact"", state: ""ready"", data: { name: ""Nurul Aziz"" } }, { key: ""governance"", state: ""unavailable"" } ] });"
server/packages/platform/experience/src/entity-section-service.test.ts,147,permission,literal_permission_candidate,bp.read,test_fixture,"const permittedSurface = artifact(""presentation_surface"", ""business_partner/presentation.detail"", { surfaceKey: ""detail"", header: { titleField: ""name"", codeField: ""code"", statusField: ""status"" }, sections: [{ sectionKey: ""comments"", presentationRef: ""business_partner/presentation.section.comments.json"", viewPermission: ""bp.read"" }], actions: [] });"
server/packages/platform/experience/src/entity-section-service.test.ts,151,entity,entity_property_literal,business_partner,test_fixture,"await expect(service.section({ context, entityCode: ""business_partner"", recordId: ""00000000-0000-4000-8000-000000000001"", surfaceKey: ""detail"", sectionKey: ""comments"" })).resolves.toMatchObject({ sectionKey: ""comments"", revision: ""comments-1"" });"
server/packages/platform/experience/src/entity-section-service.test.ts,159,entity,entity_property_literal,business_partner,test_fixture,"await service.section({ context, entityCode: ""business_partner"", recordId: ""00000000-0000-4000-8000-000000000001"", surfaceKey: ""detail"", sectionKey: ""overview"", limit: 1000, cursor: ""00000000-0000-4000-8000-000000000002"" });"
server/packages/platform/experience/src/entity-section-service.test.ts,165,entity,entity_property_literal,business_partner,test_fixture,"return { schema: ""athyper.compiled-entity-artifact/2.0-draft"", schemaVersion: 2, contractStatus: ""draft_for_review"", artifactType: type, artifactKey: key, entityCode: ""business_partner"", plane: ""neon"", dependencies: [], artifactHash: `sha256:${""a"".repeat(64)}`, content };"
server/packages/platform/experience/src/entity-section-service.test.ts,173,entity,entity_property_literal,business_partner,test_fixture,"await service.section({ context, entityCode: ""business_partner"", recordId: ""00000000-0000-4000-8000-000000000001"", surfaceKey: ""detail"", sectionKey: ""overview"", resourceContext: { operatingOrganizationId: ""00000000-0000-4000-8000-000000000002"", companyCodeId: ""00000000-0000-4000-8000-000000000003"", roleLens: ""supplier"", threadRootId: ""00000000-0000-4000-8000-000000000004"" } });"
server/packages/platform/experience/src/entity-section-service.test.ts,173,entity,entity_literal_reference,supplier,test_fixture,"await service.section({ context, entityCode: ""business_partner"", recordId: ""00000000-0000-4000-8000-000000000001"", surfaceKey: ""detail"", sectionKey: ""overview"", resourceContext: { operatingOrganizationId: ""00000000-0000-4000-8000-000000000002"", companyCodeId: ""00000000-0000-4000-8000-000000000003"", roleLens: ""supplier"", threadRootId: ""00000000-0000-4000-8000-000000000004"" } });"
server/packages/platform/experience/src/entity-section-service.test.ts,174,entity,entity_literal_reference,supplier,test_fixture,"expect(handler.read).toHaveBeenCalledWith(expect.objectContaining({ resourceContext: { operatingOrganizationId: ""00000000-0000-4000-8000-000000000002"", companyCodeId: ""00000000-0000-4000-8000-000000000003"", roleLens: ""supplier"", threadRootId: ""00000000-0000-4000-8000-000000000004"" } }));"
server/packages/platform/experience/src/entity-section-service.test.ts,181,entity,entity_property_literal,business_partner,test_fixture,"await expect(service.section({ context, entityCode: ""business_partner"", recordId: ""00000000-0000-4000-8000-000000000001"", surfaceKey: ""detail"", sectionKey: ""overview"" })).rejects.toMatchObject({ status: 409, code: ""ENTITY_RUNTIME_CONTEXT_REQUIRED"", message: ""Select an authorized organization and company context for this section."" });"
server/packages/platform/experience/src/neon-action-policy-registry.ts,17,permission,literal_permission_candidate,neon.relationship.entity_case.create,application_source,"""neon.relationship.entity_case.create"": {"
server/packages/platform/experience/src/record-participants.test.ts,6,entity,entity_property_literal,business_partner,test_fixture,"entityCode: ""business_partner"","
server/packages/platform/experience/src/routes.test.ts,16,permission,literal_permission_candidate,studio.platform.catalog.manage,test_fixture,"expect(routeContracts(application)).toContainEqual(expect.objectContaining({ method:""put"",path:""/api/platform/localization/policies/:planeKey"",operationId:""updatePlatformLocalePolicy"",permission:""studio.platform.catalog.manage"" }));"
server/packages/platform/experience/src/routes.test.ts,19,permission,literal_permission_candidate,studio.platform.catalog.manage,test_fixture,"expect(routeContracts(application)).toContainEqual(expect.objectContaining({method:""post"",path:""/api/studio/experience-surfaces/drafts"",operationId:""saveExperienceSurfaceDraft"",permission:""studio.platform.catalog.manage""}));"
server/packages/platform/experience/src/routes.test.ts,20,permission,literal_permission_candidate,studio.platform.catalog.manage,test_fixture,"expect(routeContracts(application)).toContainEqual(expect.objectContaining({method:""post"",path:""/api/studio/experience-surfaces/:releaseId/publish"",operationId:""publishExperienceSurface"",permission:""studio.platform.catalog.manage""}));"
server/packages/platform/experience/src/routes.test.ts,26,permission,literal_permission_candidate,studio.platform.catalog.manage,test_fixture,"expect(routeContracts(application)).toContainEqual(expect.objectContaining({method:""post"",path:""/api/studio/navigation/slug-redirects"",operationId:""registerRouteSlugRedirect"",permission:""studio.platform.catalog.manage""}));"
server/packages/platform/experience/src/routes.ts,36,permission,literal_permission_candidate,studio.platform.catalog.manage,application_source,"export const updateLocalePolicyContract=defineRouteContract({method:""put"",path:""/api/platform/localization/policies/:planeKey"",operationId:""updatePlatformLocalePolicy"",summary:""Activate tenant locales for a target plane from Studio"",tags:[""Platform localization""],authenticated:true,permission:""studio.platform.catalog.manage"",request:{params:localePlaneParams,body:localePolicyBody},responses:{...localeErrors,200:{description:""Updated plane locale "
server/packages/platform/experience/src/routes.ts,40,permission,literal_permission_candidate,studio.platform.catalog.manage,application_source,"export const saveExperienceSurfaceDraftContract=defineRouteContract({method:""post"",path:""/api/studio/experience-surfaces/drafts"",operationId:""saveExperienceSurfaceDraft"",summary:""Validate and persist a human-authored experience surface draft"",tags:[""Studio experience""],authenticated:true,permission:""studio.platform.catalog.manage"",request:{body:{type:""object"",additionalProperties:false,required:[""targetPlane"",""layer"",""definition""],properties:{tar"
server/packages/platform/experience/src/routes.ts,41,permission,literal_permission_candidate,studio.platform.catalog.manage,application_source,"export const listExperienceSurfaceHistoryContract=defineRouteContract({method:""get"",path:""/api/studio/experience-surfaces"",operationId:""listExperienceSurfaceHistory"",summary:""Load Studio release history for one surface"",tags:[""Studio experience""],authenticated:true,permission:""studio.platform.catalog.manage"",request:{query:{type:""object"",required:[""targetPlane"",""surfaceKey""],properties:{targetPlane:{enum:[""studio"",""neon"",""mesh""]},surfaceKey:{type"
server/packages/platform/experience/src/routes.ts,42,permission,literal_permission_candidate,studio.platform.catalog.manage,application_source,"export const rollbackExperienceSurfaceContract=defineRouteContract({method:""post"",path:""/api/studio/experience-surfaces/:releaseId/rollback"",operationId:""rollbackExperienceSurface"",summary:""Clone a historical release into a new human-review draft"",tags:[""Studio experience""],authenticated:true,permission:""studio.platform.catalog.manage"",request:{},responses:{200:{description:""Rollback draft"",body:surfaceReleaseResponse},404:{description:""Release n"
server/packages/platform/experience/src/routes.ts,43,permission,literal_permission_candidate,studio.platform.catalog.manage,application_source,"export const publishExperienceSurfaceContract=defineRouteContract({method:""post"",path:""/api/studio/experience-surfaces/:releaseId/publish"",operationId:""publishExperienceSurface"",summary:""Publish a validated draft and apply its exact-plane projection"",tags:[""Studio experience""],authenticated:true,permission:""studio.platform.catalog.manage"",request:{},responses:{200:{description:""Published release"",body:surfaceReleaseResponse},404:{description:""Dra"
server/packages/platform/experience/src/routes.ts,49,permission,literal_permission_candidate,studio.platform.catalog.manage,application_source,"export const registerRouteSlugRedirectContract=defineRouteContract({method:""post"",path:""/api/studio/navigation/slug-redirects"",operationId:""registerRouteSlugRedirect"",summary:""Register a catalog slug change in its exact target plane"",tags:[""Studio navigation""],authenticated:true,permission:""studio.platform.catalog.manage"",request:{body:{type:""object"",additionalProperties:false,required:[""targetPlane"",""catalogKind"",""catalogCode"",""sourcePath"",""targ"
server/packages/platform/experience/src/service.test.ts,30,permission,literal_permission_candidate,finance.invoice.read,test_fixture,"permissions: { planeKey: ""neon"", tenantId, principalId, principalFingerprint: ""principal-fp"", profileHash: ""profile-1"", schemaHash: ""schema-1"", resolvedAt: 1, allowed: [""finance.invoice.read"", ""unknown.permission.read""], denied: [], planLocked: [], planeExcluded: [], entries: [], authorizationScopes: [] },"
server/packages/platform/experience/src/service.test.ts,30,permission,literal_permission_candidate,unknown.permission.read,test_fixture,"permissions: { planeKey: ""neon"", tenantId, principalId, principalFingerprint: ""principal-fp"", profileHash: ""profile-1"", schemaHash: ""schema-1"", resolvedAt: 1, allowed: [""finance.invoice.read"", ""unknown.permission.read""], denied: [], planLocked: [], planeExcluded: [], entries: [], authorizationScopes: [] },"
server/packages/platform/experience/src/service.test.ts,135,entity,entity_array_literal,principal,test_fixture,"[""principal"", { principalStatus: ""disabled"" }, ""EXPERIENCE_PRINCIPAL_INACTIVE""],"
server/packages/platform/experience/src/service.test.ts,170,permission,literal_permission_candidate,finance.invoice.read,test_fixture,"const scoped={...context,permissions:{...context.permissions,authorizationScopes:[{permissionCode:""finance.invoice.read"",tenantWide:false,legalEntityIds:[legalA],companyCodeIds:[],operatingOrganizationIds:[],networkMembershipIds:[],visibility:""team"" as const}]}};"
server/packages/platform/experience/src/service.test.ts,183,permission,literal_permission_candidate,neon.finance.invoice.read,test_fixture,"const scoped={...context,permissions:{...context.permissions,authorizationScopes:[{permissionCode:action,tenantWide:false,legalEntityIds:[legalA,legalB],companyCodeIds:[],operatingOrganizationIds:[],networkMembershipIds:[],visibility:""team"" as const},{permissionCode:""neon.finance.invoice.read"",tenantWide:false,legalEntityIds:[legalA],companyCodeIds:[],operatingOrganizationIds:[],networkMembershipIds:[],visibility:""team"" as const}]}};"
server/packages/platform/experience/src/service.test.ts,208,permission,literal_permission_candidate,neon.procurement.purchase_order.create,test_fixture,"const scoped={...context,permissions:{...context.permissions,authorizationScopes:[{permissionCode:""neon.procurement.purchase_order.create"",tenantWide:false,legalEntityIds:[legalA],companyCodeIds:[],operatingOrganizationIds:[organizationA],networkMembershipIds:[],visibility:""team"" as const}]}};"
server/packages/platform/experience/src/service.test.ts,220,permission,literal_permission_candidate,neon.procurement.purchase_order.create,test_fixture,"const scoped={...context,permissions:{...context.permissions,authorizationScopes:[{permissionCode:""neon.procurement.purchase_order.create"",tenantWide:false,legalEntityIds:[],companyCodeIds:[],operatingOrganizationIds:[organizationId],networkMembershipIds:[],visibility:""team"" as const}]}};"
server/packages/platform/experience/src/service.test.ts,271,permission,literal_permission_candidate,neon.relationship.entity_case.create,test_fixture,"await expect(service(repository()).neonActionPolicy(context,""neon.relationship.entity_case.create"")).resolves.toBeUndefined();"
server/packages/platform/experience/src/service.test.ts,287,permission,literal_permission_candidate,neon.reference.currency.read,test_fixture,"const action=""neon.reference.currency.read"";"
server/packages/platform/experience/src/service.test.ts,288,entity,entity_property_literal,currency,test_fixture,"const scoped={...context,permissions:{...context.permissions,tenantWide:true,authorizationScopes:[{permissionCode:action,tenantWide:true,legalEntityIds:[],companyCodeIds:[],operatingOrganizationIds:[],networkMembershipIds:[],visibility:""all"" as const}],operationBindings:[{entityCode:""currency"",operationKey:""read"",permissionCode:action,decisionMode:""deterministic"",requiredScopeKinds:[""tenant""]}]}};"
server/packages/platform/experience/src/service.test.ts,295,permission,literal_permission_candidate,neon.reference.currency.read,test_fixture,"const action=""neon.reference.currency.read"";"
server/packages/platform/experience/src/service.test.ts,304,permission,literal_permission_candidate,mesh.account.read,test_fixture,"const meshContext={...context,planeKey:""mesh"" as const,permissions:{...context.permissions,planeKey:""mesh"" as const,authorizationScopes:[{permissionCode:""mesh.account.read"",tenantWide:false,legalEntityIds:[],companyCodeIds:[],operatingOrganizationIds:[],networkMembershipIds:[accountA,accountB],visibility:""team"" as const}]}};"
server/packages/platform/experience/src/service.test.ts,305,entity,entity_literal_reference,supplier,test_fixture,"const repo=repository({async readNetworkAccounts(){return[{id:accountA,code:""buyer.apac"",displayName:""Athyper APAC Procurement"",role:""buyer"",canonicalPartyId:party,source:""neon_projection"",revision:""account:a""},{id:accountB,code:""supplier.apac"",displayName:""Athyper Supplier APAC"",role:""supplier"",canonicalPartyId:party,source:""mesh"",revision:""account:b""},{id:accountC,code:""supplier.hidden"",displayName:""Hidden Supplier"",role:""supplier"",source:""mesh"
server/packages/platform/experience/src/service.ts,280,permission,literal_permission_candidate,studio.platform.catalog.manage,application_source,"""studio.platform.catalog.manage"","
server/packages/platform/experience/src/service.ts,307,permission,literal_permission_candidate,studio.platform.catalog.manage,application_source,"!context.permissions.allowed.includes(""studio.platform.catalog.manage"")"
server/packages/platform/experience/src/service.ts,1107,permission,literal_permission_candidate,studio.platform.catalog.manage,application_source,"!context.permissions.allowed.includes(""studio.platform.catalog.manage"")"
server/packages/platform/experience/src/service.ts,1283,entity,entity_literal_reference,principal,application_source,"): ""principal"" | ""tenant"" | ""platform"" {"
server/packages/platform/experience/src/service.ts,1285,entity,entity_literal_reference,principal,application_source,"? ""principal"""
server/packages/platform/experience/src/service.ts,1292,entity,entity_literal_reference,principal,application_source,"source: ""principal"" | ""tenant"" | ""platform"","
server/packages/platform/experience/src/service.ts,1533,entity,entity_literal_reference,principal,application_source,"resolved.localization.source.uiLocale === ""principal"" &&"
server/packages/platform/experience/src/service.ts,1540,entity,entity_literal_reference,principal,application_source,"resolved.localization.source.uiLocale !== ""principal"" &&"
server/packages/platform/governance/src/compliance/kysely-compliance-repositories.test.ts,38,entity,entity_literal_reference,principal,test_fixture,"""principal"","
server/packages/platform/governance/src/compliance/report-pack-service.test.ts,59,entity,entity_literal_reference,finance.close,test_fixture,"reportTypeCode: ""finance.close"","
server/packages/platform/governance/src/compliance/report-pack-service.test.ts,62,entity,entity_property_literal,finance.close,test_fixture,"source: { entityCode: ""finance.close"", entityId: ""close-1"" },"
server/packages/platform/governance/src/consent/channel-consent-service.test.ts,9,entity,entity_literal_reference,principal,test_fixture,"it(""passes only a destination hash to point-in-time and history persistence"",async()=>{const seen:ChannelConsentCoordinate[]=[];const repository:ChannelConsentRepository<any>={upsert:async()=>{throw new Error(""unused"");},findAt:async input=>{seen.push(input);return null;},history:async input=>{seen.push(input);return{items:[],hasMore:false};}};const service=createChannelConsentService<any>({transactions:{run:async(plane:""studio""|""neon""|""mesh"",_ac"
server/packages/platform/governance/src/consent/channel-consent-service.test.ts,10,entity,entity_literal_reference,principal,test_fixture,"it(""rejects a missing exact plane before opening a transaction"",async()=>{let transactionStarted=false;const service=createChannelConsentService<any>({transactions:{run:async()=>{transactionStarted=true;throw new Error(""transaction started"");}} as never,repositories:createExactPlaneRepositoryProvider({studio:{} as ChannelConsentRepository<any>},{unavailableCode:""GOVERNANCE_EXACT_PLANE_REPOSITORY_UNAVAILABLE""}),audit:{} as never,outbox:{} as never"
server/packages/platform/governance/src/consent/channel-consent-service.test.ts,11,entity,entity_literal_reference,principal,test_fixture,"it(""uses the request plane for notification consent reads"",async()=>{const calls:string[]=[];const repository=(plane:string):ChannelConsentRepository<any>=>({upsert:async()=>{throw new Error(""unused"");},findAt:async()=>{calls.push(plane);return null;},history:async()=>({items:[],hasMore:false})});const service=createChannelConsentService<any>({transactions:{run:async(plane:""studio""|""neon""|""mesh"",_actor:unknown,work:(transaction:any)=>Promise<any>"
server/packages/platform/governance/src/consent/channel-consent-service.test.ts,19,entity,entity_literal_reference,principal,test_fixture,"const base = {context:{planeKey:""neon"",tenantId:""tenant"",principalId:""principal""} as never,subjectType:""principal"" as const,subjectId:""subject"",channel:""email"" as const,consented:true,sourceCode:""test""};"
server/packages/platform/governance/src/cycles/cycle-execution-services.test.ts,44,entity,entity_literal_reference,supplier,test_fixture,"env.repository.transaction = (context, work) => transaction(context, store => work({...store, evaluateCompletion: async () => ({ready, evaluatedAt:""2026-09-14T00:00:00Z"", reasons:ready?[]:[""activation_confirmation""],evidence:{owner:""supplier""}})}));"
server/packages/platform/governance/src/cycles/cycle-execution-services.test.ts,89,entity,entity_literal_reference,finance.close,test_fixture,"const certification = await env.certifications.create(author, { runId: created.run.id, certificationTypeCode: ""finance.close"", statement: ""The close is complete."" });"
server/packages/platform/governance/src/cycles/cycle-execution-services.test.ts,102,entity,entity_literal_reference,finance.close,test_fixture,"const certification = await env.certifications.create(author, { runId: created.run.id, certificationTypeCode: ""finance.close"", statement: ""Ready"" });"
server/packages/platform/governance/src/cycles/cycle-execution-services.test.ts,221,entity,entity_property_literal,finance.close,test_fixture,"function template(): PublishedCycleTemplate { const tasks = [""A"", ""B"", ""C"", ""D""].map((code, index) => ({ id: `template-${code}`, phaseId: ""phase-1"", categoryId: ""category-1"", entityCode: ""finance.close"", code, name: code, completionMode: ""manual"" as const, isMandatory: true, isWaivable: false, sortOrder: index + 1, applicability: {} })); return { schema: ""athyper.cycle-template/1.0"", id: ""revision-3"", tenantId: ""tenant-1"", version: 3, publishedAt"
server/packages/platform/governance/src/cycles/cycle-execution-services.test.ts,221,entity,entity_literal_reference,finance.close,test_fixture,"function template(): PublishedCycleTemplate { const tasks = [""A"", ""B"", ""C"", ""D""].map((code, index) => ({ id: `template-${code}`, phaseId: ""phase-1"", categoryId: ""category-1"", entityCode: ""finance.close"", code, name: code, completionMode: ""manual"" as const, isMandatory: true, isWaivable: false, sortOrder: index + 1, applicability: {} })); return { schema: ""athyper.cycle-template/1.0"", id: ""revision-3"", tenantId: ""tenant-1"", version: 3, publishedAt"
server/packages/platform/governance/src/cycles/kysely-cycle-execution-repository.test.ts,12,entity,entity_literal_reference,principal,test_fixture,"await repository.transaction({tenantId:""tenant"",principalId:""principal""}, async store => {"
server/packages/platform/governance/src/cycles/kysely-cycle-execution-repository.test.ts,14,entity,entity_literal_reference,certification,test_fixture,"await store.getDeviation(""deviation""); await store.getCertification(""certification"");"
server/packages/platform/governance/src/process-selection/fixture.test-helper.ts,192,entity,entity_literal_reference,business_partner,test_fixture,"authority: { ...revision(), owner: ""business_partner"" },"
server/packages/platform/governance/src/repositories/kysely-governance-repository.test.ts,32,entity,entity_literal_reference,principal,test_fixture,"subjectType: ""principal"","
server/packages/platform/governance/src/repositories/kysely-governance-repository.test.ts,33,entity,entity_literal_reference,principal,test_fixture,"subjectId: ""principal"","
server/packages/platform/governance/src/routes/governance-http.test.ts,31,entity,entity_literal_reference,principal,test_fixture,"subjectType: ""principal"","
server/packages/platform/governance/src/routes/governance-routes.test.ts,11,entity,entity_literal_reference,principal,test_fixture,"registerGovernanceRoutes(application,{authenticate:(_request,_response,next)=>next(),readContext:()=>({tenantId:""tenant"",principalId:""principal""} as never),authorizer:{authorize:async()=>({allowed:true})} as Authorizer,consent:{record:call} as unknown as ChannelConsentService,cycleRuns:methods([""create"",""transition"",""readiness""],call) as unknown as CycleRunService,cycleTasks:methods([""claim"",""start"",""complete"",""block"",""waive"",""reopen""],call) as u"
server/packages/platform/governance/src/routes/governance-routes.test.ts,14,permission,literal_permission_candidate,governance.cycle.certify,test_fixture,"expect(contracts.find(item=>item.operationId===""governance.cycleCertification.certify"")?.permission).toBe(""governance.cycle.certify"");"
server/packages/platform/governance/src/routes/governance-routes.test.ts,15,permission,literal_permission_candidate,governance.cycle.review,test_fixture,"expect(contracts.find(item=>item.operationId===""governance.cycleDeviation.carryForward"")?.permission).toBe(""governance.cycle.review"");"
server/packages/platform/governance/src/routes/governance-routes.ts,82,permission,literal_permission_candidate,governance.consent.write,application_source,"permissionCode: ""governance.consent.write"","
server/packages/platform/governance/src/routes/governance-routes.ts,527,permission,literal_permission_candidate,governance.consent.write,application_source,"permission: ""governance.consent.write"","
server/packages/platform/governance/src/routes/governance-routes.ts,643,permission,literal_permission_candidate,governance.cycle.certify,application_source,"? ""governance.cycle.certify"""
server/packages/platform/governance/src/routes/governance-routes.ts,648,permission,literal_permission_candidate,governance.cycle.review,application_source,"? ""governance.cycle.review"""
server/packages/platform/governance/src/routes/governance-routes.ts,649,permission,literal_permission_candidate,governance.cycle.execute,application_source,": ""governance.cycle.execute"";"
server/packages/platform/iam/src/__tests__/customer-portal-delivery.test.ts,12,entity,entity_literal_reference,customer,test_fixture,"customerId: ""customer"","
server/packages/platform/iam/src/__tests__/customer-portal-delivery.test.ts,17,entity,entity_literal_reference,person,test_fixture,"{ sourceRef: ""business_partner_contact:contact"", personId: ""person"" },"
server/packages/platform/iam/src/__tests__/customer-portal-delivery.test.ts,22,entity,entity_literal_reference,person,test_fixture,"personId: ""person"","
server/packages/platform/iam/src/__tests__/external-worker-identity-intent.test.ts,30,entity,entity_literal_reference,external_worker,test_fixture,"relationship: ""external_worker"","
server/packages/platform/iam/src/__tests__/external-worker-identity-intent.test.ts,56,entity,entity_literal_reference,external_worker,test_fixture,"relationship: ""external_worker"","
server/packages/platform/iam/src/__tests__/external-worker-identity-intent.test.ts,158,entity,entity_literal_reference,external_worker,test_fixture,"relationship: ""external_worker"","
server/packages/platform/iam/src/__tests__/iam-service.test.ts,51,permission,literal_permission_candidate,finance.invoice.read,test_fixture,"permissionCode: ""finance.invoice.read"", effect: ""allow"", proof: ""role"","
server/packages/platform/iam/src/__tests__/iam-service.test.ts,61,permission,literal_permission_candidate,iam.profile.read,test_fixture,"expect(result.context.permissions.allowed).not.toContain(""iam.profile.read"");"
server/packages/platform/iam/src/__tests__/identity-replay-approval.test.ts,11,mfa,mfa_identifier_reference,assurance,test_fixture,"assurance: ""elevated"","
server/packages/platform/iam/src/__tests__/identity-replay-approval.test.ts,11,mfa,assurance_literal,elevated,test_fixture,"assurance: ""elevated"","
server/packages/platform/iam/src/__tests__/identity-replay-approval.test.ts,45,mfa,mfa_identifier_reference,assurance,test_fixture,"{ ...context, assurance: ""baseline"" },"
server/packages/platform/iam/src/__tests__/identity-replay-approval.test.ts,45,mfa,assurance_literal,baseline,test_fixture,"{ ...context, assurance: ""baseline"" },"
server/packages/platform/iam/src/__tests__/identity-replay-approval.test.ts,46,mfa,mfa_literal_or_route,rejects wrong plane or missing MFA,test_fixture,"])(""rejects wrong plane or missing MFA"", async (input) => {"
server/packages/platform/iam/src/__tests__/identity-replay-routes.test.ts,52,mfa,mfa_identifier_reference,assurance,test_fixture,"assurance?: ""baseline"" | ""elevated"";"
server/packages/platform/iam/src/__tests__/identity-replay-routes.test.ts,62,mfa,mfa_identifier_reference,assurance,test_fixture,"assurance: options.assurance ?? ""elevated"","
server/packages/platform/iam/src/__tests__/identity-replay-routes.test.ts,62,mfa,assurance_literal,elevated,test_fixture,"assurance: options.assurance ?? ""elevated"","
server/packages/platform/iam/src/__tests__/identity-replay-routes.test.ts,77,mfa,mfa_boolean_configuration,requiresMfa: true,test_fixture,"requiresMfa: true,"
server/packages/platform/iam/src/__tests__/identity-replay-routes.test.ts,77,mfa,mfa_identifier_reference,requiresMfa,test_fixture,"requiresMfa: true,"
server/packages/platform/iam/src/__tests__/identity-replay-routes.test.ts,182,mfa,mfa_identifier_reference,assurance,test_fixture,"assurance: ""baseline"","
server/packages/platform/iam/src/__tests__/identity-replay-routes.test.ts,182,mfa,assurance_literal,baseline,test_fixture,"assurance: ""baseline"","
server/packages/platform/iam/src/__tests__/identity-saga.test.ts,217,entity,entity_literal_reference,external_worker,test_fixture,"relationship: ""external_worker"" as const,"
server/packages/platform/iam/src/__tests__/identity-saga.test.ts,225,entity,entity_literal_reference,external_worker,test_fixture,"expect.objectContaining({ relationship: ""external_worker"" }),"
server/packages/platform/iam/src/__tests__/keycloak-identity-provider.test.ts,55,entity,entity_literal_reference,external_worker,test_fixture,"relationship: ""external_worker"","
server/packages/platform/iam/src/__tests__/permission-authorizer.test.ts,12,permission,literal_permission_candidate,records.read,test_fixture,"authorizationScopes: [{ permissionCode: ""records.read"", tenantWide: false, legalEntityIds: [""legal-1""], companyCodeIds: [], operatingOrganizationIds: [], networkMembershipIds: [], visibility: ""team"" }],"
server/packages/platform/iam/src/__tests__/permission-authorizer.test.ts,18,permission,literal_permission_candidate,records.read,test_fixture,"await expect(createPermissionAuthorizer().authorize({ context, permissionCode: ""records.read"" }))"
server/packages/platform/iam/src/__tests__/permission-authorizer.test.ts,36,permission,literal_permission_candidate,documents.read,test_fixture,"permissionCode: ""documents.read"","
server/packages/platform/iam/src/__tests__/permission-authorizer.test.ts,49,permission,literal_permission_candidate,documents.read,test_fixture,"await expect(createPermissionAuthorizer().authorize({ context: aclContext, permissionCode: ""documents.read"" }))"
server/packages/platform/iam/src/__tests__/permission-authorizer.test.ts,53,permission,literal_permission_candidate,documents.read,test_fixture,"permissionCode: ""documents.read"","
server/packages/platform/iam/src/__tests__/permission-authorizer.test.ts,58,permission,literal_permission_candidate,documents.read,test_fixture,"permissionCode: ""documents.read"","
server/packages/platform/iam/src/__tests__/permission-authorizer.test.ts,63,mfa,mfa_literal_or_route,"enforces entitlement, MFA, SoD, hard policy, and published operation bindings centrally",test_fixture,"it(""enforces entitlement, MFA, SoD, hard policy, and published operation bindings centrally"", async () => {"
server/packages/platform/iam/src/__tests__/permission-authorizer.test.ts,66,mfa,mfa_identifier_reference,assurance,test_fixture,"assurance: ""baseline"","
server/packages/platform/iam/src/__tests__/permission-authorizer.test.ts,66,mfa,assurance_literal,baseline,test_fixture,"assurance: ""baseline"","
server/packages/platform/iam/src/__tests__/permission-authorizer.test.ts,69,permission,literal_permission_candidate,records.read,test_fixture,"requirements: [{ permissionCode: ""records.read"", moduleId: ""module-1"", riskTier: ""critical"", requiresMfa: true, requiresSod: true, entitled: true }],"
server/packages/platform/iam/src/__tests__/permission-authorizer.test.ts,69,mfa,mfa_boolean_configuration,requiresMfa: true,test_fixture,"requirements: [{ permissionCode: ""records.read"", moduleId: ""module-1"", riskTier: ""critical"", requiresMfa: true, requiresSod: true, entitled: true }],"
server/packages/platform/iam/src/__tests__/permission-authorizer.test.ts,69,mfa,mfa_identifier_reference,requiresMfa,test_fixture,"requirements: [{ permissionCode: ""records.read"", moduleId: ""module-1"", riskTier: ""critical"", requiresMfa: true, requiresSod: true, entitled: true }],"
server/packages/platform/iam/src/__tests__/permission-authorizer.test.ts,70,permission,literal_permission_candidate,records.read,test_fixture,"operationBindings: [{ entityCode: ""finance.invoice"", operationKey: ""read"", permissionCode: ""records.read"", decisionMode: ""authorize"", requiredScopeKinds: [""legal_entity""] }],"
server/packages/platform/iam/src/__tests__/permission-authorizer.test.ts,74,permission,literal_permission_candidate,records.read,test_fixture,"await expect(createPermissionAuthorizer().authorize({ context: {...secured, permissions:{...secured.permissions, allowed:[]}}, permissionCode: ""records.read"", resource }))"
server/packages/platform/iam/src/__tests__/permission-authorizer.test.ts,76,permission,literal_permission_candidate,records.read,test_fixture,"await expect(createPermissionAuthorizer().authorize({ context: {...secured, permissions:{...secured.permissions, evidence:[{permissionCode:""records.read"",effect:""allow"",proof:""record_acl"",scopeTargetId:""tenant-scope"",scopeKind:""tenant"",targetId:context.tenantId,propagationMode:""exact"",resourceCode:""finance.invoice"",recordId:""one""}]}}, permissionCode: ""records.read"", resource:{...resource,resourceCode:""finance.invoice"",recordId:""other""} }))"
server/packages/platform/iam/src/__tests__/permission-authorizer.test.ts,78,permission,literal_permission_candidate,records.read,test_fixture,"await expect(createPermissionAuthorizer().authorize({ context: secured, permissionCode: ""records.read"", resource }))"
server/packages/platform/iam/src/__tests__/permission-authorizer.test.ts,79,mfa,mfa_literal_or_route,mfa_required,test_fixture,".resolves.toEqual({ allowed: false, reason: ""mfa_required"" });"
server/packages/platform/iam/src/__tests__/permission-authorizer.test.ts,80,mfa,mfa_identifier_reference,assurance,test_fixture,"await expect(createPermissionAuthorizer().authorize({ context: { ...secured, assurance: ""elevated"" }, permissionCode: ""records.read"", resource }))"
server/packages/platform/iam/src/__tests__/permission-authorizer.test.ts,80,mfa,assurance_literal,elevated,test_fixture,"await expect(createPermissionAuthorizer().authorize({ context: { ...secured, assurance: ""elevated"" }, permissionCode: ""records.read"", resource }))"
server/packages/platform/iam/src/__tests__/permission-authorizer.test.ts,80,permission,literal_permission_candidate,records.read,test_fixture,"await expect(createPermissionAuthorizer().authorize({ context: { ...secured, assurance: ""elevated"" }, permissionCode: ""records.read"", resource }))"
server/packages/platform/iam/src/__tests__/permission-authorizer.test.ts,82,mfa,mfa_identifier_reference,assurance,test_fixture,"await expect(createPermissionAuthorizer({ policyGate: { evaluate: async () => ({ allowed: false, reason: ""policy_denied"" }) } }).authorize({ context: { ...secured, assurance: ""elevated"" }, permissionCode: ""records.read"", resource }))"
server/packages/platform/iam/src/__tests__/permission-authorizer.test.ts,82,mfa,assurance_literal,elevated,test_fixture,"await expect(createPermissionAuthorizer({ policyGate: { evaluate: async () => ({ allowed: false, reason: ""policy_denied"" }) } }).authorize({ context: { ...secured, assurance: ""elevated"" }, permissionCode: ""records.read"", resource }))"
server/packages/platform/iam/src/__tests__/permission-authorizer.test.ts,82,permission,literal_permission_candidate,records.read,test_fixture,"await expect(createPermissionAuthorizer({ policyGate: { evaluate: async () => ({ allowed: false, reason: ""policy_denied"" }) } }).authorize({ context: { ...secured, assurance: ""elevated"" }, permissionCode: ""records.read"", resource }))"
server/packages/platform/iam/src/__tests__/permission-authorizer.test.ts,84,mfa,mfa_identifier_reference,assurance,test_fixture,"await expect(createPermissionAuthorizer({ policyGate: { evaluate: async () => ({ allowed: true, sodSatisfied: true }) } }).authorize({ context: { ...secured, assurance: ""elevated"" }, permissionCode: ""records.read"", resource }))"
server/packages/platform/iam/src/__tests__/permission-authorizer.test.ts,84,mfa,assurance_literal,elevated,test_fixture,"await expect(createPermissionAuthorizer({ policyGate: { evaluate: async () => ({ allowed: true, sodSatisfied: true }) } }).authorize({ context: { ...secured, assurance: ""elevated"" }, permissionCode: ""records.read"", resource }))"
server/packages/platform/iam/src/__tests__/permission-authorizer.test.ts,84,permission,literal_permission_candidate,records.read,test_fixture,"await expect(createPermissionAuthorizer({ policyGate: { evaluate: async () => ({ allowed: true, sodSatisfied: true }) } }).authorize({ context: { ...secured, assurance: ""elevated"" }, permissionCode: ""records.read"", resource }))"
server/packages/platform/iam/src/__tests__/permission-authorizer.test.ts,90,permission,literal_permission_candidate,records.read,test_fixture,"requirements: [{ permissionCode: ""records.read"", moduleId: ""module-1"", riskTier: ""low"", requiresMfa: false, requiresSod: false, entitled: false }],"
server/packages/platform/iam/src/__tests__/permission-authorizer.test.ts,90,mfa,mfa_boolean_configuration,requiresMfa: false,test_fixture,"requirements: [{ permissionCode: ""records.read"", moduleId: ""module-1"", riskTier: ""low"", requiresMfa: false, requiresSod: false, entitled: false }],"
server/packages/platform/iam/src/__tests__/permission-authorizer.test.ts,90,mfa,mfa_identifier_reference,requiresMfa,test_fixture,"requirements: [{ permissionCode: ""records.read"", moduleId: ""module-1"", riskTier: ""low"", requiresMfa: false, requiresSod: false, entitled: false }],"
server/packages/platform/iam/src/__tests__/permission-authorizer.test.ts,91,permission,literal_permission_candidate,records.read,test_fixture,"operationBindings: [{ entityCode: ""finance.invoice"", operationKey: ""read"", permissionCode: ""records.read"", decisionMode: ""authorize"", requiredScopeKinds: [] }],"
server/packages/platform/iam/src/__tests__/permission-authorizer.test.ts,93,permission,literal_permission_candidate,records.read,test_fixture,"await expect(createPermissionAuthorizer().authorize({ context: secured, permissionCode: ""records.read"" }))"
server/packages/platform/iam/src/__tests__/permission-authorizer.test.ts,96,permission,literal_permission_candidate,records.read,test_fixture,"await expect(createPermissionAuthorizer().authorize({ context: entitled, permissionCode: ""records.read"", resource: { entityCode: ""finance.invoice"", operationKey: ""delete"" } }))"
server/packages/platform/iam/src/__tests__/provisioning-routes.test.ts,27,entity,entity_literal_reference,principal,test_fixture,"principalId: ""principal"","
server/packages/platform/iam/src/__tests__/provisioning-vertical.test.ts,10,permission,literal_permission_candidate,iam.provisioning.create,test_fixture,"permissions: { planeKey: ""studio"", tenantId: ""10000000-0000-4000-8000-000000000001"", principalId: ""10000000-0000-4000-8000-000000000002"", principalFingerprint: ""fp"", profileHash: ""profile"", schemaHash: ""schema"", resolvedAt: 1, allowed: [""iam.provisioning.create""], denied: [], planLocked: [], planeExcluded: [], entries: [], authorizationScopes: [] },"
server/packages/platform/iam/src/__tests__/provisioning-vertical.test.ts,80,permission,literal_permission_candidate,iam.provisioning.create,test_fixture,"const scoped = { ...context, permissions: { ...context.permissions, evidence: [{ permissionCode: ""iam.provisioning.create"", effect: ""allow"" as const, proof: ""role"" as const, scopeKind: ""workspace"" as const, scopeTargetId: ""scope-1"", targetId: ""workspace-1"", propagationMode: ""exact"" as const }] } };"
server/packages/platform/iam/src/__tests__/provisioning-vertical.test.ts,89,permission,literal_permission_candidate,iam.provisioning.create,test_fixture,"await expect(test.service.request(command)).resolves.toEqual({ kind: ""Forbidden"", permissionCode: ""iam.provisioning.create"" });"
server/packages/platform/iam/src/__tests__/shadow-authorizer.test.ts,86,entity,entity_comparison,business_partner,test_fixture,"plane === ""neon"" && entity === ""business_partner"""
server/packages/platform/iam/src/__tests__/shadow-authorizer.test.ts,93,entity,entity_literal_reference,business_partner,test_fixture,"expect(wrapped.enforcedEntityProfile?.(""neon"", ""business_partner"")).toBe("
server/packages/platform/iam/src/__tests__/shadow-authorizer.test.ts,97,entity,entity_literal_reference,business_partner,test_fixture,"wrapped.enforcedEntityProfile?.(""mesh"", ""business_partner""),"
server/packages/platform/iam/src/__tests__/source-permission-constraints.test.ts,7,entity,entity_literal_reference,principal,test_fixture,"principalId: ""principal"","
server/packages/platform/iam/src/__tests__/source-permission-constraints.test.ts,9,mfa,mfa_identifier_reference,assurance,test_fixture,"assurance: ""elevated"","
server/packages/platform/iam/src/__tests__/source-permission-constraints.test.ts,9,mfa,assurance_literal,elevated,test_fixture,"assurance: ""elevated"","
server/packages/platform/iam/src/__tests__/source-permission-constraints.test.ts,12,entity,entity_literal_reference,principal,test_fixture,"principalId: ""principal"","
server/packages/platform/iam/src/__tests__/source-permission-constraints.test.ts,26,mfa,mfa_boolean_configuration,requiresMfa: false,test_fixture,"requiresMfa: false,"
server/packages/platform/iam/src/__tests__/source-permission-constraints.test.ts,26,mfa,mfa_identifier_reference,requiresMfa,test_fixture,"requiresMfa: false,"
server/packages/platform/iam/src/__tests__/source-permission-constraints.test.ts,76,mfa,mfa_boolean_configuration,requiresMfa: true,test_fixture,"{ requiresMfa: true },"
server/packages/platform/iam/src/__tests__/source-permission-constraints.test.ts,76,mfa,mfa_identifier_reference,requiresMfa,test_fixture,"{ requiresMfa: true },"
server/packages/platform/iam/src/__tests__/source-permission-constraints.test.ts,84,mfa,mfa_identifier_reference,assurance,test_fixture,"assurance: ""baseline"","
server/packages/platform/iam/src/__tests__/source-permission-constraints.test.ts,84,mfa,assurance_literal,baseline,test_fixture,"assurance: ""baseline"","
server/packages/platform/iam/src/external-worker-identity-intent.ts,21,entity,entity_literal_reference,external_worker,application_source,"readonly relationship: ""external_worker"" | ""employer"";"
server/packages/platform/iam/src/external-worker-identity-intent.ts,226,entity,entity_literal_reference,external_worker,application_source,"external = relationship === ""external_worker"","
server/packages/platform/iam/src/iam-plane-selection.test.ts,7,entity,entity_literal_reference,principal,test_fixture,"claims:{tenant_id:""tenant"",principal_id:""principal"",azp:""neon-web"",resource_access:{""neon-web"":{roles:[""AUTHORIZED""]},""mesh-web"":{roles:[""AUTHORIZED""]}}},"
server/packages/platform/iam/src/iam-plane-selection.test.ts,26,entity,entity_literal_reference,principal,test_fixture,"const resolveIdentityContext = vi.fn(async () => ({tenantId:""tenant"",principalId:""principal"",authEpoch:1}));"
server/packages/platform/iam/src/iam-plane-selection.test.ts,30,entity,entity_literal_reference,principal,test_fixture,"else expect(result).toMatchObject({ok:true,context:{planeKey:""mesh"",principalId:""principal""}});"
server/packages/platform/iam/src/iam-routes.ts,25,permission,literal_permission_candidate,iam.profile.read,application_source,"summary: ""Get the verified request principal"", tags: [""IAM""], authenticated: true, permission: ""iam.profile.read"","
server/packages/platform/iam/src/iam-routes.ts,47,permission,literal_permission_candidate,iam.provisioning.create,application_source,"permission: ""iam.provisioning.create"","
server/packages/platform/iam/src/iam-service.ts,192,mfa,mfa_identifier_reference,assurance,application_source,"const assurance = elevatedAssurance(claims, authenticationMethods) ? ""elevated"" as const : ""baseline"" as const;"
server/packages/platform/iam/src/iam-service.ts,192,mfa,mfa_identifier_reference,elevatedAssurance,application_source,"const assurance = elevatedAssurance(claims, authenticationMethods) ? ""elevated"" as const : ""baseline"" as const;"
server/packages/platform/iam/src/iam-service.ts,199,mfa,mfa_identifier_reference,assurance,application_source,"assurance,"
server/packages/platform/iam/src/iam-service.ts,209,mfa,mfa_identifier_reference,elevatedAssurance,application_source,"function elevatedAssurance(claims: JwtClaims, methods: readonly string[]): boolean {"
server/packages/platform/iam/src/iam-service.ts,210,mfa,mfa_literal_or_route,mfa,application_source,"if (methods.some((method) => [""otp"", ""webauthn"", ""mfa"", ""hwk""].includes(method.toLowerCase()))) return true;"
server/packages/platform/iam/src/identity-provisioning-service.ts,24,permission,literal_permission_candidate,iam.provisioning.execute,application_source,"async function authorize(authorizer:Authorizer,context:VerifiedRequestContext){const result=await authorizer.authorize({context,permissionCode:""iam.provisioning.execute""});if(!result.allowed)throw new Error(""IAM_PROVISIONING_FORBIDDEN"");}"
server/packages/platform/iam/src/identity-replay-approval.ts,62,mfa,mfa_identifier_reference,assurance,application_source,"if (write && context.assurance !== ""elevated"")"
server/packages/platform/iam/src/identity-replay-approval.ts,62,mfa,assurance_literal,elevated,application_source,"if (write && context.assurance !== ""elevated"")"
server/packages/platform/iam/src/identity-replay-approval.ts,63,mfa,mfa_literal_or_route,IAM_REPLAY_MFA_REQUIRED,application_source,"throw new IdentityReplayError(403, ""IAM_REPLAY_MFA_REQUIRED"");"
server/packages/platform/iam/src/identity-replay-approval.ts,66,permission,constructed_permission_candidate,"`studio.iam.application_projection.${write ? ""replay"" : ""read""}`",application_source,"permissionCode: `studio.iam.application_projection.${write ? ""replay"" : ""read""}`,"
server/packages/platform/iam/src/identity-replay-routes.ts,51,permission,constructed_permission_candidate,"`studio.iam.application_projection.${method === ""get"" ? ""read"" : ""replay""}`",application_source,"permission: `studio.iam.application_projection.${method === ""get"" ? ""read"" : ""replay""}`,"
server/packages/platform/iam/src/identity-replay-routes.ts,64,mfa,mfa_literal_or_route,"Authority, MFA or separation rejected",application_source,"403: { description: ""Authority, MFA or separation rejected"" },"
server/packages/platform/iam/src/identity-saga.ts,6,entity,entity_literal_reference,external_worker,application_source,"export type IdentityRelationship = ""employer"" | ""contact"" | ""external_worker"";"
server/packages/platform/iam/src/identity-saga.ts,587,entity,entity_literal_reference,external_worker,application_source,"work.membership.relationship === ""external_worker"""
server/packages/platform/iam/src/identity-saga.ts,602,entity,entity_literal_reference,external_worker,application_source,"work.membership.relationship === ""external_worker"" &&"
server/packages/platform/iam/src/kysely-identity-source-coordinate.test.ts,8,entity,entity_literal_reference,person,test_fixture,"identityId:""identity"",personId:""person"",sourcePlane:""neon"",sourceTenantId:""source-tenant"","
server/packages/platform/iam/src/kysely-identity-source-coordinate.test.ts,22,entity,entity_literal_reference,principal,test_fixture,": query.sql.startsWith(""INSERT INTO master.principal("") ? [{id:""principal"",status:""active""}]"
server/packages/platform/iam/src/kysely-identity-source-coordinate.test.ts,23,entity,entity_literal_reference,principal,test_fixture,": query.sql.startsWith(""SELECT principal_id FROM master.principal_identity_binding"") ? [{principal_id:""principal""}]"
server/packages/platform/iam/src/kysely-identity-source-coordinate.test.ts,38,entity,entity_literal_reference,person,test_fixture,"expect(evidence).toMatchObject({personId:""person"",sourcePlane:""neon"",sourceTenantId:""source-tenant"",relationship:""employer"",sourceRef:""employment:one""});"
server/packages/platform/iam/src/kysely-permission-resolver.ts,43,mfa,mfa_identifier_reference,requires_mfa,application_source,requires_mfa: boolean;
server/packages/platform/iam/src/kysely-permission-resolver.ts,398,mfa,mfa_identifier_reference,requiresMfa,application_source,"requiresMfa: row.requires_mfa,"
server/packages/platform/iam/src/kysely-permission-resolver.ts,398,mfa,mfa_identifier_reference,requires_mfa,application_source,"requiresMfa: row.requires_mfa,"
server/packages/platform/iam/src/kysely-permission-resolver.ts,460,entity,entity_literal_reference,network_relationship,application_source,"...values(""network_relationship""),"
server/packages/platform/iam/src/kysely-permission-resolver.ts,506,mfa,mfa_literal_or_route,"`
          SELECT permission.canonical_code AS permission_code,permission.module_id::text AS module_id,
                 permission.risk_tier::text AS risk_tier,permission.requires_mfa,permission.requires_sod,
         ",application_source,await sql<RequirementRow>`
server/packages/platform/iam/src/permission-authorizer.ts,117,mfa,mfa_identifier_reference,requiresMfa,application_source,"if (requirement?.requiresMfa && context.assurance !== ""elevated"")"
server/packages/platform/iam/src/permission-authorizer.ts,117,mfa,mfa_identifier_reference,assurance,application_source,"if (requirement?.requiresMfa && context.assurance !== ""elevated"")"
server/packages/platform/iam/src/permission-authorizer.ts,117,mfa,assurance_literal,elevated,application_source,"if (requirement?.requiresMfa && context.assurance !== ""elevated"")"
server/packages/platform/iam/src/permission-authorizer.ts,118,mfa,mfa_literal_or_route,mfa_required,application_source,"return { allowed: false, reason: ""mfa_required"" };"
server/packages/platform/iam/src/permission-authorizer.ts,287,mfa,mfa_identifier_reference,requiresMfa,application_source,"if (requirement.requiresMfa && context.assurance !== ""elevated"")"
server/packages/platform/iam/src/permission-authorizer.ts,287,mfa,mfa_identifier_reference,assurance,application_source,"if (requirement.requiresMfa && context.assurance !== ""elevated"")"
server/packages/platform/iam/src/permission-authorizer.ts,287,mfa,assurance_literal,elevated,application_source,"if (requirement.requiresMfa && context.assurance !== ""elevated"")"
server/packages/platform/iam/src/permission-authorizer.ts,288,mfa,mfa_literal_or_route,mfa_required,application_source,"return { state: ""denied"", reason: ""mfa_required"" };"
server/packages/platform/iam/src/provisioning-vertical.ts,9,permission,literal_permission_candidate,iam.provisioning.create,application_source,"export const CREATE_PROVISIONING_PERMISSION = ""iam.provisioning.create"";"
server/packages/platform/iam/src/trustiam-authority.ts,18,entity,entity_literal_reference,supplier,application_source,"export interface TrustIamProjectionScope { readonly id: string; readonly tenantId: string; readonly projectionId: string; readonly scopeKind: ProjectionScopeKind; readonly targetId: string; readonly ceilingMode: ProjectionCeilingMode; readonly networkRoleCeiling?: ""buyer"" | ""supplier"" | ""both""; readonly desiredVersion: number; readonly metadata: Readonly<Record<string, unknown>>; readonly status: ""active"" | ""inactive"" }"
server/packages/platform/jobs/src/job-admin-routes.ts,31,permission,literal_permission_candidate,jobs.board.view,application_source,"permission: ""jobs.board.view"","
server/packages/platform/jobs/src/job-admin-routes.ts,45,permission,literal_permission_candidate,jobs.board.view,application_source,"permission: ""jobs.board.view"","
server/packages/platform/jobs/src/job-admin-routes.ts,58,permission,literal_permission_candidate,jobs.board.view,application_source,"permission: ""jobs.board.view"","
server/packages/platform/jobs/src/job-admin-routes.ts,72,permission,literal_permission_candidate,jobs.schedule.view,application_source,"permission: ""jobs.schedule.view"","
server/packages/platform/jobs/src/job-admin-routes.ts,85,permission,literal_permission_candidate,jobs.schedule.view,application_source,"permission: ""jobs.schedule.view"","
server/packages/platform/jobs/src/job-admin-routes.ts,100,permission,literal_permission_candidate,jobs.schedule.manage,application_source,"permission: ""jobs.schedule.manage"","
server/packages/platform/jobs/src/job-admin-routes.ts,116,permission,literal_permission_candidate,jobs.schedule.manage,application_source,"permission: ""jobs.schedule.manage"","
server/packages/platform/jobs/src/job-admin-routes.ts,133,permission,literal_permission_candidate,jobs.schedule.manage,application_source,"permission: ""jobs.schedule.manage"","
server/packages/platform/jobs/src/job-admin-routes.ts,149,permission,literal_permission_candidate,jobs.schedule.view,application_source,"permission: ""jobs.schedule.view"","
server/packages/platform/jobs/src/job-admin-routes.ts,205,permission,literal_permission_candidate,jobs.queue.manage,application_source,"permission: ""jobs.queue.manage"","
server/packages/platform/jobs/src/job-admin-routes.ts,330,entity,entity_literal_reference,timezone,application_source,"timezone: text(body, ""timezone""),"
server/packages/platform/jobs/src/job-admin-routes.ts,449,entity,entity_literal_reference,timezone,application_source,"timezone: text(body, ""timezone""),"
server/packages/platform/metadata/src/__tests__/activity-reader.test.ts,28,entity,entity_literal_reference,principal,test_fixture,"return { reader, artifacts, coordinate: { tenantId: ""tenant"", principalId: ""principal"", planeKey: ""neon"" as const, entityCode } };"
server/packages/platform/metadata/src/__tests__/authorized-browser-projection.test.ts,5,entity,entity_property_literal,business_partner,test_fixture,"coordinate: { entityCode: ""business_partner"" },"
server/packages/platform/metadata/src/__tests__/authorized-browser-projection.test.ts,12,entity,entity_literal_reference,master.business_partner,test_fixture,"{ key: ""name"", dataType: ""string"", nullable: false, label: { labelKey: ""entity.business_partner.name"", defaultText: ""Name"" }, binding: { sourceObject: ""master.business_partner"", column: ""name"" }, policyBindings: [{ evaluatorKey: ""internal"" }] },"
server/packages/platform/metadata/src/__tests__/capability-profile-reader.test.ts,28,entity,entity_literal_reference,principal,test_fixture,"return { reader, coordinate: { tenantId: ""tenant"", principalId: ""principal"", planeKey: ""neon"" as const, entityCode } };"
server/packages/platform/metadata/src/__tests__/collection-relationship.test.ts,3,entity,entity_literal_reference,entity_case,test_fixture,"const binding={schemaVersion:1,sourceRef:""entity_case"",subject:{fieldRef:""subject_entity"",value:""master.business_partner""},scope:{fieldRef:""current_snapshot.organization"",contextRef:""operatingOrganizationId""}};"
server/packages/platform/metadata/src/__tests__/collection-relationship.test.ts,3,entity,entity_literal_reference,master.business_partner,test_fixture,"const binding={schemaVersion:1,sourceRef:""entity_case"",subject:{fieldRef:""subject_entity"",value:""master.business_partner""},scope:{fieldRef:""current_snapshot.organization"",contextRef:""operatingOrganizationId""}};"
server/packages/platform/metadata/src/__tests__/collection-relationship.test.ts,4,entity,entity_literal_reference,entity_case,test_fixture,"const storage={schema:""document"",object:""entity_case"",idField:""id"",tenantField:""tenant_id""};"
server/packages/platform/metadata/src/__tests__/collection-relationship.test.ts,6,entity,entity_array_literal,master.business_partner,test_fixture,"it(""supports unrelated subjects through the same registered shape"",()=>{for(const value of [""master.business_partner"",""procurement.purchase_order"",""workforce.employee""])expect(parseCollectionRelationship({...binding,subject:{...binding.subject,value}},storage).subject.value).toBe(value);});"
server/packages/platform/metadata/src/__tests__/collection-relationship.test.ts,8,entity,entity_literal_reference,master.business_partner,test_fixture,"for(const candidate of [{...binding,schemaVersion:2},{...binding,sourceRef:""arbitrary_table""},{...binding,sql:""true""},{...binding,subject:{fieldRef:""tenant_id"",value:""master.business_partner""}},{...binding,subject:{...binding.subject,value:""x' OR TRUE --""}},{...binding,scope:{...binding.scope,contextRef:""tenantId""}},{...binding,scope:{...binding.scope,fieldRef:""payload.secret""}}])expect(()=>parseCollectionRelationship(candidate,storage)).toThrow("
server/packages/platform/metadata/src/__tests__/compiled-entity-flow-reader.test.ts,7,entity,entity_property_literal,business_partner,test_fixture,"const input = { tenantId: ""tenant"", principalId: ""actor"", planeKey: ""neon"" as const, entityCode: ""business_partner"", flowEntityCode: ""business_partner_request"", flowKey: ""supplier.new"", sourceKind: ""manual"" };"
server/packages/platform/metadata/src/__tests__/compiled-entity-flow-reader.test.ts,7,entity,entity_property_literal,business_partner_request,test_fixture,"const input = { tenantId: ""tenant"", principalId: ""actor"", planeKey: ""neon"" as const, entityCode: ""business_partner"", flowEntityCode: ""business_partner_request"", flowKey: ""supplier.new"", sourceKind: ""manual"" };"
server/packages/platform/metadata/src/__tests__/compiled-entity-flow-reader.test.ts,12,entity,entity_property_literal,business_partner_request,test_fixture,"entityCode: ""business_partner_request"", artifactHash: hash,"
server/packages/platform/metadata/src/__tests__/compiled-entity-flow-reader.test.ts,28,entity,entity_literal_reference,supplier,test_fixture,"expect(await f.reader.workflow({ ...input, journey: ""supplier"" })).toMatchObject({ version: 15, hash: ""a"".repeat(64), stageCode: ""review"" });"
server/packages/platform/metadata/src/__tests__/compiled-entity-reader.test.ts,15,entity,entity_property_literal,business_partner,test_fixture,"const coordinate = { tenantId: ""tenant-1"", principalId: ""principal-1"", planeKey: ""neon"" as const, entityCode: ""business_partner"" };"
server/packages/platform/metadata/src/__tests__/compiled-entity-reader.test.ts,88,entity,entity_literal_reference,business_partner,test_fixture,"entityCode = ""business_partner"","
server/packages/platform/metadata/src/__tests__/compiled-runtime-contract.test.ts,263,permission,literal_permission_candidate,other.read,test_fixture,"operations: [{ key: ""read"", permissionCode: ""other.read"" }],"
server/packages/platform/metadata/src/__tests__/compiled-source-tenant.test.ts,10,entity,entity_property_literal,business_partner,test_fixture,"entityCode: ""business_partner"","
server/packages/platform/metadata/src/__tests__/compiled-source-tenant.test.ts,24,entity,entity_property_literal,business_partner,test_fixture,"entityCode: ""business_partner"","
server/packages/platform/metadata/src/__tests__/compiled-source-tenant.test.ts,109,entity,entity_literal_reference,country,test_fixture,"{id:'global-owner', owner:'country', tenant:null, release:makeRelease('global-owner')},"
server/packages/platform/metadata/src/__tests__/compiled-source-tenant.test.ts,110,entity,entity_literal_reference,business_partner,test_fixture,"{id:'tenant-reference', owner:'business_partner', tenant:coordinate.tenantId, release:makeRelease('tenant-reference')},"
server/packages/platform/metadata/src/__tests__/compiled-source-tenant.test.ts,116,entity,entity_property_literal,country,test_fixture,"const payloads=entities.map(row=>`(${quote(row.id)},'compiled_entity_runtime',${quote(row.tenant)}::uuid,jsonb_build_object('entityCode',${quote(row.owner)}::text),${quote(JSON.stringify({release:{...row.release,artifacts:[{...release.artifacts[0],artifactKey:'country/core',entityCode:'country'}]}}))}::jsonb)`).join(',');"
server/packages/platform/metadata/src/__tests__/compiled-source-tenant.test.ts,124,entity,entity_property_literal,country,test_fixture,"const request={...coordinate,entityCode:'country'};"
server/packages/platform/metadata/src/__tests__/compiled-source-tenant.test.ts,127,entity,entity_literal_reference,country,test_fixture,"entities=[...rows,{id:'tenant-owner',owner:'country',tenant:coordinate.tenantId,release:makeRelease('tenant-owner')}];"
server/packages/platform/metadata/src/__tests__/dev-publication-resolution.test.ts,21,entity,entity_property_literal,country,test_fixture,"const coordinate={tenantId:tenantId!,principalId:'00000000-0000-4000-8000-000000000001',planeKey:plane,entityCode:'country'};"
server/packages/platform/metadata/src/__tests__/dev-publication-resolution.test.ts,27,entity,entity_property_literal,country,test_fixture,"evidence.push({plane,tenant,entity:'country',releaseId:descriptor.releaseId,list:descriptor.operations.list,read:descriptor.operations.read});"
server/packages/platform/metadata/src/__tests__/dev-publication-resolution.test.ts,29,entity,entity_property_literal,business_partner,test_fixture,"const bp=await reader.resolve({...coordinate,entityCode:'business_partner'});"
server/packages/platform/metadata/src/__tests__/dev-publication-resolution.test.ts,34,entity,entity_property_literal,business_partner,test_fixture,"evidence.push({plane,tenant,entity:'business_partner',...publication,coreHash:core.artifactHash});"
server/packages/platform/metadata/src/__tests__/directory-scope.test.ts,10,entity,entity_literal_reference,supplier,test_fixture,"const role={key:""partnerRole"",label:""Role"",emptyLabel:""All partners"",options:[{value:""supplier"",label:""Suppliers""}]};"
server/packages/platform/metadata/src/__tests__/entity-ai.test.ts,5,entity,entity_property_literal,business_partner,test_fixture,"const descriptor = { schema: ""athyper.entity-runtime-descriptor/1.0"", entityCode: ""business_partner"", planeKey: ""neon"", storage: { schema: ""master"", object: ""business_partner"", idField: ""id"", tenantField: ""tenant_id"" }, fields: [{ key: ""code"", storagePath: ""code"", type: ""string"", required: true, writableOn: [], searchable: true }], operations: { read: { code: ""read"", permissionCode: ""neon.relationship.business_partner.read"" } } };"
server/packages/platform/metadata/src/__tests__/entity-ai.test.ts,5,entity,entity_literal_reference,business_partner,test_fixture,"const descriptor = { schema: ""athyper.entity-runtime-descriptor/1.0"", entityCode: ""business_partner"", planeKey: ""neon"", storage: { schema: ""master"", object: ""business_partner"", idField: ""id"", tenantField: ""tenant_id"" }, fields: [{ key: ""code"", storagePath: ""code"", type: ""string"", required: true, writableOn: [], searchable: true }], operations: { read: { code: ""read"", permissionCode: ""neon.relationship.business_partner.read"" } } };"
server/packages/platform/metadata/src/__tests__/entity-ai.test.ts,5,permission,literal_permission_candidate,neon.relationship.business_partner.read,test_fixture,"const descriptor = { schema: ""athyper.entity-runtime-descriptor/1.0"", entityCode: ""business_partner"", planeKey: ""neon"", storage: { schema: ""master"", object: ""business_partner"", idField: ""id"", tenantField: ""tenant_id"" }, fields: [{ key: ""code"", storagePath: ""code"", type: ""string"", required: true, writableOn: [], searchable: true }], operations: { read: { code: ""read"", permissionCode: ""neon.relationship.business_partner.read"" } } };"
server/packages/platform/metadata/src/__tests__/entity-ai.test.ts,6,entity,entity_property_literal,business_partner,test_fixture,"const row = { entity_code: ""business_partner"", release_id: ""release-17"", release_no: 17, entity_contract_hash: ""a"".repeat(64), compiled_hash: ""b"".repeat(64), plane_code: ""neon"", compiled_json: descriptor };"
server/packages/platform/metadata/src/__tests__/entity-ai.test.ts,24,entity,entity_array_literal,business_partner,test_fixture,"it.each([[""business_partner"", ""neon""], [""network_relationship"", ""mesh""]])(""parses the generic record capability for %s in %s"", (entityCode, planeKey) => {"
server/packages/platform/metadata/src/__tests__/entity-ai.test.ts,24,entity,entity_array_literal,network_relationship,test_fixture,"it.each([[""business_partner"", ""neon""], [""network_relationship"", ""mesh""]])(""parses the generic record capability for %s in %s"", (entityCode, planeKey) => {"
server/packages/platform/metadata/src/__tests__/entity-authorization.test.ts,81,permission,literal_permission_candidate,invoice.secret.read,test_fixture,"readPermissionCode: ""invoice.secret.read"","
server/packages/platform/metadata/src/__tests__/entity-authorization.test.ts,82,permission,literal_permission_candidate,invoice.secret.write,test_fixture,"writePermissionCode: ""invoice.secret.write"","
server/packages/platform/metadata/src/__tests__/intake-projection.test.ts,4,entity,entity_literal_reference,business_partner,test_fixture,"function graph(entityCode = ""business_partner"") {"
server/packages/platform/metadata/src/__tests__/intake-projection.test.ts,54,entity,entity_array_literal,business_partner,test_fixture,"it.each([""business_partner"", ""product""])("
server/packages/platform/metadata/src/__tests__/intake-projection.test.ts,102,entity,entity_literal_reference,supplier,test_fixture,"entryCondition: { field: ""role"", operator: ""equals"", value: ""supplier"" },"
server/packages/platform/metadata/src/__tests__/intake-projection.test.ts,107,entity,entity_literal_reference,supplier,test_fixture,"entryCondition: { field: ""role"", operator: ""equals"", value: ""supplier"" },"
server/packages/platform/metadata/src/__tests__/metadata-service.test.ts,5,entity,entity_property_literal,business_partner,test_fixture,"const descriptor: EntityRuntimeDescriptor = { schema: ""athyper.entity-runtime-descriptor/1.0"", entityCode: ""business_partner"", planeKey: ""neon"", releaseId: ""release-1"", releaseNo: 1, contractHash: ""a"".repeat(64), compiledHash: ""b"".repeat(64), storage: { schema: ""master"", object: ""business_partner"", idField: ""id"", tenantField: ""tenant_id"", versionField: ""row_version"", statusField: ""status"" }, fields: [{ key: ""name"", storagePath: ""name"", type: ""str"
server/packages/platform/metadata/src/__tests__/metadata-service.test.ts,5,entity,entity_literal_reference,business_partner,test_fixture,"const descriptor: EntityRuntimeDescriptor = { schema: ""athyper.entity-runtime-descriptor/1.0"", entityCode: ""business_partner"", planeKey: ""neon"", releaseId: ""release-1"", releaseNo: 1, contractHash: ""a"".repeat(64), compiledHash: ""b"".repeat(64), storage: { schema: ""master"", object: ""business_partner"", idField: ""id"", tenantField: ""tenant_id"", versionField: ""row_version"", statusField: ""status"" }, fields: [{ key: ""name"", storagePath: ""name"", type: ""str"
server/packages/platform/metadata/src/__tests__/metadata-service.test.ts,5,permission,literal_permission_candidate,master.business_partner.read,test_fixture,"const descriptor: EntityRuntimeDescriptor = { schema: ""athyper.entity-runtime-descriptor/1.0"", entityCode: ""business_partner"", planeKey: ""neon"", releaseId: ""release-1"", releaseNo: 1, contractHash: ""a"".repeat(64), compiledHash: ""b"".repeat(64), storage: { schema: ""master"", object: ""business_partner"", idField: ""id"", tenantField: ""tenant_id"", versionField: ""row_version"", statusField: ""status"" }, fields: [{ key: ""name"", storagePath: ""name"", type: ""str"
server/packages/platform/metadata/src/__tests__/metadata-service.test.ts,12,entity,entity_literal_reference,business_partner,test_fixture,"await expect(service.getEntityDescriptor(context, ""business_partner"")).resolves.toBe(descriptor);"
server/packages/platform/metadata/src/__tests__/metadata-service.test.ts,13,entity,entity_literal_reference,business_partner,test_fixture,"await expect(service.getEntityDescriptor(context, ""business_partner"")).resolves.toBe(descriptor);"
server/packages/platform/metadata/src/__tests__/native-list-application.test.ts,7,entity,entity_literal_reference,business_partner,test_fixture,"application: { key: ""business_partner"", defaultSectionKey: ""overview"" },"
server/packages/platform/metadata/src/__tests__/native-list-application.test.ts,18,entity,entity_property_literal,business_partner,test_fixture,"content: { kind: ""entity_list"", entityCode: ""business_partner"" },"
server/packages/platform/metadata/src/__tests__/native-list-application.test.ts,23,permission,literal_permission_candidate,bp.create,test_fixture,"actions: [{ key: ""create"", permissionCode: ""bp.create"" }],"
server/packages/platform/metadata/src/compiled-entity-flow-reader.ts,148,entity,entity_literal_reference,supplier,application_source,".filter((value): value is string => value === ""supplier"" || value === ""customer""))];"
server/packages/platform/metadata/src/compiled-entity-flow-reader.ts,148,entity,entity_literal_reference,customer,application_source,".filter((value): value is string => value === ""supplier"" || value === ""customer""))];"
server/packages/platform/metadata/src/compiled-entity-flow-reader.ts,223,entity,entity_literal_reference,address,application_source,"addLabel: typeof component.addLabel === ""string"" ? component.addLabel : `Add ${kind === ""addresses"" ? ""address"" : ""contact""}`,"
server/packages/platform/metadata/src/compiled-entity-flow-reader.ts,224,entity,entity_literal_reference,address,application_source,"removeLabel: `Remove ${kind === ""addresses"" ? ""address"" : ""contact""}`,"
server/packages/platform/metadata/src/compiled-entity-reader-concurrency.test.ts,13,entity,entity_property_literal,principal,test_fixture,"entityCode: ""principal"","
server/packages/platform/metadata/src/compiled-entity-reader-concurrency.test.ts,23,entity,entity_property_literal,principal,test_fixture,"entityCode: ""principal"","
server/packages/platform/metadata/src/descriptor-parser.test.ts,14,entity,entity_property_literal,country,test_fixture,"entity_code: ""country"","
server/packages/platform/metadata/src/descriptor-parser.test.ts,22,entity,entity_property_literal,country,test_fixture,"entityCode: ""country"","
server/packages/platform/metadata/src/descriptor-parser.test.ts,26,entity,entity_literal_reference,country,test_fixture,"object: ""country"","
server/packages/platform/metadata/src/descriptor-parser.test.ts,31,permission,literal_permission_candidate,country.read,test_fixture,"operations: { read: { code: ""read"", permissionCode: ""country.read"" } },"
server/packages/platform/metadata/src/descriptor-parser.test.ts,122,permission,literal_permission_candidate,country.read,test_fixture,"expect(descriptor.operations.read?.permissionCode).toBe(""country.read"");"
server/packages/platform/metadata/src/descriptor-parser.test.ts,127,entity,entity_literal_reference,country,test_fixture,"expect(() => validateRelatedPresentationOwner(presentation.related!, ""country"", presentation.entityRelationships))"
server/packages/platform/metadata/src/descriptor-parser.ts,102,permission,required_permission_parser_review,"string(
            item[""permissionCode""],
            `operations.${key}.permissionCode`,
          )",application_source,permissionCode: string(
server/packages/platform/metadata/src/descriptor-parser.ts,127,permission,permission_presence_gate_review,"permission &&
      operations[action.operationKey]?.permissionCode !==
        permission.permissionCode",application_source,permission &&
server/packages/platform/metadata/src/descriptor-parser.ts,366,permission,required_permission_parser_review,"string(
                  item[""permissionCode""],
                  ""transition.permissionCode"",
                )",application_source,permissionCode: string(
server/packages/platform/metadata/src/distributed-descriptor-cache.test.ts,5,entity,entity_property_literal,business_partner,test_fixture,"const coordinate: EntityDescriptorCoordinate = { planeKey: ""neon"", tenantId: ""tenant-1"", principalId: ""principal-1"", entityCode: ""business_partner"" };"
server/packages/platform/metadata/src/distributed-descriptor-cache.test.ts,8,entity,entity_property_literal,business_partner,test_fixture,"entityCode: ""business_partner"","
server/packages/platform/metadata/src/distributed-descriptor-cache.test.ts,14,entity,entity_literal_reference,business_partner,test_fixture,"storage: { schema: ""master"", object: ""business_partner"", idField: ""id"", tenantField: ""tenant_id"" },"
server/packages/platform/metadata/src/distributed-descriptor-cache.test.ts,16,permission,literal_permission_candidate,partner.read,test_fixture,"operations: { read: { code: ""read"", permissionCode: ""partner.read"" } },"
server/packages/platform/metadata/src/distributed-descriptor-cache.test.ts,30,entity,entity_property_literal,business_partner,test_fixture,"await expect(cache.get(coordinate)).resolves.toMatchObject({ entityCode: ""business_partner"", planeKey: ""neon"" });"
server/packages/platform/metadata/src/entity-readiness-declaration.test.ts,6,entity,entity_property_literal,country,test_fixture,"entity_code: ""country"","
server/packages/platform/metadata/src/entity-readiness-declaration.test.ts,14,entity,entity_property_literal,country,test_fixture,"entityCode: ""country"","
server/packages/platform/metadata/src/entity-readiness-declaration.test.ts,18,entity,entity_literal_reference,country,test_fixture,"object: ""country"","
server/packages/platform/metadata/src/entity-readiness-declaration.test.ts,32,permission,literal_permission_candidate,country.read,test_fixture,"operations: { read: { code: ""read"", permissionCode: ""country.read"" } },"
server/packages/platform/metadata/src/entity-readiness-inventory.fixtures.ts,10,entity,entity_property_literal,country,test_fixture,"entity_code: ""country"","
server/packages/platform/metadata/src/entity-readiness-inventory.fixtures.ts,18,entity,entity_property_literal,country,test_fixture,"entityCode: ""country"","
server/packages/platform/metadata/src/entity-readiness-inventory.fixtures.ts,22,entity,entity_literal_reference,country,test_fixture,"object: ""country"","
server/packages/platform/metadata/src/entity-readiness-inventory.fixtures.ts,35,permission,literal_permission_candidate,country.read,test_fixture,"operations: { read: { code: ""read"", permissionCode: ""country.read"" } },"
server/packages/platform/metadata/src/entity-readiness-inventory.postgres.test.ts,138,entity,entity_array_literal,country,test_fixture,"""country"","
server/packages/platform/metadata/src/entity-readiness-inventory.postgres.test.ts,182,entity,embedded_entity_route_or_publication,"`UPDATE runtime_meta.release_activation_head SET publication_key=${`metadata.entity.country.${tenant.replaceAll(""-"", """")}`} WHERE applied_release_id=${legacyId}::uuid`",test_fixture,"await sql`UPDATE runtime_meta.release_activation_head SET publication_key=${`metadata.entity.country.${tenant.replaceAll(""-"", """")}`} WHERE applied_release_id=${legacyId}::uuid`.execute("
server/packages/platform/metadata/src/entity-readiness-inventory.postgres.test.ts,182,entity,embedded_entity_route_or_publication,"`metadata.entity.country.${tenant.replaceAll(""-"", """")}`",test_fixture,"await sql`UPDATE runtime_meta.release_activation_head SET publication_key=${`metadata.entity.country.${tenant.replaceAll(""-"", """")}`} WHERE applied_release_id=${legacyId}::uuid`.execute("
server/packages/platform/metadata/src/entity-readiness-inventory.test.ts,11,entity,entity_property_literal,country,test_fixture,"{ entityCode: ""country"", compiledHash: ""b"".repeat(64) },"
server/packages/platform/metadata/src/entity-readiness-inventory.test.ts,96,entity,embedded_entity_route_or_publication,metadata.entity.country,test_fixture,"expect(readinessInventoryTenant(""metadata.entity.country"", tenant)).toBe("
server/packages/platform/metadata/src/entity-readiness-inventory.test.ts,101,entity,embedded_entity_route_or_publication,"`metadata.entity.country.${tenant.replaceAll(""-"", """")}`",test_fixture,"`metadata.entity.country.${tenant.replaceAll(""-"", """")}`,"
server/packages/platform/metadata/src/entity-readiness-inventory.test.ts,113,entity,embedded_entity_route_or_publication,metadata.entity.country,test_fixture,"readinessInventoryTenant(""metadata.entity.country"", tenant),"
server/packages/platform/metadata/src/form-presentation.test.ts,5,entity,entity_property_literal,principal_profile,test_fixture,"const compiled={schema:'athyper.entity-runtime-descriptor/1.0',entityCode:'principal_profile',planeKey:'neon',releaseId:'release-1',releaseNo:1,contractHash:'a'.repeat(64),compiledHash:'b'.repeat(64),storage:{schema:'master',object:'principal_profile',idField:'id',tenantField:'tenant_id'},fields:[{key:'name',storagePath:'name',type:'string',required:false,writableOn:['create','patch']}],operations:{read:{code:'read',permissionCode:'profile.read'}"
server/packages/platform/metadata/src/form-presentation.test.ts,5,entity,entity_literal_reference,principal_profile,test_fixture,"const compiled={schema:'athyper.entity-runtime-descriptor/1.0',entityCode:'principal_profile',planeKey:'neon',releaseId:'release-1',releaseNo:1,contractHash:'a'.repeat(64),compiledHash:'b'.repeat(64),storage:{schema:'master',object:'principal_profile',idField:'id',tenantField:'tenant_id'},fields:[{key:'name',storagePath:'name',type:'string',required:false,writableOn:['create','patch']}],operations:{read:{code:'read',permissionCode:'profile.read'}"
server/packages/platform/metadata/src/form-presentation.test.ts,5,permission,literal_permission_candidate,profile.read,test_fixture,"const compiled={schema:'athyper.entity-runtime-descriptor/1.0',entityCode:'principal_profile',planeKey:'neon',releaseId:'release-1',releaseNo:1,contractHash:'a'.repeat(64),compiledHash:'b'.repeat(64),storage:{schema:'master',object:'principal_profile',idField:'id',tenantField:'tenant_id'},fields:[{key:'name',storagePath:'name',type:'string',required:false,writableOn:['create','patch']}],operations:{read:{code:'read',permissionCode:'profile.read'}"
server/packages/platform/metadata/src/form-presentation.test.ts,6,entity,entity_property_literal,principal_profile,test_fixture,"const envelope={entity_code:'principal_profile',release_id:'release-1',release_no:1,entity_contract_hash:'a'.repeat(64),plane_code:'neon',compiled_hash:'b'.repeat(64),compiled_json:compiled};"
server/packages/platform/metadata/src/native-runtime-projection.ts,246,permission,missing_permission_guard_review,"!required.length ||
          required.some(
            (binding) => !permission[0]!.scopeKinds.includes(binding.scopeKind),
          )",application_source,if (
server/packages/platform/notifications/src/__tests__/activity-query.test.ts,13,entity,entity_property_literal,business_partner,test_fixture,"entity: ""business_partner"","
server/packages/platform/notifications/src/__tests__/entity-notification-delivery.test.ts,21,entity,entity_property_literal,employee,test_fixture,"parent_entity_code: ""employee"","
server/packages/platform/notifications/src/__tests__/entity-notification-delivery.test.ts,23,entity,entity_property_literal,employee,test_fixture,"entity_type: ""employee"","
server/packages/platform/notifications/src/__tests__/entity-notification-planner.test.ts,19,entity,entity_property_literal,business_partner,test_fixture,"entity_type: ""business_partner"","
server/packages/platform/notifications/src/__tests__/entity-notification-planner.test.ts,52,entity,entity_literal_reference,principal_notification_preference,test_fixture,"if (text.includes(""principal_notification_preference""))"
server/packages/platform/notifications/src/__tests__/entity-notification-planner.test.ts,102,entity,entity_comparison,business_partner,test_fixture,"entity_type: options.entityCode ?? ""business_partner"","
server/packages/platform/notifications/src/__tests__/entity-notification-planner.test.ts,118,entity,entity_literal_reference,business_partner,test_fixture,"expect(message.parameters).toContain(""business_partner"");"
server/packages/platform/notifications/src/__tests__/entity-notification-routing.test.ts,16,entity,entity_property_literal,business_partner,test_fixture,"entity_type: ""business_partner"","
server/packages/platform/notifications/src/__tests__/entity-notification-routing.test.ts,24,entity,entity_property_literal,business_partner,test_fixture,"parentEntityCode: ""business_partner"","
server/packages/platform/notifications/src/__tests__/entity-notification-routing.test.ts,35,entity,entity_property_literal,employee,test_fixture,"{ ...source, payload: { ...source.payload, entity_type: ""employee"" } },"
server/packages/platform/notifications/src/__tests__/notification-record-policy.test.ts,5,entity,entity_literal_reference,principal_notification_preference,test_fixture,"const owner=""33333333-3333-4333-8333-333333333333"",descriptor={storage:{schema:""master"",object:""principal_notification_preference""}};"
server/packages/platform/notifications/src/entity-notification-delivery.ts,81,entity,entity_literal_reference,principal,application_source,"subjectType: ""principal"","
server/packages/platform/notifications/src/kysely-notification-preferences.ts,158,entity,entity_literal_reference,principal_notification_preference,application_source,"if(descriptor.storage.schema!==""master""||descriptor.storage.object!==""principal_notification_preference"")throw Error(""NOTIFICATION_PREFERENCE_STORAGE_MISMATCH"");"
server/packages/platform/notifications/src/notification-operations.ts,82,permission,literal_permission_candidate,notifications.delivery.read,application_source,"await permit(options.authorizer,context,""notifications.delivery.read"");"
server/packages/platform/notifications/src/notification-operations.ts,98,permission,literal_permission_candidate,notifications.delivery.read,application_source,"await permit(options.authorizer, context, ""notifications.delivery.read"");"
server/packages/platform/notifications/src/notification-operations.ts,109,permission,literal_permission_candidate,notifications.delivery.replay,application_source,"""notifications.delivery.replay"","
server/packages/platform/notifications/src/notification-planner.ts,262,entity,entity_literal_reference,principal,application_source,"subjectType: ""principal"","
server/packages/platform/policy/src/__tests__/policy-routes.test.ts,14,entity,entity_literal_reference,principal,test_fixture,"principalId: ""principal"","
server/packages/platform/policy/src/__tests__/policy-routes.test.ts,130,permission,literal_permission_candidate,neon.policy.simulate,test_fixture,"permissionCode: route === ""simulate"" ? ""neon.policy.simulate"" : ""policy.evaluate"","
server/packages/platform/policy/src/__tests__/task-edit-policy.test.ts,15,entity,entity_property_literal,supplier,test_fixture,"expect(validateTaskEditPolicy({ ...definition(), entityType: ""supplier"", rules: [] })).toEqual([]);"
server/packages/platform/policy/src/__tests__/task-edit-policy.test.ts,19,entity,entity_property_literal,supplier,test_fixture,"(d: PolicyDefinition) => ({ ...d, entityType: ""supplier"" }),"
server/packages/platform/policy/src/policy-route-contracts.ts,61,permission,literal_permission_candidate,policy.simulate,application_source,"permission: ""policy.simulate"","
server/packages/platform/policy/src/policy-routes.ts,79,permission,literal_permission_candidate,neon.policy.simulate,application_source,"permissionCode: context.planeKey === ""neon"" ? ""neon.policy.simulate"" : ""policy.simulate"","
server/packages/platform/preferences/src/entity-views-routes.test.ts,12,entity,entity_literal_reference,principal,test_fixture,"const app=express();app.use(express.json());registerEntityViewRoutes(app,{authenticate:(req,res,next)=>{if(req.headers.authorization!==""test""){res.status(401).end();return;}next();},readContext:()=>({planeKey:""neon"",tenantId:""tenant"",principalId:""principal""} as VerifiedRequestContext),service:createSavedViewService(repository),descriptor:async()=>{if(!allowed)throw new TypeError(""Collection access denied"");return descriptor;}});"
server/packages/platform/preferences/src/entity-views-routes.test.ts,20,entity,entity_literal_reference,principal,test_fixture,"const context = { planeKey: ""neon"", tenantId: ""tenant"", principalId: ""principal"" } as VerifiedRequestContext;"
server/packages/platform/preferences/src/kysely-saved-view-repository.test.ts,19,entity,entity_property_literal,supplier,test_fixture,"const view: SavedView = { id: ""view"", tenantId: scope.tenantId, ownerPrincipalId: scope.principalId, createdBy: scope.principalId, scope: ""personal"", surfaceCode: ""entity_list"", entityCode: ""supplier"", code: ""all"", name: ""All"", state: {}, metadata: {}, status: ""active"", version: 1 };"
server/packages/platform/preferences/src/preferences.test.ts,22,entity,entity_property_literal,supplier,test_fixture,"const made = await service.create(scope, { surfaceCode: ""records"", entityCode: ""supplier"", code: ""mine"", name: ""Mine"", state: { filters: [] } });"
server/packages/platform/preferences/src/preferences.test.ts,36,entity,entity_literal_reference,principal,test_fixture,"const service = createSavedViewService(repository, () => `view-${++sequence}`,async()=>true), scope = { planeKey: ""studio"" as const, tenantId: ""tenant"", principalId: ""principal"" };"
server/packages/platform/preferences/src/preferences.test.ts,37,entity,entity_property_literal,supplier,test_fixture,"const view = await service.create(scope, { surfaceCode: ""entity_list"", entityCode: ""supplier"", code: ""all"", name: ""All"", state: {} });"
server/packages/platform/preferences/src/preferences.test.ts,38,entity,entity_literal_reference,supplier,test_fixture,"await service.setDefault(scope, ""supplier"", view.id); expect((await service.list(scope))[0]?.isDefault).toBe(true);"
server/packages/platform/preferences/src/preferences.test.ts,41,entity,entity_literal_reference,principal,test_fixture,"const cloned = await service.clone(scope, view.id); expect(cloned).toMatchObject({ scope: ""personal"", ownerPrincipalId: ""principal"" });"
server/packages/platform/preferences/src/reference-choice-routes.test.ts,52,entity,entity_literal_reference,country,test_fixture,"key: ""country"","
server/packages/platform/preferences/src/saved-view-routes.test.ts,10,entity,entity_property_literal,supplier,test_fixture,"const source: SavedView = { id, ...scope, ownerPrincipalId: scope.principalId, createdBy: scope.principalId, scope: ""personal"", surfaceCode: ""entity_list"", entityCode: ""supplier"", code: ""all"", name: ""All"", state: {}, metadata: {}, status: ""active"", version: 321 };"
server/packages/platform/preferences/src/saved-view-routes.test.ts,39,entity,entity_property_literal,supplier,test_fixture,"expect(repo.list).toHaveBeenCalledWith({ ...scope, entityCode: ""supplier"", surfaceCode: ""entity_list"", includeArchived: true });"
server/packages/platform/preferences/src/saved-view-routes.test.ts,102,entity,entity_property_literal,supplier,test_fixture,"const validInput = { entityCode: ""supplier"", name: ""My suppliers"", state: { filters: [""active""] } };"
server/packages/platform/preferences/src/saved-view-routes.test.ts,110,entity,entity_property_literal,supplier,test_fixture,"expect(base === canonical ? data.savedViews : data).toEqual([expect.objectContaining({ id, entityCode: ""supplier"" })]);"
server/packages/platform/preferences/src/saved-view-routes.test.ts,128,entity,entity_literal_reference,supplier,test_fixture,"expect(repo.setPreference).toHaveBeenCalledWith(scope, ""saved_view.default"", ""supplier"", { viewId: id });"
server/packages/platform/preferences/src/saved-view-routes.test.ts,130,entity,entity_literal_reference,supplier,test_fixture,"expect(repo.clearPreference).toHaveBeenCalledWith(scope, ""saved_view.default"", ""supplier"");"
server/packages/platform/preferences/src/saved-view-routes.test.ts,209,entity,entity_literal_reference,supplier,test_fixture,"expect(repo.clearDefaultIfMatches).toHaveBeenCalledWith(scope, ""supplier"", id);"
server/packages/platform/reference-data/src/index.ts,1,entity,entity_literal_reference,country,application_source,"export type ReferenceDomain=""country""|""currency""|""uom""|""locale""; export type ImportState=""staged""|""validated""|""rejected""|""active"";"
server/packages/platform/reference-data/src/index.ts,1,entity,entity_literal_reference,currency,application_source,"export type ReferenceDomain=""country""|""currency""|""uom""|""locale""; export type ImportState=""staged""|""validated""|""rejected""|""active"";"
server/packages/platform/reference-data/src/index.ts,1,entity,entity_literal_reference,uom,application_source,"export type ReferenceDomain=""country""|""currency""|""uom""|""locale""; export type ImportState=""staged""|""validated""|""rejected""|""active"";"
server/packages/platform/reference-data/src/index.ts,1,entity,entity_literal_reference,locale,application_source,"export type ReferenceDomain=""country""|""currency""|""uom""|""locale""; export type ImportState=""staged""|""validated""|""rejected""|""active"";"
server/packages/platform/reference-data/src/reference-data.test.ts,2,entity,entity_literal_reference,country,test_fixture,"describe(""reference imports"",()=>{it(""stages, validates, versions and activates"",async()=>{const rows=new Map<string,ReferenceImport<{code:string}>>();const service=createReferenceImportService({save:async b=>{rows.set(b.id,b);},get:async id=>rows.get(id),nextVersion:async()=>3,activate:async b=>{rows.set(b.id,b);return b;}},values=>({valid:values.every(v=>Boolean(v.code)),errors:[]}),()=>""batch-3"",()=>""2026-08-10T00:00:00Z"");const staged=await s"
server/packages/platform/search/src/__tests__/document-search-service.test.ts,28,permission,literal_permission_candidate,documents.search,test_fixture,"const { service } = setup(Array.from({ length: 30 }, (_, i) => hit(i)), (input) => input.permissionCode === ""documents.search"" || Number(input.resource?.[""attachmentId""]) % 2 === 1);"
server/packages/platform/search/src/__tests__/document-search-service.test.ts,34,permission,literal_permission_candidate,documents.search,test_fixture,"const { service, search } = setup(Array.from({ length: 502 }, (_, i) => hit(i)), (input) => input.permissionCode === ""documents.search"" || Number(input.resource?.[""attachmentId""]) >= 500);"
server/packages/platform/search/src/__tests__/document-search-service.test.ts,43,permission,literal_permission_candidate,documents.read,test_fixture,"expect(authorize).toHaveBeenLastCalledWith({ context: context(), permissionCode: ""documents.read"", resource: { tenantId: context().tenantId, resourceCode: ""invoice"", recordId: ""entity-3"", resourceId: ""3"", attachmentId: ""3"", entityType: ""invoice"", entityId: ""entity-3"" } });"
server/packages/platform/search/src/document-search-service.ts,18,permission,literal_permission_candidate,documents.search,application_source,"const authorization = await options.authorizer.authorize({ context: command.context, permissionCode: ""documents.search"" });"
server/packages/platform/search/src/document-search-service.ts,53,permission,literal_permission_candidate,documents.read,application_source,"permissionCode: ""documents.read"","
server/packages/platform/workflow/src/__tests__/task-governance.test.ts,10,mfa,mfa_literal_or_route,Verify identity,test_fixture,"{ code: ""review"", kind: ""review"", responsibility: ""Verify identity"", mandatory: true, outcomeScope: ""task"", caseAuthority: authority,"
server/packages/platform/workflow/src/__tests__/workflow-repository.test.ts,23,entity,entity_property_literal,supplier,test_fixture,"return { id, tenant_id: tenant, work_type_code: ""approval"", title: ""Review"", source_entity_code: ""supplier"", source_entity_id: id, assignee_principal_id: principal, available_at: new Date(""2026-09-01T00:00:00Z""), priority: ""normal"", payload: {}, status: ""open"", row_version: ""1"", created_at: new Date(createdAt), cursor_created_at: createdAt, created_by: principal };"
server/packages/platform/workflow/src/__tests__/workflow-repository.test.ts,87,entity,entity_property_literal,supplier,test_fixture,"transaction.items.set(id, { id, tenantId: tenant, workTypeCode: ""approval"", title: ""Review"", sourceEntityCode: ""supplier"", sourceEntityId: id, assigneeTeamId: id, availableAt: ""2026-01-01T00:00:00Z"", priority: ""normal"", payload: {}, status: ""open"", rowVersion: 1, createdAt: ""2026-01-01T00:00:00Z"", createdBy: principal });"
server/packages/platform/workflow/src/__tests__/workflow-routes.test.ts,23,entity,entity_property_literal,supplier,test_fixture,"const createBody = { workTypeCode: ""approval"", title: ""Review"", sourceEntityCode: ""supplier"", sourceEntityId: id };"
server/packages/platform/workflow/src/__tests__/workflow-service.test.ts,19,entity,entity_property_literal,business_partner,test_fixture,"await service.create({context:context('neon'),workTypeCode:'approval',title:'Task',sourceEntityCode:'business_partner',sourceEntityId:ids.source,assigneePrincipalId:ids.principal,payload:{attemptId:ids.source,cycleTaskId:ids.item}});"
server/packages/platform/workflow/src/__tests__/workflow-service.test.ts,36,entity,entity_property_literal,business_partner,test_fixture,"const created = await service.create({ context: request, workTypeCode: ""approval"", title: ""Approve supplier"", sourceEntityCode: ""business_partner"", sourceEntityId: ids.source, sourceActionCode: ""activate"", assigneePrincipalId: ids.principal });"
server/packages/platform/workflow/src/__tests__/workflow-service.test.ts,49,entity,entity_property_literal,business_partner,test_fixture,"await expect(service.create({ context: context(""neon""), workTypeCode: ""approval"", title: ""Invalid"", sourceEntityCode: ""business_partner"", sourceEntityId: ids.source, sourceActionCode: ""invented"" })).rejects.toMatchObject({ code: ""SOURCE_ACTION_NOT_PUBLISHED"" });"
server/packages/platform/workflow/src/__tests__/workflow-service.test.ts,55,entity,entity_property_literal,business_partner,test_fixture,"await expect(service.create({ context: context(""mesh""), workTypeCode: ""approval"", title: ""Rollback"", sourceEntityCode: ""business_partner"", sourceEntityId: ids.source, assigneePrincipalId: ids.principal })).rejects.toThrow(""outbox unavailable"");"
server/packages/platform/workflow/src/__tests__/workflow-service.test.ts,69,entity,entity_property_literal,business_partner,test_fixture,"await expect(service.create({ context: context(""athyper""), workTypeCode: ""approval"", title: ""Activate supplier"", sourceEntityCode: ""business_partner"", sourceEntityId: ids.source, sourceActionCode: ""activate"" })).resolves.toEqual({ kind: ""PolicyDenied"", policyIds: [policyId], reason: ""Supplier risk is blocked"" });"
server/packages/platform/workflow/src/__tests__/workflow-service.test.ts,82,entity,entity_property_literal,business_partner,test_fixture,"await expect(service.create({ context: context(""mesh""), workTypeCode: ""approval"", title: ""Activate supplier"", sourceEntityCode: ""business_partner"", sourceEntityId: ids.source, sourceActionCode: ""activate"" })).rejects.toMatchObject({ code: ""POLICY_VERSION_UNAVAILABLE"", statusCode: 503 });"
server/packages/platform/workflow/src/__tests__/workflow-service.test.ts,90,entity,entity_property_literal,business_partner,test_fixture,"function descriptor(planeKey: PlaneKey): EntityRuntimeDescriptor { return { schema: ""athyper.entity-runtime-descriptor/1.0"", entityCode: ""business_partner"", planeKey, releaseId: ""release-1"", releaseNo: 1, contractHash: ""a"".repeat(64), compiledHash: ""b"".repeat(64), storage: { schema: ""master"", object: ""business_partner"", idField: ""id"", statusField: ""status"" }, fields: [], operations: { read: { code: ""read"", permissionCode: ""master.business_partner"
server/packages/platform/workflow/src/__tests__/workflow-service.test.ts,90,entity,entity_literal_reference,business_partner,test_fixture,"function descriptor(planeKey: PlaneKey): EntityRuntimeDescriptor { return { schema: ""athyper.entity-runtime-descriptor/1.0"", entityCode: ""business_partner"", planeKey, releaseId: ""release-1"", releaseNo: 1, contractHash: ""a"".repeat(64), compiledHash: ""b"".repeat(64), storage: { schema: ""master"", object: ""business_partner"", idField: ""id"", statusField: ""status"" }, fields: [], operations: { read: { code: ""read"", permissionCode: ""master.business_partner"
server/packages/platform/workflow/src/__tests__/workflow-service.test.ts,90,permission,literal_permission_candidate,master.business_partner.read,test_fixture,"function descriptor(planeKey: PlaneKey): EntityRuntimeDescriptor { return { schema: ""athyper.entity-runtime-descriptor/1.0"", entityCode: ""business_partner"", planeKey, releaseId: ""release-1"", releaseNo: 1, contractHash: ""a"".repeat(64), compiledHash: ""b"".repeat(64), storage: { schema: ""master"", object: ""business_partner"", idField: ""id"", statusField: ""status"" }, fields: [], operations: { read: { code: ""read"", permissionCode: ""master.business_partner"
server/packages/platform/workflow/src/__tests__/workflow-service.test.ts,90,permission,literal_permission_candidate,master.business_partner.activate,test_fixture,"function descriptor(planeKey: PlaneKey): EntityRuntimeDescriptor { return { schema: ""athyper.entity-runtime-descriptor/1.0"", entityCode: ""business_partner"", planeKey, releaseId: ""release-1"", releaseNo: 1, contractHash: ""a"".repeat(64), compiledHash: ""b"".repeat(64), storage: { schema: ""master"", object: ""business_partner"", idField: ""id"", statusField: ""status"" }, fields: [], operations: { read: { code: ""read"", permissionCode: ""master.business_partner"
server/packages/platform/workflow/src/__tests__/workflow-service.test.ts,99,entity,entity_property_literal,business_partner,test_fixture,"const create = { context: context(""neon""), workTypeCode: ""approval"", title: ""Review"", sourceEntityCode: ""business_partner"", sourceEntityId: ids.source, assigneePrincipalId: ids.principal };"
server/packages/platform/workflow/src/sla-automation.ts,12,permission,literal_permission_candidate,workflow.work_item.complete,application_source,export function createWorkflowSlaAutomation<Transaction>(options:{repository:SlaAutomationRepository<Transaction>;transactions:PlaneTransactionCoordinator<Transaction>;delegations?:WorkflowDelegationResolver<Transaction>;now?:()=>Date}){return{async sweep(scope:{planeKey:PlaneKey;tenantId:string;principalId:string;limit?:number}):Promise<SlaAutomationResult>{const limit=scope.limit??100;if(!Number.isInteger(limit)||limit<1||limit>500)throw new Ty
server/packages/platform/workflow/src/workflow-service.ts,14,permission,literal_permission_candidate,workflow.work_item.create,application_source,"create: ""workflow.work_item.create"", read: ""workflow.work_item.read"", claim: ""workflow.work_item.claim"","
server/packages/platform/workflow/src/workflow-service.ts,14,permission,literal_permission_candidate,workflow.work_item.read,application_source,"create: ""workflow.work_item.create"", read: ""workflow.work_item.read"", claim: ""workflow.work_item.claim"","
server/packages/platform/workflow/src/workflow-service.ts,14,permission,literal_permission_candidate,workflow.work_item.claim,application_source,"create: ""workflow.work_item.create"", read: ""workflow.work_item.read"", claim: ""workflow.work_item.claim"","
server/packages/platform/workflow/src/workflow-service.ts,15,permission,literal_permission_candidate,workflow.work_item.complete,application_source,"complete: ""workflow.work_item.complete"", cancel: ""workflow.work_item.cancel"","
server/packages/platform/workflow/src/workflow-service.ts,15,permission,literal_permission_candidate,workflow.work_item.cancel,application_source,"complete: ""workflow.work_item.complete"", cancel: ""workflow.work_item.cancel"","
server/packages/platform/workflow/src/workflow-service.ts,47,permission,literal_permission_candidate,workflow.work_item.create,application_source,"const decision = await options.policy.evaluate({ context: command.context, entityType: command.sourceEntityCode, entityId: command.sourceEntityId, facts: { ...(command.payload ?? {}), work_type_code: command.workTypeCode, source_action_code: command.sourceActionCode ?? null }, policyDefinitionIds: policyBindings.map((binding) => binding.policyDefinitionId), pipelineId: ""workflow.work_item.create"" }, transaction);"
server/packages/runtime/http/src/__tests__/http-runtime.test.ts,358,entity,entity_literal_reference,person,test_fixture,"oneOf: [{ const: ""person"" }, { const: ""service"" }],"
server/packages/runtime/http/src/__tests__/http-runtime.test.ts,371,entity,entity_literal_reference,person,test_fixture,"{ name: ""Al"", score: 5, kind: ""person"" },"
server/packages/runtime/http/src/__tests__/http-runtime.test.ts,372,entity,entity_literal_reference,person,test_fixture,"{ name: ""alice"", score: 5, kind: ""person"" },"
server/packages/runtime/http/src/__tests__/http-runtime.test.ts,373,entity,entity_literal_reference,person,test_fixture,"{ name: ""Alice"", score: 11, kind: ""person"" },"
server/packages/runtime/http/src/__tests__/http-runtime.test.ts,375,entity,entity_literal_reference,person,test_fixture,"{ name: ""Alice"", score: 5, kind: ""person"", unexpected: true },"
server/packages/runtime/http/src/__tests__/http-runtime.test.ts,390,entity,entity_literal_reference,person,test_fixture,"body: JSON.stringify({ name: ""Alice"", score: 5, kind: ""person"" }),"
server/packages/runtime/http/src/__tests__/http-runtime.test.ts,508,permission,literal_permission_candidate,private.read,test_fixture,"permission: ""private.read"","
server/packages/runtime/http/src/http-runtime.ts,194,permission,literal_permission_candidate,telemetry.metrics.read,application_source,"registerContractRoute(app, defineRouteContract({ method: ""get"", path: ""/metrics"", operationId: ""telemetry.getPrometheusMetrics"", summary: ""Export Prometheus metrics"", tags: [""Telemetry""], permission: ""telemetry.metrics.read"", responses: { 200: { description: ""Prometheus text exposition"" }, 403: { description: ""Forwarded or external request rejected"" } } }), (request, response) => {"
server/packages/services/attachments/src/attachment-discovery.test.ts,18,entity,entity_property_literal,business_partner,test_fixture,"return {entityType:""business_partner"",entityId:""record"",...(commentId ? {commentId}:{}),admittedReleaseHash:""r"",admittedPolicyHash:""p""};"
server/packages/services/attachments/src/attachment-discovery.test.ts,31,entity,entity_property_literal,business_partner,test_fixture,"if(action!==""download"") return {entityType:""business_partner"",entityId:""record"",admittedReleaseHash:""r"",admittedPolicyHash:""p""};"
server/packages/services/attachments/src/attachment-discovery.test.ts,36,entity,entity_property_literal,business_partner,test_fixture,"return {entityType:""business_partner"",entityId:input.attachmentId===""5""?""other"":""record"",admittedReleaseHash:""r"",admittedPolicyHash:""p""};"
server/packages/services/attachments/src/attachment-discovery.test.ts,38,entity,entity_property_literal,business_partner,test_fixture,"const result=await f.service.search(context,{entityType:""business_partner"",entityId:""record"",q:""match""});"
server/packages/services/attachments/src/attachment-discovery.test.ts,45,entity,entity_property_literal,business_partner,test_fixture,"await f.service.search(context, {entityType:""business_partner"",entityId:""record"",q:""match""}, stage => stages.push(stage));"
server/packages/services/attachments/src/attachment-discovery.test.ts,48,entity,entity_property_literal,business_partner,test_fixture,"await f.service.browse(context, {entityType:""business_partner"",entityId:""record""}, stage => stages.push(stage));"
server/packages/services/attachments/src/attachment-discovery.test.ts,73,entity,entity_property_literal,business_partner,test_fixture,"await f.service.browse(context,{entityType:""business_partner"",entityId:""record"",after:id});"
server/packages/services/attachments/src/attachment-discovery.test.ts,119,entity,entity_property_literal,business_partner,test_fixture,"const result=await f.service.search(context,{entityType:""business_partner"",entityId:""record"",q:""match""});"
server/packages/services/attachments/src/attachment-discovery.test.ts,124,entity,entity_property_literal,business_partner,test_fixture,"const f=fixture([]);await expect(f.service.search(context,{entityType:""business_partner"",entityId:""record"",q:""x"",after:""bad""})).rejects.toThrow(""INVALID_SEARCH_INPUT"");expect(f.queries).toHaveLength(0);"
server/packages/services/attachments/src/attachment-discovery.test.ts,142,entity,entity_property_literal,business_partner,test_fixture,"await f.service.search(context,{entityType:""business_partner"",entityId:""record"",q:""invoice"",folderId:id,category:""evidence"",after:id});"
server/packages/services/attachments/src/attachment-discovery.test.ts,152,entity,entity_property_literal,business_partner,test_fixture,"await f.service.search(context,{entityType:""business_partner"",entityId:""record"",q:""invoice"",unfiled:true});"
server/packages/services/attachments/src/attachment-discovery.test.ts,154,entity,entity_property_literal,business_partner,test_fixture,"await expect(f.service.search(context,{entityType:""business_partner"",entityId:""record"",q:""invoice"",folderId:id,unfiled:true})).rejects.toThrow();"
server/packages/services/attachments/src/attachment-discovery.test.ts,155,entity,entity_property_literal,business_partner,test_fixture,"await expect(f.service.search(context,{entityType:""business_partner"",entityId:""record"",q:""invoice"",category:""invalid""})).rejects.toThrow();"
server/packages/services/attachments/src/attachment-discovery.test.ts,162,entity,entity_property_literal,business_partner,test_fixture,"const result=await f.service.browse(context,{entityType:""business_partner"",entityId:""record"",attachmentId:id});"
server/packages/services/attachments/src/attachment-discovery.test.ts,163,entity,entity_property_literal,business_partner,test_fixture,"expect(f.authorizeCapability).toHaveBeenCalledExactlyOnceWith(context,""preview"",{entityType:""business_partner"",entityId:""record"",attachmentId:id},{preflight:true});"
server/packages/services/attachments/src/attachment-discovery.test.ts,171,entity,entity_property_literal,business_partner,test_fixture,"await expect(f.service.browse(context,{entityType:""business_partner"",entityId:""other-record"",attachmentId:id})).rejects.toThrow(""ENTITY_CAPABILITY_DENIED"");"
server/packages/services/attachments/src/attachment-discovery.test.ts,176,entity,entity_property_literal,business_partner,test_fixture,"const result=await f.service.browse(context,{entityType:""business_partner"",entityId:""record"",attachmentId:id,includeHistory:true});"
server/packages/services/attachments/src/attachment-discovery.test.ts,183,entity,entity_property_literal,business_partner,test_fixture,"const result=await f.service.browse(context,{entityType:""business_partner"",entityId:""record"",category:""general""});"
server/packages/services/attachments/src/attachment-discovery.test.ts,188,entity,entity_property_literal,business_partner,test_fixture,"await f.service.browse(context,{entityType:""business_partner"",entityId:""record"",name:""invoice.pdf"",exactName:true,folderId:id,category:""evidence"",after:id});"
server/packages/services/attachments/src/attachment-discovery.test.ts,199,entity,entity_property_literal,business_partner,test_fixture,"await expect(f.service.browse(context,{entityType:""business_partner"",entityId:""record"",exactName:true})).rejects.toThrow(""INVALID_BROWSE_INPUT"");"
server/packages/services/attachments/src/attachment-lifecycle.test.ts,923,entity,entity_property_literal,business_partner,test_fixture,"const identity={planeKey:""neon"" as const,tenantId:""11111111-1111-4111-8111-111111111111"",principalId:""22222222-2222-4222-8222-222222222222"",attachmentId:""33333333-3333-4333-8333-333333333333""}; const command={command:""move"" as const,entityType:""business_partner"",entityId:""record-1"",folderId:""44444444-4444-4444-8444-444444444444"",attachmentId:identity.attachmentId,expectedRevision:1,idempotencyKey:""folder-move-command-0001""};"
server/packages/services/attachments/src/attachment-routes.test.ts,163,permission,literal_permission_candidate,neon.ai.agent.use,test_fixture,"request.permissionCode === ""neon.ai.agent.use"" &&"
server/packages/services/attachments/src/attachment-routes.test.ts,214,entity,entity_property_literal,atlas.prompt,test_fixture,"entityType: ""atlas.prompt"","
server/packages/services/attachments/src/attachment-routes.test.ts,222,permission,literal_permission_candidate,neon.ai.agent.use,test_fixture,"expect(requests[0]).toEqual({ permissionCode: ""neon.ai.agent.use"" });"
server/packages/services/attachments/src/attachment-routes.test.ts,333,permission,literal_permission_candidate,neon.collaboration.attachment.finalize,test_fixture,"const f=fixture([""neon.collaboration.attachment.finalize""]);"
server/packages/services/attachments/src/attachment-routes.test.ts,340,permission,literal_permission_candidate,neon.collaboration.attachment.finalize,test_fixture,"const f = fixture([""neon.collaboration.attachment.finalize""]);"
server/packages/services/attachments/src/attachment-routes.test.ts,349,entity,entity_property_literal,business_partner,test_fixture,"await f.invoke(""/api/attachments/stage"",{attachmentId,fileName:""fixture.pdf"",contentType:""application/pdf"",sizeBytes:10,entityType:""business_partner"",entityId:""bbbbbbbb-bbbb-4bbb-8bbb-bbbbbbbbbbbb""},""ca10-upload-key"");"
server/packages/services/attachments/src/attachment-routes.test.ts,358,entity,entity_property_literal,business_partner,test_fixture,"entityType: ""business_partner"","
server/packages/services/attachments/src/attachment-routes.test.ts,367,entity,entity_property_literal,business_partner,test_fixture,"entityType: ""business_partner"","
server/packages/services/attachments/src/attachment-routes.test.ts,378,entity,entity_property_literal,business_partner,test_fixture,"const f=fixture([],undefined,vi.fn(async()=>({admittedReleaseHash:""release"",admittedPolicyHash:""policy"",entityType:""business_partner"",entityId:""bbbbbbbb-bbbb-4bbb-8bbb-bbbbbbbbbbbb""})));"
server/packages/services/attachments/src/attachment-routes.test.ts,379,entity,entity_property_literal,business_partner,test_fixture,"await f.invoke(""/api/attachments/folders"",{command:""move"",folderId:null,attachmentId:""aaaaaaaa-aaaa-4aaa-8aaa-aaaaaaaaaaaa"",entityType:""business_partner"",entityId:""bbbbbbbb-bbbb-4bbb-8bbb-bbbbbbbbbbbb"",expectedRevision:1,idempotencyKey:""unfile-command-0001""});"
server/packages/services/attachments/src/attachment-routes.test.ts,387,entity,entity_property_literal,business_partner,test_fixture,"entityType: ""business_partner"","
server/packages/services/attachments/src/attachment-routes.test.ts,391,entity,entity_property_literal,business_partner,test_fixture,"const coordinate = { entityType: ""business_partner"", entityId: ""bbbbbbbb-bbbb-4bbb-8bbb-bbbbbbbbbbbb"" };"
server/packages/services/attachments/src/attachment-routes.test.ts,409,permission,literal_permission_candidate,neon.ai.agent.use,test_fixture,"const f = fixture([""neon.ai.agent.use""]);"
server/packages/services/attachments/src/attachment-routes.test.ts,417,permission,literal_permission_candidate,neon.collaboration.attachment.finalize,test_fixture,"const f=fixture([""neon.collaboration.attachment.finalize""],undefined,async()=>{throw Object.assign(new Error(""restricted policy detail""),{code:""ENTITY_CAPABILITY_DENIED""});});"
server/packages/services/attachments/src/attachment-routes.test.ts,428,entity,entity_property_literal,business_partner,test_fixture,"entityType: ""business_partner"","
server/packages/services/attachments/src/attachment-routes.test.ts,441,entity,entity_property_literal,business_partner,test_fixture,"{ entityType: ""business_partner"", entityId: ""44444444-4444-4444-8444-444444444444"" },"
server/packages/services/attachments/src/attachment-routes.test.ts,447,entity,entity_property_literal,business_partner,test_fixture,"entityType: ""business_partner"", entityId: ""record-1"", admittedReleaseHash: ""release"", admittedPolicyHash: ""policy"","
server/packages/services/attachments/src/attachment-routes.test.ts,460,entity,entity_property_literal,business_partner,test_fixture,"const f = fixture([], undefined, async () => ({ entityType: ""business_partner"", entityId: ""record-1"", admittedReleaseHash: ""release"", admittedPolicyHash: ""policy"" }));"
server/packages/services/attachments/src/attachment-routes.test.ts,469,entity,entity_property_literal,business_partner,test_fixture,"const authorizeCapability = vi.fn(async () => ({ entityType: ""business_partner"", entityId: ""record-1"", admittedReleaseHash: ""release"", admittedPolicyHash: ""policy"" }));"
server/packages/services/attachments/src/attachment-routes.test.ts,472,entity,entity_property_literal,business_partner,test_fixture,"attachmentId: ""bbbbbbbb-bbbb-4bbb-8bbb-bbbbbbbbbbbb"", entityType: ""business_partner"", entityId: ""record-1"", category: ""evidence"","
server/packages/services/attachments/src/attachment-routes.test.ts,478,permission,literal_permission_candidate,neon.ai.agent.use,test_fixture,"const f = fixture([""neon.ai.agent.use""], ""atlas.prompt"");"
server/packages/services/attachments/src/attachment-routes.test.ts,478,entity,entity_literal_reference,atlas.prompt,test_fixture,"const f = fixture([""neon.ai.agent.use""], ""atlas.prompt"");"
server/packages/services/attachments/src/attachment-routes.test.ts,486,permission,literal_permission_candidate,neon.collaboration.attachment.create,test_fixture,"""neon.collaboration.attachment.create"","
server/packages/services/attachments/src/attachment-routes.test.ts,635,entity,entity_property_literal,content.item,test_fixture,"entityType: ""content.item"","
server/packages/services/attachments/src/attachment-routes.ts,64,entity,entity_comparison,content.item,application_source,"owner.entityType === ""content.item"" &&"
server/packages/services/attachments/src/attachment-routes.ts,91,entity,entity_comparison,atlas.prompt,application_source,"owner.entityType === ""atlas.prompt"","
server/packages/services/attachments/src/attachment-routes.ts,381,entity,entity_property_literal,content.item,application_source,"entityType: ""content.item"","
server/packages/services/attachments/src/attachment-routes.ts,402,entity,entity_comparison,atlas.prompt,application_source,"return record.entityType === ""atlas.prompt"";"
server/packages/services/attachments/src/attachment-routes.ts,435,permission,constructed_permission_candidate,`${context.planeKey}.ai.agent.use`,application_source,"permissionCode: `${context.planeKey}.ai.agent.use`,"
server/packages/services/attachments/src/attachment-routes.ts,463,mfa,mfa_literal_or_route,mfa_required,application_source,"if (atlasDecision?.reason === ""mfa_required"")"
server/packages/services/attachments/src/attachment-routes.ts,466,mfa,mfa_literal_or_route,ATLAS_MFA_REQUIRED,application_source,"""ATLAS_MFA_REQUIRED"","
server/packages/services/attachments/src/attachment-routes.ts,467,mfa,mfa_literal_or_route,Atlas attachments require an elevated MFA session,application_source,"""Atlas attachments require an elevated MFA session"","
server/packages/services/attachments/src/attachment-security.test.ts,216,entity,entity_property_literal,atlas.prompt,test_fixture,"entityType: ""atlas.prompt"","
server/packages/services/attachments/src/attachment-security.test.ts,240,entity,entity_property_literal,business_partner,test_fixture,"entityType: ""business_partner"","
server/packages/services/attachments/src/attachment-security.test.ts,246,entity,entity_property_literal,business_partner,test_fixture,"{ entityType: ""business_partner"", entityId: ""44444444-4444-4444-8444-444444444444"" },"
server/packages/services/attachments/src/attachment-security.test.ts,260,entity,entity_property_literal,business_partner,test_fixture,"entityType: ""business_partner"","
server/packages/services/attachments/src/folder-scope.test.ts,13,entity,entity_property_literal,business_partner,test_fixture,"await expect(repo.manageFolder!({planeKey:""neon"",tenantId,principalId:tenantId,attachmentId:folderId},{command,folderId,entityType:""business_partner"",entityId:""record-A"",expectedRevision:1,...(command===""create""?{parentFolderId:folderId,name:""Nested""}:{attachmentId:folderId})},db as unknown as Transaction<Record<string,never>>)).rejects.toBeInstanceOf(AttachmentConflictError);"
server/packages/services/attachments/src/folder-scope.test.ts,14,entity,entity_array_literal,business_partner,test_fixture,"expect(queries).toHaveLength(1);expect(queries[0]!.sql).toContain(""entity_type="");expect(queries[0]!.sql).toContain(""entity_id="");expect(queries[0]!.parameters).toEqual([tenantId,folderId,""business_partner"",""record-A""]);await db.destroy();"
server/packages/services/attachments/src/folder-scope.test.ts,27,entity,entity_property_literal,business_partner,test_fixture,"const result=createKyselyAttachmentRepository(""fixture"").manageFolder!({planeKey:""neon"",tenantId:id,principalId:id,attachmentId:id},{command:""delete"",folderId:id,entityType:""business_partner"",entityId:""record"",expectedRevision:1},db as unknown as Transaction<Record<string,never>>);"
server/packages/services/attachments/src/folder-scope.test.ts,47,entity,entity_property_literal,business_partner,test_fixture,"await expect(createKyselyAttachmentRepository(""fixture"").manageFolder!({planeKey:""neon"",tenantId:id,principalId:id,attachmentId:id},{command:""move"",folderId:null,attachmentId:id,entityType:""business_partner"",entityId:""record-A"",expectedRevision:1},db as unknown as Transaction<Record<string,never>>)).resolves.toEqual({revision:2});"
server/packages/services/attachments/src/retrieval-admission.test.ts,22,entity,entity_property_literal,business_partner,test_fixture,"entityCode: ""business_partner"","
server/packages/services/attachments/src/retrieval-admission.test.ts,23,permission,literal_permission_candidate,ai.agent.use,test_fixture,"permissionCode: ""ai.agent.use"","
server/packages/services/attachments/src/retrieval-admission.test.ts,72,entity,entity_property_literal,business_partner,test_fixture,"entityCode: ""business_partner"","
server/packages/services/attachments/src/retrieval-admission.test.ts,77,permission,literal_permission_candidate,neon.collaboration.attachment.read,test_fixture,"permissionCode: ""neon.collaboration.attachment.read"","
server/packages/services/attachments/src/retrieval-admission.test.ts,119,entity,entity_property_literal,atlas.prompt,test_fixture,"{ ...request.source, entityCode: ""atlas.prompt"" },"
server/packages/services/attachments/src/retrieval-admission.ts,105,permission,literal_permission_candidate,neon.collaboration.attachment.read,application_source,"? ""neon.collaboration.attachment.read"""
server/packages/services/content/src/content-service.ts,3,entity,entity_literal_reference,principal,application_source,"export function createContentServices<T>(o:{transactions:PlaneTransactionCoordinator<T>;repository:ContentRepository<T>;aclRepository:ContentAclRepository<T>;quotaLedger:ContentQuotaLedger<T>;authorizer:Authorizer;subjects?:ContentSubjectResolver;searchIndex?:SearchIndex;defaultItemLimit?:number;reservationTtlSeconds?:number;retryAfterSeconds?:number}):ContentServices{const subjects=o.subjects??{resolve:async c=>[{type:""principal""as const,id:c.pr"
server/packages/services/content/src/content-service.ts,14,permission,literal_permission_candidate,content.submit,application_source,"function transition(to:ContentStatus){if(to==='REVIEW')return{from:['DRAFT']as const,permission:'content.submit',level:'write'as const};if(to==='PUBLISHED')return{from:['REVIEW']as const,permission:'content.publish',level:'publish'as const};if(to==='ARCHIVED')return{from:['DRAFT','REVIEW','PUBLISHED']as const,permission:'content.archive',level:'write'as const};throw new ContentError(400,'INVALID_CONTENT_TRANSITION','Transition target is invalid')"
server/packages/services/content/src/content-service.ts,14,permission,literal_permission_candidate,content.publish,application_source,"function transition(to:ContentStatus){if(to==='REVIEW')return{from:['DRAFT']as const,permission:'content.submit',level:'write'as const};if(to==='PUBLISHED')return{from:['REVIEW']as const,permission:'content.publish',level:'publish'as const};if(to==='ARCHIVED')return{from:['DRAFT','REVIEW','PUBLISHED']as const,permission:'content.archive',level:'write'as const};throw new ContentError(400,'INVALID_CONTENT_TRANSITION','Transition target is invalid')"
server/packages/services/content/src/kysely-content-acl.ts,13,entity,entity_literal_reference,principal,application_source,"const subjects = JSON.stringify(input.subjects.filter(subject => subject.type === ""principal"" || subject.type === ""group""));"
server/packages/services/content/src/kysely-content-acl.ts,66,entity,entity_literal_reference,principal,application_source,"${input.subjectType === ""principal"" ? input.subjectId : null}::uuid,"
server/packages/services/content/src/kysely-content-subjects.ts,2,entity,entity_literal_reference,principal,application_source,"export function createKyselyContentSubjectResolver(transactions:PlaneTransactionCoordinator<ContentTransaction>):ContentSubjectResolver{return{async resolve(context:VerifiedRequestContext){return transactions.run(context.planeKey,context,async tx=>{const rows=await sql<{type:""group"";id:string}>`SELECT 'group'::text type,gm.group_id id FROM authz.group_member gm WHERE gm.tenant_id=${context.tenantId}::uuid AND gm.principal_id=${context.principalId"
server/packages/services/content/src/ports.ts,3,entity,entity_literal_reference,principal,application_source,"export interface ContentAclRepository<T>{authorize(input:{context:VerifiedRequestContext;contentItemId:string;required:""read""|""write""|""publish""|""admin"";subjects:readonly{type:""principal""|""group"";id:string}[]},tx:T):Promise<boolean>;list(context:VerifiedRequestContext,itemId:string,tx:T):Promise<ContentGrant[]>;grant(input:{context:VerifiedRequestContext;itemId:string;subjectType:ContentGrant[""subjectType""];subjectId:string|null;accessLevel:Conten"
server/packages/services/content/src/ports.ts,4,entity,entity_literal_reference,principal,application_source,"export interface ContentSubjectResolver{resolve(context:VerifiedRequestContext):Promise<readonly{type:""principal""|""group"";id:string}[]>;}"
server/packages/services/document-processing/src/__tests__/search-backfill.test.ts,14,entity,entity_literal_reference,principal,test_fixture,"const job=()=>({id:""job"",name:""documents.search-backfill.run"" as const,queue:""documents.search-backfill"",data:{planeKey:""neon"" as const,tenantId:""tenant"",principalId:""principal"",dryRun:false,reconcile:true,batchSize:100,concurrency:2,sourceRevision:""rev-1""},attempt:1,maxAttempts:3,enqueuedAt:""2026-08-10T00:00:00Z""});"
server/packages/services/documents/src/__tests__/document-repositories.test.ts,49,entity,entity_property_literal,entity_case,test_fixture,"const valid=database([row]),tampered=database([{...row,content_html:'<p>Changed</p>'}]);const query={tenantId:context.tenantId,entityType:'entity_case',operationCode:'submitted_review_pack',variant:'default',locale:'en',effectiveOn:'2026-09-14',exact:{bindingId:'binding',templateId:'template',id:'version',version:1,hash,locale:'en',variant:'default'}};"
server/packages/services/documents/src/__tests__/document-routes.test.ts,35,entity,entity_array_literal,locale,test_fixture,"it.each([null, [], {}, { ...valid, data: [] }, { ...valid, entityType: 1 }, ...[""variant"", ""locale"", ""fileName""].flatMap((field) => [null, 12, [], {}, "" ""].map((value) => ({ ...valid, [field]: value })))])(""rejects invalid render input %j"", async (body) => {"
server/packages/services/documents/src/__tests__/document-service.test.ts,13,entity,entity_array_literal,supplier,test_fixture,"const template: PublishedDocumentTemplate={ bindingId:ids.binding, templateId:ids.template, templateVersionId:ids.version, version:3, checksum:""a"".repeat(64), name:""Purchase order"", engine:""handlebars"", locale:""en"", variant:""default"", html:""<h1>{{document.number}}</h1><p>{{supplier.name}}</p>"", stylesCss:""h1{color:#111}"", variablesSchema:{ required:[""document"",""supplier""] }, renderOptions:{ format:""A4"",headerHtml:""<span>{{document.number}}</span>"
server/packages/services/documents/src/__tests__/document-service.test.ts,101,permission,literal_permission_candidate,documents.download,test_fixture,"const authorize = vi.fn(async (request: { permissionCode: string; resource?: Readonly<Record<string, unknown>> }) => (request.permissionCode !== ""documents.download"" ? { allowed: true as const } : { allowed: false as const, reason: ""record_scope_denied"" }));"
server/packages/services/documents/src/__tests__/document-service.test.ts,105,permission,literal_permission_candidate,documents.download,test_fixture,"expect(authorize).toHaveBeenLastCalledWith(expect.objectContaining({ permissionCode: ""documents.download"", resource: { tenantId: ids.tenant, resourceCode: ""purchase_order"", recordId: ids.entity } }));"
server/packages/services/documents/src/document-routes.ts,24,entity,entity_literal_reference,locale,application_source,"const locale = optional(value, ""locale"");"
server/packages/services/documents/src/document-service.ts,103,permission,literal_permission_candidate,documents.download,application_source,"if(!trustedAccess) await requirePermission(options.authorizer, command.context, ""documents.download"", {"
server/packages/services/finance/src/closing/closing-services.test.ts,8,entity,entity_literal_reference,principal,test_fixture,"const actor={tenantId:""tenant"",principalId:""principal"",planeKey:""neon"" as const,correlationId:""corr""};"
server/packages/services/finance/src/inventory/f4-acceptance.test.ts,8,entity,entity_literal_reference,principal,test_fixture,"const actor: FinanceActor = { tenantId: ""tenant"", principalId: ""principal"", planeKey: ""neon"", correlationId: ""correlation"" };"
server/packages/services/finance/src/inventory/f4-acceptance.test.ts,65,permission,literal_permission_candidate,finance.inventory.reverse,test_fixture,"function reverse(id: string, reversesMovementId: string) { return command(id, ""finance.inventory.reverse"", { postingCoordinates, reversesMovementId, source: { sourceType: ""document.reversal"", sourceId: `source-${id}` }, performedAt: ""2026-08-11T03:00:00.000Z"" }); }"
server/packages/services/finance/src/ledger/f3-acceptance.test.ts,11,entity,entity_literal_reference,principal,test_fixture,"const actor:FinanceActor={tenantId:""tenant"",principalId:""principal"",planeKey:""neon"",correlationId:""correlation""};"
server/packages/services/finance/src/shared/finance-foundation.test.ts,43,entity,entity_literal_reference,currency,test_fixture,"async listCandidates() { return [candidate({}, ""global""), candidate({ currencyCode: ""USD"" }, ""currency""), candidate({ companyCodeId: ""company-1"", currencyCode: ""USD"", slot: ""LINE_TAX"" }, ""exact"")]; },"
server/packages/services/finance/src/shared/finance-foundation.test.ts,83,permission,literal_permission_candidate,finance.ledger.post,test_fixture,"await expect(guard.admit({ actor, permissionCode: ""finance.ledger.post"", coordinates, roundingSlot: ""LINE_NET"", source: { sourceType: ""invoice"", sourceId: ""invoice-1"", version: 1, hash: ""a"".repeat(64) } })).rejects.toMatchObject({ code: ""FINANCE_PERIOD_CLOSED"" });"
server/packages/services/finance/src/tax/tax-services.test.ts,9,entity,entity_literal_reference,principal,test_fixture,"const actor: FinanceActor = { tenantId: ""tenant"", principalId: ""principal"", planeKey: ""neon"", correlationId: ""correlation"" };"
server/packages/services/finance/src/tax/tax-services.test.ts,25,permission,literal_permission_candidate,finance.tax.calculate,test_fixture,"function command(id: string, amount: string, pricingMode: ""inclusive"" | ""exclusive"", extra: Partial<TaxCalculationCommand[""payload""]> = {}): TaxCalculationCommand { const payload: TaxCalculationCommand[""payload""] = { coordinates: { companyCodeId: ""company"", ledgerBookId: ""book"", fiscalPeriodId: ""period"", currencyCode: ""USD"" }, source: { sourceType: ""document.invoice"", sourceId: ""invoice"", sourceLineId: ""line"", version: 7, hash: ""invoice-hash"" }, "
server/packages/services/integration/src/__tests__/integration-routes.test.ts,152,entity,entity_literal_reference,address,test_fixture,"if (!address || typeof address === ""string"") throw Error(""address"");"
server/packages/services/jobs/src/kysely-job-repositories.ts,73,entity,entity_literal_reference,timezone,application_source,"timezone: stringValue(row[""timezone""], ""timezone""),"
server/packages/services/jobs/src/kysely-job-repositories.ts,485,entity,entity_literal_reference,timezone,application_source,"timezone: stringValue(row[""timezone""], ""timezone""),"
server/packages/services/master-data/src/business-partner/collaboration-coordinates.ts,4,entity,entity_literal_reference,business_partner,application_source,"canonical: ""business_partner"","
server/packages/services/master-data/src/business-partner/collaboration-coordinates.ts,5,entity,entity_array_literal,master.business_partner,application_source,"aliases: Object.freeze([""master.business_partner""]),"
server/packages/services/publication/src/__tests__/activity-publication.test.ts,45,permission,literal_permission_candidate,common.records.snapshot.capture,test_fixture,"if (change === ""permission"") input.registry.permissions.delete(""common.records.snapshot.capture"");"
server/packages/services/publication/src/__tests__/authenticated-entity-release-review.test.ts,6,entity,entity_property_literal,business_partner,test_fixture,"const coordinate={releaseId:'release',releaseNo:18,tenantId:'tenant',plane:'neon' as const,entityCode:'business_partner',contractHash:'a'.repeat(64),profileHash:'b'.repeat(64),runtimeHash:'c'.repeat(64),catalogHash:'d'.repeat(64),operationKeys:['read']};"
server/packages/services/publication/src/__tests__/authenticated-entity-release-review.test.ts,14,mfa,mfa_identifier_reference,assurance,test_fixture,"const receipts=reviewers.map(r=>({reference:`neon-operation-review:${r.id}`,recordedAt:'2026-06-01T00:00:00Z',packetRevision:packet.packetRevision,nominationSha256:packet.nominationSha256,actor:{reviewerId:r.id,principalId:r.id,tenantId:'tenant',assurance:'elevated'},domains:['business','security'],authenticatedReviewer:true,grantChanges:[],activationAuthorized:false,decisions:[{operation:'read',proposalSha256:hash(proposal),decision:'approve',re"
server/packages/services/publication/src/__tests__/authenticated-entity-release-review.test.ts,14,mfa,assurance_literal,elevated,test_fixture,"const receipts=reviewers.map(r=>({reference:`neon-operation-review:${r.id}`,recordedAt:'2026-06-01T00:00:00Z',packetRevision:packet.packetRevision,nominationSha256:packet.nominationSha256,actor:{reviewerId:r.id,principalId:r.id,tenantId:'tenant',assurance:'elevated'},domains:['business','security'],authenticatedReviewer:true,grantChanges:[],activationAuthorized:false,decisions:[{operation:'read',proposalSha256:hash(proposal),decision:'approve',re"
server/packages/services/publication/src/__tests__/authenticated-entity-release-review.test.ts,15,entity,entity_property_literal,business_partner,test_fixture,"const data={packet,state:{schemaVersion:1,packetRevision:packet.packetRevision,receipts},nomination:{nominationOnly:true,activationAuthorized:false,scope:{tenantId:'tenant',entityCode:'business_partner',planeKey:'neon',publicationKey:'bp'},reviewers},nominationSha256:packet.nominationSha256};"
server/packages/services/publication/src/__tests__/authenticated-entity-release-review.test.ts,28,mfa,mfa_identifier_reference,assurance,test_fixture,if(kind==='unelevated')receipts[0]!.actor.assurance='standard';
server/packages/services/publication/src/__tests__/authorization-activation-hold.test.ts,26,entity,entity_property_literal,business_partner,test_fixture,"const unsigned={""envelope"": {""payload"": {""entityContract"": {""releaseId"": ""r"", ""releaseNo"": 19, ""tenantId"": ""t"", ""entityCode"": ""business_partner"", ""contract"": {}}, ""entityDescriptor"": {""plane"": ""neon"", ""descriptor"": {""authorization"": {""operations"": [{""key"": ""read""}]}, ""authorizationRuntime"": {""schemaVersion"": 1}}}}}, ""manifest"": {""evidence"": {""authorizationReviewReceiptSha256"": ""old""}}};"
server/packages/services/publication/src/__tests__/bp2-source-admission.test.ts,18,entity,entity_property_literal,business_partner_request,test_fixture,"entityCode: ""business_partner_request"","
server/packages/services/publication/src/__tests__/bp2-source-admission.test.ts,33,permission,literal_permission_candidate,neon.relationship.entity_case.read,test_fixture,"permissions: new Set([""neon.relationship.entity_case.read""]),"
server/packages/services/publication/src/__tests__/bp2-source-admission.test.ts,85,permission,literal_permission_candidate,neon.relationship.entity_case.read,test_fixture,"options.permission ?? ""neon.relationship.entity_case.read"","
server/packages/services/publication/src/__tests__/bp2-source-admission.test.ts,118,entity,entity_literal_reference,business_partner_request,test_fixture,"""business_partner_request"","
server/packages/services/publication/src/__tests__/canonical-read-catalog.test.ts,12,entity,entity_property_literal,business_partner,test_fixture,"entityCode: ""business_partner"","
server/packages/services/publication/src/__tests__/canonical-read-catalog.test.ts,19,permission,literal_permission_candidate,collaboration.comment.read,test_fixture,"sourcePermissionCode: ""collaboration.comment.read"","
server/packages/services/publication/src/__tests__/canonical-read-catalog.test.ts,27,permission,literal_permission_candidate,collaboration.comment.read,test_fixture,"code: ""collaboration.comment.read"","
server/packages/services/publication/src/__tests__/capability-profile-compilation.test.ts,30,entity,entity_array_literal,country,test_fixture,"for (const entity of [""country"", ""example_reference""]) for (const plane of [""studio"", ""neon"", ""mesh""]) it(`pins ${entity} on ${plane}`, () => {"
server/packages/services/publication/src/__tests__/compiled-entity-collection-compiler.test.ts,22,entity,entity_property_literal,business_partner_request,test_fixture,"entityCode: ""business_partner_request"","
server/packages/services/publication/src/__tests__/compiled-entity-collection-compiler.test.ts,24,entity,entity_property_literal,master.business_partner,test_fixture,"subjectEntityCode: ""master.business_partner"","
server/packages/services/publication/src/__tests__/compiled-entity-collection-compiler.test.ts,25,permission,literal_permission_candidate,neon.relationship.entity_case.read,test_fixture,"permissionCode: ""neon.relationship.entity_case.read"","
server/packages/services/publication/src/__tests__/compiled-entity-collection-compiler.test.ts,26,entity,embedded_entity_route_or_publication,/app/entity/business_partner_request/:recordId,test_fixture,"detailRouteTemplate: ""/app/entity/business_partner_request/:recordId"","
server/packages/services/publication/src/__tests__/compiled-entity-collection-compiler.test.ts,32,permission,literal_permission_candidate,neon.relationship.entity_case.read,test_fixture,"code: ""neon.relationship.entity_case.read"","
server/packages/services/publication/src/__tests__/compiled-entity-collection-compiler.test.ts,52,permission,literal_permission_candidate,neon.assets.case.read,test_fixture,"subjectEntityCode: ""master.asset"", permissionCode: ""neon.assets.case.read"","
server/packages/services/publication/src/__tests__/compiled-entity-collection-compiler.test.ts,58,permission,literal_permission_candidate,neon.assets.case.read,test_fixture,"operation.permissionCode = ""neon.assets.case.read"";"
server/packages/services/publication/src/__tests__/compiled-entity-collection-compiler.test.ts,59,permission,literal_permission_candidate,neon.assets.case.read,test_fixture,"for (const link of graph.operationPermissions) link.permissionCode = ""neon.assets.case.read"";"
server/packages/services/publication/src/__tests__/compiled-entity-collection-compiler.test.ts,64,permission,literal_permission_candidate,neon.assets.case.read,test_fixture,"expect(result.operations.read?.permissionCode).toBe(""neon.assets.case.read"");"
server/packages/services/publication/src/__tests__/compiled-entity-collection-compiler.test.ts,72,permission,literal_permission_candidate,neon.other.read,test_fixture,"if (mutation === ""permission"") graph.collectionCompilation.permissionCode = ""neon.other.read"";"
server/packages/services/publication/src/__tests__/compiled-entity-collection-compiler.test.ts,76,permission,literal_permission_candidate,neon.other.read,test_fixture,"if (mutation === ""authorization"") graph.authorization.operations[0].permissionCode = ""neon.other.read"";"
server/packages/services/publication/src/__tests__/compiled-entity-collection-compiler.test.ts,83,entity,entity_property_literal,business_partner_request,test_fixture,"entity_code: ""business_partner_request"","
server/packages/services/publication/src/__tests__/compiled-entity-collection-compiler.test.ts,91,entity,entity_literal_reference,entity_case,test_fixture,"expect(parsed.storage.object).toBe(""entity_case"");"
server/packages/services/publication/src/__tests__/compiled-entity-collection-compiler.test.ts,116,entity,entity_literal_reference,business_partner,test_fixture,"graph.runtimeProfiles[0].storageObject = ""business_partner"";"
server/packages/services/publication/src/__tests__/compiled-publication-scope.test.ts,9,entity,entity_property_literal,business_partner,test_fixture,"expect(compiledPublicationTenant('metadata.compiled_entity.business_partner',{entityCode:'business_partner'})).toBeNull();"
server/packages/services/publication/src/__tests__/compiled-publication-scope.test.ts,12,entity,entity_property_literal,business_partner,test_fixture,"expect(compiledPublicationTenant(key,{entityCode:'business_partner',tenantId})).toBe(tenantId);"
server/packages/services/publication/src/__tests__/compiled-publication-scope.test.ts,13,entity,entity_property_literal,business_partner,test_fixture,"expect(()=>compiledPublicationTenant(key,{entityCode:'business_partner'})).toThrow();"
server/packages/services/publication/src/__tests__/compiled-publication-scope.test.ts,14,entity,entity_property_literal,business_partner,test_fixture,"expect(()=>compiledPublicationTenant(key,{entityCode:'business_partner',tenantId:'44444444-4444-4444-8444-444444444444'})).toThrow();"
server/packages/services/publication/src/__tests__/compiled-publication-scope.test.ts,15,entity,entity_property_literal,business_partner,test_fixture,"expect(()=>compiledPublicationTenant('metadata.compiled_entity.business_partner',{entityCode:'business_partner',tenantId})).toThrow();"
server/packages/services/publication/src/__tests__/compiled-publication-scope.test.ts,16,entity,entity_property_literal,customer,test_fixture,"expect(()=>compiledPublicationTenant(key,{entityCode:'customer',tenantId})).toThrow();"
server/packages/services/publication/src/__tests__/compiled-publication-scope.test.ts,19,entity,entity_property_literal,business_partner,test_fixture,"const artifact={envelope:{artifactKind:'compiled_entity_runtime',publicationKey:key,releaseId:'release',releaseNo:1,targetPlane:'neon',payload:{entityCode:'business_partner',tenantId,generatedAt:'2026-09-25T00:00:00Z',release:{releaseId:'compiled',releaseHash:'hash'}}},manifest:{payloadSha256:'hash'}} as unknown as PublicationArtifactDocumentV1;"
server/packages/services/publication/src/__tests__/coordinated-entity-adoption.test.ts,6,entity,entity_property_literal,business_partner,test_fixture,"const shared={tenantId,entityCode:'business_partner',plane:'neon' as const,baselineReleaseId,baselineHash,expectedActiveHash:null};"
server/packages/services/publication/src/__tests__/coordinated-entity-adoption.test.ts,8,entity,embedded_entity_route_or_publication,`metadata.entity.business_partner.tenant.${tenantId}`,test_fixture,"native:{...shared,kind:'entity_runtime' as const,publicationKey:`metadata.entity.business_partner.tenant.${tenantId}`,artifactHash:'b'.repeat(64)},"
server/packages/services/publication/src/__tests__/coordinated-entity-adoption.test.ts,18,entity,entity_property_literal,business_partner,test_fixture,"envelope:{artifactKind:m.kind,publicationKey:m.publicationKey,targetPlane:'neon',releaseId:d.sourceReleaseId,releaseNo:1,payload:name==='native'?{entityContract:{tenantId,entityCode:'business_partner'},entityDescriptor:{descriptorKind:'entity_runtime'}}:{tenantId,entityCode:'business_partner'}},"
server/packages/services/publication/src/__tests__/dev-publication-boundaries.test.ts,20,entity,entity_array_literal,country,test_fixture,"if (ts.isStringLiteral(node)) expect([""country"", ""currency"", ""business_partner""].includes(node.text)).toBe(false);"
server/packages/services/publication/src/__tests__/dev-publication-boundaries.test.ts,20,entity,entity_array_literal,currency,test_fixture,"if (ts.isStringLiteral(node)) expect([""country"", ""currency"", ""business_partner""].includes(node.text)).toBe(false);"
server/packages/services/publication/src/__tests__/dev-publication-boundaries.test.ts,20,entity,entity_array_literal,business_partner,test_fixture,"if (ts.isStringLiteral(node)) expect([""country"", ""currency"", ""business_partner""].includes(node.text)).toBe(false);"
server/packages/services/publication/src/__tests__/dev-publication-classifier.test.ts,14,permission,literal_permission_candidate,common.platform.reference.view,test_fixture,"operationPermissions: [{ entityOperationId: ""read"", permissionCode: ""common.platform.reference.view"", permissionKind: ""capability"", targetPlane: ""neon"" }],"
server/packages/services/publication/src/__tests__/dev-publication-classifier.test.ts,17,permission,literal_permission_candidate,common.platform.reference.view,test_fixture,"referenceCapability: ""common.platform.reference.view"", limits: { defaultPageSize: 25, allowedPageSizes: [10, 25, 50], maxSortLevels: 2 },"
server/packages/services/publication/src/__tests__/dev-publication-classifier.test.ts,60,permission,literal_permission_candidate,common.arbitrary.read,test_fixture,"(g: ReturnType<typeof graph>) => { g.operationPermissions[0]!.permissionCode = ""common.arbitrary.read""; },"
server/packages/services/publication/src/__tests__/entity-adoption-plan.test.ts,6,entity,entity_property_literal,business_partner,test_fixture,"const shared={tenantId,entityCode:'business_partner',plane:'neon' as const,baselineReleaseId,baselineHash:'a'.repeat(64),expectedActiveHash:null};"
server/packages/services/publication/src/__tests__/entity-adoption-plan.test.ts,8,entity,embedded_entity_route_or_publication,`metadata.entity.business_partner.tenant.${tenantId}`,test_fixture,"native:{...shared,kind:'entity_runtime',publicationKey:`metadata.entity.business_partner.tenant.${tenantId}`,artifactHash:'b'.repeat(64)},"
server/packages/services/publication/src/__tests__/entity-adoption-plan.test.ts,29,entity,entity_property_literal,customer,test_fixture,"expect(()=>planEntityAdoption({...input,native:{...input.native,entityCode:'customer'}})).toThrow('MEMBER_MISMATCH');"
server/packages/services/publication/src/__tests__/entity-authorization-compiler.test.ts,59,entity,entity_property_literal,business_partner,test_fixture,"entityCode: ""business_partner"","
server/packages/services/publication/src/__tests__/entity-authorization-compiler.test.ts,67,permission,literal_permission_candidate,neon.relationship.business_partner.read,test_fixture,"permissionCode: ""neon.relationship.business_partner.read"","
server/packages/services/publication/src/__tests__/entity-authorization-compiler.test.ts,76,permission,literal_permission_candidate,neon.relationship.business_partner.read,test_fixture,"permissionCode: ""neon.relationship.business_partner.read"","
server/packages/services/publication/src/__tests__/entity-authorization-compiler.test.ts,155,entity,entity_property_literal,business_partner,test_fixture,"entityCode: ""business_partner"","
server/packages/services/publication/src/__tests__/entity-authorization-compiler.test.ts,163,entity,embedded_entity_route_or_publication,metadata.entity.business_partner.test,test_fixture,"publicationKey: ""metadata.entity.business_partner.test"","
server/packages/services/publication/src/__tests__/entity-authorization-compiler.test.ts,179,entity,entity_property_literal,business_partner,test_fixture,"entityCode: ""business_partner"","
server/packages/services/publication/src/__tests__/entity-authorization-compiler.test.ts,183,entity,entity_literal_reference,business_partner,test_fixture,"object: ""business_partner"","
server/packages/services/publication/src/__tests__/entity-authorization-compiler.test.ts,425,permission,literal_permission_candidate,neon.relationship.business_partner.update,test_fixture,"permissionCode: ""neon.relationship.business_partner.update"","
server/packages/services/publication/src/__tests__/entity-authorization-compiler.test.ts,612,permission,literal_permission_candidate,legacy.missing.read,test_fixture,"sourcePermissionCode: ""legacy.missing.read"","
server/packages/services/publication/src/__tests__/entity-authorization-publication-review.test.ts,3,entity,entity_property_literal,business_partner,test_fixture,"const coordinate={releaseId:'release',releaseNo:18,tenantId:'tenant',plane:'neon',entityCode:'business_partner',contractHash:'a'.repeat(64),profileHash:'b'.repeat(64),runtimeHash:'c'.repeat(64),catalogHash:'d'.repeat(64),operationKeys:['read']};"
server/packages/services/publication/src/__tests__/entity-authorization-publication-review.test.ts,4,entity,entity_literal_reference,certification,test_fixture,"function fixture():VerifiedOperationReview{return {schemaVersion:1,coordinate,receiptSha256:'e'.repeat(64),authorityCurrent:true,verifiedReviewerDomains:['business','security'],expiresAt:'2030-01-01T00:00:00Z',operations:[{operation:'read',decision:'approved',reason:'Synthetic reviewed read',regressionEvidenceSha256:['f'.repeat(64)]},{operation:'certification',decision:'deferred',reason:'No callable implementation',regressionEvidenceSha256:['1'.r"
server/packages/services/publication/src/__tests__/entity-authorization-publication-review.test.ts,7,entity,entity_array_literal,certification,test_fixture,"it('rejects missing evidence, revoked authority, changed catalog and changed selection',async()=>{await expect(port(null).qualify(coordinate)).rejects.toThrow();await expect(port({...fixture(),authorityCurrent:false}).qualify(coordinate)).rejects.toThrow();await expect(port(fixture()).qualify({...coordinate,catalogHash:'0'.repeat(64)})).rejects.toThrow();await expect(port(fixture()).qualify({...coordinate,operationKeys:['read','certification']}))"
server/packages/services/publication/src/__tests__/entity-case-contract.test.ts,32,entity,entity_array_literal,supplier,test_fixture,"requestedRole: { type: ""string"", enum: [""supplier"", ""customer""] },"
server/packages/services/publication/src/__tests__/entity-case-contract.test.ts,32,entity,entity_array_literal,customer,test_fixture,"requestedRole: { type: ""string"", enum: [""supplier"", ""customer""] },"
server/packages/services/publication/src/__tests__/entity-definition.test.ts,49,entity,entity_property_literal,business_partner,test_fixture,"entityCode: ""business_partner"", plane: ""neon"", dependencies: [], fields: [],"
server/packages/services/publication/src/__tests__/entity-definition.test.ts,56,entity,entity_property_literal,business_partner,test_fixture,"entityCode: ""business_partner"", plane: ""neon"", dependencies: [],"
server/packages/services/publication/src/__tests__/entity-definition.test.ts,301,entity,entity_literal_reference,person,test_fixture,"expect(first.bundle.fieldPolicies).not.toHaveProperty(""person"");"
server/packages/services/publication/src/__tests__/entity-definition.test.ts,417,entity,entity_literal_reference,supplier,test_fixture,"requestedRole: ""supplier"","
server/packages/services/publication/src/__tests__/entity-definition.test.ts,430,entity,entity_literal_reference,supplier,test_fixture,"requestedRole: ""supplier"","
server/packages/services/publication/src/__tests__/entity-operation-binding-compiler.test.ts,64,entity,entity_property_literal,master.business_partner,test_fixture,"entityCode: ""master.business_partner"","
server/packages/services/publication/src/__tests__/local-definition-preview.test.ts,150,entity,entity_literal_reference,supplier,test_fixture,"requestedRole: ""supplier"","
server/packages/services/publication/src/__tests__/local-definition-preview.test.ts,159,entity,entity_literal_reference,supplier,test_fixture,"requestedRole: ""supplier"","
server/packages/services/publication/src/__tests__/local-definition-preview.test.ts,205,entity,entity_literal_reference,supplier,test_fixture,"requestedRole: ""supplier"","
server/packages/services/publication/src/__tests__/local-definition-preview.test.ts,211,entity,entity_literal_reference,supplier,test_fixture,"requestedRole: ""supplier"","
server/packages/services/publication/src/__tests__/notification-artifact.test.ts,37,entity,entity_property_literal,business_partner,test_fixture,"entityCode: ""business_partner"","
server/packages/services/publication/src/__tests__/notification-artifact.test.ts,197,entity,entity_literal_reference,business_partner,test_fixture,"""business_partner"","
server/packages/services/publication/src/__tests__/notification-artifact.test.ts,204,entity,entity_literal_reference,business_partner,test_fixture,"readPublishedNotificationConfiguration(db, tenant, ""business_partner""),"
server/packages/services/publication/src/__tests__/notification-artifact.test.ts,211,entity,entity_literal_reference,business_partner,test_fixture,"""business_partner"","
server/packages/services/publication/src/__tests__/operation-projection.test.ts,8,permission,literal_permission_candidate,neon.example.record.read,test_fixture,"operationPermissions: [{ id: id(2), entityOperationId: id(1), targetPlane: ""neon"", permissionCode: ""neon.example.record.read"", permissionKind: ""entity_operation"" }],"
server/packages/services/publication/src/__tests__/operation-projection.test.ts,10,permission,literal_permission_candidate,neon.example.record.read,test_fixture,"}, descriptor: { entityCode: ""example"", operations: { read: { permissionCode: ""neon.example.record.read"", authorizationMode: ""bound_operation"" } } },"
server/packages/services/publication/src/__tests__/operation-projection.test.ts,42,permission,literal_permission_candidate,neon.example.record.delete,test_fixture,"if (failure === ""permission"") bindings[0]!.permissionCode = ""neon.example.record.delete"";"
server/packages/services/publication/src/__tests__/operation-projection.test.ts,47,permission,literal_permission_candidate,neon.example.record.read,test_fixture,"if (failure === ""missing-operation"") descriptor.operations = { ...f.descriptor.operations, list: { permissionCode: ""neon.example.record.read"", authorizationMode: ""bound_operation"" } };"
server/packages/services/publication/src/__tests__/studio-authority-ddl.test.ts,12,permission,literal_permission_candidate,publication.release.view,test_fixture,"for (const permission of [""publication.release.view"", ""publication.deployment.view"", ""publication.release.publish"", ""publication.deployment.retry"", ""publication.release.rollback""]) expect(seed).toContain(permission);"
server/packages/services/publication/src/__tests__/studio-authority-ddl.test.ts,12,permission,literal_permission_candidate,publication.deployment.view,test_fixture,"for (const permission of [""publication.release.view"", ""publication.deployment.view"", ""publication.release.publish"", ""publication.deployment.retry"", ""publication.release.rollback""]) expect(seed).toContain(permission);"
server/packages/services/publication/src/__tests__/studio-authority-ddl.test.ts,12,permission,literal_permission_candidate,publication.release.publish,test_fixture,"for (const permission of [""publication.release.view"", ""publication.deployment.view"", ""publication.release.publish"", ""publication.deployment.retry"", ""publication.release.rollback""]) expect(seed).toContain(permission);"
server/packages/services/publication/src/authenticated-entity-release-review.ts,81,mfa,mfa_identifier_reference,assurance,application_source,"requireTrue(r.authenticatedReviewer === true && r.actor.assurance === ""elevated"" &&"
server/packages/services/publication/src/authenticated-entity-release-review.ts,81,mfa,assurance_literal,elevated,application_source,"requireTrue(r.authenticatedReviewer === true && r.actor.assurance === ""elevated"" &&"
server/packages/services/publication/src/coordinated-entity-adoption.ts,33,mfa,mfa_literal_or_route,ADOPTION_VERIFICATION_REQUIRED,application_source,"&& loaded.verification.runtimeCompatible && loaded.verification.targetPlane===plan.plane, 'ADOPTION_VERIFICATION_REQUIRED');"
server/packages/services/publication/src/coordinated-product-activation.test.ts,6,entity,entity_array_literal,person,test_fixture,"members: ['person', 'employee'].map((entityCode, i) => ({ entityCode, expectedActiveHash: null,"
server/packages/services/publication/src/coordinated-product-activation.test.ts,6,entity,entity_array_literal,employee,test_fixture,"members: ['person', 'employee'].map((entityCode, i) => ({ entityCode, expectedActiveHash: null,"
server/packages/services/publication/src/coordinated-product-activation.test.ts,46,entity,embedded_entity_route_or_publication,"lock:metadata.entity.employee,metadata.entity.person",test_fixture,"expect(f.events).toEqual(['lock:metadata.entity.employee,metadata.entity.person', 'stage:deployment-0', 'verify:deployment-0',"
server/packages/services/publication/src/entity-authorization-compiler.ts,187,permission,missing_permission_guard_review,"!permission ||
        (permission.code !== COMMON_REFERENCE_VIEW_PERMISSION && !new RegExp(
          `^${d.plane}\\.[a-z][a-z0-9_]*\\.[a-z][a-z0-9_]*\\.[a-z][a-z0-9_]*$`,
        ).test(permission.code)) ||
        (pe",application_source,if (
server/packages/services/publication/src/entity-authorization-compiler.ts,208,entity,entity_literal_reference,network_relationship,application_source,"networkRelationshipId: ""network_relationship"","
server/packages/services/publication/src/entity-authorization-compiler.ts,215,permission,missing_permission_guard_review,"!Array.isArray(permission.scopeKinds) ||
        new Set(permission.scopeKinds).size !== permission.scopeKinds.length ||
        expected.some((scope) => !permission.scopeKinds.includes(scope))",application_source,if (
server/packages/services/publication/src/entity-case-contract-routes.ts,30,permission,literal_permission_candidate,studio.business_partner_definition.author,application_source,"permission: ""studio.business_partner_definition.author"","
server/packages/services/publication/src/entity-case-contract-routes.ts,50,permission,literal_permission_candidate,studio.business_partner_definition.read,application_source,"permission: ""studio.business_partner_definition.read"","
server/packages/services/publication/src/entity-case-contract-routes.ts,69,permission,literal_permission_candidate,studio.business_partner_definition.read,application_source,"permission: ""studio.business_partner_definition.read"","
server/packages/services/publication/src/entity-case-contract-routes.ts,84,permission,literal_permission_candidate,studio.business_partner_definition.publish,application_source,"permission: ""studio.business_partner_definition.publish"","
server/packages/services/publication/src/entity-case-contract-routes.ts,134,permission,literal_permission_candidate,studio.business_partner_definition.read,application_source,"""studio.business_partner_definition.read"","
server/packages/services/publication/src/entity-case-contract-routes.ts,194,permission,literal_permission_candidate,studio.business_partner_definition.read,application_source,"""studio.business_partner_definition.read"","
server/packages/services/publication/src/entity-case-contract-routes.ts,218,permission,literal_permission_candidate,studio.business_partner_definition.publish,application_source,"""studio.business_partner_definition.publish"","
server/packages/services/publication/src/entity-case-contract-routes.ts,256,permission,literal_permission_candidate,studio.business_partner_definition.publish,application_source,"""studio.business_partner_definition.publish"","
server/packages/services/publication/src/entity-case-contract-routes.ts,293,permission,literal_permission_candidate,studio.business_partner_definition.publish,application_source,"| ""studio.business_partner_definition.publish"","
server/packages/services/publication/src/entity-definition-compiler.ts,11,entity,entity_array_literal,supplier,application_source,"const journeys=[""supplier"",""customer""] as const;"
server/packages/services/publication/src/entity-definition-compiler.ts,11,entity,entity_array_literal,customer,application_source,"const journeys=[""supplier"",""customer""] as const;"
server/packages/services/publication/src/entity-definition-consumer.ts,232,entity,entity_literal_reference,supplier,application_source,"return ""supplier"";"
server/packages/services/publication/src/entity-definition-consumer.ts,233,entity,entity_literal_reference,customer,application_source,"if (kind === ""add_customer"") return ""customer"";"
server/packages/services/publication/src/entity-definition-consumer.ts,247,entity,entity_literal_reference,supplier,application_source,"if (role !== ""supplier"" && role !== ""customer"")"
server/packages/services/publication/src/entity-definition-consumer.ts,247,entity,entity_literal_reference,customer,application_source,"if (role !== ""supplier"" && role !== ""customer"")"
server/packages/services/publication/src/entity-definition-consumer.ts,254,entity,entity_literal_reference,supplier,application_source,"if (role !== ""supplier"" && role !== ""customer"")"
server/packages/services/publication/src/entity-definition-consumer.ts,254,entity,entity_literal_reference,customer,application_source,"if (role !== ""supplier"" && role !== ""customer"")"
server/packages/services/publication/src/entity-definition-routes.ts,32,permission,literal_permission_candidate,studio.business_partner_definition.read,application_source,"permission: ""studio.business_partner_definition.read"","
server/packages/services/publication/src/entity-definition-routes.ts,46,permission,literal_permission_candidate,studio.business_partner_definition.author,application_source,"permission: ""studio.business_partner_definition.author"","
server/packages/services/publication/src/entity-definition-routes.ts,66,permission,literal_permission_candidate,studio.business_partner_definition.read,application_source,"permission: ""studio.business_partner_definition.read"","
server/packages/services/publication/src/entity-definition-routes.ts,85,permission,literal_permission_candidate,studio.business_partner_definition.read,application_source,"permission: ""studio.business_partner_definition.read"","
server/packages/services/publication/src/entity-definition-routes.ts,100,permission,literal_permission_candidate,studio.business_partner_definition.publish,application_source,"permission: ""studio.business_partner_definition.publish"","
server/packages/services/publication/src/entity-definition-routes.ts,131,permission,literal_permission_candidate,studio.business_partner_definition.read,application_source,"""studio.business_partner_definition.read"","
server/packages/services/publication/src/entity-definition-routes.ts,154,permission,literal_permission_candidate,studio.business_partner_definition.read,application_source,"""studio.business_partner_definition.read"","
server/packages/services/publication/src/entity-definition-routes.ts,214,permission,literal_permission_candidate,studio.business_partner_definition.read,application_source,"""studio.business_partner_definition.read"","
server/packages/services/publication/src/entity-definition-routes.ts,238,permission,literal_permission_candidate,studio.business_partner_definition.publish,application_source,"""studio.business_partner_definition.publish"","
server/packages/services/publication/src/entity-definition-routes.ts,276,permission,literal_permission_candidate,studio.business_partner_definition.publish,application_source,"""studio.business_partner_definition.publish"","
server/packages/services/publication/src/entity-definition-routes.ts,313,permission,literal_permission_candidate,studio.business_partner_definition.publish,application_source,"| ""studio.business_partner_definition.publish"","
server/packages/services/publication/src/entity-foundation-definition.ts,243,entity,entity_literal_reference,supplier,application_source,"""supplier.new"": schema(""supplier"", ""new_partner"", organizationIdentity, ["
server/packages/services/publication/src/entity-foundation-definition.ts,247,entity,entity_literal_reference,supplier,application_source,"""supplier"","
server/packages/services/publication/src/entity-foundation-definition.ts,253,entity,entity_literal_reference,supplier,application_source,"""supplier"","
server/packages/services/publication/src/entity-foundation-definition.ts,263,entity,entity_literal_reference,supplier,application_source,"""supplier"","
server/packages/services/publication/src/entity-foundation-definition.ts,269,entity,entity_literal_reference,supplier,application_source,"""supplier"","
server/packages/services/publication/src/entity-foundation-definition.ts,275,entity,entity_literal_reference,supplier,application_source,"""supplier"","
server/packages/services/publication/src/entity-foundation-definition.ts,280,entity,entity_literal_reference,customer,application_source,"""customer.new"": schema(""customer"", ""new_partner"", organizationIdentity, ["
server/packages/services/publication/src/entity-foundation-definition.ts,284,entity,entity_literal_reference,customer,application_source,"""customer"","
server/packages/services/publication/src/entity-foundation-definition.ts,290,entity,entity_literal_reference,customer,application_source,"""customer"","
server/packages/services/publication/src/entity-foundation-definition.ts,301,entity,entity_literal_reference,customer,application_source,"""customer"","
server/packages/services/publication/src/entity-foundation-definition.ts,389,entity,entity_literal_reference,supplier,application_source,"""supplier"","
server/packages/services/publication/src/entity-foundation-definition.ts,395,entity,entity_literal_reference,customer,application_source,"""customer"","
server/packages/services/publication/src/entity-foundation-definition.ts,538,entity,entity_literal_reference,business_partner_request,application_source,"destination: ""business_partner_request"","
server/packages/services/publication/src/entity-foundation-definition.ts,545,entity,entity_array_literal,supplier,application_source,"? [""supplier"", ""customer""]"
server/packages/services/publication/src/entity-foundation-definition.ts,545,entity,entity_array_literal,customer,application_source,"? [""supplier"", ""customer""]"
server/packages/services/publication/src/entity-foundation-definition.ts,546,entity,entity_array_literal,supplier,application_source,": [""supplier"", ""customer""],"
server/packages/services/publication/src/entity-foundation-definition.ts,546,entity,entity_array_literal,customer,application_source,": [""supplier"", ""customer""],"
server/packages/services/publication/src/entity-foundation-definition.ts,589,mfa,mfa_boolean_configuration,mfaAtDecision: true,application_source,"mfaAtDecision: true,"
server/packages/services/publication/src/entity-foundation-definition.ts,589,mfa,mfa_identifier_reference,mfaAtDecision,application_source,"mfaAtDecision: true,"
server/packages/services/publication/src/entity-foundation-definition.ts,621,mfa,mfa_boolean_configuration,mfaAtDecision: true,application_source,"mfaAtDecision: true,"
server/packages/services/publication/src/entity-foundation-definition.ts,621,mfa,mfa_identifier_reference,mfaAtDecision,application_source,"mfaAtDecision: true,"
server/packages/services/publication/src/entity-foundation-definition.ts,641,mfa,mfa_boolean_configuration,mfaAtDecision: true,application_source,"sod: { makerCannotDecide: true, mfaAtDecision: true },"
server/packages/services/publication/src/entity-foundation-definition.ts,641,mfa,mfa_identifier_reference,mfaAtDecision,application_source,"sod: { makerCannotDecide: true, mfaAtDecision: true },"
server/packages/services/publication/src/entity-foundation-definition.ts,816,permission,literal_permission_candidate,neon.relationship.business_partner.read,application_source,"permission: ""neon.relationship.business_partner.read"","
server/packages/services/publication/src/entity-foundation-definition.ts,822,permission,literal_permission_candidate,neon.relationship.business_partner_identity.read,application_source,"permission: ""neon.relationship.business_partner_identity.read"","
server/packages/services/publication/src/entity-foundation-definition.ts,828,permission,literal_permission_candidate,neon.relationship.business_partner_contact.read,application_source,"permission: ""neon.relationship.business_partner_contact.read"","
server/packages/services/publication/src/entity-foundation-definition.ts,834,permission,literal_permission_candidate,neon.relationship.business_partner_address.read,application_source,"permission: ""neon.relationship.business_partner_address.read"","
server/packages/services/publication/src/entity-foundation-definition.ts,840,permission,literal_permission_candidate,neon.relationship.business_partner_identifier.read_masked,application_source,"permission: ""neon.relationship.business_partner_identifier.read_masked"","
server/packages/services/publication/src/entity-foundation-definition.ts,847,permission,literal_permission_candidate,neon.relationship.business_partner.read,application_source,"permission: ""neon.relationship.business_partner.read"","
server/packages/services/publication/src/entity-foundation-definition.ts,853,permission,literal_permission_candidate,neon.relationship.business_partner.read,application_source,"permission: ""neon.relationship.business_partner.read"","
server/packages/services/publication/src/entity-foundation-definition.ts,859,permission,literal_permission_candidate,neon.relationship.business_partner.read,application_source,"permission: ""neon.relationship.business_partner.read"","
server/packages/services/publication/src/entity-foundation-definition.ts,865,permission,literal_permission_candidate,neon.relationship.business_partner_bank.read_masked,application_source,"permission: ""neon.relationship.business_partner_bank.read_masked"","
server/packages/services/publication/src/entity-foundation-definition.ts,874,permission,literal_permission_candidate,neon.relationship.business_partner_qualification.read,application_source,"permission: ""neon.relationship.business_partner_qualification.read"","
server/packages/services/publication/src/entity-foundation-definition.ts,875,permission,literal_permission_candidate,neon.relationship.business_partner_certificate.read,application_source,"fieldPermissions: [""neon.relationship.business_partner_certificate.read""],"
server/packages/services/publication/src/entity-foundation-definition.ts,881,permission,literal_permission_candidate,neon.relationship.business_partner_credit.read,application_source,"permission: ""neon.relationship.business_partner_credit.read"","
server/packages/services/publication/src/entity-foundation-definition.ts,887,permission,literal_permission_candidate,neon.relationship.entity_case.read,application_source,"permission: ""neon.relationship.entity_case.read"","
server/packages/services/publication/src/entity-foundation-definition.ts,893,permission,literal_permission_candidate,neon.relationship.business_partner_activity.read,application_source,"permission: ""neon.relationship.business_partner_activity.read"","
server/packages/services/publication/src/entity-foundation-definition.ts,899,permission,literal_permission_candidate,neon.relationship.business_partner.read,application_source,"permission: ""neon.relationship.business_partner.read"","
server/packages/services/publication/src/entity-foundation-definition.ts,905,permission,literal_permission_candidate,neon.relationship.business_partner_network.read,application_source,"permission: ""neon.relationship.business_partner_network.read"","
server/packages/services/publication/src/entity-foundation-definition.ts,991,entity,entity_literal_reference,supplier,application_source,"role: ""supplier"","
server/packages/services/publication/src/entity-foundation-definition.ts,1016,entity,entity_literal_reference,supplier,application_source,"role: ""supplier"","
server/packages/services/publication/src/entity-foundation-definition.ts,1041,entity,entity_literal_reference,certification,application_source,"""certification"","
server/packages/services/publication/src/entity-foundation-definition.ts,1051,entity,entity_literal_reference,customer,application_source,"role: ""customer"","
server/packages/services/publication/src/entity-foundation-definition.ts,1076,entity,entity_literal_reference,customer,application_source,"role: ""customer"","
server/packages/services/publication/src/entity-initial-case-schema.ts,38,entity,entity_array_literal,supplier,application_source,"enum: [""supplier"", ""customer""],"
server/packages/services/publication/src/entity-initial-case-schema.ts,38,entity,entity_array_literal,customer,application_source,"enum: [""supplier"", ""customer""],"
server/packages/services/publication/src/entity-operation-binding-compiler.ts,16,permission,constructed_permission_candidate,"`neon.relationship.bp_company_setup_request.${operationKey === ""discover"" ? ""read"" : operationKey}`",application_source,"permissionCode: `neon.relationship.bp_company_setup_request.${operationKey === ""discover"" ? ""read"" : operationKey}`,"
server/packages/services/publication/src/entity-operation-binding-compiler.ts,43,entity,entity_property_literal,master.business_partner,application_source,"entityCode: ""master.business_partner"","
server/packages/services/publication/src/publication-rollback.test.ts,12,entity,embedded_entity_route_or_publication,metadata.entity.country,test_fixture,"publicationKey: ""metadata.entity.country"","
server/packages/services/publication/src/publication-routes.ts,24,permission,literal_permission_candidate,publication.deployment.view,application_source,"deadLetters: defineRouteContract({ method: ""get"", path: ""/api/publication/operations/dead-letters"", operationId: ""publication.listDeadLetters"", summary: ""List publication delivery dead letters"", tags: [""Publication Operations""], authenticated: true, permission: ""publication.deployment.view"", responses: { 200: { description: ""Publication dead letters"", body: objectSchema }, 400: { description: ""Invalid query"" }, 403: { description: ""Forbidden"", bo"
server/packages/services/publication/src/publication-routes.ts,25,permission,literal_permission_candidate,publication.deployment.view,application_source,"destinationHealth: defineRouteContract({ method: ""get"", path: ""/api/publication/operations/destinations/:plane/:targetInstance/health"", operationId: ""publication.getDestinationHealth"", summary: ""Get publication destination health"", tags: [""Publication Operations""], authenticated: true, permission: ""publication.deployment.view"", responses: { 200: { description: ""Destination health"", body: objectSchema }, 400: { description: ""Invalid destination"" }"
server/packages/services/publication/src/publication-routes.ts,26,permission,literal_permission_candidate,publication.deployment.view,application_source,"provenance: defineRouteContract({ method: ""get"", path: ""/api/publication/deployments/:deploymentId/provenance"", operationId: ""publication.getDeploymentProvenance"", summary: ""Get publication deployment provenance"", tags: [""Publication Operations""], authenticated: true, permission: ""publication.deployment.view"", responses: { 200: { description: ""Deployment provenance"", body: objectSchema }, 404: { description: ""Provenance not found"" }, 400: { descr"
server/packages/services/publication/src/publication-routes.ts,28,permission,literal_permission_candidate,publication.release.view,application_source,"release: defineRouteContract({ method: ""get"", path: ""/api/publication/releases/:releaseId"", operationId: ""publication.getRelease"", summary: ""Get a publication release"", tags: [""Publication""], authenticated: true, permission: ""publication.release.view"", responses: { 200: { description: ""Publication release"", body: objectSchema }, 400: { description: ""Invalid release identifier"" }, 403: { description: ""Forbidden"" }, 404: { description: ""Release not"
server/packages/services/publication/src/publication-routes.ts,29,permission,literal_permission_candidate,publication.deployment.view,application_source,"deployment: defineRouteContract({ method: ""get"", path: ""/api/publication/deployments/:deploymentId"", operationId: ""publication.getDeployment"", summary: ""Get a publication deployment"", tags: [""Publication""], authenticated: true, permission: ""publication.deployment.view"", responses: { 200: { description: ""Publication deployment"", body: objectSchema }, 400: { description: ""Invalid deployment identifier"" }, 403: { description: ""Forbidden"" }, 404: { d"
server/packages/services/publication/src/publication-routes.ts,30,permission,literal_permission_candidate,publication.release.publish,application_source,"publish: defineRouteContract({ method: ""post"", path: ""/api/publication/releases/:releaseId/publish"", operationId: ""publication.publishRelease"", summary: ""Publish a release"", tags: [""Publication""], authenticated: true, permission: ""publication.release.publish"", responses: { 202: { description: ""Publication queued"", body: objectSchema }, 400: { description: ""Invalid release identifier"" }, 403: { description: ""Forbidden"" }, 404: { description: ""Rele"
server/packages/services/publication/src/publication-routes.ts,38,permission,literal_permission_candidate,publication.deployment.view,application_source,"const context = await requirePermission(options, response, ""publication.deployment.view""); if (!context) return;"
server/packages/services/publication/src/publication-routes.ts,47,permission,literal_permission_candidate,publication.deployment.view,application_source,"const context = await requirePermission(options, response, ""publication.deployment.view""); if (!context) return;"
server/packages/services/publication/src/publication-routes.ts,55,permission,literal_permission_candidate,publication.deployment.view,application_source,"const context = await requirePermission(options, response, ""publication.deployment.view""); if (!context) return;"
server/packages/services/publication/src/publication-routes.ts,73,permission,literal_permission_candidate,publication.release.view,application_source,"const context = await requirePermission(options, response, ""publication.release.view"");"
server/packages/services/publication/src/publication-routes.ts,82,permission,literal_permission_candidate,publication.deployment.view,application_source,"const context = await requirePermission(options, response, ""publication.deployment.view"");"
server/packages/services/publication/src/publication-routes.ts,91,permission,literal_permission_candidate,publication.release.publish,application_source,"const context = await requirePermission(options, response, ""publication.release.publish"");"
server/packages/services/publication/src/publication-routes.ts,101,permission,literal_permission_candidate,publication.release.publish,application_source,"await audit(options, context, ""publication.release.publish"", releaseId, ""success"", { jobId });"
server/packages/services/publication/src/shared/authorization/operation-projection.ts,16,entity,entity_array_literal,network_relationship,application_source,"const scopeKinds = new Set([""tenant"", ""workspace"", ""module"", ""company_code"", ""legal_entity"", ""operating_organization"", ""network_account"", ""network_relationship"", ""resource""]);"
server/packages/services/records/src/__tests__/advanced-records.test.ts,10,entity,entity_property_literal,business_partner,test_fixture,"const transferDescriptor = { schema: ""athyper.entity-runtime-descriptor/1.0"", entityCode: ""business_partner"", planeKey: ""neon"", releaseId: ""r"", releaseNo: 1, contractHash: ""a"".repeat(64), compiledHash: ""b"".repeat(64), storage: { schema: ""master"", object: ""business_partner"", idField: ""id"" }, fields: [], operations: { import: { code: ""import"", permissionCode: ""records.import"" }, export: { code: ""export"", permissionCode: ""records.export"" } }, listPr"
server/packages/services/records/src/__tests__/advanced-records.test.ts,10,entity,entity_literal_reference,business_partner,test_fixture,"const transferDescriptor = { schema: ""athyper.entity-runtime-descriptor/1.0"", entityCode: ""business_partner"", planeKey: ""neon"", releaseId: ""r"", releaseNo: 1, contractHash: ""a"".repeat(64), compiledHash: ""b"".repeat(64), storage: { schema: ""master"", object: ""business_partner"", idField: ""id"" }, fields: [], operations: { import: { code: ""import"", permissionCode: ""records.import"" }, export: { code: ""export"", permissionCode: ""records.export"" } }, listPr"
server/packages/services/records/src/__tests__/advanced-records.test.ts,10,permission,literal_permission_candidate,records.import,test_fixture,"const transferDescriptor = { schema: ""athyper.entity-runtime-descriptor/1.0"", entityCode: ""business_partner"", planeKey: ""neon"", releaseId: ""r"", releaseNo: 1, contractHash: ""a"".repeat(64), compiledHash: ""b"".repeat(64), storage: { schema: ""master"", object: ""business_partner"", idField: ""id"" }, fields: [], operations: { import: { code: ""import"", permissionCode: ""records.import"" }, export: { code: ""export"", permissionCode: ""records.export"" } }, listPr"
server/packages/services/records/src/__tests__/advanced-records.test.ts,10,permission,literal_permission_candidate,records.export,test_fixture,"const transferDescriptor = { schema: ""athyper.entity-runtime-descriptor/1.0"", entityCode: ""business_partner"", planeKey: ""neon"", releaseId: ""r"", releaseNo: 1, contractHash: ""a"".repeat(64), compiledHash: ""b"".repeat(64), storage: { schema: ""master"", object: ""business_partner"", idField: ""id"" }, fields: [], operations: { import: { code: ""import"", permissionCode: ""records.import"" }, export: { code: ""export"", permissionCode: ""records.export"" } }, listPr"
server/packages/services/records/src/__tests__/advanced-records.test.ts,20,entity,entity_literal_reference,business_partner,test_fixture,"await expect(validator.validate(context, ""business_partner"", { code: ""BP-1"", partner_role: ""supplier"", metadata: {} }, 1, ""create""))"
server/packages/services/records/src/__tests__/advanced-records.test.ts,20,entity,entity_literal_reference,supplier,test_fixture,"await expect(validator.validate(context, ""business_partner"", { code: ""BP-1"", partner_role: ""supplier"", metadata: {} }, 1, ""create""))"
server/packages/services/records/src/__tests__/advanced-records.test.ts,22,entity,entity_literal_reference,business_partner,test_fixture,"await expect(validator.validate(context, ""business_partner"", { code: ""BP-1"" }, 1, ""update""))"
server/packages/services/records/src/__tests__/advanced-records.test.ts,34,entity,entity_literal_reference,business_partner,test_fixture,"const session = await service.stage(context, ""business_partner"", [{ code: ""A"" }]);"
server/packages/services/records/src/__tests__/advanced-records.test.ts,46,entity,entity_literal_reference,business_partner,test_fixture,"const session=await service.stage(context,""business_partner"",[{code:""A""}]);"
server/packages/services/records/src/__tests__/advanced-records.test.ts,58,entity,entity_literal_reference,business_partner,test_fixture,"await expect(service.requestExport(context,""business_partner"",{})).rejects.toMatchObject({statusCode:503,code:""TRANSFER_DISPATCH_UNAVAILABLE""});"
server/packages/services/records/src/__tests__/advanced-records.test.ts,73,entity,entity_literal_reference,business_partner,test_fixture,"await service.beginImport(context, ""business_partner"");"
server/packages/services/records/src/__tests__/authorized-aggregate.test.ts,13,entity,entity_literal_reference,principal,test_fixture,"cursorScope: ""principal"","
server/packages/services/records/src/__tests__/canonical-read-backend.test.ts,25,permission,literal_permission_candidate,target.discover,test_fixture,"permissionCode: ""target.discover"","
server/packages/services/records/src/__tests__/canonical-read-backend.test.ts,34,permission,literal_permission_candidate,target.read,test_fixture,"permissionCode: ""target.read"","
server/packages/services/records/src/__tests__/canonical-read-backend.test.ts,56,permission,literal_permission_candidate,legacy.read,test_fixture,"sourcePermissionCode: ""legacy.read"","
server/packages/services/records/src/__tests__/canonical-read-backend.test.ts,57,permission,literal_permission_candidate,target.read,test_fixture,"targetPermissionCode: ""target.read"","
server/packages/services/records/src/__tests__/canonical-read-backend.test.ts,76,entity,entity_literal_reference,principal,test_fixture,"principalId: ""principal"","
server/packages/services/records/src/__tests__/canonical-read-backend.test.ts,84,entity,entity_literal_reference,principal,test_fixture,"principalId: ""principal"","
server/packages/services/records/src/__tests__/canonical-read-backend.test.ts,124,permission,literal_permission_candidate,target.read,test_fixture,"allowed: r.permissionCode === ""target.read"" && targetAllowed,"
server/packages/services/records/src/__tests__/canonical-read-backend.test.ts,175,permission,literal_permission_candidate,legacy.read,test_fixture,"permissionCode: ""legacy.read"","
server/packages/services/records/src/__tests__/canonical-read-backend.test.ts,195,permission,literal_permission_candidate,legacy.read,test_fixture,"permissionCode: ""legacy.read"","
server/packages/services/records/src/__tests__/canonical-read-diagnostics.test.ts,25,permission,literal_permission_candidate,target.discover,test_fixture,"permissionCode: ""target.discover"","
server/packages/services/records/src/__tests__/canonical-read-diagnostics.test.ts,34,permission,literal_permission_candidate,target.read,test_fixture,"permissionCode: ""target.read"","
server/packages/services/records/src/__tests__/canonical-read-diagnostics.test.ts,56,permission,literal_permission_candidate,legacy.read,test_fixture,"sourcePermissionCode: ""legacy.read"","
server/packages/services/records/src/__tests__/canonical-read-diagnostics.test.ts,57,permission,literal_permission_candidate,target.read,test_fixture,"targetPermissionCode: ""target.read"","
server/packages/services/records/src/__tests__/canonical-read-diagnostics.test.ts,76,entity,entity_literal_reference,principal,test_fixture,"principalId: ""principal"","
server/packages/services/records/src/__tests__/canonical-read-diagnostics.test.ts,84,entity,entity_literal_reference,principal,test_fixture,"principalId: ""principal"","
server/packages/services/records/src/__tests__/canonical-read-diagnostics.test.ts,124,permission,literal_permission_candidate,target.read,test_fixture,"allowed: r.permissionCode === ""target.read"" && targetAllowed,"
server/packages/services/records/src/__tests__/canonical-read-diagnostics.test.ts,175,permission,literal_permission_candidate,legacy.read,test_fixture,"permissionCode: ""legacy.read"","
server/packages/services/records/src/__tests__/canonical-read-diagnostics.test.ts,219,permission,literal_permission_candidate,legacy.read,test_fixture,"await backend.authorize({ context, permissionCode: ""legacy.read"" }),"
server/packages/services/records/src/__tests__/canonical-read-diagnostics.test.ts,238,permission,literal_permission_candidate,legacy.read,test_fixture,"await backend.authorize({ context, permissionCode: ""legacy.read"" }),"
server/packages/services/records/src/__tests__/canonical-read-diagnostics.test.ts,252,permission,literal_permission_candidate,legacy.read,test_fixture,"await backend.authorize({ context, permissionCode: ""legacy.read"" }),"
server/packages/services/records/src/__tests__/collection-comparison.test.ts,13,entity,entity_property_literal,address_link,test_fixture,"sourceEntity: ""address_link"","
server/packages/services/records/src/__tests__/collection-scope-sql.test.ts,7,entity,entity_property_literal,business_partner,test_fixture,"schema: ""athyper.entity-runtime-descriptor/1.0"", entityCode: ""business_partner"", planeKey: ""neon"", releaseId: ""release-1"", releaseNo: 1, contractHash: ""a"".repeat(64), compiledHash: ""b"".repeat(64),"
server/packages/services/records/src/__tests__/collection-scope-sql.test.ts,8,entity,entity_literal_reference,business_partner,test_fixture,"storage: { schema: ""master"", object: ""business_partner"", idField: ""id"", tenantField: ""tenant_id"" }, fields: [], operations: {},"
server/packages/services/records/src/__tests__/collection-scope-sql.test.ts,13,entity,entity_property_literal,business_partner_request,test_fixture,"const requests={...descriptor,entityCode:""business_partner_request"",collectionRelationship:{schemaVersion:1 as const,sourceRef:""entity_case"" as const,subject:{fieldRef:""subject_entity"" as const,value:""master.business_partner""},scope:{fieldRef:""current_snapshot.organization"" as const,contextRef:""operatingOrganizationId"" as const}},storage:{schema:""document"",object:""entity_case"",idField:""id"",tenantField:""tenant_id""}};"
server/packages/services/records/src/__tests__/collection-scope-sql.test.ts,13,entity,entity_literal_reference,entity_case,test_fixture,"const requests={...descriptor,entityCode:""business_partner_request"",collectionRelationship:{schemaVersion:1 as const,sourceRef:""entity_case"" as const,subject:{fieldRef:""subject_entity"" as const,value:""master.business_partner""},scope:{fieldRef:""current_snapshot.organization"" as const,contextRef:""operatingOrganizationId"" as const}},storage:{schema:""document"",object:""entity_case"",idField:""id"",tenantField:""tenant_id""}};"
server/packages/services/records/src/__tests__/collection-scope-sql.test.ts,13,entity,entity_literal_reference,master.business_partner,test_fixture,"const requests={...descriptor,entityCode:""business_partner_request"",collectionRelationship:{schemaVersion:1 as const,sourceRef:""entity_case"" as const,subject:{fieldRef:""subject_entity"" as const,value:""master.business_partner""},scope:{fieldRef:""current_snapshot.organization"" as const,contextRef:""operatingOrganizationId"" as const}},storage:{schema:""document"",object:""entity_case"",idField:""id"",tenantField:""tenant_id""}};"
server/packages/services/records/src/__tests__/collection-scope-sql.test.ts,19,entity,entity_array_literal,master.business_partner,test_fixture,"expect(compiled.parameters).toEqual([""master.business_partner"",""11111111-1111-4111-8111-111111111111"",""operatingOrganizationId"",constraint.operatingOrganizationId]);"
server/packages/services/records/src/__tests__/document-collection-read.test.ts,6,entity,entity_property_literal,business_partner_request,test_fixture,"entityCode: ""business_partner_request"","
server/packages/services/records/src/__tests__/document-collection-read.test.ts,9,entity,entity_literal_reference,entity_case,test_fixture,"sourceRef: ""entity_case"","
server/packages/services/records/src/__tests__/document-collection-read.test.ts,10,entity,entity_literal_reference,master.business_partner,test_fixture,"subject: { fieldRef: ""subject_entity"", value: ""master.business_partner"" },"
server/packages/services/records/src/__tests__/document-collection-read.test.ts,18,entity,entity_literal_reference,entity_case,test_fixture,"object: ""entity_case"","
server/packages/services/records/src/__tests__/document-collection-read.test.ts,26,permission,literal_permission_candidate,neon.relationship.entity_case.read,test_fixture,"permissionCode: ""neon.relationship.entity_case.read"","
server/packages/services/records/src/__tests__/document-collection-read.test.ts,34,entity,entity_literal_reference,principal,test_fixture,"principalId: ""principal"","
server/packages/services/records/src/__tests__/entity-authorization.test.ts,59,entity,entity_literal_reference,network_relationship,test_fixture,"networkRelationshipId: ""network_relationship"","
server/packages/services/records/src/__tests__/entity-authorization.test.ts,66,entity,entity_literal_reference,principal,test_fixture,"principalId: ""principal"","
server/packages/services/records/src/__tests__/entity-authorization.test.ts,76,entity,entity_literal_reference,principal,test_fixture,"principalId: ""principal"","
server/packages/services/records/src/__tests__/entity-authorization.test.ts,77,entity,entity_literal_reference,principal,test_fixture,"principalFingerprint: ""principal"","
server/packages/services/records/src/__tests__/entity-backend-authorizer.test.ts,32,entity,entity_literal_reference,principal,test_fixture,"principalId: ""principal"","
server/packages/services/records/src/__tests__/entity-backend-authorizer.test.ts,40,entity,entity_literal_reference,principal,test_fixture,"principalId: ""principal"","
server/packages/services/records/src/__tests__/entity-backend-authorizer.test.ts,44,entity,entity_literal_reference,principal,test_fixture,"principalFingerprint: ""principal"","
server/packages/services/records/src/__tests__/entity-backend-authorizer.test.ts,63,entity,entity_literal_reference,network_relationship,test_fixture,"networkRelationshipId: ""network_relationship"","
server/packages/services/records/src/__tests__/entity-backend-authorizer.test.ts,71,permission,literal_permission_candidate,neon.relationship.business_partner.read,test_fixture,"permissionCode: ""neon.relationship.business_partner.read"","
server/packages/services/records/src/__tests__/entity-backend-authorizer.test.ts,73,entity,entity_property_literal,business_partner,test_fixture,"entityCode: ""business_partner"","
server/packages/services/records/src/__tests__/entity-backend-authorizer.test.ts,81,entity,entity_property_literal,business_partner,test_fixture,"entityCode: ""business_partner"","
server/packages/services/records/src/__tests__/entity-backend-authorizer.test.ts,195,entity,entity_property_literal,business_partner,test_fixture,"entityCode: ""business_partner"","
server/packages/services/records/src/__tests__/entity-backend-authorizer.test.ts,239,permission,literal_permission_candidate,neon.relationship.business_partner.update,test_fixture,"permissionCode: ""neon.relationship.business_partner.update"","
server/packages/services/records/src/__tests__/entity-backend-authorizer.test.ts,272,entity,entity_literal_reference,business_partner,test_fixture,"calls.find((r) => r.resource?.[""resourceCode""] === ""business_partner"")"
server/packages/services/records/src/__tests__/entity-backend-authorizer.test.ts,276,entity,entity_literal_reference,business_partner,test_fixture,"calls.find((r) => r.resource?.[""resourceCode""] === ""business_partner"")"
server/packages/services/records/src/__tests__/entity-backend-authorizer.test.ts,286,permission,literal_permission_candidate,finance.invoice.read,test_fixture,"permissionCode: ""finance.invoice.read"","
server/packages/services/records/src/__tests__/entity-backend-authorizer.test.ts,314,entity,entity_property_literal,business_partner,test_fixture,"entityCode: ""business_partner"","
server/packages/services/records/src/__tests__/entity-backend-authorizer.test.ts,322,entity,entity_literal_reference,business_partner,test_fixture,"object: ""business_partner"","
server/packages/services/records/src/__tests__/entity-backend-authorizer.test.ts,336,entity,entity_property_literal,business_partner,test_fixture,"service.get({ context, entityCode: ""business_partner"", recordId: ""bp"" }),"
server/packages/services/records/src/__tests__/entity-backend-authorizer.test.ts,358,entity,entity_property_literal,business_partner,test_fixture,"entityCode: ""business_partner"","
server/packages/services/records/src/__tests__/entity-backend-authorizer.test.ts,371,entity,entity_property_literal,business_partner,test_fixture,"entityCode: ""business_partner"","
server/packages/services/records/src/__tests__/entity-backend-authorizer.test.ts,379,entity,entity_literal_reference,business_partner,test_fixture,"object: ""business_partner"","
server/packages/services/records/src/__tests__/entity-backend-authorizer.test.ts,428,entity,entity_property_literal,business_partner,test_fixture,"entityCode: ""business_partner"","
server/packages/services/records/src/__tests__/entity-backend-authorizer.test.ts,447,permission,literal_permission_candidate,common.platform.reference.view,test_fixture,"permissionCode: ""common.platform.reference.view"", scope: ""tenant.record.v1"" as const,"
server/packages/services/records/src/__tests__/entity-backend-authorizer.test.ts,451,permission,literal_permission_candidate,common.platform.reference.view,test_fixture,"entityCode: ""example_reference"", planeKey: ""neon"", referenceCapability: ""common.platform.reference.view"","
server/packages/services/records/src/__tests__/entity-backend-authorizer.test.ts,499,entity,entity_property_literal,business_partner,test_fixture,"entityCode: ""business_partner"","
server/packages/services/records/src/__tests__/entity-backend-authorizer.test.ts,505,entity,entity_literal_reference,business_partner,test_fixture,"storage: { schema: ""master"", object: ""business_partner"", idField: ""id"" },"
server/packages/services/records/src/__tests__/entity-backend-authorizer.test.ts,527,entity,entity_property_literal,business_partner,test_fixture,"service.list({ context, entityCode: ""business_partner"" }),"
server/packages/services/records/src/__tests__/entity-backend-authorizer.test.ts,533,entity,entity_property_literal,business_partner,test_fixture,"entityCode: ""business_partner"","
server/packages/services/records/src/__tests__/entity-backend-authorizer.test.ts,566,permission,literal_permission_candidate,neon.relationship.business_partner.legacy_read,test_fixture,"const sourcePermissionCode = ""neon.relationship.business_partner.legacy_read"";"
server/packages/services/records/src/__tests__/entity-backend-authorizer.test.ts,600,permission,literal_permission_candidate,neon.relationship.business_partner.legacy_read,test_fixture,"const sourcePermissionCode = ""neon.relationship.business_partner.legacy_read"";"
server/packages/services/records/src/__tests__/entity-backend-isolated-execution.test.ts,32,entity,entity_literal_reference,principal,test_fixture,"principalId: ""principal"","
server/packages/services/records/src/__tests__/entity-backend-isolated-execution.test.ts,40,entity,entity_literal_reference,principal,test_fixture,"principalId: ""principal"","
server/packages/services/records/src/__tests__/entity-backend-isolated-execution.test.ts,44,entity,entity_literal_reference,principal,test_fixture,"principalFingerprint: ""principal"","
server/packages/services/records/src/__tests__/entity-backend-isolated-execution.test.ts,63,entity,entity_literal_reference,network_relationship,test_fixture,"networkRelationshipId: ""network_relationship"","
server/packages/services/records/src/__tests__/entity-backend-isolated-execution.test.ts,71,permission,literal_permission_candidate,neon.relationship.business_partner.read,test_fixture,"permissionCode: ""neon.relationship.business_partner.read"","
server/packages/services/records/src/__tests__/entity-backend-isolated-execution.test.ts,73,entity,entity_property_literal,business_partner,test_fixture,"entityCode: ""business_partner"","
server/packages/services/records/src/__tests__/entity-backend-isolated-execution.test.ts,81,entity,entity_property_literal,business_partner,test_fixture,"entityCode: ""business_partner"","
server/packages/services/records/src/__tests__/entity-list-read-routes.test.ts,87,entity,entity_property_literal,country,test_fixture,"expect(h.service[""list""]).toHaveBeenCalledWith(expect.objectContaining({ entityCode: ""country"", standardViewKey: ""my.view-1"" }));"
server/packages/services/records/src/__tests__/entity-list-read-routes.test.ts,117,entity,entity_literal_reference,country,test_fixture,"expect(h.service[""formDescriptor""]).toHaveBeenCalledWith(expect.anything(), ""country"", ""edit"", recordId);"
server/packages/services/records/src/__tests__/entity-list-service.test.ts,12,entity,entity_property_literal,business_partner,test_fixture,"schema: ""athyper.entity-runtime-descriptor/1.0"", entityCode: ""business_partner"", planeKey: ""neon"", releaseId: ""release-7"", releaseNo: 7, contractHash: ""a"".repeat(64), compiledHash: ""b"".repeat(64),"
server/packages/services/records/src/__tests__/entity-list-service.test.ts,13,entity,entity_literal_reference,business_partner,test_fixture,"storage: { schema: ""master"", object: ""business_partner"", idField: ""partner_uuid"", tenantField: ""tenant_id"", versionField: ""row_version"" },"
server/packages/services/records/src/__tests__/entity-list-service.test.ts,17,permission,literal_permission_candidate,partner.tax.read,test_fixture,"{ key: ""tax_id"", storagePath: ""tax_identifier"", type: ""string"", required: false, writableOn: [], readPermissionCode: ""partner.tax.read"", classification: ""sensitive_pii"" },"
server/packages/services/records/src/__tests__/entity-list-service.test.ts,19,permission,literal_permission_candidate,partner.read,test_fixture,"operations: { read: { code: ""read"", permissionCode: ""partner.read"" } },"
server/packages/services/records/src/__tests__/entity-list-service.test.ts,39,permission,literal_permission_candidate,partner.read,test_fixture,"const scope = { permissionCode: ""partner.read"", tenantWide: false, legalEntityIds: [], companyCodeIds: [""company-1""], operatingOrganizationIds: [], networkMembershipIds: [], visibility: ""team"" as const };"
server/packages/services/records/src/__tests__/entity-list-service.test.ts,40,permission,literal_permission_candidate,partner.read,test_fixture,"const lists = createTestListService({ authorizer: { authorize: async ({ permissionCode, resource }) => permissionCode === ""partner.read"" ? resource ? { allowed: false, reason: ""scope_coordinate_missing"" } : { allowed: true, scope } : { allowed: false, reason: ""missing_permission"" } } });"
server/packages/services/records/src/__tests__/entity-list-service.test.ts,47,permission,literal_permission_candidate,partner.read,test_fixture,"const scope = { permissionCode: ""partner.read"", tenantWide: false, legalEntityIds: [], companyCodeIds: [], operatingOrganizationIds: [operatingOrganizationId], networkMembershipIds: [], visibility: ""team"" as const };"
server/packages/services/records/src/__tests__/entity-list-service.test.ts,48,permission,literal_permission_candidate,partner.read,test_fixture,"const authorizer: Authorizer = { authorize: async ({ permissionCode, resource }) => permissionCode !== ""partner.read"" ? { allowed: false, reason: ""missing_permission"" } : !resource ? { allowed: true, scope } : resource[""operatingOrganizationId""] === operatingOrganizationId ? { allowed: true, scope } : { allowed: false, reason: ""scope_coordinate_missing"" } };"
server/packages/services/records/src/__tests__/entity-list-service.test.ts,133,permission,literal_permission_candidate,partner.read,test_fixture,"const authorize = vi.fn<Authorizer[""authorize""]>(async ({ permissionCode }) => permissionCode === ""partner.read"" ? { allowed: true } : { allowed: false, reason: ""missing_permission"" });"
server/packages/services/records/src/__tests__/entity-list-service.test.ts,139,permission,literal_permission_candidate,partner.tax.read,test_fixture,"permissionCode: ""partner.tax.read"","
server/packages/services/records/src/__tests__/entity-list-service.test.ts,161,permission,literal_permission_candidate,partner.read,test_fixture,"const authorize = vi.fn<Authorizer[""authorize""]>(async ({ permissionCode }) => permissionCode === ""partner.read"" ? { allowed: true } : { allowed: false, reason: ""missing_permission"" });"
server/packages/services/records/src/__tests__/entity-list-service.test.ts,166,permission,literal_permission_candidate,partner.read,test_fixture,"expect(authorize.mock.calls.filter(([request]) => request.permissionCode === ""partner.read"")).toHaveLength(1);"
server/packages/services/records/src/__tests__/entity-list-service.test.ts,170,permission,literal_permission_candidate,partner.read,test_fixture,"function allowReadOnly(): Authorizer { return { authorize: async ({ permissionCode }) => permissionCode === ""partner.read"" ? { allowed: true } : { allowed: false, reason: ""missing_permission"" } }; }"
server/packages/services/records/src/__tests__/entity-list-service.test.ts,210,permission,literal_permission_candidate,partner.patch,test_fixture,"operations: { ...descriptor.operations, patch: { code: ""patch"", permissionCode: ""partner.patch"" } },"
server/packages/services/records/src/__tests__/entity-list-service.test.ts,215,permission,literal_permission_candidate,partner.tax.read,test_fixture,"authorizer: { authorize: async input => { calls.push(input); return input.permissionCode === ""partner.tax.read"" ? { allowed: false, reason: ""missing_permission"" } : { allowed: true }; } },"
server/packages/services/records/src/__tests__/entity-list-service.test.ts,217,entity,entity_literal_reference,business_partner,test_fixture,"const detail = await lists.detailDescriptor(context, ""business_partner"", ""partner-1"");"
server/packages/services/records/src/__tests__/entity-list-service.test.ts,218,entity,entity_property_literal,business_partner,test_fixture,"expect(get).toHaveBeenCalledWith({ context, entityCode: ""business_partner"", recordId: ""partner-1"" });"
server/packages/services/records/src/__tests__/entity-list-service.test.ts,219,permission,literal_permission_candidate,partner.patch,test_fixture,"expect(calls).toContainEqual(expect.objectContaining({ permissionCode: ""partner.patch"", resource: expect.objectContaining({ recordId: ""partner-1"" }) }));"
server/packages/services/records/src/__tests__/entity-list-service.test.ts,268,entity,entity_literal_reference,country,test_fixture,"const country = { key: ""country"", storagePath: ""country_code"", type: ""string"" as const, required: false, writableOn: [] as const, filterable: true, list: { semanticRole: ""country_code"" } };"
server/packages/services/records/src/__tests__/entity-list-service.test.ts,269,permission,literal_permission_candidate,partner.tax.read,test_fixture,"const published = { ...descriptor, fields: [...descriptor.fields, country, { ...country, key: ""private_country"", readPermissionCode: ""partner.tax.read"" }], listPresentation: { filterPresentation: { quickFields: [{ field: ""country"", defaultOperator: ""contains"" as const }] } } };"
server/packages/services/records/src/__tests__/entity-list-service.test.ts,269,entity,entity_literal_reference,country,test_fixture,"const published = { ...descriptor, fields: [...descriptor.fields, country, { ...country, key: ""private_country"", readPermissionCode: ""partner.tax.read"" }], listPresentation: { filterPresentation: { quickFields: [{ field: ""country"", defaultOperator: ""contains"" as const }] } } };"
server/packages/services/records/src/__tests__/entity-list-service.test.ts,278,entity,entity_literal_reference,country,test_fixture,"const compiled = parseEntityListDescriptor(await lists.descriptor(context, descriptor.entityCode, undefined, ""country""));"
server/packages/services/records/src/__tests__/entity-list-service.test.ts,279,entity,entity_literal_reference,country,test_fixture,"expect(compiled.fields.find(field => field.key === ""country"")).toMatchObject({ valueKind: ""reference"", filterOptions: [{ value: ""MY"", label: ""Malaysia"" }, { value: ""SG"", label: ""Singapore"" }], filterOperators: [""eq"", ""ne"", ""in"", ""is_null"", ""is_not_null""] });"
server/packages/services/records/src/__tests__/entity-list-service.test.ts,296,permission,literal_permission_candidate,partner.read,test_fixture,"const scope = { permissionCode: ""partner.read"", tenantWide: false, legalEntityIds: [], companyCodeIds: [], operatingOrganizationIds: [""org-1""], networkMembershipIds: [], visibility: ""team"" as const };"
server/packages/services/records/src/__tests__/entity-list-service.test.ts,298,permission,literal_permission_candidate,partner.read,test_fixture,"authorize: async ({ permissionCode, resource }) => permissionCode !== ""partner.read"""
server/packages/services/records/src/__tests__/entity-list-service.test.ts,325,permission,literal_permission_candidate,partner.create,test_fixture,"operations: { ...descriptor.operations, create: { code: ""create"", permissionCode: ""partner.create"" } },"
server/packages/services/records/src/__tests__/entity-list-service.test.ts,328,permission,literal_permission_candidate,partner.tax.read,test_fixture,"const service = createTestListService({ descriptor: form, metadata: { getEntityDescriptor: async () => form }, authorizer: { authorize: async ({permissionCode}) => permissionCode === ""partner.tax.read"" ? { allowed: false, reason: ""missing_permission"" } : { allowed: true } } });"
server/packages/services/records/src/__tests__/entity-list-service.test.ts,340,permission,literal_permission_candidate,partner.create,test_fixture,"operations: { ...descriptor.operations, create: { code: ""create"", permissionCode: ""partner.create"" } },"
server/packages/services/records/src/__tests__/entity-list-service.test.ts,343,permission,literal_permission_candidate,partner.tax.read,test_fixture,"const service = createTestListService({ descriptor: form, metadata: { getEntityDescriptor: async () => form }, authorizer: { authorize: async ({permissionCode}) => permissionCode === ""partner.tax.read"" ? { allowed: false, reason: ""missing_permission"" } : { allowed: true } } });"
server/packages/services/records/src/__tests__/intake-form-choices.test.ts,11,entity,entity_literal_reference,country,test_fixture,"key: ""country"","
server/packages/services/records/src/__tests__/intake-form-choices.test.ts,12,entity,entity_array_literal,address,test_fixture,"fields: [""registered"", ""address""].map((key) => ({"
server/packages/services/records/src/__tests__/list-context-discovery.test.ts,9,permission,literal_permission_candidate,neon.relationship.entity_case.read,test_fixture,"permissionCode = ""neon.relationship.entity_case.read"";"
server/packages/services/records/src/__tests__/list-context-discovery.test.ts,12,entity,entity_literal_reference,person,test_fixture,"principalId: ""person"","
server/packages/services/records/src/__tests__/list-context-discovery.test.ts,20,entity,entity_literal_reference,person,test_fixture,"principalId: ""person"","
server/packages/services/records/src/__tests__/list-context-discovery.test.ts,46,entity,entity_property_literal,business_partner_request,test_fixture,"entityCode: ""business_partner_request"","
server/packages/services/records/src/__tests__/list-context-discovery.test.ts,54,entity,entity_literal_reference,business_partner_request,test_fixture,"object: ""business_partner_request"","
server/packages/services/records/src/__tests__/list-experience.test.ts,31,permission,literal_permission_candidate,request.create,test_fixture,"permissions: [{ plane: ""neon"", permissionCode: ""request.create"" }],"
server/packages/services/records/src/__tests__/list-experience.test.ts,59,permission,literal_permission_candidate,request.create,test_fixture,"permissionCode: ""request.create"","
server/packages/services/records/src/__tests__/list-experience.test.ts,73,permission,literal_permission_candidate,request.create,test_fixture,"permissionCode: ""request.create"","
server/packages/services/records/src/__tests__/list-experience.test.ts,124,permission,literal_permission_candidate,request.create,test_fixture,"permissionCode: ""request.create"","
server/packages/services/records/src/__tests__/masked-record-projection.test.ts,14,permission,literal_permission_candidate,protected.read,test_fixture,"operations: { read: { code: ""read"", permissionCode: ""protected.read"" }, list: { code: ""list"", permissionCode: ""protected.read"" } },"
server/packages/services/records/src/__tests__/masked-record-projection.test.ts,19,permission,literal_permission_candidate,protected.read,test_fixture,"{ key: ""list"", permissionCode: ""protected.read"", scope: ""tenant.record.v1"", target: ""collection"", effect: ""read"", requiresParentRead: false, requiresPreflight: false },"
server/packages/services/records/src/__tests__/masked-record-projection.test.ts,20,permission,literal_permission_candidate,protected.read,test_fixture,"{ key: ""read"", permissionCode: ""protected.read"", scope: ""tenant.record.v1"", target: ""existing"", effect: ""read"", requiresParentRead: false, requiresPreflight: false },"
server/packages/services/records/src/__tests__/navigation-context-discovery.test.ts,23,entity,entity_property_literal,business_partner,test_fixture,"entityCode: ""business_partner"","
server/packages/services/records/src/__tests__/navigation-context-discovery.test.ts,26,permission,literal_permission_candidate,neon.relationship.entity_case.read,test_fixture,"const permission = ""neon.relationship.entity_case.read"";"
server/packages/services/records/src/__tests__/navigation-context-discovery.test.ts,29,entity,entity_literal_reference,principal,test_fixture,"principalId: ""principal"","
server/packages/services/records/src/__tests__/navigation-context-discovery.test.ts,33,entity,entity_literal_reference,principal,test_fixture,"principalId: ""principal"","
server/packages/services/records/src/__tests__/navigation-context-discovery.test.ts,71,entity,entity_property_literal,business_partner,test_fixture,"entityCode: ""business_partner"","
server/packages/services/records/src/__tests__/navigation-context-discovery.test.ts,72,entity,entity_literal_reference,business_partner,test_fixture,"resourceCode: ""business_partner"","
server/packages/services/records/src/__tests__/navigation-context-discovery.test.ts,163,permission,literal_permission_candidate,neon.relationship.entity_case.create,test_fixture,"""neon.relationship.entity_case.create"","
server/packages/services/records/src/__tests__/parent-collection-scope.test.ts,8,permission,literal_permission_candidate,child.read,test_fixture,"const child={operations:{list:{code:""list"",permissionCode:""child.read""}},entityCode:""child_record"",planeKey:""neon"",releaseId:""child-release"",storage:{schema:""master"",object:""child"",idField:""id"",tenantField:""tenant_id""},fields:[{key:""owner_id"",type:""uuid"",writableOn:[]},{key:""tenant_id"",type:""uuid"",writableOn:[]}]} as unknown as EntityRuntimeDescriptor;"
server/packages/services/records/src/__tests__/record-bookmark-routes.test.ts,81,entity,entity_property_literal,business_partner,test_fixture,"entityCode: ""business_partner"","
server/packages/services/records/src/__tests__/record-bookmark-routes.test.ts,96,entity,entity_literal_reference,business_partner,test_fixture,"expect(bookmarks.membership).toHaveBeenCalledWith({}, ""business_partner"", ["
server/packages/services/records/src/__tests__/record-bookmark-routes.test.ts,148,entity,entity_array_literal,business_partner,test_fixture,"[""business_partner"", { records: [{ id: ID }], companyCodeId: ID }],"
server/packages/services/records/src/__tests__/record-bookmark-routes.test.ts,178,entity,entity_literal_reference,business_partner,test_fixture,"expect(bookmarks.list).toHaveBeenCalledWith({}, ""business_partner"", {"
server/packages/services/records/src/__tests__/record-bookmark-routes.test.ts,180,entity,entity_literal_reference,supplier,test_fixture,"partnerRole: ""supplier"","
server/packages/services/records/src/__tests__/record-bookmark-service.test.ts,23,entity,entity_literal_reference,business_partner,test_fixture,"service.membership(context, ""business_partner"", [ID_A, ID_B]),"
server/packages/services/records/src/__tests__/record-bookmark-service.test.ts,39,entity,entity_literal_reference,business_partner,test_fixture,"service.add(context, ""business_partner"", [{ id: ID_A }, { id: ID_B }]),"
server/packages/services/records/src/__tests__/record-bookmark-service.test.ts,56,entity,entity_literal_reference,business_partner,test_fixture,"service.remove(context, ""business_partner"", [""not-a-uuid""]),"
server/packages/services/records/src/__tests__/record-bookmark-service.test.ts,61,entity,entity_literal_reference,business_partner,test_fixture,"""business_partner"","
server/packages/services/records/src/__tests__/record-bookmark-service.test.ts,111,entity,entity_literal_reference,business_partner,test_fixture,"service.membership(context, ""business_partner"", [ID_A, ID_B]),"
server/packages/services/records/src/__tests__/record-bookmark-service.test.ts,120,entity,entity_array_literal,business_partner,test_fixture,"""business_partner"","
server/packages/services/records/src/__tests__/record-bookmark-service.test.ts,147,entity,entity_literal_reference,business_partner,test_fixture,"service.membership(context, ""business_partner"", [ID_A.toUpperCase()]),"
server/packages/services/records/src/__tests__/record-bookmark-service.test.ts,159,entity,entity_property_literal,business_partner,test_fixture,"entity_code: ""business_partner"","
server/packages/services/records/src/__tests__/record-bookmark-service.test.ts,172,entity,entity_property_literal,business_partner,test_fixture,"entityCode: ""business_partner"","
server/packages/services/records/src/__tests__/record-bookmark-service.test.ts,203,entity,entity_literal_reference,business_partner,test_fixture,"""business_partner"","
server/packages/services/records/src/__tests__/record-bookmark-service.test.ts,237,entity,entity_literal_reference,business_partner,test_fixture,"service.remove(context, ""business_partner"", [ID_A, ID_A.toUpperCase()]),"
server/packages/services/records/src/__tests__/record-bookmark-service.test.ts,247,entity,entity_array_literal,business_partner,test_fixture,"""business_partner"","
server/packages/services/records/src/__tests__/record-bookmark-service.test.ts,271,entity,entity_literal_reference,business_partner,test_fixture,"service.remove(context, ""business_partner"", Array(101).fill(ID_A)),"
server/packages/services/records/src/__tests__/record-bookmark-service.test.ts,286,entity,entity_literal_reference,business_partner,test_fixture,"service.add(context, ""business_partner"", ["
server/packages/services/records/src/__tests__/record-bookmark-service.test.ts,291,entity,entity_literal_reference,business_partner,test_fixture,"service.add(context, ""business_partner"", ["
server/packages/services/records/src/__tests__/record-bookmark-service.test.ts,304,entity,entity_property_literal,business_partner,test_fixture,"entity_code: ""business_partner"","
server/packages/services/records/src/__tests__/record-bookmark-service.test.ts,319,entity,entity_literal_reference,supplier,test_fixture,"partnerRole: ""supplier"" as const,"
server/packages/services/records/src/__tests__/record-bookmark-service.test.ts,321,entity,entity_literal_reference,business_partner,test_fixture,"const rows = await service.list(context, ""business_partner"", scopeCoordinate);"
server/packages/services/records/src/__tests__/record-bookmark-service.test.ts,326,entity,entity_property_literal,business_partner,test_fixture,"entityCode: ""business_partner"","
server/packages/services/records/src/__tests__/record-bookmark-service.test.ts,333,entity,entity_literal_reference,business_partner,test_fixture,"expect(db.query.mock.calls[0]![1]).toContain(""business_partner"");"
server/packages/services/records/src/__tests__/record-bookmark-service.test.ts,341,entity,entity_property_literal,business_partner,test_fixture,"entity_code: ""business_partner"","
server/packages/services/records/src/__tests__/record-bookmark-service.test.ts,354,entity,entity_literal_reference,business_partner,test_fixture,"await expect(service.list(context, ""business_partner"")).rejects.toThrow("
server/packages/services/records/src/__tests__/record-history.postgres-case.ts,71,permission,literal_permission_candidate,example.create,test_fixture,"create: { code: ""create"", permissionCode: ""example.create"" },"
server/packages/services/records/src/__tests__/record-history.postgres-case.ts,72,permission,literal_permission_candidate,example.patch,test_fixture,"patch: { code: ""patch"", permissionCode: ""example.patch"" },"
server/packages/services/records/src/__tests__/record-history.postgres-case.ts,80,permission,literal_permission_candidate,example.activate,test_fixture,"permissionCode: ""example.activate"","
server/packages/services/records/src/__tests__/record-history.postgres-case.ts,319,permission,literal_permission_candidate,example.delete,test_fixture,"delete: { code: ""delete"", permissionCode: ""example.delete"" },"
server/packages/services/records/src/__tests__/record-history.postgres-case.ts,390,permission,literal_permission_candidate,example.delete,test_fixture,"delete: { code: ""delete"", permissionCode: ""example.delete"" },"
server/packages/services/records/src/__tests__/record-read-access.test.ts,9,entity,entity_property_literal,metadata_entity,test_fixture,"entityCode: ""metadata_entity"","
server/packages/services/records/src/__tests__/record-read-access.test.ts,13,permission,literal_permission_candidate,studio.metadata.contract.view,test_fixture,"permissionCode: ""studio.metadata.contract.view"","
server/packages/services/records/src/__tests__/record-read-access.test.ts,22,permission,literal_permission_candidate,studio.metadata.contract.view,test_fixture,"permissionCode: ""studio.metadata.contract.view"","
server/packages/services/records/src/__tests__/record-read-access.test.ts,23,entity,entity_property_literal,metadata_entity,test_fixture,"observation: { entityCode: ""metadata_entity"", operationKey: ""discover"", surface: ""list"", phase: ""discover"" },"
server/packages/services/records/src/__tests__/record-read-access.test.ts,35,permission,literal_permission_candidate,partner.read,test_fixture,"operations: { read: { permissionCode: ""partner.read"" } },"
server/packages/services/records/src/__tests__/record-read-access.test.ts,44,permission,literal_permission_candidate,partner.read,test_fixture,"operations: { read: { permissionCode: ""partner.read"" } },"
server/packages/services/records/src/__tests__/record-read-access.test.ts,53,permission,literal_permission_candidate,partner.read,test_fixture,"entityCode: ""partner"", directoryScope, operations: { read: { permissionCode: ""partner.read"" } },"
server/packages/services/records/src/__tests__/records-vertical.test.ts,17,entity,entity_property_literal,business_partner,test_fixture,"entityCode: ""business_partner"","
server/packages/services/records/src/__tests__/records-vertical.test.ts,23,entity,entity_literal_reference,business_partner,test_fixture,"storage: { schema: ""master"", object: ""business_partner"", idField: ""id"", tenantField: ""tenant_id"", versionField: ""row_version"", statusField: ""status"" },"
server/packages/services/records/src/__tests__/records-vertical.test.ts,32,permission,literal_permission_candidate,master.business_partner.read,test_fixture,"read: { code: ""read"", permissionCode: ""master.business_partner.read"" },"
server/packages/services/records/src/__tests__/records-vertical.test.ts,33,permission,literal_permission_candidate,master.business_partner.create,test_fixture,"create: { code: ""create"", permissionCode: ""master.business_partner.create"" },"
server/packages/services/records/src/__tests__/records-vertical.test.ts,34,permission,literal_permission_candidate,master.business_partner.update,test_fixture,"patch: { code: ""patch"", permissionCode: ""master.business_partner.update"" },"
server/packages/services/records/src/__tests__/records-vertical.test.ts,35,permission,literal_permission_candidate,master.business_partner.delete,test_fixture,"delete: { code: ""delete"", permissionCode: ""master.business_partner.delete"" },"
server/packages/services/records/src/__tests__/records-vertical.test.ts,37,permission,literal_permission_candidate,master.business_partner.activate,test_fixture,"lifecycle: { transitions: [{ code: ""activate"", from: [""draft""], to: ""active"", permissionCode: ""master.business_partner.activate"" }] },"
server/packages/services/records/src/__tests__/records-vertical.test.ts,40,permission,literal_permission_candidate,master.business_partner.activate,test_fixture,"const permissions = Object.values(descriptor.operations).map((operation) => operation.permissionCode).concat(""master.business_partner.activate"");"
server/packages/services/records/src/__tests__/records-vertical.test.ts,62,entity,entity_property_literal,business_partner,test_fixture,"const createdCommand = { context, entityCode: ""business_partner"", input: { code: ""ACME"", name: ""Acme"", status: ""draft"" }, origin: ""classic"", validationMode: ""strict"", idempotencyKey: ""records-create-0001"" } as const;"
server/packages/services/records/src/__tests__/records-vertical.test.ts,68,entity,entity_property_literal,business_partner,test_fixture,"await expect(mutations.patch({ context, entityCode: ""business_partner"", recordId: created.recordId, input: { name: ""Acme Ltd"" }, origin: ""classic"", validationMode: ""strict"", idempotencyKey: ""records-patch-no-version"" })).resolves.toEqual({ kind: ""VersionRequired"" });"
server/packages/services/records/src/__tests__/records-vertical.test.ts,69,entity,entity_property_literal,business_partner,test_fixture,"const patched = await mutations.patch({ context, entityCode: ""business_partner"", recordId: created.recordId, input: { name: ""Acme Ltd"" }, expectedVersion: 1, origin: ""classic"", validationMode: ""strict"", idempotencyKey: ""records-patch-000001"" });"
server/packages/services/records/src/__tests__/records-vertical.test.ts,71,entity,entity_property_literal,business_partner,test_fixture,"const transitioned = await mutations.transition({ context, entityCode: ""business_partner"", recordId: created.recordId, transitionCode: ""activate"", input: {}, expectedVersion: 2, origin: ""classic"", validationMode: ""strict"", idempotencyKey: ""records-transition-01"" });"
server/packages/services/records/src/__tests__/records-vertical.test.ts,73,entity,entity_property_literal,business_partner,test_fixture,"await expect(queries.get({ context, entityCode: ""business_partner"", recordId: created.recordId })).resolves.toMatchObject({ data: { code: ""ACME"", name: ""Acme Ltd"", status: ""active"", row_version: 3 } });"
server/packages/services/records/src/__tests__/records-vertical.test.ts,87,entity,entity_property_literal,business_partner,test_fixture,"const command = { context, entityCode: ""business_partner"", input: { code: ""FAIL"", name: ""Failure"", status: ""draft"" }, origin: ""classic"", validationMode: ""strict"", idempotencyKey: ""records-rollback-001"" } as const;"
server/packages/services/records/src/__tests__/records-vertical.test.ts,90,entity,entity_property_literal,business_partner,test_fixture,"await expect(queries.list({ context, entityCode: ""business_partner"", countMode: ""exact"" })).resolves.toMatchObject({ data: [], pagination: { total: 0 } });"
server/packages/services/records/src/__tests__/records-vertical.test.ts,102,entity,entity_property_literal,business_partner,test_fixture,"await expect(mutations.create({ context, entityCode: ""business_partner"", input: { code: ""bad"", unknown: true }, origin: ""classic"", validationMode: ""strict"", idempotencyKey: ""records-invalid-0001"" })).resolves.toMatchObject({ kind: ""FieldsNotWritable"", fields: { code: expect.any(Array), name: expect.any(Array), status: expect.any(Array), unknown: expect.any(Array) } });"
server/packages/services/records/src/__tests__/records-vertical.test.ts,103,entity,entity_property_literal,business_partner,test_fixture,"await expect(mutations.create({ context, entityCode: ""business_partner"", input: { code: ""OK"", name: ""No key"", status: ""draft"" }, origin: ""classic"", validationMode: ""strict"" })).resolves.toEqual({ kind: ""IdempotencyConflict"", reason: ""required"" });"
server/packages/services/records/src/__tests__/records-vertical.test.ts,107,permission,literal_permission_candidate,master.business_partner.tax_id.read,test_fixture,"const secured: EntityRuntimeDescriptor = { ...descriptor, fields: [...descriptor.fields, { key: ""taxId"", storagePath: ""tax_id"", type: ""string"", required: false, writableOn: [""create"", ""patch""], filterable: true, readPermissionCode: ""master.business_partner.tax_id.read"", writePermissionCode: ""master.business_partner.tax_id.write"", classification: ""sensitive_pii"" }] };"
server/packages/services/records/src/__tests__/records-vertical.test.ts,107,permission,literal_permission_candidate,master.business_partner.tax_id.write,test_fixture,"const secured: EntityRuntimeDescriptor = { ...descriptor, fields: [...descriptor.fields, { key: ""taxId"", storagePath: ""tax_id"", type: ""string"", required: false, writableOn: [""create"", ""patch""], filterable: true, readPermissionCode: ""master.business_partner.tax_id.read"", writePermissionCode: ""master.business_partner.tax_id.write"", classification: ""sensitive_pii"" }] };"
server/packages/services/records/src/__tests__/records-vertical.test.ts,140,permission,literal_permission_candidate,master.business_partner.read,test_fixture,"const scope = { permissionCode: ""master.business_partner.read"", tenantWide: false, legalEntityIds: [], companyCodeIds: [], operatingOrganizationIds: [organizationA, organizationB], networkMembershipIds: [], visibility: ""team"" as const };"
server/packages/services/records/src/__tests__/records-vertical.test.ts,141,permission,literal_permission_candidate,master.business_partner.read,test_fixture,"const scopedAuthorizer: Authorizer = { authorize: async ({ permissionCode, resource }) => permissionCode !== ""master.business_partner.read"" ? { allowed: false, reason: ""missing_permission"" } : typeof resource?.[""operatingOrganizationId""] === ""string"" && scope.operatingOrganizationIds.includes(resource[""operatingOrganizationId""] as string) ? { allowed: true, scope } : { allowed: false, reason: ""scope_coordinate_missing"" } };"
server/packages/services/records/src/__tests__/records-vertical.test.ts,167,permission,literal_permission_candidate,master.secret.read,test_fixture,"readPermissionCode: ""master.secret.read"","
server/packages/services/records/src/__tests__/records-vertical.test.ts,192,entity,entity_property_literal,business_partner,test_fixture,"const command = { context, entityCode: ""business_partner"", input: { name: ""Deferred"" }, origin: ""classic"", validationMode: ""strict"", idempotencyKey: ""deferred-create-operation"" } as const;"
server/packages/services/records/src/__tests__/records-vertical.test.ts,223,entity,entity_property_literal,principal,test_fixture,"const command={context,entityCode:owned.entityCode,input:{code:""OWNED"",name:""Owned"",status:""draft""},origin:""classic"",validationMode:""strict"",idempotencyKey:""records-parent-create-01"",scopeCoordinate:{parentEntityCode:""principal"",parentRecordId:""principal-other"",relationshipKey:""profile""}} as const;"
server/packages/services/records/src/__tests__/snapshot-repository.test.ts,8,entity,entity_literal_reference,principal,test_fixture,"principalId: ""principal"","
server/packages/services/records/src/__tests__/snapshot-repository.test.ts,39,entity,entity_literal_reference,principal,test_fixture,"captured_by: ""principal"","
server/packages/services/records/src/__tests__/snapshot-repository.test.ts,98,entity,entity_literal_reference,principal,test_fixture,"{ tenantId: ""tenant"", principalId: ""principal"" },"
server/packages/services/records/src/__tests__/snapshot-repository.test.ts,158,entity,entity_literal_reference,principal,test_fixture,"{ tenantId: ""other"", principalId: ""principal"", planeKey: ""mesh"" },"
server/packages/services/records/src/__tests__/snapshot-service.test.ts,5,entity,entity_literal_reference,principal,test_fixture,"const context = { tenantId: ""tenant"", principalId: ""principal"", planeKey: ""neon"" } as never;"
server/packages/services/records/src/__tests__/snapshot-service.test.ts,12,permission,literal_permission_candidate,partner.read,test_fixture,"const descriptor = { entityCode: ""partner"", contractHash: ""current"", storage: { schema: ""master"", object: ""partner"", versionField: ""row_version"" }, operations: { read: { permissionCode: ""partner.read"" } }, fields: ["
server/packages/services/records/src/__tests__/snapshot-service.test.ts,13,permission,literal_permission_candidate,secret.read,test_fixture,"{ key: ""name"", writableOn: [""patch""] }, { key: ""secret"", writableOn: [""patch""], readPermissionCode: ""secret.read"" }, { key: ""id"", writableOn: [] },"
server/packages/services/records/src/__tests__/snapshot-service.test.ts,15,permission,literal_permission_candidate,secret.read,test_fixture,"const authorize = vi.fn(async ({ permissionCode }: { permissionCode: string }) => ({ allowed: permissionCode !== ""secret.read"" }));"
server/packages/services/records/src/__tests__/snapshot-service.test.ts,29,permission,literal_permission_candidate,partner.read,test_fixture,"expect(h.authorize).toHaveBeenCalledWith(expect.objectContaining({ permissionCode: ""partner.read"", resource: expect.objectContaining({ tenantId: ""tenant"", recordId: ""record"" }) }));"
server/packages/services/records/src/__tests__/standard-views.postgres.test.ts,136,entity,entity_literal_reference,entity_case,test_fixture,"object: ""entity_case"","
server/packages/services/records/src/__tests__/standard-views.postgres.test.ts,191,entity,entity_array_literal,supplier,test_fixture,"role: { field: ""requestedRole"", values: [""supplier""] },"
server/packages/services/records/src/__tests__/standard-views.test.ts,17,entity,entity_property_literal,business_partner,test_fixture,"expect(await availableStandardViews(context,{...descriptor,entityCode:""business_partner""})).toEqual([]);"
server/packages/services/records/src/__tests__/standard-views.test.ts,37,entity,entity_literal_reference,entity_case,test_fixture,"{key:""my_requests"",label,position:0,entityCode:""case_list"",provider:""request_documents"",providerKey:""document.case_requests.v1"",requestBinding:{sourceRef:""entity_case"",requester:""initiator_or_submitter""}},"
server/packages/services/records/src/__tests__/standard-views.test.ts,40,entity,entity_literal_reference,entity_case,test_fixture,"const d={...descriptor,entityCode:""case_list"",storage:{schema:""document"",object:""entity_case"",idField:""id"",tenantField:""tenant_id""},listPresentation:{experience:{standardViews:standards}}} as EntityRuntimeDescriptor;"
server/packages/services/records/src/__tests__/standard-views.test.ts,57,entity,entity_literal_reference,entity_case,test_fixture,"for(const requestBinding of [{sourceRef:""raw_table"",requester:""initiator_or_submitter""},{sourceRef:""entity_case"",operationCodes:[]},{sourceRef:""entity_case"",role:{field:""unsafe"",values:[""supplier""]}}]) expect(()=>parseStandardViews([{...base,requestBinding}])).toThrow();"
server/packages/services/records/src/__tests__/standard-views.test.ts,57,entity,entity_array_literal,supplier,test_fixture,"for(const requestBinding of [{sourceRef:""raw_table"",requester:""initiator_or_submitter""},{sourceRef:""entity_case"",operationCodes:[]},{sourceRef:""entity_case"",role:{field:""unsafe"",values:[""supplier""]}}]) expect(()=>parseStandardViews([{...base,requestBinding}])).toThrow();"
server/packages/services/records/src/__tests__/transfer-jobs.test.ts,9,permission,literal_permission_candidate,records.create,test_fixture,"const descriptor={schema:""athyper.entity-runtime-descriptor/1.0"",entityCode:""party"",planeKey:""neon"",releaseId:""r"",releaseNo:1,contractHash:""a"".repeat(64),compiledHash:""b"".repeat(64),storage:{schema:""master"",object:""party"",idField:""id""},fields:[],operations:{create:{code:""create"",permissionCode:""records.create""},import:{code:""import"",permissionCode:""records.import""}},listPresentation:{dataOperations:{importAdapterKey:""test.party.v1"",importOperatio"
server/packages/services/records/src/__tests__/transfer-jobs.test.ts,9,permission,literal_permission_candidate,records.import,test_fixture,"const descriptor={schema:""athyper.entity-runtime-descriptor/1.0"",entityCode:""party"",planeKey:""neon"",releaseId:""r"",releaseNo:1,contractHash:""a"".repeat(64),compiledHash:""b"".repeat(64),storage:{schema:""master"",object:""party"",idField:""id""},fields:[],operations:{create:{code:""create"",permissionCode:""records.create""},import:{code:""import"",permissionCode:""records.import""}},listPresentation:{dataOperations:{importAdapterKey:""test.party.v1"",importOperatio"
server/packages/services/records/src/__tests__/transfer-jobs.test.ts,38,permission,literal_permission_candidate,records.export,test_fixture,"const exportDescriptor={...descriptor,fields:[{key:""code"",classification:""public""as const,storagePath:""code"",type:""string""as const,required:true,writableOn:[],list:{label:""Code""}},{key:""name"",classification:""internal""as const,storagePath:""name"",type:""string""as const,required:false,writableOn:[],list:{label:""Name""}}],operations:{export:{code:""export"",permissionCode:""records.export""}}};"
server/packages/services/records/src/__tests__/transfer-jobs.test.ts,49,permission,literal_permission_candidate,records.export,test_fixture,"const exportDescriptor={...descriptor,operations:{export:{code:""export"",permissionCode:""records.export""}},listPresentation:{dataOperations:{exportFormats:[""xlsx"",""csv"",""json"",""ndjson""] as const}}};"
server/packages/services/records/src/actions/transactional-action-service.test.ts,12,entity,entity_property_literal,principal,test_fixture,"entityCode: 'principal', planeKey: 'neon',"
server/packages/services/records/src/actions/transactional-action-service.test.ts,13,entity,entity_literal_reference,principal,test_fixture,"storage: { schema: 'master', object: 'principal', idField: 'id', tenantField: 'tenant_id' },"
server/packages/services/records/src/actions/transactional-action-service.test.ts,14,permission,literal_permission_candidate,link.invoke,test_fixture,"actions: [{ code: 'link_person', handlerKey: 'governed.link.v1', permissionCode: 'link.invoke' }],"
server/packages/services/records/src/actions/transactional-action-service.test.ts,28,entity,entity_property_literal,principal,test_fixture,"entityCode: 'principal', recordId: 'target', actionCode: 'link_person',"
server/packages/services/records/src/actions/transactional-action-service.test.ts,29,entity,entity_literal_reference,person,test_fixture,"idempotencyKey: 'governed-link-request-001', input: { personId: 'person' },"
server/packages/services/records/src/actions/transactional-action-service.test.ts,31,entity,entity_property_literal,principal,test_fixture,"const result: RecordMutationResult = { kind: 'Committed', action: 'domain', entityCode: 'principal', recordId: 'target', replayed: false };"
server/packages/services/records/src/actions/transactional-action-service.test.ts,40,permission,literal_permission_candidate,workforce.profile.write,test_fixture,"return granted ? undefined : { kind: 'Forbidden' as const, permissionCode: 'workforce.profile.write' };"
server/packages/services/records/src/actions/transactional-action-service.test.ts,58,permission,literal_permission_candidate,link.invoke,test_fixture,"permissionCode: 'link.invoke', resource: expect.objectContaining({"
server/packages/services/records/src/actions/transactional-action-service.test.ts,59,entity,entity_property_literal,principal,test_fixture,"companyCodeId: 'stored-company', tenantId: 'tenant', entityCode: 'principal', recordId: 'target',"
server/packages/services/records/src/actions/transactional-action-service.test.ts,64,permission,literal_permission_candidate,workforce.profile.write,test_fixture,"expect(await service.execute(command)).toEqual({ kind: 'Forbidden', permissionCode: 'workforce.profile.write' });"
server/packages/services/records/src/actions/transactional-action-service.test.ts,70,permission,literal_permission_candidate,link.invoke,test_fixture,"expect(await service.execute(command)).toEqual({kind:'Forbidden',permissionCode:'link.invoke'});"
server/packages/services/records/src/actions/transactional-action-service.test.ts,73,entity,entity_property_literal,principal,test_fixture,"resolveAuthorizationResource.mockResolvedValueOnce({kind:'NotFound',entityCode:'principal',recordId:'target'} as never);"
server/packages/services/records/src/actions/transactional-action-service.test.ts,74,entity,entity_property_literal,principal,test_fixture,"expect(await service.execute(command)).toEqual({kind:'NotFound',entityCode:'principal',recordId:'target'});"
server/packages/services/records/src/actions/transactional-action-service.test.ts,80,permission,literal_permission_candidate,link.invoke,test_fixture,"const descriptor={schema:'athyper.entity-runtime-descriptor/1.0',entityCode:'target',planeKey:'neon',releaseId:'release',releaseNo:1,compiledHash:'a'.repeat(64),contractHash:'b'.repeat(64),fields:[],operations:{},storage:{schema:'master',object:'target',idField:'id',versionField:'record_version'},actions:[{code:'link',handlerKey:'domain.link',permissionCode:'link.invoke'}]} as EntityRuntimeDescriptor;"
server/packages/services/records/src/authorized-aggregate.test.ts,37,entity,entity_literal_reference,principal,test_fixture,"cursorScope: ""principal"","
server/packages/services/records/src/bookmarks/record-bookmark-routes.ts,175,entity,entity_array_literal,supplier,application_source,"partnerRole: { type: ""string"", enum: [""supplier"", ""customer""] },"
server/packages/services/records/src/bookmarks/record-bookmark-routes.ts,175,entity,entity_array_literal,customer,application_source,"partnerRole: { type: ""string"", enum: [""supplier"", ""customer""] },"
server/packages/services/records/src/bookmarks/record-bookmark-routes.ts,216,entity,entity_array_literal,supplier,application_source,"partnerRole: { type: ""string"", enum: [""supplier"", ""customer""] },"
server/packages/services/records/src/bookmarks/record-bookmark-routes.ts,216,entity,entity_array_literal,customer,application_source,"partnerRole: { type: ""string"", enum: [""supplier"", ""customer""] },"
server/packages/services/records/src/choice-disclosure.test.ts,23,entity,entity_property_literal,sample,test_fixture,"entityCode: ""sample"","
server/packages/services/records/src/choice-disclosure.test.ts,29,entity,entity_literal_reference,sample,test_fixture,"storage: { schema: ""shared"", object: ""sample"", idField: ""id"" },"
server/packages/services/records/src/choice-disclosure.test.ts,53,permission,literal_permission_candidate,sample.read,test_fixture,"list: { code: ""list"", permissionCode: ""sample.read"" },"
server/packages/services/records/src/choice-disclosure.test.ts,54,permission,literal_permission_candidate,sample.read,test_fixture,"read: { code: ""read"", permissionCode: ""sample.read"" },"
server/packages/services/records/src/choice-disclosure.test.ts,69,entity,entity_property_literal,sample,test_fixture,"entityCode: ""sample"","
server/packages/services/records/src/choice-disclosure.test.ts,76,permission,literal_permission_candidate,sample.read,test_fixture,"permissionCode: ""sample.read"","
server/packages/services/records/src/choice-disclosure.test.ts,129,entity,entity_literal_reference,sample,test_fixture,"const detail = await service.detailDescriptor(context, ""sample"");"
server/packages/services/records/src/choice-disclosure.test.ts,132,entity,entity_literal_reference,sample,test_fixture,"""sample"","
server/packages/services/records/src/entity-authorization.ts,111,entity,entity_literal_reference,network_relationship,application_source,"networkRelationshipId: ""network_relationship"","
server/packages/services/records/src/entity-authorization.ts,222,mfa,mfa_literal_or_route,mfa_required,application_source,"""mfa_required"","
server/packages/services/records/src/entity-authorization.ts,248,mfa,mfa_literal_or_route,mfa_required,application_source,"authority.reason === ""mfa_required"" &&"
server/packages/services/records/src/entity-authorization.ts,252,mfa,mfa_literal_or_route,verification_required,application_source,"return result(""verification_required"");"
server/packages/services/records/src/entity-backend-authorizer.ts,360,mfa,mfa_literal_or_route,mfa_required,application_source,"!legacy.allowed && legacy.reason === ""mfa_required"" && decision.state === ""verification_required"")"
server/packages/services/records/src/entity-backend-authorizer.ts,360,mfa,mfa_literal_or_route,verification_required,application_source,"!legacy.allowed && legacy.reason === ""mfa_required"" && decision.state === ""verification_required"")"
server/packages/services/records/src/entity-backend-authorizer.ts,361,mfa,mfa_literal_or_route,mfa_required,application_source,"return finish({ allowed: false, reason: ""mfa_required"" });"
server/packages/services/records/src/entity-detail-read.test.ts,12,permission,constructed_permission_candidate,`field.${key}`,test_fixture,"fields: [""id"", ""name"", ""secret""].map(key => ({ key, storagePath: key, type: ""string"", required: true, writableOn: [], readPermissionCode: `field.${key}` })),"
server/packages/services/records/src/entity-detail-read.test.ts,13,permission,literal_permission_candidate,record.read,test_fixture,"operations: { read: { code: ""read"", permissionCode: ""record.read"" } },"
server/packages/services/records/src/entity-detail-read.test.ts,40,permission,literal_permission_candidate,record.read,test_fixture,"expect(h.authorize.mock.calls.filter(([input]) => input.permissionCode === ""record.read"")).toHaveLength(1);"
server/packages/services/records/src/entity-detail-read.test.ts,69,permission,literal_permission_candidate,record.read,test_fixture,"expect(h.authorize.mock.calls.filter(([input])=>input.permissionCode===""record.read"")).toHaveLength(1);"
server/packages/services/records/src/entity-detail-read.test.ts,76,permission,literal_permission_candidate,child.create,test_fixture,"const child={...descriptor,entityCode:""child"",operations:{...descriptor.operations,list:{code:""list"",permissionCode:""child.list""},create:{code:""create"",permissionCode:""child.create""}}};"
server/packages/services/records/src/entity-detail-read.test.ts,78,permission,literal_permission_candidate,child.create,test_fixture,"h.authorize.mockImplementation(async input=>input.permissionCode===""child.create""?{allowed:false,reason:""denied""}:{allowed:true});"
server/packages/services/records/src/entity-detail-read.test.ts,81,permission,literal_permission_candidate,child.create,test_fixture,"h.authorize.mockImplementation(async input=>{if(input.permissionCode===""child.create"")throw Error(""dependency failed"");return {allowed:true};});"
server/packages/services/records/src/entity-directory.test.ts,31,entity,entity_array_literal,currency,test_fixture,"const result = await entityDirectory(lists, context, [""currency"", ""denied"", ""country"", ""unpublished""]);"
server/packages/services/records/src/entity-directory.test.ts,31,entity,entity_array_literal,country,test_fixture,"const result = await entityDirectory(lists, context, [""currency"", ""denied"", ""country"", ""unpublished""]);"
server/packages/services/records/src/entity-directory.test.ts,32,entity,entity_array_literal,currency,test_fixture,"expect(result.items.map((item) => item.entityCode)).toEqual([""currency"", ""country""]);"
server/packages/services/records/src/entity-directory.test.ts,32,entity,entity_array_literal,country,test_fixture,"expect(result.items.map((item) => item.entityCode)).toEqual([""currency"", ""country""]);"
server/packages/services/records/src/entity-directory.test.ts,34,entity,entity_property_literal,currency,test_fixture,"entityCode: ""currency"","
server/packages/services/records/src/entity-directory.test.ts,51,entity,entity_array_literal,country,test_fixture,"const result = await entityDirectory(lists, context, [""country"", ""broken"", ""denied""], (code, error) => reported.push(`${code}:${(error as Error).message}`));"
server/packages/services/records/src/entity-directory.test.ts,52,entity,entity_array_literal,country,test_fixture,"expect(result.items.map((item) => item.entityCode)).toEqual([""country""]);"
server/packages/services/records/src/entity-directory.test.ts,67,entity,entity_comparison,country,test_fixture,"if (query.entityCode === ""country"") return { pagination: { countMode: ""exact"", total: 247 } };"
server/packages/services/records/src/entity-directory.test.ts,68,entity,entity_comparison,currency,test_fixture,"if (query.entityCode === ""currency"") return { pagination: { countMode: ""estimated"", total: 180 } };"
server/packages/services/records/src/entity-directory.test.ts,73,entity,entity_array_literal,country,test_fixture,"const result = entityDirectory(lists as never, context, [""country"", ""currency"", ""denied"", ""slow""]);"
server/packages/services/records/src/entity-directory.test.ts,73,entity,entity_array_literal,currency,test_fixture,"const result = entityDirectory(lists as never, context, [""country"", ""currency"", ""denied"", ""slow""]);"
server/packages/services/records/src/entity-directory.test.ts,76,entity,entity_array_literal,country,test_fixture,"expect(items.map((item) => [item.entityCode, item.count])).toEqual([[""country"", 247], [""currency"", undefined], [""denied"", undefined], [""slow"", undefined]]);"
server/packages/services/records/src/entity-directory.test.ts,76,entity,entity_array_literal,currency,test_fixture,"expect(items.map((item) => [item.entityCode, item.count])).toEqual([[""country"", 247], [""currency"", undefined], [""denied"", undefined], [""slow"", undefined]]);"
server/packages/services/records/src/entity-list-parent-scope-routes.test.ts,11,entity,entity_literal_reference,principal,test_fixture,"readContext: () => ({ tenantId: ""tenant"", principalId: ""principal"", planeKey: ""neon"" }) as never,"
server/packages/services/records/src/entity-list-parent-scope-routes.test.ts,24,entity,entity_property_literal,principal,test_fixture,"parentEntityCode: ""principal"","
server/packages/services/records/src/entity-list-routes.ts,279,entity,entity_array_literal,supplier,application_source,"partnerRole: { type: ""string"", enum: [""supplier"", ""customer""] },"
server/packages/services/records/src/entity-list-routes.ts,279,entity,entity_array_literal,customer,application_source,"partnerRole: { type: ""string"", enum: [""supplier"", ""customer""] },"
server/packages/services/records/src/entity-list-service.ts,839,permission,missing_permission_guard_review,!permissionCode,application_source,if (!permissionCode) return false;
server/packages/services/records/src/entity-list-view-read.test.ts,18,entity,entity_property_literal,principal,test_fixture,"expect(scope).toEqual({ parentEntityCode: ""principal"", parentRecordId: ""01a0d433-806b-7874-862d-49a9b955f6a1"", relationshipKey: ""notifications"" });"
server/packages/services/records/src/entity-list-view-read.test.ts,20,entity,entity_literal_reference,principal_notification_preference,test_fixture,"return { entity: { code: ""principal_notification_preference"" }, serverViews: true,"
server/packages/services/records/src/entity-reference-reader.test.ts,12,permission,literal_permission_candidate,nation.read,test_fixture,"{ key: ""nation"", type: ""string"", readPermissionCode: ""nation.read"" },"
server/packages/services/records/src/entity-reference-reader.test.ts,16,permission,literal_permission_candidate,parent.read,test_fixture,"readPermissionCode: ""parent.read"","
server/packages/services/records/src/entity-reference-reader.test.ts,27,permission,literal_permission_candidate,source.read,test_fixture,"operations: { read: { permissionCode: ""source.read"" } },"
server/packages/services/records/src/entity-reference-reader.test.ts,36,permission,constructed_permission_candidate,`target.${key}`,test_fixture,"readPermissionCode: `target.${key}`,"
server/packages/services/records/src/entity-reference-reader.test.ts,38,permission,literal_permission_candidate,target.read,test_fixture,"operations: { read: { permissionCode: ""target.read"" }, list: {} },"
server/packages/services/records/src/entity-section-component.test.ts,10,entity,entity_literal_reference,address,test_fixture,"const mode = {sections:[{key:""address"",label:""Address"",fields:[""city"",""postal_code""],component}],submitLabel:""Save address""};"
server/packages/services/records/src/entity-section-component.test.ts,14,permission,literal_permission_candidate,address.postal.read,test_fixture,"fields:[{key:""city"",storagePath:""city"",type:""string"",required:false,writableOn:[""create"",""patch""]},{key:""postal_code"",storagePath:""postal_code"",type:""string"",required:false,writableOn:[""create"",""patch""],readPermissionCode:""address.postal.read"",writePermissionCode:""address.postal.write""}],"
server/packages/services/records/src/entity-section-component.test.ts,14,permission,literal_permission_candidate,address.postal.write,test_fixture,"fields:[{key:""city"",storagePath:""city"",type:""string"",required:false,writableOn:[""create"",""patch""]},{key:""postal_code"",storagePath:""postal_code"",type:""string"",required:false,writableOn:[""create"",""patch""],readPermissionCode:""address.postal.read"",writePermissionCode:""address.postal.write""}],"
server/packages/services/records/src/entity-section-component.test.ts,15,permission,literal_permission_candidate,address.read,test_fixture,"operations:{read:{code:""read"",permissionCode:""address.read""},create:{code:""create"",permissionCode:""address.create""}},"
server/packages/services/records/src/entity-section-component.test.ts,15,permission,literal_permission_candidate,address.create,test_fixture,"operations:{read:{code:""read"",permissionCode:""address.read""},create:{code:""create"",permissionCode:""address.create""}},"
server/packages/services/records/src/field-validation.ts,54,permission,permission_presence_gate_review,"permissionCode && !(await authorizer.authorize({ context, permissionCode, resource: fieldWriteAuthorizationResource(context, descriptor.entityCode, operationKey, key) })).allowed",application_source,"if (permissionCode && !(await authorizer.authorize({ context, permissionCode, resource: fieldWriteAuthorizationResource(context, descriptor.entityCode, operationKey, key) })).allowed) add(violations, key, ""FIELD_WRITE_FORBIDDEN"", ""Field write is not permitted"");"
server/packages/services/records/src/in-memory-record-repository.ts,104,entity,entity_literal_reference,business_partner,application_source,"if (descriptor.planeKey !== ""neon"" || descriptor.storage.schema !== ""master"" || descriptor.storage.object !== ""business_partner"") throw new Error(""Business-partner collection scope cannot be applied to this descriptor"");"
server/packages/services/records/src/in-memory-record-repository.ts,108,entity,entity_literal_reference,network_relationship,application_source,"if (descriptor.planeKey !== ""mesh"" || descriptor.storage.schema !== ""mesh"" || descriptor.storage.object !== ""network_relationship"") throw new Error(""Network-relationship collection scope cannot be applied to this descriptor"");"
server/packages/services/records/src/kysely-record-repository.test.ts,13,entity,entity_property_literal,sample,test_fixture,"entityCode: ""sample"","
server/packages/services/records/src/kysely-record-repository.test.ts,19,entity,entity_literal_reference,sample,test_fixture,"storage: { schema: ""shared"", object: ""sample"", idField: ""id"" },"
server/packages/services/records/src/kysely-record-repository.test.ts,25,entity,entity_property_literal,sample,test_fixture,"entityCode: ""sample"","
server/packages/services/records/src/kysely-record-repository.test.ts,27,entity,entity_literal_reference,sample,test_fixture,"storageObject: ""sample"","
server/packages/services/records/src/list-context-discovery.ts,35,permission,missing_permission_guard_review,"!permissionCode ||
    !requirement ||
    requirement.schemaVersion !== 1 ||
    requirement.requiredCoordinates.length !== 1 ||
    context.permissions.tenantId !== context.tenantId ||
    context.permissions.principal",application_source,if (
server/packages/services/records/src/list-scope-coordinate.ts,14,entity,entity_literal_reference,supplier,application_source,"const partnerRole = queryValue[""partnerRole""] as ""supplier""|""customer""|undefined;"
server/packages/services/records/src/list-scope-coordinate.ts,14,entity,entity_literal_reference,customer,application_source,"const partnerRole = queryValue[""partnerRole""] as ""supplier""|""customer""|undefined;"
server/packages/services/records/src/list-scope-coordinate.ts,16,entity,entity_array_literal,supplier,application_source,"if(partnerRole!==undefined && ![""supplier"",""customer""].includes(partnerRole)) throw new RecordServiceError(400,""INVALID_ROLE"",""Invalid partner role"");"
server/packages/services/records/src/list-scope-coordinate.ts,16,entity,entity_array_literal,customer,application_source,"if(partnerRole!==undefined && ![""supplier"",""customer""].includes(partnerRole)) throw new RecordServiceError(400,""INVALID_ROLE"",""Invalid partner role"");"
server/packages/services/records/src/masked-disclosure.test.ts,26,entity,entity_property_literal,sample,test_fixture,"entityCode: ""sample"","
server/packages/services/records/src/masked-disclosure.test.ts,33,entity,entity_literal_reference,sample,test_fixture,"object: ""sample"","
server/packages/services/records/src/masked-disclosure.test.ts,61,permission,literal_permission_candidate,sample.read,test_fixture,"read: { code: ""read"", permissionCode: ""sample.read"" },"
server/packages/services/records/src/masked-disclosure.test.ts,62,permission,literal_permission_candidate,sample.read,test_fixture,"list: { code: ""list"", permissionCode: ""sample.read"" },"
server/packages/services/records/src/masked-disclosure.test.ts,64,permission,literal_permission_candidate,sample.read,test_fixture,"? { export: { code: ""export"", permissionCode: ""sample.read"" } }"
server/packages/services/records/src/masked-disclosure.test.ts,83,entity,entity_property_literal,sample,test_fixture,"entityCode: ""sample"","
server/packages/services/records/src/masked-disclosure.test.ts,90,permission,literal_permission_candidate,sample.read,test_fixture,"permissionCode: ""sample.read"","
server/packages/services/records/src/masked-disclosure.test.ts,177,entity,entity_property_literal,sample,test_fixture,"(await f.queries.list({ context, entityCode: ""sample"" })).data[0]?.secret,"
server/packages/services/records/src/masked-disclosure.test.ts,180,entity,entity_property_literal,sample,test_fixture,"(await f.queries.get({ context, entityCode: ""sample"", recordId: id })).data"
server/packages/services/records/src/masked-disclosure.test.ts,192,entity,entity_property_literal,sample,test_fixture,"f.queries.list({ context, entityCode: ""sample"", ...input } as never),"
server/packages/services/records/src/masked-disclosure.test.ts,203,entity,entity_literal_reference,sample,test_fixture,"""sample"","
server/packages/services/records/src/masked-disclosure.test.ts,215,entity,entity_literal_reference,sample,test_fixture,"const detail = await f.lists.detailDescriptor(context, ""sample"", id);"
server/packages/services/records/src/masked-disclosure.test.ts,225,entity,entity_property_literal,sample,test_fixture,"f.queries.get({ context, entityCode: ""sample"", recordId: id }),"
server/packages/services/records/src/masked-disclosure.test.ts,269,entity,entity_literal_reference,sample,test_fixture,"service.requestExport(context, ""sample"", { fields: [""secret""] }),"
server/packages/services/records/src/masked-disclosure.test.ts,279,entity,entity_literal_reference,sample,test_fixture,"service.requestExport(context, ""sample"", { fields: [""secret""] }),"
server/packages/services/records/src/masked-disclosure.test.ts,282,entity,entity_literal_reference,sample,test_fixture,"(await f.lists.descriptor(context, ""sample"")).dataOperations?.export"
server/packages/services/records/src/masked-disclosure.test.ts,285,entity,entity_literal_reference,sample,test_fixture,"const accepted = await service.requestExport(context, ""sample"", {"
server/packages/services/records/src/masked-disclosure.test.ts,319,entity,entity_property_literal,sample,test_fixture,"entityCode: ""sample"","
server/packages/services/records/src/mutation-service.test.ts,20,entity,entity_property_literal,sample,test_fixture,"entityCode: ""sample"","
server/packages/services/records/src/mutation-service.test.ts,28,entity,entity_literal_reference,sample,test_fixture,"object: ""sample"","
server/packages/services/records/src/mutation-service.test.ts,40,permission,literal_permission_candidate,sample.amount.write,test_fixture,"writePermissionCode: ""sample.amount.write"","
server/packages/services/records/src/mutation-service.test.ts,44,permission,literal_permission_candidate,sample.create,test_fixture,"create: { code: ""create"", permissionCode: ""sample.create"" },"
server/packages/services/records/src/mutation-service.test.ts,45,permission,literal_permission_candidate,sample.patch,test_fixture,"patch: { code: ""patch"", permissionCode: ""sample.patch"" },"
server/packages/services/records/src/mutation-service.test.ts,46,permission,literal_permission_candidate,sample.delete,test_fixture,"delete: { code: ""delete"", permissionCode: ""sample.delete"" },"
server/packages/services/records/src/mutation-service.test.ts,59,entity,entity_literal_reference,principal,test_fixture,"principalId: ""principal"","
server/packages/services/records/src/mutation-service.test.ts,66,entity,entity_literal_reference,principal,test_fixture,"principalId: ""principal"","
server/packages/services/records/src/mutation-service.test.ts,81,entity,entity_property_literal,sample,test_fixture,"entityCode: ""sample"","
server/packages/services/records/src/mutation-service.test.ts,153,permission,literal_permission_candidate,sample.amount.write,test_fixture,"permissionCode: ""sample.amount.write"","
server/packages/services/records/src/mutation-service.test.ts,156,entity,entity_property_literal,sample,test_fixture,"entityCode: ""sample"","
server/packages/services/records/src/mutation-service.test.ts,175,entity,entity_property_literal,sample,test_fixture,").resolves.toEqual({ kind: ""CapabilityUnavailable"", entityCode: ""sample"" });"
server/packages/services/records/src/mutation-service.test.ts,230,permission,literal_permission_candidate,sample.amount.write,test_fixture,"authorize: async ({ permissionCode }) => permissionCode === ""sample.amount.write"" && ++fieldChecks > 1"
server/packages/services/records/src/mutation-service.test.ts,262,entity,entity_literal_reference,locale,test_fixture,"const reference: EntityRuntimeDescriptor={...descriptor,fields:[{key:""locale"",storagePath:""locale"",type:""string"",required:false,writableOn:[""create"",""patch""],keyReference:{targetEntity:""locale"",labelField:""name"",fields:[{source:""locale"",target:""code""}]}}]};"
server/packages/services/records/src/mutation-service.test.ts,262,entity,entity_property_literal,locale,test_fixture,"const reference: EntityRuntimeDescriptor={...descriptor,fields:[{key:""locale"",storagePath:""locale"",type:""string"",required:false,writableOn:[""create"",""patch""],keyReference:{targetEntity:""locale"",labelField:""name"",fields:[{source:""locale"",target:""code""}]}}]};"
server/packages/services/records/src/mutation-service.test.ts,267,entity,entity_literal_reference,sample,test_fixture,"expect(resolver).toHaveBeenCalledWith(context,""sample"",{field:""locale"",value:""secret""});"
server/packages/services/records/src/mutation-service.test.ts,267,entity,entity_literal_reference,locale,test_fixture,"expect(resolver).toHaveBeenCalledWith(context,""sample"",{field:""locale"",value:""secret""});"
server/packages/services/records/src/mutation-service.ts,178,permission,permission_presence_gate_review,"permissionCode && (await authorizer.authorize({
    context: command.context,
    permissionCode,
    resource: {
      tenantId: command.context.tenantId,
      entityCode: comman",application_source,return Boolean(permissionCode && (await authorizer.authorize({
server/packages/services/records/src/own-record.test.ts,9,entity,entity_property_literal,principal_profile,test_fixture,"schema: ""athyper.entity-runtime-descriptor/1.0"", entityCode: ""principal_profile"", planeKey: ""neon"","
server/packages/services/records/src/own-record.test.ts,11,entity,entity_literal_reference,principal_profile,test_fixture,"storage: { schema: ""master"", object: ""principal_profile"", idField: ""id"", tenantField: ""tenant_id"" },"
server/packages/services/records/src/own-record.test.ts,12,permission,constructed_permission_candidate,`field.${key}`,test_fixture,"fields: [""id"", ""principal_id"", ""display_name""].map(key => ({ key, storagePath: key, type: ""string"", required: true, writableOn: [], readPermissionCode: `field.${key}`, ...(key === ""principal_id"" ? { filterable: true } : {}) })),"
server/packages/services/records/src/own-record.test.ts,13,permission,literal_permission_candidate,record.read,test_fixture,"operations: { read: { code: ""read"", permissionCode: ""record.read"" }, list: { code: ""list"", permissionCode: ""record.list"" } },"
server/packages/services/records/src/own-record.test.ts,16,entity,entity_property_literal,country,test_fixture,"const unowned = { ...owned, entityCode: ""country"", ownerAccess: undefined } as EntityRuntimeDescriptor;"
server/packages/services/records/src/own-record.test.ts,27,entity,entity_literal_reference,country,test_fixture,"const metadata = { getEntityDescriptor: vi.fn(async (_context: unknown, code: string) => code === ""country"" ? unowned : owned) };"
server/packages/services/records/src/own-record.test.ts,36,entity,entity_property_literal,principal,test_fixture,"...owned, entityCode: ""principal"","
server/packages/services/records/src/own-record.test.ts,37,entity,entity_literal_reference,principal,test_fixture,"storage: { ...owned.storage, object: ""principal"" },"
server/packages/services/records/src/own-record.test.ts,38,permission,constructed_permission_candidate,`field.${key}`,test_fixture,"fields: [""id"", ""name""].map(key => ({ key, storagePath: key, type: ""string"", required: true, writableOn: [], readPermissionCode: `field.${key}` })),"
server/packages/services/records/src/own-record.test.ts,56,entity,entity_literal_reference,principal,test_fixture,"expect(await h.lists.ownRecord(context, ""principal"")).toEqual({ recordId: ""actor"" });"
server/packages/services/records/src/own-record.test.ts,62,entity,entity_literal_reference,principal,test_fixture,"await h.lists.ownRecord({ ...context, principalId: ""someone-else"" }, ""principal"");"
server/packages/services/records/src/own-record.test.ts,66,entity,entity_literal_reference,principal,test_fixture,"await expect(principalSetup().lists.ownRecord({ ...context, principalId: ""missing"" }, ""principal"")).rejects.toMatchObject({ statusCode: 404 });"
server/packages/services/records/src/own-record.test.ts,67,entity,entity_literal_reference,principal,test_fixture,"await expect(principalSetup(true).lists.ownRecord(context, ""principal"")).rejects.toMatchObject({ statusCode: 403 });"
server/packages/services/records/src/own-record.test.ts,73,entity,entity_literal_reference,principal_profile,test_fixture,"expect(await setup().ownRecord(context, ""principal_profile"")).toEqual({ recordId: ""mine"" });"
server/packages/services/records/src/own-record.test.ts,76,entity,entity_literal_reference,principal_profile,test_fixture,"await expect(setup().ownRecord({ ...context, principalId: ""nobody"" }, ""principal_profile"")).rejects.toMatchObject({ statusCode: 404, code: ""ENTITY_OWN_RECORD_NOT_FOUND"" });"
server/packages/services/records/src/own-record.test.ts,79,entity,entity_literal_reference,country,test_fixture,"await expect(setup().ownRecord(context, ""country"")).rejects.toMatchObject({ statusCode: 404, code: ""ENTITY_OWN_RECORD_UNSUPPORTED"" });"
server/packages/services/records/src/own-record.test.ts,88,entity,entity_literal_reference,principal_profile,test_fixture,"await expect(service.ownRecord(context, ""principal_profile"")).rejects.toMatchObject({ statusCode: 404, code: ""ENTITY_OWN_RECORD_UNSUPPORTED"" });"
server/packages/services/records/src/own-record.test.ts,91,entity,entity_literal_reference,principal_profile,test_fixture,"await expect(setup(true).ownRecord(context, ""principal_profile"")).rejects.toMatchObject({ statusCode: 403 });"
server/packages/services/records/src/parent-scope.test.ts,18,permission,literal_permission_candidate,parent.read,test_fixture,"const make = (code: string): EntityRuntimeDescriptor => ({ schema: ""athyper.entity-runtime-descriptor/1.0"", entityCode: code, planeKey: ""neon"", releaseId: childId(90), releaseNo: 1, compiledHash: ""a"".repeat(64), contractHash: ""contract"", storage: { schema: ""master"", object: code, idField: ""id"", tenantField: ""tenant_id"", versionField: ""version"" }, fields: [field(""id"", ""uuid""), field(""tenant_id"", ""uuid""), field(""name"", ""string""), field(""version"", """
server/packages/services/records/src/parent-scope.test.ts,19,entity,entity_literal_reference,principal,test_fixture,"const parent = { ...make(""principal""), ownerAccess: { schemaVersion: 1 as const, ownerField: ""id"", createdByField: ""created_by"", updatedByField: ""updated_by"", administerPermission: ""admin"" }, recordPresentation: { entityRelationships: [{ key: ""notifications"", targetEntity: ""principal_notification_preference"", cardinality: ""many"", fields: [{ source: ""id"", target: ""principal_id"" }], tenant: { source: ""tenant_id"", target: ""tenant_id"" }, readOperatio"
server/packages/services/records/src/parent-scope.test.ts,19,entity,entity_property_literal,principal_notification_preference,test_fixture,"const parent = { ...make(""principal""), ownerAccess: { schemaVersion: 1 as const, ownerField: ""id"", createdByField: ""created_by"", updatedByField: ""updated_by"", administerPermission: ""admin"" }, recordPresentation: { entityRelationships: [{ key: ""notifications"", targetEntity: ""principal_notification_preference"", cardinality: ""many"", fields: [{ source: ""id"", target: ""principal_id"" }], tenant: { source: ""tenant_id"", target: ""tenant_id"" }, readOperatio"
server/packages/services/records/src/parent-scope.test.ts,20,entity,entity_literal_reference,principal_notification_preference,test_fixture,"const child: EntityRuntimeDescriptor = { ...make(""principal_notification_preference""), compiledHash: ""b"".repeat(64), fields: [...make(""child"").fields, field(""principal_id"", ""uuid"")], operations: { read: { code: ""read"", permissionCode: ""child.read"" }, list: { code: ""list"", permissionCode: ""child.read"" } } };"
server/packages/services/records/src/parent-scope.test.ts,20,permission,literal_permission_candidate,child.read,test_fixture,"const child: EntityRuntimeDescriptor = { ...make(""principal_notification_preference""), compiledHash: ""b"".repeat(64), fields: [...make(""child"").fields, field(""principal_id"", ""uuid"")], operations: { read: { code: ""read"", permissionCode: ""child.read"" }, list: { code: ""list"", permissionCode: ""child.read"" } } };"
server/packages/services/records/src/published-tenant-authorizer.ts,53,permission,literal_permission_candidate,common.platform.reference.view,application_source,"d.referenceCapability === ""common.platform.reference.view"""
server/packages/services/records/src/query-service.ts,704,permission,missing_permission_guard_review,!permissionCode,application_source,if (!permissionCode)
server/packages/services/records/src/record-read-access.ts,16,permission,missing_permission_guard_review,!permissionCode,application_source,"if (!permissionCode) throw new RecordServiceError(409, ""ENTITY_OPERATION_UNAVAILABLE"", ""Entity read operation is not published"");"
server/packages/services/records/src/record-read-access.ts,36,mfa,mfa_literal_or_route,mfa_required,application_source,"if (effective.reason === ""mfa_required"")"
server/packages/services/records/src/record-read-access.ts,37,mfa,mfa_literal_or_route,STEP_UP_REQUIRED,application_source,"throw new RecordServiceError(403, ""STEP_UP_REQUIRED"", ""Verify your identity with MFA to view this resource"");"
server/packages/services/records/src/record-read-access.ts,37,mfa,mfa_literal_or_route,Verify your identity with MFA to view this resource,application_source,"throw new RecordServiceError(403, ""STEP_UP_REQUIRED"", ""Verify your identity with MFA to view this resource"");"
server/packages/services/records/src/record-read-access.ts,66,permission,missing_permission_guard_review,!permissionCode,application_source,if (!permissionCode) return !profile;
server/packages/services/records/src/records-parent-create-routes.test.ts,21,entity,entity_literal_reference,principal,test_fixture,"principalId: ""principal"","
server/packages/services/records/src/snapshots/snapshot-routes.ts,48,permission,literal_permission_candidate,records.snapshot.read,application_source,"query: defineRouteContract({ method: ""get"", path: ""/api/record-snapshots/:snapshotId"", operationId: ""records.snapshots.get"", summary: ""Get a record snapshot"", tags: [""Records""], authenticated: true, permission: ""records.snapshot.read"", responses: { ...problemResponses, 200: { description: ""Record snapshot"", body: objectSchema }, 401: { description: ""Authentication required"" }, 403: { description: ""Forbidden"" }, 404: { description: ""Snapshot not f"
server/packages/services/records/src/snapshots/snapshot-routes.ts,49,permission,literal_permission_candidate,records.snapshot.read,application_source,"compare: defineRouteContract({ method: ""get"", path: ""/api/record-snapshots/:fromSnapshotId/compare/:toSnapshotId"", operationId: ""records.snapshots.compare"", summary: ""Compare record snapshots"", tags: [""Records""], authenticated: true, permission: ""records.snapshot.read"", responses: { ...problemResponses, 200: { description: ""Snapshot comparison"", body: objectSchema }, 401: { description: ""Authentication required"" }, 403: { description: ""Forbidden"""
server/packages/services/records/src/source-aware-read.test.ts,26,permission,literal_permission_candidate,profile.read,test_fixture,"operations: { list: { code: 'list', permissionCode: 'profile.read' }, read: { code: 'read', permissionCode: 'profile.read' } },"
server/packages/services/records/src/source-aware-read.test.ts,32,entity,entity_property_literal,person,test_fixture,"const sourceDescriptor = {...descriptor,entityCode:'person',storage:{...descriptor.storage,object:'person'},ownerAccess:undefined,operations:{list:{code:'list',permissionCode:'person.read'},read:{code:'read',permissionCode:'person.read'}}};"
server/packages/services/records/src/source-aware-read.test.ts,32,entity,entity_literal_reference,person,test_fixture,"const sourceDescriptor = {...descriptor,entityCode:'person',storage:{...descriptor.storage,object:'person'},ownerAccess:undefined,operations:{list:{code:'list',permissionCode:'person.read'},read:{code:'read',permissionCode:'person.read'}}};"
server/packages/services/records/src/source-aware-read.test.ts,32,permission,literal_permission_candidate,person.read,test_fixture,"const sourceDescriptor = {...descriptor,entityCode:'person',storage:{...descriptor.storage,object:'person'},ownerAccess:undefined,operations:{list:{code:'list',permissionCode:'person.read'},read:{code:'read',permissionCode:'person.read'}}};"
server/packages/services/records/src/source-aware-read.test.ts,38,entity,entity_comparison,person,test_fixture,"metadata: { getEntityDescriptor: async (_context,entityCode) => entityCode==='person'?sourceDescriptor:descriptor },"
server/packages/services/records/src/source-aware-read.test.ts,39,permission,literal_permission_candidate,person.read,test_fixture,"authorizer: { authorize: async input => input.permissionCode === 'owner.internal' || (input.permissionCode==='person.read'&&!sourceAllowed) ? { allowed: false, reason: 'hidden owner/source denied' } : { allowed: true } },"
server/packages/services/records/src/source-aware-read.test.ts,60,entity,entity_property_literal,person,test_fixture,"const coordinate={plane:'neon',tenantId:'tenant',entityCode:'person',recordId:'11111111-1111-4111-8111-111111111111'};"
server/packages/services/records/src/source-aware-read.test.ts,64,entity,entity_property_literal,person,test_fixture,"expect(result.sourceAuthority).toEqual({state:'linked',...(allowed?{reference:{entityCode:'person',recordId:coordinate.recordId}}:{})});"
server/packages/services/records/src/source-aware-read.test.ts,67,entity,entity_property_literal,person,test_fixture,"const f=await fixture('linked',false,undefined,{...scope,entityCode:'person',recordId:'11111111-1111-4111-8111-111111111111'});"
server/packages/services/records/src/source-aware-read.test.ts,101,entity,entity_property_literal,person,test_fixture,"const reference={entityCode:'person',recordId:'11111111-1111-4111-8111-111111111111'};"
server/packages/services/records/src/standard-view-relationship-sql.ts,33,entity,entity_comparison,entity_case,application_source,"if (storage.schema !== ""document"" || storage.object !== ""entity_case"" || storage.idField !== ""id"" || storage.tenantField !== ""tenant_id"") throw new Error(""Request relationship requires the registered entity-case collection"");"
server/packages/services/records/src/standard-views.ts,51,entity,entity_comparison,entity_case,application_source,"available:async (_context,view,descriptor)=>Boolean(view.requestBinding && descriptor.storage.schema === ""document"" && descriptor.storage.object === ""entity_case"" && descriptor.storage.idField === ""id"" && descriptor.storage.tenantField === ""tenant_id""),"
server/packages/services/records/src/transfer/export-preflight.test.ts,9,entity,entity_literal_reference,principal,test_fixture,"principalId: ""principal"","
server/packages/services/records/src/transfer/export-preflight.test.ts,23,entity,entity_property_literal,business_partner,test_fixture,"entityCode: ""business_partner"","
server/packages/services/records/src/transfer/export-preflight.test.ts,28,permission,literal_permission_candidate,neon.relationship.bp_target.export,test_fixture,"permissionCode: ""neon.relationship.bp_target.export"","
server/packages/services/records/src/transfer/export-preflight.test.ts,71,entity,entity_literal_reference,business_partner,test_fixture,"await f.service.preflightExport(context, ""business_partner"", {"
server/packages/services/records/src/transfer/export-preflight.test.ts,81,entity,entity_literal_reference,business_partner,test_fixture,"f.service.requestExport(context, ""business_partner"", {}),"
server/packages/services/records/src/transfer/export-preflight.test.ts,90,entity,entity_literal_reference,business_partner,test_fixture,"f.service.preflightExport(context, ""business_partner"", {"
server/packages/services/records/src/transfer/export-preflight.test.ts,96,entity,entity_literal_reference,business_partner,test_fixture,"f.service.preflightExport(context, ""business_partner"", {}),"
server/packages/services/records/src/transfer/export-preflight.test.ts,104,entity,entity_literal_reference,business_partner,test_fixture,"f.service.preflightExport(context, ""business_partner"", {"
server/packages/services/records/src/transfer/export-preflight.test.ts,112,entity,entity_literal_reference,business_partner,test_fixture,"f.service.preflightExport(context, ""business_partner"", {"
server/packages/services/records/src/transfer/parent-export-scope.test.ts,13,permission,literal_permission_candidate,child.read,test_fixture,"const child = { entityCode: ""child_record"", planeKey: ""neon"", releaseId: id, compiledHash: ""b"".repeat(64), storage: { schema: ""master"", object: ""child_record"", idField: ""id"", tenantField: ""tenant_id"" }, fields: [field(""parent_id""), field(""tenant_id""), field(""name"")], operations: { list: { code: ""list"", permissionCode: ""child.read"" }, export: { code: ""export"", permissionCode: ""child.export"" } }, listPresentation: { dataOperations: { exportFormats:"
server/packages/services/records/src/transfer/parent-export-scope.test.ts,13,permission,literal_permission_candidate,child.export,test_fixture,"const child = { entityCode: ""child_record"", planeKey: ""neon"", releaseId: id, compiledHash: ""b"".repeat(64), storage: { schema: ""master"", object: ""child_record"", idField: ""id"", tenantField: ""tenant_id"" }, fields: [field(""parent_id""), field(""tenant_id""), field(""name"")], operations: { list: { code: ""list"", permissionCode: ""child.read"" }, export: { code: ""export"", permissionCode: ""child.export"" } }, listPresentation: { dataOperations: { exportFormats:"
server/packages/services/records/src/transfer/transfer-jobs.ts,1236,permission,missing_permission_guard_review,"!permissionCode ||
    !(
      await authorizer.authorize({
        context,
        permissionCode,
        resource: {
          tenantId: context.tenantId,
          ...resource,
          ...(usesEntityBackendAuthor",application_source,if (
server/packages/services/records/src/transfer/transfer-service.ts,1932,permission,missing_permission_guard_review,"!permissionCode ||
    !(
      await authorizer.authorize({
        context,
        permissionCode,
        observation: {
          entityCode: descriptor.entityCode,
          operationKey: operation,
          surfa",application_source,if (
server/packages/services/records/src/transfer/xlsx-workbook-codec.test.ts,6,entity,entity_property_literal,business_partner,test_fixture,"it(""creates a version-bound template and parses its Data rows"",async()=>{const bytes=await createXlsxTemplate({entityCode:""business_partner"",descriptorHash:""a"".repeat(64),fields:[{key:""code"",label:""Code"",required:true,example:""BP-1""},{key:""active"",label:""Active"",required:false,example:true}]});inspectXlsxContainer(bytes);await expect(parseXlsxWorkbook(bytes,{maxRows:10,allowedFields:[""code"",""active""]})).resolves.toEqual([{code:""BP-1"",active:true}"
server/packages/services/workforce/src/adapters/kysely-profile-source-reader.test.ts,30,entity,entity_property_literal,person,test_fixture,"sources: [{ plane: 'neon', tenantId: 'canonical-tenant', entityCode: 'person', recordId: 'canonical-person', verified: true }],"
server/packages/services/workforce/src/identity/principal-person-link-action.test.ts,9,entity,entity_property_literal,principal,test_fixture,"entityCode:""principal"",recordId:""11111111-1111-4111-8111-111111111111"",actionCode:""link_person"",idempotencyKey:""test-link-idempotency"",origin:""operation"",validationMode:""strict"","
server/packages/services/workforce/src/identity/principal-person-link-action.test.ts,11,entity,entity_property_literal,principal,test_fixture,"const descriptor:EntityRuntimeDescriptor={schema:'athyper.entity-runtime-descriptor/1.0',planeKey:'neon',releaseId:'release',releaseNo:1,compiledHash:'a'.repeat(64),contractHash:'b'.repeat(64),fields:[],operations:{},entityCode:""principal"",storage:{schema:""master"",object:""principal"",idField:'id'},actions:[{code:'link_person',handlerKey:'identity.principal.link_person.v1',permissionCode:'neon.workforce.profile.write'}]};"
server/packages/services/workforce/src/identity/principal-person-link-action.test.ts,11,entity,entity_literal_reference,principal,test_fixture,"const descriptor:EntityRuntimeDescriptor={schema:'athyper.entity-runtime-descriptor/1.0',planeKey:'neon',releaseId:'release',releaseNo:1,compiledHash:'a'.repeat(64),contractHash:'b'.repeat(64),fields:[],operations:{},entityCode:""principal"",storage:{schema:""master"",object:""principal"",idField:'id'},actions:[{code:'link_person',handlerKey:'identity.principal.link_person.v1',permissionCode:'neon.workforce.profile.write'}]};"
server/packages/services/workforce/src/identity/principal-person-link-action.test.ts,11,permission,literal_permission_candidate,neon.workforce.profile.write,test_fixture,"const descriptor:EntityRuntimeDescriptor={schema:'athyper.entity-runtime-descriptor/1.0',planeKey:'neon',releaseId:'release',releaseNo:1,compiledHash:'a'.repeat(64),contractHash:'b'.repeat(64),fields:[],operations:{},entityCode:""principal"",storage:{schema:""master"",object:""principal"",idField:'id'},actions:[{code:'link_person',handlerKey:'identity.principal.link_person.v1',permissionCode:'neon.workforce.profile.write'}]};"
server/packages/services/workforce/src/identity/principal-person-link-action.test.ts,24,permission,literal_permission_candidate,neon.workforce.profile.write,test_fixture,"expect(f.authorize).toHaveBeenCalledWith(expect.objectContaining({permissionCode:""neon.workforce.profile.write"",resource:expect.objectContaining({companyCodeId:""stored-company"",recordId:command.recordId})}));"
server/packages/services/workforce/src/identity/principal-person-link-action.ts,14,entity,entity_comparison,principal,application_source,"if (command.context.planeKey !== ""neon"" || descriptor.entityCode !== ""principal"" ||"
server/packages/services/workforce/src/identity/principal-person-link-action.ts,15,entity,entity_literal_reference,principal,application_source,"descriptor.storage.schema !== ""master"" || descriptor.storage.object !== ""principal"")"
server/packages/services/workforce/src/identity/principal-person-link-action.ts,18,permission,literal_permission_candidate,neon.workforce.profile.write,application_source,if(registration?.handlerKey!=='identity.principal.link_person.v1' || registration.permissionCode!=='neon.workforce.profile.write')
server/packages/services/workforce/src/identity/principal-person-link-action.ts,32,permission,literal_permission_candidate,neon.workforce.profile.write,application_source,"permissionCode:""neon.workforce.profile.write"",resource:{tenantId:command.context.tenantId,"
server/packages/services/workforce/src/identity/principal-person-link-action.ts,37,permission,literal_permission_candidate,neon.workforce.profile.write,application_source,"return {kind:""Forbidden"",permissionCode:""neon.workforce.profile.write""};"
server/packages/services/workforce/src/identity/principal-person-link-action.ts,53,permission,literal_permission_candidate,neon.workforce.profile.write,application_source,"if(registration?.handlerKey!==""identity.principal.link_person.v1"" || registration.permissionCode!==""neon.workforce.profile.write"")"
server/packages/services/workforce/src/identity/principal-person-link-action.ts,66,permission,literal_permission_candidate,neon.workforce.profile.write,application_source,"sourceRevision:prepared.input.sourceRevision,permissionCode:'neon.workforce.profile.write',handlerKey:'identity.principal.link_person.v1',"
server/packages/services/workforce/src/identity/principal-person-link-action.ts,78,permission,literal_permission_candidate,neon.workforce.profile.write,application_source,"sourceRevision:input['sourceRevision'],permissionCode:""neon.workforce.profile.write"","
server/packages/services/workforce/src/identity/verified-profile-source.test.ts,19,entity,entity_property_literal,person,test_fixture,"entityCode: ""person"","
server/packages/services/workforce/src/identity/verified-profile-source.test.ts,20,entity,entity_literal_reference,person,test_fixture,"recordId: ""person"","
server/packages/services/workforce/src/identity/workforce-read-policy.ts,12,entity,entity_array_literal,person,application_source,"""person"","
server/packages/services/workforce/src/identity/workforce-read-policy.ts,13,entity,entity_array_literal,employee,application_source,"""employee"","
server/packages/services/workforce/src/identity/workforce-read-policy.ts,14,entity,entity_array_literal,external_worker,application_source,"""external_worker"","
server/packages/services/workforce/src/identity/workforce-read-policy.ts,15,entity,entity_array_literal,address,application_source,"""address"","
server/packages/services/workforce/src/identity/workforce-read-policy.ts,16,entity,entity_array_literal,person_address_use,application_source,"""person_address_use"","
server/packages/services/workforce/src/identity/workforce-read-policy.ts,20,permission,constructed_permission_candidate,`neon.workforce.${entity}.read`,application_source,"(entity) => permissionCode === `neon.workforce.${entity}.read`,"
server/packages/services/workforce/src/identity/workforce-read-policy.ts,42,permission,constructed_permission_candidate,`neon.workforce.${code}.read`,application_source,"(code) => permissionCode === `neon.workforce.${code}.read`,"
server/packages/services/workforce/src/identity/workforce-read-policy.ts,52,mfa,mfa_identifier_reference,requiresMfa,application_source,!requirement.requiresMfa ||
tests/contracts/access-consumption-phase9.test.ts,21,permission,literal_permission_candidate,finance.invoice.read,test_fixture,"assert.equal(hasPermission(access, ""finance.invoice.read""), true);"
tests/contracts/access-consumption-phase9.test.ts,22,permission,literal_permission_candidate,finance.invoice.write,test_fixture,"assert.equal(hasPermission(access, ""finance.invoice.write""), false);"
tests/contracts/app-relay-composition.test.ts,11,entity,entity_literal_reference,principal,test_fixture,"principalId: ""principal"", authEpoch: 1, csrfToken: ""csrf"","
tests/contracts/app-relay-composition.test.ts,27,entity,entity_array_literal,country,test_fixture,"for (const entity of [""country"", ""currency""]) for (const kind of [""comments"", ""attachments""]) {"
tests/contracts/app-relay-composition.test.ts,27,entity,entity_array_literal,currency,test_fixture,"for (const entity of [""country"", ""currency""]) for (const kind of [""comments"", ""attachments""]) {"
tests/contracts/app-relay-composition.test.ts,58,entity,entity_literal_reference,principal,test_fixture,"principalId: ""principal"","
tests/contracts/app-relay-composition.test.ts,116,entity,entity_literal_reference,principal,test_fixture,"resolve:async()=>({accessToken:""test"",plane,realmKey:""athyper"",tenantId:""tenant"",principalId:""principal"",authEpoch:1,csrfToken:""csrf""}),"
tests/contracts/app-relay-composition.test.ts,140,entity,entity_literal_reference,principal,test_fixture,"session: { resolve: async () => ({ accessToken: ""test"", plane, realmKey: ""athyper"", tenantId: ""tenant"", principalId: ""principal"", authEpoch: 1, csrfToken: ""csrf"" }), refresh: async () => undefined, invalidate: async () => [] },"
tests/contracts/atlas-answer-envelope.test.ts,17,entity,entity_property_literal,business_partner,test_fixture,"const insight = { schemaVersion: 1 as const, scope: { entityCode: ""business_partner"", fingerprint: ""scope"" }, coverage: { target: ""record"" as const, state: ""partial"" as const, evaluatedCount: 1 }, evaluatedAt: ""2026-09-09T10:00:00Z"", freshness: ""current"" as const,"
tests/contracts/atlas-answer-envelope.test.ts,18,entity,entity_property_literal,business_partner,test_fixture,"evidence: [{ id: ""e1"", entityCode: ""business_partner"", recordId: ""bp1"", descriptorRevision: ""v1"", sourceRevision: ""1"", sourceRevisionKind: ""record_version"" as const, observedAt: ""2026-09-09T10:00:00Z"" }],"
tests/contracts/atlas-grounded-answer.test.ts,16,entity,entity_property_literal,business_partner,test_fixture,"event(""source.cited"", { callId: ""call-1"", toolCode: ""business_partner_read"", coordinate: { entityCode: ""business_partner"", recordId: ""bp-1"", revision: ""7"", descriptorHash: ""descriptor-1"" } }),"
tests/contracts/atlas-grounded-answer.test.ts,28,entity,entity_property_literal,business_partner,test_fixture,"assert.deepEqual(answer.citations, [{ entityCode: ""business_partner"", recordId: ""bp-1"", revision: ""7"", descriptorHash: ""descriptor-1"", toolCode: ""business_partner_read"" }]);"
tests/contracts/atlas-grounded-answer.test.ts,42,entity,entity_property_literal,business_partner,test_fixture,"event(""tool.previewed"", { callId: ""call-2"", toolCode: ""business_partner_update"", proposalId: ""proposal-1"", summary: ""Update Business Partner"", access: ""mutation"", risk: ""high"", confirmationRequired: true, confirmationToken: ""one-time-token"", arguments: { businessPartnerId: ""bp-1"", displayName: ""Updated Supplier"" }, affectedEntityType: ""business_partner"", affectedEntityId: ""10000000-0000-4000-8000-000000000001"", expectedRowVersion: 7, expiresAt: """
tests/contracts/atlas-grounded-answer.test.ts,54,entity,entity_property_literal,business_partner,test_fixture,"assert.deepEqual(answer.actions[0], { proposalId: ""proposal-1"", callId: ""call-2"", toolCode: ""business_partner_update"", summary: ""Update Business Partner"", access: ""mutation"", risk: ""high"", arguments: { businessPartnerId: ""bp-1"", displayName: ""Updated Supplier"" }, confirmationToken: ""one-time-token"", affectedEntityType: ""business_partner"", affectedEntityId: ""10000000-0000-4000-8000-000000000001"", expectedRowVersion: 7, expiresAt: ""2026-08-29T12:05"
tests/contracts/atlas-grounded-answer.test.ts,67,entity,entity_property_literal,business_partner,test_fixture,"test(""Studio experience releases configure agents, prompts, sources, and widgets through governed relay operations"",async()=>{const calls:{path:string;options?:Readonly<Record<string,unknown>>}[]=[];const definition={schema:""atlas-experience-definition/1"",scope:""home"",widgets:[{code:""home.recent"",kind:""recent"",title:""Recent work"",enabled:true,planes:[""neon""],order:10}],searchSources:[{code:""bp.records"",kind:""record"",label:""Partners"",enabled:true,"
tests/contracts/atlas-grounded-answer.test.ts,96,entity,entity_property_literal,business_partner,test_fixture,"const businessContext={schemaVersion:1 as const,kind:""record"" as const,entityCode:""business_partner"",recordId:generationId,generationId,locale:""en"",dirty:false};"
tests/contracts/atlas-grounded-answer.test.ts,122,entity,entity_property_literal,business_partner,test_fixture,"const insight = { schemaVersion: 1, scope: { entityCode: ""business_partner"", fingerprint: ""scope-1"" }, coverage: { target: ""record"", state: ""partial"", evaluatedCount: 1 }, evaluatedAt: ""2026-09-09T10:00:00Z"", freshness: ""current"", findings: [], evidence: [], actions: [] };"
tests/contracts/atlas-grounded-answer.test.ts,138,entity,entity_property_literal,business_partner,test_fixture,"const coordinate = { entityCode: ""business_partner"", recordId: ""bp-1"", revision: ""7"", descriptorHash: ""descriptor-1"" };"
tests/contracts/atlas-relay-startup.test.ts,25,entity,entity_literal_reference,principal,test_fixture,"principalId: ""principal"","
tests/contracts/auth-deep-link.test.ts,30,mfa,mfa_identifier_reference,assurance,test_fixture,"assert.equal(await resolveExistingSessionLanding({ request, returnTo: destination, readSession: async () => Response.json({ ...context, state: ""authenticated"", tenantId: ""tenant-a"", principalId: ""principal-a"", authEpoch: 1, realmKey: ""athyper"", sessionVersion: 1, configurationRevision: ""1"", assurance: ""baseline"", expiresAt: ""2099-01-01T00:00:00.000Z"", idleExpiresAt: ""2099-01-01T00:00:00.000Z"", absoluteExpiresAt: ""2099-01-01T00:00:00.000Z"" }) }), "
tests/contracts/auth-deep-link.test.ts,30,mfa,assurance_literal,baseline,test_fixture,"assert.equal(await resolveExistingSessionLanding({ request, returnTo: destination, readSession: async () => Response.json({ ...context, state: ""authenticated"", tenantId: ""tenant-a"", principalId: ""principal-a"", authEpoch: 1, realmKey: ""athyper"", sessionVersion: 1, configurationRevision: ""1"", assurance: ""baseline"", expiresAt: ""2099-01-01T00:00:00.000Z"", idleExpiresAt: ""2099-01-01T00:00:00.000Z"", absoluteExpiresAt: ""2099-01-01T00:00:00.000Z"" }) }), "
tests/contracts/auth-session-foundation.test.ts,32,mfa,mfa_literal_or_route,step-up,test_fixture,"exchangeCode: async ({ code }) => { lastExchangedTokens = code === ""step-up"" ? { ...tokens, accessToken: ""issuer-step-up-access"", refreshToken: ""issuer-step-up-refresh"", idToken: ""issuer-step-up-id"" } : tokens; return lastExchangedTokens; }, verifyIdToken: async () => identity(),"
tests/contracts/auth-session-foundation.test.ts,32,mfa,mfa_literal_or_route,issuer-step-up-access,test_fixture,"exchangeCode: async ({ code }) => { lastExchangedTokens = code === ""step-up"" ? { ...tokens, accessToken: ""issuer-step-up-access"", refreshToken: ""issuer-step-up-refresh"", idToken: ""issuer-step-up-id"" } : tokens; return lastExchangedTokens; }, verifyIdToken: async () => identity(),"
tests/contracts/auth-session-foundation.test.ts,32,mfa,mfa_literal_or_route,issuer-step-up-refresh,test_fixture,"exchangeCode: async ({ code }) => { lastExchangedTokens = code === ""step-up"" ? { ...tokens, accessToken: ""issuer-step-up-access"", refreshToken: ""issuer-step-up-refresh"", idToken: ""issuer-step-up-id"" } : tokens; return lastExchangedTokens; }, verifyIdToken: async () => identity(),"
tests/contracts/auth-session-foundation.test.ts,32,mfa,mfa_literal_or_route,issuer-step-up-id,test_fixture,"exchangeCode: async ({ code }) => { lastExchangedTokens = code === ""step-up"" ? { ...tokens, accessToken: ""issuer-step-up-access"", refreshToken: ""issuer-step-up-refresh"", idToken: ""issuer-step-up-id"" } : tokens; return lastExchangedTokens; }, verifyIdToken: async () => identity(),"
tests/contracts/auth-session-foundation.test.ts,192,mfa,mfa_identifier_reference,stepUpStart,test_fixture,"assert.equal((await authenticated.handlers.stepUpStart(new Request(""https://neon.example/api/auth/step-up/start"", { method: ""POST"", headers }))).status, 302);"
tests/contracts/auth-session-foundation.test.ts,192,mfa,mfa_literal_or_route,https://neon.example/api/auth/step-up/start,test_fixture,"assert.equal((await authenticated.handlers.stepUpStart(new Request(""https://neon.example/api/auth/step-up/start"", { method: ""POST"", headers }))).status, 302);"
tests/contracts/auth-session-foundation.test.ts,230,mfa,mfa_identifier_reference,stepUpStart,test_fixture,"assert.equal((await authenticated.handlers.stepUpStart(new Request(""https://neon.example/api/auth/step-up/start"", { method: ""POST"" }))).status, 401); assert.equal((await authenticated.handlers.mfaVerify(new Request(""https://neon.example/api/auth/mfa/verify"", { method: ""POST"" }))).status, 401);"
tests/contracts/auth-session-foundation.test.ts,230,mfa,mfa_literal_or_route,https://neon.example/api/auth/step-up/start,test_fixture,"assert.equal((await authenticated.handlers.stepUpStart(new Request(""https://neon.example/api/auth/step-up/start"", { method: ""POST"" }))).status, 401); assert.equal((await authenticated.handlers.mfaVerify(new Request(""https://neon.example/api/auth/mfa/verify"", { method: ""POST"" }))).status, 401);"
tests/contracts/auth-session-foundation.test.ts,230,mfa,mfa_identifier_reference,mfaVerify,test_fixture,"assert.equal((await authenticated.handlers.stepUpStart(new Request(""https://neon.example/api/auth/step-up/start"", { method: ""POST"" }))).status, 401); assert.equal((await authenticated.handlers.mfaVerify(new Request(""https://neon.example/api/auth/mfa/verify"", { method: ""POST"" }))).status, 401);"
tests/contracts/auth-session-foundation.test.ts,230,mfa,mfa_literal_or_route,https://neon.example/api/auth/mfa/verify,test_fixture,"assert.equal((await authenticated.handlers.stepUpStart(new Request(""https://neon.example/api/auth/step-up/start"", { method: ""POST"" }))).status, 401); assert.equal((await authenticated.handlers.mfaVerify(new Request(""https://neon.example/api/auth/mfa/verify"", { method: ""POST"" }))).status, 401);"
tests/contracts/auth-session-foundation.test.ts,233,mfa,mfa_literal_or_route,binds interactive Keycloak MFA step-up to the existing browser session,test_fixture,"it(""binds interactive Keycloak MFA step-up to the existing browser session"", async () => {"
tests/contracts/auth-session-foundation.test.ts,234,mfa,mfa_identifier_reference,assurance,test_fixture,"const authenticated = await authenticate(setup({ assurance: ""elevated"", authenticationMethods: [""pwd"", ""otp""] }));"
tests/contracts/auth-session-foundation.test.ts,234,mfa,assurance_literal,elevated,test_fixture,"const authenticated = await authenticate(setup({ assurance: ""elevated"", authenticationMethods: [""pwd"", ""otp""] }));"
tests/contracts/auth-session-foundation.test.ts,235,mfa,mfa_identifier_reference,stepUpStart,test_fixture,"const started = await authenticated.handlers.stepUpStart(new Request(""https://neon.example/api/auth/step-up/start?returnTo=%2Fsecure"", { method: ""POST"", headers: { cookie: authenticated.cookie, origin: ""https://neon.example"", ""sec-fetch-site"": ""same-origin"", ""x-csrf-token"": ""csrf-safe"" } }));"
tests/contracts/auth-session-foundation.test.ts,235,mfa,mfa_literal_or_route,https://neon.example/api/auth/step-up/start?returnTo=%2Fsecure,test_fixture,"const started = await authenticated.handlers.stepUpStart(new Request(""https://neon.example/api/auth/step-up/start?returnTo=%2Fsecure"", { method: ""POST"", headers: { cookie: authenticated.cookie, origin: ""https://neon.example"", ""sec-fetch-site"": ""same-origin"", ""x-csrf-token"": ""csrf-safe"" } }));"
tests/contracts/auth-session-foundation.test.ts,241,mfa,mfa_literal_or_route,`https://neon.example/api/auth/callback?code=step-up&state=${state}`,test_fixture,"const completed = await authenticated.handlers.callback(new Request(`https://neon.example/api/auth/callback?code=step-up&state=${state}`, { headers: { cookie: `${oauthCookie(started)}; ${authenticated.cookie}` } }));"
tests/contracts/auth-session-foundation.test.ts,244,mfa,mfa_literal_or_route,issuer-step-up-access,test_fixture,"assert.equal(authenticated.getLastExchangedTokens()?.accessToken, ""issuer-step-up-access"");"
tests/contracts/auth-session-foundation.test.ts,245,mfa,mfa_literal_or_route,encrypted-server-only:issuer-step-up-access:issuer-step-up-refresh,test_fixture,"assert.equal([...authenticated.store.sessions.values()][0]?.encryptedTokenBundle, ""encrypted-server-only:issuer-step-up-access:issuer-step-up-refresh"", ""the rotated session stores the issuer's new tokens for subsequent Runtime calls"");"
tests/contracts/auth-session-foundation.test.ts,252,mfa,mfa_literal_or_route,rejects password-only step-up tokens without elevating the existing session,test_fixture,"it(""rejects password-only step-up tokens without elevating the existing session"", async () => {"
tests/contracts/auth-session-foundation.test.ts,253,mfa,mfa_identifier_reference,assurance,test_fixture,"const authenticated = await authenticate(setup({ assurance: ""baseline"", authenticationMethods: [""pwd""] }));"
tests/contracts/auth-session-foundation.test.ts,253,mfa,assurance_literal,baseline,test_fixture,"const authenticated = await authenticate(setup({ assurance: ""baseline"", authenticationMethods: [""pwd""] }));"
tests/contracts/auth-session-foundation.test.ts,254,mfa,mfa_identifier_reference,stepUpStart,test_fixture,"const started = await authenticated.handlers.stepUpStart(new Request(""https://neon.example/api/auth/step-up/start"", { method: ""POST"", headers: { cookie: authenticated.cookie, origin: ""https://neon.example"", ""sec-fetch-site"": ""same-origin"", ""x-csrf-token"": ""csrf-safe"" } }));"
tests/contracts/auth-session-foundation.test.ts,254,mfa,mfa_literal_or_route,https://neon.example/api/auth/step-up/start,test_fixture,"const started = await authenticated.handlers.stepUpStart(new Request(""https://neon.example/api/auth/step-up/start"", { method: ""POST"", headers: { cookie: authenticated.cookie, origin: ""https://neon.example"", ""sec-fetch-site"": ""same-origin"", ""x-csrf-token"": ""csrf-safe"" } }));"
tests/contracts/auth-session-foundation.test.ts,261,mfa,mfa_literal_or_route,enrolls an explicitly remembered browser only after verified MFA,test_fixture,"it(""enrolls an explicitly remembered browser only after verified MFA"", async () => {"
tests/contracts/auth-session-foundation.test.ts,263,mfa,mfa_identifier_reference,assurance,test_fixture,"const authenticated = await authenticate(setup({ assurance: ""elevated"", authenticationMethods: [""pwd"", ""webauthn""] }, 0, undefined, undefined, false, async (input) => { registration = input; return { expiresAt: Date.now() + 30 * 24 * 60 * 60_000 }; }));"
tests/contracts/auth-session-foundation.test.ts,263,mfa,assurance_literal,elevated,test_fixture,"const authenticated = await authenticate(setup({ assurance: ""elevated"", authenticationMethods: [""pwd"", ""webauthn""] }, 0, undefined, undefined, false, async (input) => { registration = input; return { expiresAt: Date.now() + 30 * 24 * 60 * 60_000 }; }));"
tests/contracts/auth-session-foundation.test.ts,264,mfa,mfa_identifier_reference,stepUpStart,test_fixture,"const started = await authenticated.handlers.stepUpStart(new Request(""https://neon.example/api/auth/step-up/start?rememberDevice=true"", { method: ""POST"", headers: { cookie: authenticated.cookie, origin: ""https://neon.example"", ""sec-fetch-site"": ""same-origin"", ""x-csrf-token"": ""csrf-safe"" } }));"
tests/contracts/auth-session-foundation.test.ts,264,mfa,mfa_literal_or_route,https://neon.example/api/auth/step-up/start?rememberDevice=true,test_fixture,"const started = await authenticated.handlers.stepUpStart(new Request(""https://neon.example/api/auth/step-up/start?rememberDevice=true"", { method: ""POST"", headers: { cookie: authenticated.cookie, origin: ""https://neon.example"", ""sec-fetch-site"": ""same-origin"", ""x-csrf-token"": ""csrf-safe"" } }));"
tests/contracts/auth-session-foundation.test.ts,319,mfa,mfa_literal_or_route,rejects a step-up rotation lost to revocation without issuing session cookies,test_fixture,"it(""rejects a step-up rotation lost to revocation without issuing session cookies"", async () => {"
tests/contracts/auth-session-foundation.test.ts,321,mfa,mfa_identifier_reference,stepUpStart,test_fixture,"const started = await value.handlers.stepUpStart(new Request(`${value.origin}/api/auth/step-up/start`, { method: ""POST"", headers: { cookie: value.cookie, origin: value.origin, ""x-csrf-token"": ""csrf-safe"" } }));"
tests/contracts/auth-session-foundation.test.ts,321,mfa,mfa_literal_or_route,`${value.origin}/api/auth/step-up/start`,test_fixture,"const started = await value.handlers.stepUpStart(new Request(`${value.origin}/api/auth/step-up/start`, { method: ""POST"", headers: { cookie: value.cookie, origin: value.origin, ""x-csrf-token"": ""csrf-safe"" } }));"
tests/contracts/auth-session-foundation.test.ts,324,mfa,mfa_literal_or_route,`${value.origin}/api/auth/callback?code=step-up&state=${state}`,test_fixture,"const response = await value.handlers.callback(new Request(`${value.origin}/api/auth/callback?code=step-up&state=${state}`, { headers: { cookie: `${oauthCookie(started)}; ${value.cookie}` } }));"
tests/contracts/auth-session-foundation.test.ts,413,mfa,mfa_literal_or_route,reuses recent issuer MFA at login without extending its freshness on refresh,test_fixture,"it(""reuses recent issuer MFA at login without extending its freshness on refresh"", async () => {"
tests/contracts/auth-session-foundation.test.ts,418,mfa,mfa_identifier_reference,assurance,test_fixture,"assert.equal(stored.assurance, ""elevated"");"
tests/contracts/auth-session-foundation.test.ts,418,mfa,assurance_literal,elevated,test_fixture,"assert.equal(stored.assurance, ""elevated"");"
tests/contracts/auth-session-foundation.test.ts,428,mfa,mfa_identifier_reference,assurance,test_fixture,"""ACR without second factor evidence"": { assurance: ""elevated"" as const, authenticatedAt: Date.now() },"
tests/contracts/auth-session-foundation.test.ts,431,mfa,mfa_identifier_reference,assurance,test_fixture,"assert.equal([...value.store.sessions.values()][0]!.assurance, ""baseline"");"
tests/contracts/auth-session-foundation.test.ts,431,mfa,assurance_literal,baseline,test_fixture,"assert.equal([...value.store.sessions.values()][0]!.assurance, ""baseline"");"
tests/contracts/auth-session-foundation.test.ts,435,mfa,mfa_literal_or_route,reuses MFA inside the 24-hour window and caps it at the original authentication deadline,test_fixture,"it(""reuses MFA inside the 24-hour window and caps it at the original authentication deadline"", async () => {"
tests/contracts/auth-session-foundation.test.ts,439,mfa,mfa_identifier_reference,assurance,test_fixture,"assert.equal(stored.assurance, ""elevated"");"
tests/contracts/auth-session-foundation.test.ts,439,mfa,assurance_literal,elevated,test_fixture,"assert.equal(stored.assurance, ""elevated"");"
tests/contracts/backchannel-logout-retry.test.ts,17,mfa,mfa_identifier_reference,assurance,test_fixture,"const session: StoredSession = { schemaVersion: 1, ...binding, tenantId: ""tenant-1"", principalId: ""principal-1"", providerSessionId: ""provider-1"", encryptedTokenBundle: ""sealed"", accessTokenExpiresAt: now + 60_000, refreshGeneration: 0, authEpoch: 1, sessionVersion: 1, requiredActions: [], assurance: ""baseline"", createdAt: now, lastSeenAt: now, idleExpiresAt: now + 60_000, absoluteExpiresAt: now + 120_000, configurationRevision: ""1"", keyVersion: 1"
tests/contracts/backchannel-logout-retry.test.ts,17,mfa,assurance_literal,baseline,test_fixture,"const session: StoredSession = { schemaVersion: 1, ...binding, tenantId: ""tenant-1"", principalId: ""principal-1"", providerSessionId: ""provider-1"", encryptedTokenBundle: ""sealed"", accessTokenExpiresAt: now + 60_000, refreshGeneration: 0, authEpoch: 1, sessionVersion: 1, requiredActions: [], assurance: ""baseline"", createdAt: now, lastSeenAt: now, idleExpiresAt: now + 60_000, absoluteExpiresAt: now + 120_000, configurationRevision: ""1"", keyVersion: 1"
tests/contracts/bff-relay-security.test.ts,191,entity,entity_literal_reference,business_partner,test_fixture,"}), context(""records"", ""business_partner"", ""imports""));"
tests/contracts/bff-relay-security.test.ts,212,entity,entity_literal_reference,business_partner,test_fixture,"assert.equal((await handler(new Request(`https://neon.example/api/relay/entity-runtime/business_partner/application-descriptor?${query}`), context(""entity-runtime"", ""business_partner"", ""application-descriptor""))).status, 200);"
tests/contracts/bff-relay-security.test.ts,214,entity,entity_literal_reference,business_partner,test_fixture,"assert.equal((await handler(new Request(""https://neon.example/api/relay/entity-runtime/business_partner/application-descriptor"", {method:""POST""}), context(""entity-runtime"", ""business_partner"", ""application-descriptor""))).status, 404);"
tests/contracts/bff-relay-security.test.ts,224,entity,entity_literal_reference,business_partner,test_fixture,"const target=()=>context(""entity-runtime"",""business_partner"",""reference-history"");"
tests/contracts/bff-runtime-configuration.test.ts,116,entity,entity_array_literal,country,test_fixture,"assert.deepEqual(organization?.entities.map((entity) => entity.code), [""country"", ""currency"", ""language"", ""locale"", ""timezone""]);"
tests/contracts/bff-runtime-configuration.test.ts,116,entity,entity_array_literal,currency,test_fixture,"assert.deepEqual(organization?.entities.map((entity) => entity.code), [""country"", ""currency"", ""language"", ""locale"", ""timezone""]);"
tests/contracts/bff-runtime-configuration.test.ts,116,entity,entity_array_literal,language,test_fixture,"assert.deepEqual(organization?.entities.map((entity) => entity.code), [""country"", ""currency"", ""language"", ""locale"", ""timezone""]);"
tests/contracts/bff-runtime-configuration.test.ts,116,entity,entity_array_literal,locale,test_fixture,"assert.deepEqual(organization?.entities.map((entity) => entity.code), [""country"", ""currency"", ""language"", ""locale"", ""timezone""]);"
tests/contracts/bff-runtime-configuration.test.ts,116,entity,entity_array_literal,timezone,test_fixture,"assert.deepEqual(organization?.entities.map((entity) => entity.code), [""country"", ""currency"", ""language"", ""locale"", ""timezone""]);"
tests/contracts/bff-runtime-configuration.test.ts,117,entity,entity_literal_reference,currency,test_fixture,"assert.equal(organization?.defaultEntityCode, ""currency"");"
tests/contracts/context-refresh-race.test.ts,17,mfa,mfa_identifier_reference,assurance,test_fixture,"const original: StoredSession = { schemaVersion: 1, ...binding, tenantId: ""tenant-1"", availableContexts: [{ tenantId: ""tenant-2"", tenantCode: ""TWO"", tenantName: ""Two"", principalId: ""principal-2"", authEpoch: 2 }], principalId: ""principal-1"", providerSessionId: ""provider-1"", encryptedTokenBundle: JSON.stringify(originalTokens), accessTokenExpiresAt: originalTokens.accessTokenExpiresAt, refreshGeneration: 0, authEpoch: 1, sessionVersion: 1, required"
tests/contracts/context-refresh-race.test.ts,17,mfa,assurance_literal,baseline,test_fixture,"const original: StoredSession = { schemaVersion: 1, ...binding, tenantId: ""tenant-1"", availableContexts: [{ tenantId: ""tenant-2"", tenantCode: ""TWO"", tenantName: ""Two"", principalId: ""principal-2"", authEpoch: 2 }], principalId: ""principal-1"", providerSessionId: ""provider-1"", encryptedTokenBundle: JSON.stringify(originalTokens), accessTokenExpiresAt: originalTokens.accessTokenExpiresAt, refreshGeneration: 0, authEpoch: 1, sessionVersion: 1, required"
tests/contracts/e2e-auth-state.test.ts,109,mfa,mfa_literal_or_route,explicit MFA session reuse,test_fixture,"describe(""explicit MFA session reuse"", () => {"
tests/contracts/entity-identity.test.ts,14,entity,entity_array_literal,country,test_fixture,"""country"","
tests/contracts/entity-identity.test.ts,43,entity,entity_literal_reference,country,test_fixture,"assert.deepEqual(resolveEntityReadRoute(""country""), {"
tests/contracts/entity-identity.test.ts,44,entity,entity_property_literal,country,test_fixture,"entityCode: ""country"","
tests/contracts/entity-identity.test.ts,46,entity,entity_literal_reference,country,test_fixture,"assert.deepEqual(resolveEntityReadRoute(""country"", [""manage""]), {"
tests/contracts/entity-identity.test.ts,47,entity,entity_property_literal,country,test_fixture,"entityCode: ""country"","
tests/contracts/entity-identity.test.ts,49,entity,entity_literal_reference,country,test_fixture,"assert.deepEqual(resolveEntityReadRoute(""country"", [id]), {"
tests/contracts/entity-identity.test.ts,50,entity,entity_property_literal,country,test_fixture,"entityCode: ""country"","
tests/contracts/entity-identity.test.ts,55,entity,entity_literal_reference,country,test_fixture,"resolveEntityReadRoute(""country"", [""00000000-0000-0000-0000-000000000000""]),"
tests/contracts/entity-identity.test.ts,66,entity,entity_literal_reference,country,test_fixture,"assert.equal(resolveEntityReadRoute(""country"", segments), undefined);"
tests/contracts/entity-identity.test.ts,95,entity,embedded_entity_route_or_publication,/app/entity/country/manage,test_fixture,"assert.deepEqual(parseEntityApplicationPath(""/app/entity/country/manage""), {"
tests/contracts/entity-identity.test.ts,96,entity,entity_property_literal,country,test_fixture,"entityCode: ""country"","
tests/contracts/entity-identity.test.ts,103,entity,entity_literal_reference,country,test_fixture,"assert.equal(entityRecordHref(""country"", id), `/app/entity/country/${id}`);"
tests/contracts/entity-identity.test.ts,103,entity,embedded_entity_route_or_publication,`/app/entity/country/${id}`,test_fixture,"assert.equal(entityRecordHref(""country"", id), `/app/entity/country/${id}`);"
tests/contracts/entity-identity.test.ts,104,entity,entity_array_literal,country,test_fixture,"for (const [entityCode, recordId] of [[""Country"", id], [""country"", ""not-a-uuid""], [""country"", `${id}/edit`]])"
tests/contracts/entity-identity.test.ts,106,entity,embedded_entity_route_or_publication,/app/entity/country/%2F,test_fixture,"for (const pathname of [""/app/entity/country/%2F"", ""/app/entity/country/%25"", ""/app/entity/country/../x""])"
tests/contracts/entity-identity.test.ts,106,entity,embedded_entity_route_or_publication,/app/entity/country/%25,test_fixture,"for (const pathname of [""/app/entity/country/%2F"", ""/app/entity/country/%25"", ""/app/entity/country/../x""])"
tests/contracts/entity-identity.test.ts,106,entity,embedded_entity_route_or_publication,/app/entity/country/../x,test_fixture,"for (const pathname of [""/app/entity/country/%2F"", ""/app/entity/country/%25"", ""/app/entity/country/../x""])"
tests/contracts/entity-identity.test.ts,108,entity,embedded_entity_route_or_publication,`/app/entity/country/${id}/history`,test_fixture,"assert.deepEqual(parseEntityApplicationPath(`/app/entity/country/${id}/history`), { entityCode: ""country"", segments: [id, ""history""] });"
tests/contracts/entity-identity.test.ts,108,entity,entity_property_literal,country,test_fixture,"assert.deepEqual(parseEntityApplicationPath(`/app/entity/country/${id}/history`), { entityCode: ""country"", segments: [id, ""history""] });"
tests/contracts/entity-identity.test.ts,109,entity,entity_literal_reference,country,test_fixture,"assert.equal(resolveEntityReadRoute(""country"", [id, ""history""]), undefined);"
tests/contracts/entity-list-contract.test.ts,47,entity,entity_literal_reference,business_partner,test_fixture,"code: ""business_partner"","
tests/contracts/entity-list-contract.test.ts,137,permission,literal_permission_candidate,records.export,test_fixture,"requiredPermission: ""records.export"","
tests/contracts/entity-list-contract.test.ts,180,permission,literal_permission_candidate,records.export,test_fixture,"""records.export"","
tests/contracts/entity-list-contract.test.ts,187,entity,entity_literal_reference,business_partner,test_fixture,"storage: { schema: ""master"", object: ""business_partner"" },"
tests/contracts/entity-reference-preview.test.ts,4,entity,entity_property_literal,country,test_fixture,"const reference={entityCode:'country',recordId:'10000000-0000-4000-8000-000000000001',value:'AE',label:'United Arab Emirates'};"
tests/contracts/frontend-spine-browser-contracts.test.ts,16,permission,literal_permission_candidate,iam.profile.read,test_fixture,"assert.equal(hasPermission(authorization, ""iam.profile.read""), true);"
tests/contracts/home-personalization-phase3.test.ts,19,permission,literal_permission_candidate,neon.relationship.business_partner.read,test_fixture,"permissions: [""neon.relationship.business_partner.read""],"
tests/contracts/home-personalization-phase3.test.ts,22,permission,literal_permission_candidate,neon.relationship.business_partner.read,test_fixture,"knownPermissions: [""neon.relationship.business_partner.read"", ""neon.relationship.entity_case.create""],"
tests/contracts/home-personalization-phase3.test.ts,22,permission,literal_permission_candidate,neon.relationship.entity_case.create,test_fixture,"knownPermissions: [""neon.relationship.business_partner.read"", ""neon.relationship.entity_case.create""],"
tests/contracts/home-personalization-phase3.test.ts,26,permission,literal_permission_candidate,neon.relationship.business_partner.read,test_fixture,"const allowed = { href: ""/mdg/business-partner/partners"", category: ""Records"", access: { moduleCode: ""fnd"", requiredPermissions: [""neon.relationship.business_partner.read""] } };"
tests/contracts/home-personalization-phase3.test.ts,27,permission,literal_permission_candidate,neon.relationship.entity_case.create,test_fixture,"const denied = { href: ""/mdg/business-partner/new"", category: ""Action"", access: { moduleCode: ""fnd"", requiredPermissions: [""neon.relationship.entity_case.create""] } };"
tests/contracts/home-personalization-phase3.test.ts,34,permission,literal_permission_candidate,neon.relationship.business_partner.read,test_fixture,"const records = { href: ""/mdg/business-partner/partners"", category: ""Records"", access: { moduleCode: ""fnd"", requiredPermissions: [""neon.relationship.business_partner.read""] } };"
tests/contracts/mesh-network-account-contract.test.ts,5,entity,entity_literal_reference,supplier,test_fixture,"const payload={schemaVersion:1,revision:""sha256:""+""a"".repeat(64),tenantId:""10000000-0000-4000-8000-000000000001"",accounts:[{networkAccountId:""20000000-0000-4000-8000-000000000001"",code:""buyer.apac"",displayName:""Athyper APAC Procurement"",legalName:""Athyper Group Holdings"",role:""buyer"",countryCode:""MY"",defaultCurrency:""MYR"",logoAssetRef:""/brand/partners/buyer-apac.svg"",source:""neon_projection"",relatedAccountCount:1},{networkAccountId:""20000000-0000"
tests/contracts/mesh-url-review.test.ts,14,entity,entity_literal_reference,supplier,test_fixture,"assert.doesNotThrow(() => writeAccountSelection(""account"", ""supplier""));"
tests/contracts/neon-application-url-review.test.ts,31,entity,embedded_entity_route_or_publication,/app/entity/business_partner/manage,test_fixture,"internalPath: ""/app/entity/business_partner/manage"","
tests/contracts/neon-application-url-review.test.ts,34,entity,entity_property_literal,business_partner,test_fixture,"entityCode: ""business_partner"","
tests/contracts/neon-application-url-review.test.ts,39,entity,entity_literal_reference,business_partner,test_fixture,"entityApplicationPublicPath(""business_partner"", [""manage""]),"
tests/contracts/neon-application-url-review.test.ts,68,entity,entity_literal_reference,principal,test_fixture,"principalId: ""principal"","
tests/contracts/neon-application-url-review.test.ts,129,entity,entity_literal_reference,principal,test_fixture,"principalId: ""principal"","
tests/contracts/neon-application-url-review.test.ts,174,entity,entity_literal_reference,principal,test_fixture,"principalId: ""principal"","
tests/contracts/neon-application-url-review.test.ts,188,entity,entity_literal_reference,employee,test_fixture,"const path = operation.path.replace("":entity"", ""employee""),"
tests/contracts/neon-work-context-contract.test.ts,13,permission,literal_permission_candidate,neon.finance.invoice.read,test_fixture,"it(""parses v2 Legal Entity discovery and rejects company rows outside it"",()=>{const options={...payload,schemaVersion:2 as const,actionPermissionCode:""neon.finance.invoice.read"",legalEntities:[{legalEntityId:payload.companies[0].legalEntityId,code:payload.companies[0].legalEntityCode,displayName:payload.companies[0].legalEntityName,logoAssetRef:payload.companies[0].logoAssetRef}],organizations:[]};assert.equal(parseNeonBusinessContextOptions(opt"
tests/contracts/platform-catalog-experience.test.ts,90,entity,entity_literal_reference,business_partner_request,test_fixture,"{ code: ""business_partner_request"", routeSlug: ""requests"", name: ""Business Partner Requests"" },"
tests/contracts/platform-catalog-experience.test.ts,91,entity,entity_literal_reference,business_partner,test_fixture,"{ code: ""business_partner"", routeSlug: ""business-partners"", name: ""Business Partners"" },"
tests/contracts/platform-catalog-experience.test.ts,93,entity,entity_property_literal,business_partner,test_fixture,"defaultEntityCode: ""business_partner"","
tests/contracts/profile-preferences.test.ts,21,entity,entity_property_literal,principal_profile,test_fixture,"assert.equal(path({ entityCode: ""principal_profile"" }), ""/api/entity-runtime/principal_profile/own-record"");"
tests/contracts/profile-preferences.test.ts,27,entity,entity_literal_reference,principal_profile,test_fixture,"assert.deepEqual(resolveEntityReadRoute(""principal_profile"", [""me""]), { entityCode: ""principal_profile"", own: true });"
tests/contracts/profile-preferences.test.ts,27,entity,entity_property_literal,principal_profile,test_fixture,"assert.deepEqual(resolveEntityReadRoute(""principal_profile"", [""me""]), { entityCode: ""principal_profile"", own: true });"
tests/contracts/profile-preferences.test.ts,28,entity,entity_literal_reference,principal_profile,test_fixture,"assert.equal(resolveEntityReadRoute(""principal_profile"", [""me"", ""extra""]), undefined);"
tests/contracts/query-provider-lifecycle.test.ts,12,mfa,mfa_identifier_reference,assurance,test_fixture,"const session: SanitizedSession = { schemaVersion: 1, state: ""authenticated"", plane: ""neon"", realmKey: ""athyper"", tenantId: scopeA.tenantId, principalId: scopeA.principalId, authEpoch: 1, sessionVersion: 1, configurationRevision: ""1"", expiresAt: ""2099-08-12T12:00:00.000Z"", idleExpiresAt: ""2099-08-12T12:00:00.000Z"", absoluteExpiresAt: ""2099-08-12T18:00:00.000Z"", assurance: ""baseline"", requiredActions: [], allowedNextActions: [""continue"", ""logout""]"
tests/contracts/query-provider-lifecycle.test.ts,12,mfa,assurance_literal,baseline,test_fixture,"const session: SanitizedSession = { schemaVersion: 1, state: ""authenticated"", plane: ""neon"", realmKey: ""athyper"", tenantId: scopeA.tenantId, principalId: scopeA.principalId, authEpoch: 1, sessionVersion: 1, configurationRevision: ""1"", expiresAt: ""2099-08-12T12:00:00.000Z"", idleExpiresAt: ""2099-08-12T12:00:00.000Z"", absoluteExpiresAt: ""2099-08-12T18:00:00.000Z"", assurance: ""baseline"", requiredActions: [], allowedNextActions: [""continue"", ""logout""]"
tests/contracts/query-provider-lifecycle.test.ts,18,entity,entity_array_literal,principal,test_fixture,"const pending = client.fetchQuery({ queryKey: [""principal"", ""neon"", ""tenant-a"", 1, ""slow""], queryFn: ({ signal }) => new Promise((_resolve, reject) => signal.addEventListener(""abort"", () => { aborted = true; reject(signal.reason); }, { once: true })) });"
tests/contracts/query-provider-lifecycle.test.ts,23,entity,entity_array_literal,principal,test_fixture,"assert.equal(client.getQueryCache().find({ queryKey: [""principal"", ""neon"", ""tenant-a"", 1] }), undefined);"
tests/contracts/query-provider-lifecycle.test.ts,76,mfa,mfa_identifier_reference,assurance,test_fixture,"assert.equal(await resolve({ schemaVersion: 1, state: ""context_required"", plane: ""neon"", realmKey: ""athyper"", sessionVersion: 1, configurationRevision: ""1"", expiresAt: session.expiresAt, idleExpiresAt: session.idleExpiresAt, absoluteExpiresAt: session.absoluteExpiresAt, assurance: ""baseline"", requiredActions: [], allowedNextActions: [""select_context"", ""logout""] }), ""/select-context"");"
tests/contracts/query-provider-lifecycle.test.ts,76,mfa,assurance_literal,baseline,test_fixture,"assert.equal(await resolve({ schemaVersion: 1, state: ""context_required"", plane: ""neon"", realmKey: ""athyper"", sessionVersion: 1, configurationRevision: ""1"", expiresAt: session.expiresAt, idleExpiresAt: session.idleExpiresAt, absoluteExpiresAt: session.absoluteExpiresAt, assurance: ""baseline"", requiredActions: [], allowedNextActions: [""select_context"", ""logout""] }), ""/select-context"");"
tests/contracts/refresh-touch-race.test.ts,16,mfa,mfa_identifier_reference,assurance,test_fixture,"const original: StoredSession = { schemaVersion: 1, ...binding, tenantId: ""tenant-1"", principalId: ""principal-1"", providerSessionId: ""provider-1"", encryptedTokenBundle: ""old-token"", availableContexts: [], accessTokenExpiresAt: now + 30_000, refreshGeneration: 0, authEpoch: 1, sessionVersion: 1, requiredActions: [], assurance: ""baseline"", createdAt: now - 120_000, lastSeenAt: now - 120_000, idleExpiresAt: now + 60_000, absoluteExpiresAt: now + 150"
tests/contracts/refresh-touch-race.test.ts,16,mfa,assurance_literal,baseline,test_fixture,"const original: StoredSession = { schemaVersion: 1, ...binding, tenantId: ""tenant-1"", principalId: ""principal-1"", providerSessionId: ""provider-1"", encryptedTokenBundle: ""old-token"", availableContexts: [], accessTokenExpiresAt: now + 30_000, refreshGeneration: 0, authEpoch: 1, sessionVersion: 1, requiredActions: [], assurance: ""baseline"", createdAt: now - 120_000, lastSeenAt: now - 120_000, idleExpiresAt: now + 60_000, absoluteExpiresAt: now + 150"
tests/contracts/session-store-index-expiry.test.ts,14,mfa,mfa_identifier_reference,assurance,test_fixture,"const session: StoredSession = { schemaVersion: 1, plane: ""neon"", realmKey: ""athyper"", tenantId: ""tenant-1"", principalId: ""principal-1"", providerSessionId: ""provider-1"", encryptedTokenBundle: ""sealed"", accessTokenExpiresAt: now + 1_000, refreshGeneration: 0, authEpoch: 1, sessionVersion: 1, requiredActions: [], assurance: ""baseline"", createdAt: now, lastSeenAt: now, idleExpiresAt: now + 60_000, absoluteExpiresAt: now + 120_000, configurationRevis"
tests/contracts/session-store-index-expiry.test.ts,14,mfa,assurance_literal,baseline,test_fixture,"const session: StoredSession = { schemaVersion: 1, plane: ""neon"", realmKey: ""athyper"", tenantId: ""tenant-1"", principalId: ""principal-1"", providerSessionId: ""provider-1"", encryptedTokenBundle: ""sealed"", accessTokenExpiresAt: now + 1_000, refreshGeneration: 0, authEpoch: 1, sessionVersion: 1, requiredActions: [], assurance: ""baseline"", createdAt: now, lastSeenAt: now, idleExpiresAt: now + 60_000, absoluteExpiresAt: now + 120_000, configurationRevis"
tests/contracts/session-store-index-expiry.test.ts,24,mfa,mfa_identifier_reference,assurance,test_fixture,"const legacy = { schemaVersion: 1, plane: ""neon"", realmKey: ""athyper"", tenantId: ""tenant-1"", principalId: ""principal-1"", providerSessionId: ""provider-1"", encryptedTokenBundle: ""sealed"", accessTokenExpiresAt: now + 60_000, refreshGeneration: 0, authEpoch: 1, sessionVersion: 1, requiredActions: {}, assurance: ""baseline"", createdAt: now - 120_000, lastSeenAt: now - 120_000, idleExpiresAt: now + 60_000, absoluteExpiresAt: now + 180_000, configuration"
tests/contracts/session-store-index-expiry.test.ts,24,mfa,assurance_literal,baseline,test_fixture,"const legacy = { schemaVersion: 1, plane: ""neon"", realmKey: ""athyper"", tenantId: ""tenant-1"", principalId: ""principal-1"", providerSessionId: ""provider-1"", encryptedTokenBundle: ""sealed"", accessTokenExpiresAt: now + 60_000, refreshGeneration: 0, authEpoch: 1, sessionVersion: 1, requiredActions: {}, assurance: ""baseline"", createdAt: now - 120_000, lastSeenAt: now - 120_000, idleExpiresAt: now + 60_000, absoluteExpiresAt: now + 180_000, configuration"
tests/contracts/session-store-rotation.test.ts,16,mfa,mfa_identifier_reference,assurance,test_fixture,"const original: StoredSession = { schemaVersion: 1, ...binding, tenantId: ""tenant-1"", principalId: ""principal-1"", providerSessionId: ""provider-1"", encryptedTokenBundle: ""sealed"", accessTokenExpiresAt: now + 60_000, refreshGeneration: 0, authEpoch: 1, sessionVersion: 1, requiredActions: [], assurance: ""baseline"", createdAt: now, lastSeenAt: now, idleExpiresAt: now + 60_000, absoluteExpiresAt: now + 120_000, configurationRevision: ""1"", keyVersion: "
tests/contracts/session-store-rotation.test.ts,16,mfa,assurance_literal,baseline,test_fixture,"const original: StoredSession = { schemaVersion: 1, ...binding, tenantId: ""tenant-1"", principalId: ""principal-1"", providerSessionId: ""provider-1"", encryptedTokenBundle: ""sealed"", accessTokenExpiresAt: now + 60_000, refreshGeneration: 0, authEpoch: 1, sessionVersion: 1, requiredActions: [], assurance: ""baseline"", createdAt: now, lastSeenAt: now, idleExpiresAt: now + 60_000, absoluteExpiresAt: now + 120_000, configurationRevision: ""1"", keyVersion: "
tests/contracts/shared-shell-navigation.test.ts,305,entity,entity_literal_reference,country,test_fixture,"route(""mdg.org"", ""org"", ""/mdg/organization-reference"", ""Organization & Reference Data"", [{ code: ""country"", name: ""Countries"" }]),"
tests/contracts/shared-shell-navigation.test.ts,306,entity,entity_literal_reference,address,test_fixture,"route(""mdg.loc"", ""loc"", ""/mdg/location-address"", ""Location & Address Governance"", [{ code: ""address"", name: ""Addresses"" }]),"
tests/contracts/shared-shell-navigation.test.ts,311,entity,embedded_entity_route_or_publication,/app/entity/country,test_fixture,"assert.deepEqual(crumbs(""/app/entity/country""), ["
tests/contracts/shared-shell-navigation.test.ts,314,entity,embedded_entity_route_or_publication,/app/entity/country,test_fixture,"[""Countries"", ""/app/entity/country""],"
tests/contracts/shared-shell-navigation.test.ts,316,entity,embedded_entity_route_or_publication,/app/entity/country/manage,test_fixture,"assert.deepEqual(crumbs(""/app/entity/country/manage"").length, 3);"
tests/contracts/shared-shell-navigation.test.ts,318,entity,embedded_entity_route_or_publication,`/app/entity/country/${record}`,test_fixture,"assert.deepEqual(crumbs(`/app/entity/country/${record}`).at(-1), [record, `/app/entity/country/${record}`]);"
tests/contracts/shared-shell-navigation.test.ts,320,entity,embedded_entity_route_or_publication,/app/entity/address,test_fixture,"assert.deepEqual(crumbs(""/app/entity/address""), []);"
tests/contracts/shared-shell-navigation.test.ts,739,permission,literal_permission_candidate,metadata.entity.review,test_fixture,"permissions: [""metadata.entity.review""],"
tests/contracts/shared-shell-navigation.test.ts,747,permission,literal_permission_candidate,metadata.entity.review,test_fixture,"permissions: [""metadata.entity.review""],"
tests/contracts/studio-publication-navigation.test.ts,39,permission,literal_permission_candidate,metadata.entity.review,test_fixture,"canAccessRoute(navigation([""metadata.entity.review""]), ""/atlas/learning""),"
tests/contracts/three-plane-list-scope.test.ts,8,entity,entity_property_literal,network_relationship,test_fixture,"const meshDescriptor = { planeKey: ""mesh"", entityCode: ""network_relationship"", storage: { schema: ""mesh"", object: ""network_relationship"" } } as never;"
tests/contracts/three-plane-list-scope.test.ts,8,entity,entity_literal_reference,network_relationship,test_fixture,"const meshDescriptor = { planeKey: ""mesh"", entityCode: ""network_relationship"", storage: { schema: ""mesh"", object: ""network_relationship"" } } as never;"
tests/contracts/three-plane-list-scope.test.ts,20,entity,entity_property_literal,metadata_entity,test_fixture,"const result = await resolver.resolve({ context: { ...context, planeKey: ""studio"" } as never, descriptor: { planeKey: ""studio"", entityCode: ""metadata_entity"", storage: { schema: ""metadata"", object: ""entity"" } } as never, operationCode: ""read"" });"
tests/contracts/three-plane-list-scope.test.ts,27,entity,entity_literal_reference,metadata_entity,test_fixture,"const descriptor = await reader.getEntityDescriptor({ ...context, planeKey: ""studio"" } as never, ""metadata_entity"");"
tests/contracts/three-plane-list-scope.test.ts,30,permission,literal_permission_candidate,studio.metadata.contract.view,test_fixture,"assert.equal(descriptor?.operations.read?.permissionCode, ""studio.metadata.contract.view"");"
tests/contracts/trusted-device-authentication.test.ts,12,mfa,mfa_literal_or_route,`${plane}: ${device} device requires issuer MFA and cannot elevate locally`,test_fixture,"test(`${plane}: ${device} device requires issuer MFA and cannot elevate locally`, async () => {"
tests/contracts/trusted-device-authentication.test.ts,19,mfa,mfa_identifier_reference,stepUpStart,test_fixture,"const response = await handlers.stepUpStart(new Request(`https://${plane}.example/api/auth/step-up/start?returnTo=%2Fsecure`, { method: ""POST"", headers }));"
tests/contracts/trusted-device-authentication.test.ts,19,mfa,mfa_literal_or_route,`https://${plane}.example/api/auth/step-up/start?returnTo=%2Fsecure`,test_fixture,"const response = await handlers.stepUpStart(new Request(`https://${plane}.example/api/auth/step-up/start?returnTo=%2Fsecure`, { method: ""POST"", headers }));"
tests/contracts/trusted-device-authentication.test.ts,28,mfa,mfa_identifier_reference,mfaVerify,test_fixture,"const denied = await handlers.mfaVerify(new Request(`https://${plane}.example/api/auth/mfa/verify`, { method: ""POST"", headers, body: JSON.stringify({ code: ""123456"" }) }));"
tests/contracts/trusted-device-authentication.test.ts,28,mfa,mfa_literal_or_route,`https://${plane}.example/api/auth/mfa/verify`,test_fixture,"const denied = await handlers.mfaVerify(new Request(`https://${plane}.example/api/auth/mfa/verify`, { method: ""POST"", headers, body: JSON.stringify({ code: ""123456"" }) }));"
tests/contracts/trusted-device-authentication.test.ts,30,mfa,mfa_literal_or_route,auth.step_up_required,test_fixture,"assert.equal((await denied.json() as { code: string }).code, ""auth.step_up_required"");"
tests/contracts/trusted-device-authentication.test.ts,34,mfa,mfa_identifier_reference,stepUpStart,test_fixture,"for (const handler of [handlers.stepUpStart, handlers.mfaVerify]) {"
tests/contracts/trusted-device-authentication.test.ts,34,mfa,mfa_identifier_reference,mfaVerify,test_fixture,"for (const handler of [handlers.stepUpStart, handlers.mfaVerify]) {"
tests/contracts/trusted-device-authentication.test.ts,35,mfa,mfa_literal_or_route,`https://${plane}.example/api/auth/step-up/start`,test_fixture,"const rejected = await handler(new Request(`https://${plane}.example/api/auth/step-up/start`, { method: ""POST"", headers: { ...headers, origin: ""https://other.example"" } }));"
tests/contracts/trusted-device-authentication.test.ts,55,mfa,mfa_identifier_reference,assurance,test_fixture,"accessTokenExpiresAt: now + 300_000, refreshGeneration: 0, authEpoch: 7, sessionVersion: 3, requiredActions: [], assurance: ""baseline"","
tests/contracts/trusted-device-authentication.test.ts,55,mfa,assurance_literal,baseline,test_fixture,"accessTokenExpiresAt: now + 300_000, refreshGeneration: 0, authEpoch: 7, sessionVersion: 3, requiredActions: [], assurance: ""baseline"","
tests/e2e/global-setup.ts,34,mfa,mfa_literal_or_route,`Saved ${reusePlane} session is not authenticated; complete sign-in and MFA again`,test_fixture,throw new Error(`Saved ${reusePlane} session is not authenticated; complete sign-in and MFA again`);
tests/e2e/production/customer-onboarding.spec.ts,6,entity,entity_literal_reference,person,test_fixture,"test(""internal customer wizard supports organization and person journeys"",async({page})=>{await page.goto(""/mdg/business-partner/customer/new"");await expect(page.getByRole(""heading"",{name:""New customer onboarding request""})).toBeVisible();await expect(page.getByLabel(""Customer category"")).toBeVisible();await page.getByLabel(""Customer category"").selectOption(""person"");await expect(page.getByLabel(""Consent evidence ID"")).toBeVisible();await expect("
tests/e2e/production/customer-onboarding.spec.ts,10,entity,entity_literal_reference,customer,test_fixture,"test(""external, MESH and return-resubmit customer requests remain on the governed facade"",async({page})=>{const externalId=process.env.PLAYWRIGHT_CUSTOMER_EXTERNAL_REQUEST_ID,meshId=process.env.PLAYWRIGHT_CUSTOMER_MESH_REQUEST_ID,returnedId=process.env.PLAYWRIGHT_CUSTOMER_RETURNED_REQUEST_ID;for(const[id,source]of[[externalId,""portal""],[meshId,""mesh""]]as const){if(!id)continue;await page.goto(`/mdg/business-partner/requests/${encodeURIComponent(i"
tests/e2e/production/fixtures.ts,46,mfa,mfa_identifier_reference,formFactor,test_fixture,"formFactor: ""desktop"" | ""mobile"";"
tests/e2e/production/fixtures.ts,51,mfa,mfa_identifier_reference,formFactor,test_fixture,"formFactor?: ""desktop"" | ""mobile"";"
tests/e2e/production/fixtures.ts,58,mfa,mfa_identifier_reference,formFactor,test_fixture,"formFactor: metadata.formFactor ?? ""desktop"","
tests/e2e/production/surface-matrix.spec.ts,43,mfa,mfa_identifier_reference,formFactor,test_fixture,const { formFactor } = productionContext(testInfo);
tests/e2e/production/surface-matrix.spec.ts,45,mfa,mfa_identifier_reference,formFactor,test_fixture,"if (formFactor === ""mobile"") {"
tests/foundation-browser/activity-hydration.spec.ts,66,entity,entity_literal_reference,supplier,test_fixture,"search: ""supplier"","
tests/foundation-browser/activity-hydration.spec.ts,88,entity,entity_literal_reference,supplier,test_fixture,").toHaveValue(bookmarked ? ""supplier"" : """");"
tests/foundation-browser/activity-query.spec.ts,57,entity,entity_array_literal,business_partner,test_fixture,"entities: [""business_partner""],"
tests/foundation-browser/bank-country-rules.spec.ts,73,entity,entity_literal_reference,country,test_fixture,"await chooseOption(page.getByRole(""combobox"", { name: ""country"" }), country);"
tests/foundation-browser/bank-editor.spec.ts,8,entity,entity_property_literal,business_partner,test_fixture,"entity: { entityCode: ""business_partner"" },"
tests/foundation-browser/entity-audit-regressions.spec.ts,21,entity,entity_literal_reference,business_partner,test_fixture,"code: ""business_partner"","
tests/foundation-browser/entity-list-refresh-navigation.spec.ts,6,entity,embedded_entity_route_or_publication,"
    import React,{useEffect,useState} from 'react';
    import {createRoot} from 'react-dom/client';
    import {PlatformShell} from './packages/platform/shell/shell/src/index';
    import {useI18n} from './packages/pla",test_fixture,"stdin: { resolveDir: process.cwd(), loader: ""tsx"", contents: `"
tests/foundation-browser/entity-list-refresh-navigation.spec.ts,57,entity,embedded_entity_route_or_publication,`https://list.test/app/entity/country${query}`,test_fixture,await page.goto(`https://list.test/app/entity/country${query}`);
tests/foundation-browser/entity-list-refresh-navigation.spec.ts,64,entity,embedded_entity_route_or_publication,/app/entity/country/record-1,test_fixture,"await expect(link).toHaveAttribute('href','/app/entity/country/record-1');"
tests/foundation-browser/entity-list-refresh-navigation.spec.ts,78,entity,embedded_entity_route_or_publication,/app/entity/country/record-1,test_fixture,expect(await page.evaluate(()=>(window as any).navigations)).toEqual(['/app/entity/country/record-1']);
tests/foundation-browser/entity-read-route-adapter.spec.ts,60,entity,entity_property_literal,country,test_fixture,"entityCode: ""country"","
tests/foundation-browser/entity-read-route-adapter.spec.ts,69,entity,entity_property_literal,country,test_fixture,"entityCode: ""country"","
tests/foundation-browser/entity-read-route-adapter.spec.ts,76,entity,entity_property_literal,country,test_fixture,"{ entityCode: ""country"", segments: [""new""] },"
tests/foundation-browser/entity-read-route-adapter.spec.ts,77,entity,entity_property_literal,country,test_fixture,"{ entityCode: ""country"", segments: [recordId, ""edit""] },"
tests/foundation-browser/entity-read-route-adapter.spec.ts,78,entity,entity_property_literal,country,test_fixture,"{ entityCode: ""country"", segments: [""../manage""] },"
tests/foundation-browser/entity-reference-preview.spec.ts,64,entity,embedded_entity_route_or_publication,/app/entity/country/10000000-0000-4000-8000-000000000001,test_fixture,"""/app/entity/country/10000000-0000-4000-8000-000000000001"","
tests/foundation-browser/entity-reference-preview.spec.ts,73,entity,entity_array_literal,state_region,test_fixture,"""state_region"","
tests/foundation-browser/entity-reference-preview.spec.ts,74,entity,entity_array_literal,country,test_fixture,"""country"","
tests/foundation-browser/entity-reference-preview.spec.ts,91,entity,embedded_entity_route_or_publication,/app/entity/country/10000000-0000-4000-8000-000000000001,test_fixture,".toBe(""/app/entity/country/10000000-0000-4000-8000-000000000001"");"
tests/foundation-browser/fixtures/activity-data.ts,22,entity,entity_property_literal,business_partner,test_fixture,"entityType: ""business_partner"","
tests/foundation-browser/fixtures/activity-data.ts,31,entity,entity_property_literal,business_partner,test_fixture,"entityType: ""business_partner"","
tests/foundation-browser/fixtures/activity-data.ts,44,entity,entity_property_literal,business_partner,test_fixture,"entityType: ""business_partner"","
tests/foundation-browser/fixtures/activity-data.ts,54,entity,entity_property_literal,business_partner,test_fixture,"entityType: ""business_partner"","
tests/foundation-browser/fixtures/activity-data.ts,70,entity,entity_property_literal,business_partner,test_fixture,"sourceEntityCode: ""business_partner"","
tests/foundation-browser/fixtures/activity-data.ts,124,entity,entity_array_literal,business_partner,test_fixture,"facets: { entities: [""business_partner""], types: [""collaboration.comment.mentioned"", ""entity.record.updated""] },"
tests/foundation-browser/fixtures/activity-data.ts,173,entity,entity_literal_reference,country,test_fixture,"await route.fulfill({ json: { items: codes.map((code) => ({ entityCode: code, title: titles[code]![0], description: titles[code]![1], ...(titles[code]![2] ? { iconKey: titles[code]![2] } : {}), ...(code === ""country"" ? { count: 247 } : code === ""currency"" ? { count: 1 } : {}), actions: code === ""country"" || code === ""business_partner"" ? [{ key: ""create"", label: `New ${titles[code]![0].replace(/ies$/, ""y"").replace(/s$/, """")}`, href: `/app/entity/$"
tests/foundation-browser/fixtures/activity-data.ts,173,entity,entity_literal_reference,currency,test_fixture,"await route.fulfill({ json: { items: codes.map((code) => ({ entityCode: code, title: titles[code]![0], description: titles[code]![1], ...(titles[code]![2] ? { iconKey: titles[code]![2] } : {}), ...(code === ""country"" ? { count: 247 } : code === ""currency"" ? { count: 1 } : {}), actions: code === ""country"" || code === ""business_partner"" ? [{ key: ""create"", label: `New ${titles[code]![0].replace(/ies$/, ""y"").replace(/s$/, """")}`, href: `/app/entity/$"
tests/foundation-browser/fixtures/activity-data.ts,173,entity,entity_literal_reference,business_partner,test_fixture,"await route.fulfill({ json: { items: codes.map((code) => ({ entityCode: code, title: titles[code]![0], description: titles[code]![1], ...(titles[code]![2] ? { iconKey: titles[code]![2] } : {}), ...(code === ""country"" ? { count: 247 } : code === ""currency"" ? { count: 1 } : {}), actions: code === ""country"" || code === ""business_partner"" ? [{ key: ""create"", label: `New ${titles[code]![0].replace(/ies$/, ""y"").replace(/s$/, """")}`, href: `/app/entity/$"
tests/foundation-browser/fixtures/bp-shared-record.tsx,16,entity,entity_property_literal,business_partner,test_fixture,"...release, entityCode: ""business_partner"", surfaceKey: ""detail"", headerFieldKeys: [""name""], actions: [],"
tests/foundation-browser/fixtures/bp-shared-record.tsx,43,entity,entity_property_literal,business_partner,test_fixture,": <EntityRecordPage recordId=""33333333-3333-4333-8333-333333333333"" adapter={{ entityCode: ""business_partner"", label: ""Business Partner"", recordHref: id => ""/app/entity/business_partner/"" + id }} />,"
tests/foundation-browser/fixtures/bp-shared-record.tsx,43,entity,embedded_entity_route_or_publication,/app/entity/business_partner/,test_fixture,": <EntityRecordPage recordId=""33333333-3333-4333-8333-333333333333"" adapter={{ entityCode: ""business_partner"", label: ""Business Partner"", recordHref: id => ""/app/entity/business_partner/"" + id }} />,"
tests/foundation-browser/metadata-detail-navigation.spec.ts,214,entity,entity_array_literal,address,test_fixture,"for (const [key, label] of [[""phone"",""Phone""],[""audit"",""Audit""],[""overview"",""Country""],[""address"",""Postal and address""]]) {"
tests/foundation-browser/neon-context.spec.ts,148,entity,entity_literal_reference,country,test_fixture,"const hash=""a"".repeat(64),entityCode=required?""scoped_record"":""country"";"
tests/foundation-browser/neon-context.spec.ts,179,entity,entity_literal_reference,principal,test_fixture,"if(path.endsWith('/application-descriptor')) return route.fulfill({json:{schemaVersion:1,plane:""neon"",entity:{code:""principal"",label:""Principal"",pluralLabel:""Principals""},revision,surface:{key:""entity_application"",title:""Principal""},actions:[],navigation:[],scope:{status:""ready"",labels:[],fingerprint:hash}}});"
tests/foundation-browser/neon-context.spec.ts,180,entity,entity_literal_reference,principal,test_fixture,"if(path.endsWith('/principal/records/'+id+'/detail'))return route.fulfill({json:{descriptor:{schema:""athyper.entity-detail-descriptor/1"",plane:""neon"",entity:{code:""principal"",label:""Principal"",pluralLabel:""Principals""},revision,pageKind:""detail"",titleField:""name"",fields:[{key:""name"",label:""Name"",kind:""string"",required:true,readOnly:true}],actions:[],relationshipCapabilities:{profile:{create:false}},presentation:{schemaVersion:1,titleField:""name"","
tests/foundation-browser/neon-context.spec.ts,180,entity,entity_property_literal,principal_profile,test_fixture,"if(path.endsWith('/principal/records/'+id+'/detail'))return route.fulfill({json:{descriptor:{schema:""athyper.entity-detail-descriptor/1"",plane:""neon"",entity:{code:""principal"",label:""Principal"",pluralLabel:""Principals""},revision,pageKind:""detail"",titleField:""name"",fields:[{key:""name"",label:""Name"",kind:""string"",required:true,readOnly:true}],actions:[],relationshipCapabilities:{profile:{create:false}},presentation:{schemaVersion:1,titleField:""name"","
tests/foundation-browser/neon-context.spec.ts,182,entity,entity_literal_reference,principal,test_fixture,expect(url.searchParams.get('parentEntityCode')).toBe('principal');
tests/foundation-browser/neon-context.spec.ts,188,entity,entity_literal_reference,principal_profile,test_fixture,"if(path.endsWith('/principal_profile/records/'+childId+'/detail'))return route.fulfill({json:{descriptor:{schema:""athyper.entity-detail-descriptor/1"",plane:""neon"",entity:{code:""principal_profile"",label:""Profile"",pluralLabel:""Profiles""},revision,pageKind:""detail"",titleField:""name"",fields:[{key:""name"",label:""Name"",kind:""string"",required:true,readOnly:true}],actions:[]},record:{id:childId,values:{name:""Profile fixture""}}}});"
tests/foundation-browser/shared-shell.spec.ts,29,entity,embedded_entity_route_or_publication,/app/entity/country/af,test_fixture,"await mount(page, 390, false, ""/app/entity/country/af"");"
tests/foundation-browser/shared-shell.spec.ts,33,entity,embedded_entity_route_or_publication,/app/entity/country,test_fixture,"await expect(crumbs.getByRole(""link"", { name: ""Countries"" })).toHaveAttribute(""href"", ""/app/entity/country"");"
tests/foundation-browser/shared-shell.spec.ts,36,entity,embedded_entity_route_or_publication,/app/entity/country/af,test_fixture,"await mount(page, 1280, false, ""/app/entity/country/af"");"
tests/foundation-browser/shared-shell.spec.ts,441,entity,embedded_entity_route_or_publication,/app/entity/principal/me,test_fixture,"await expect(panel.getByRole(""link"", { name: ""My profile"" })).toHaveAttribute(""href"", ""/app/entity/principal/me"");"
tests/foundation-browser/ui-baseline.spec.ts,466,entity,embedded_entity_route_or_publication,/app/entity/country,test_fixture,"await expect(org.getByRole(""link"", { name: /Countries/ })).toHaveAttribute(""href"", ""/app/entity/country"");"
tests/foundation-browser/ui-baseline.spec.ts,469,entity,embedded_entity_route_or_publication,/app/entity/country/new,test_fixture,"await expect(org.getByRole(""link"", { name: /New Country/ })).toHaveAttribute(""href"", ""/app/entity/country/new"");"
tests/foundation-browser/ui-baseline.spec.ts,488,entity,embedded_entity_route_or_publication,/app/entity/country,test_fixture,"await expect(countries.getByRole(""link"", { name: ""Countries"", exact: true })).toHaveAttribute(""href"", ""/app/entity/country"");"
tests/foundation-browser/ui-baseline.spec.ts,886,entity,entity_literal_reference,supplier,test_fixture,"await atlas.getByRole(""searchbox"", { name: ""Search conversations"" }).fill(""supplier"");"
tests/foundation-browser/ui-baseline.spec.ts,940,entity,embedded_entity_route_or_publication,/app/entity/country/AF,test_fixture,"await expect(workspace).toHaveAttribute(""href"", ""/app/entity/country/AF"");"
tests/foundation/atlas-answer.test.tsx,7,entity,entity_property_literal,business_partner,test_fixture,"const answer: AtlasGroundedAnswer = { text: ""**Saved** record"", envelope: { schemaVersion: 1, kind: ""explanation"", summary: ""**Saved** record"", evidenceIds: [""record:0""], findingIds: [] }, citations: [{ entityCode: ""business_partner"", recordId: ""BP-1"", revision: ""3"", descriptorHash: ""hash"", toolCode: ""bp_read_summary"" }], attachmentCitations: [], actions: [], threadId: ""t1"", publicModelId: ""atlas-fast"" };"
tests/foundation/atlas-answer.test.tsx,25,entity,entity_property_literal,business_partner,test_fixture,"const record = { schemaVersion: 1 as const, generationId: ""g1"", locale: ""en"", kind: ""record"" as const, entityCode: ""business_partner"", recordId: ""bp1"", dirty: false };"
tests/foundation/atlas-answer.test.tsx,29,entity,entity_property_literal,business_partner,test_fixture,"assert.match(atlasStarterQuestions({ schemaVersion: 1, generationId: ""g1"", locale: ""en"", kind: ""manage"", entityCode: ""business_partner"", selectedIds: [""bp1""], visibleIds: [], analysisTarget: ""selection"", filters: [], sort: [], pageSize: 25, pageIndex: 0 })[0]!, /selected/);"
tests/foundation/atlas-answer.test.tsx,55,entity,entity_property_literal,business_partner,test_fixture,"const insight = {schemaVersion: 1, scope: {entityCode: ""business_partner"", fingerprint: ""scope""}, coverage: {target: ""record"", state: ""partial""}, evaluatedAt: ""2026-09-09T02:58:19Z"", freshness: ""current"", evidence: [], actions: [], findings: [{id: ""scope"", code: ""scope_required"", state: ""not_evaluated"", severity: ""info"", ruleVersion: ""1"", evidenceIds: [], actionIds: [], facts: {missingRole: true, missingOperatingOrganization: true, missingCompany"
tests/foundation/atlas-answer.test.tsx,77,entity,entity_property_literal,business_partner,test_fixture,"const insight = {schemaVersion: 1, scope: {entityCode: ""business_partner"", fingerprint: ""scope""}, coverage: {target: ""record"", state: ""partial""}, evaluatedAt: ""2026-09-09T02:58:19Z"", freshness: ""current"", evidence: [], actions: [], findings: [{id: ""scoped_assessment_unavailable"", code: ""scoped_assessment_unavailable"", state: ""not_evaluated"", severity: ""info"", ruleVersion: ""1"", evidenceIds: [], actionIds: [], facts: {diagnostic: ""SECRET""}}]};"
tests/foundation/atlas-answer.test.tsx,87,entity,entity_property_literal,business_partner,test_fixture,"const insight = {schemaVersion: 1, scope: {entityCode: ""business_partner"", fingerprint: ""s""}, coverage: {target: ""selection"", state: ""partial"", evaluatedCount: 1, authorizedTotalCount: 30}, evaluatedAt: ""2026-09-09T00:00:00Z"", freshness: ""current"", evidence: [], actions: [], findings: [{id: ""population"", code: ""list_coverage"", state: ""not_evaluated"", severity: ""info"", facts: {distinctPartnersWithFindings: 1, countsOverlap: true}, ruleVersion: ""1"""
tests/foundation/atlas-business-context.test.tsx,23,entity,entity_property_literal,business_partner,test_fixture,"entityCode: ""business_partner"","
tests/foundation/atlas-business-context.test.tsx,35,entity,entity_property_literal,business_partner,test_fixture,"entityCode: ""business_partner"","
tests/foundation/atlas-business-context.test.tsx,235,entity,entity_literal_reference,supplier,test_fixture,"roleLens: ""supplier"","
tests/foundation/atlas-history-interactions.test.tsx,72,entity,entity_property_literal,business_partner,test_fixture,"const item={id:""receipt"",revision:4,state:""pending"",phrase:""company snapshot"",capabilityId:""entity_read_record"",entityCode:""business_partner"",originPlane:""neon"",sourceDescriptorHash:""source"",proposalHash:""proposal""};"
tests/foundation/atlas-history-interactions.test.tsx,89,entity,entity_property_literal,business_partner,test_fixture,"const item={id:""receipt"",revision:4,state:""drafted"",phrase:""company snapshot"",capabilityId:""entity_read_record"",entityCode:""business_partner"",originPlane:""neon"",sourceDescriptorHash:""source"",proposalHash:""proposal"",attemptCount:1,attempts:[{id:""attempt-1"",status:""failed"",startedAt:""2026-10-01T00:00:00Z"",failureCode:""LEARNING_EVALUATION_FAILED""}]};"
tests/foundation/attachment-browse-lifecycle.test.tsx,43,entity,entity_literal_reference,business_partner,test_fixture,"""business_partner"","
tests/foundation/attachment-client-coordinate.test.ts,24,entity,entity_property_literal,atlas.prompt,test_fixture,"await createAttachmentApiClient({ fetch: request as typeof fetch, entityType: ""atlas.prompt"", entityId: ""11111111-1111-4111-8111-111111111111"" }).upload(file, { token: ""two"" });"
tests/foundation/attachment-client-coordinate.test.ts,26,entity,entity_property_literal,atlas.prompt,test_fixture,"assert.deepEqual({ entityType: stageBodies[1]?.entityType, entityId: stageBodies[1]?.entityId }, { entityType: ""atlas.prompt"", entityId: ""11111111-1111-4111-8111-111111111111"" });"
tests/foundation/attachment-client-coordinate.test.ts,27,entity,entity_property_literal,atlas.prompt,test_fixture,"assert.throws(() => createAttachmentApiClient({ fetch: request as typeof fetch, entityType: ""atlas.prompt"" }), /provided together/);"
tests/foundation/bank-country-rules.test.ts,53,entity,entity_literal_reference,country,test_fixture,"const country = input(""country"", {"
tests/foundation/bank-country-rules.test.ts,72,entity,entity_literal_reference,country,test_fixture,"field: ""country"","
tests/foundation/bank-country-rules.test.ts,79,entity,entity_literal_reference,country,test_fixture,"referenceRules: { field: ""country"", pattern: ""accountPattern"" },"
tests/foundation/bank-country-rules.test.ts,89,entity,entity_literal_reference,country,test_fixture,"field: ""country"","
tests/foundation/bank-editor.test.ts,23,entity,entity_literal_reference,country,test_fixture,"filterBy: [{ field: ""country"", property: ""countryCode"" }],"
tests/foundation/bank-editor.test.ts,66,entity,entity_literal_reference,country,test_fixture,"text(""country""),"
tests/foundation/country-detail-read.test.ts,29,entity,entity_literal_reference,country,test_fixture,"const result = await lists.detailRead(context, ""country"", ""00000000-0000-4000-8000-000000000001"");"
tests/foundation/country-detail-read.test.ts,34,entity,entity_literal_reference,country,test_fixture,"assert.equal(result.descriptor.entity.code, ""country"");"
tests/foundation/entity-list-columns.test.ts,11,entity,entity_literal_reference,country,test_fixture,"assert.equal(matchesColumnSearch(country, ""country""), true);"
tests/foundation/entity-list-phase1a.test.tsx,47,entity,entity_literal_reference,business_partner,test_fixture,"code: ""business_partner"","
tests/foundation/entity-list-phase1a.test.tsx,322,entity,entity_literal_reference,business_partner,test_fixture,"entityCode=""business_partner"""
tests/foundation/entity-list-phase1a.test.tsx,344,entity,entity_literal_reference,business_partner,test_fixture,"entityCode=""business_partner"""
tests/foundation/entity-list-phase1a.test.tsx,362,entity,entity_literal_reference,business_partner,test_fixture,"entityCode=""business_partner"""
tests/foundation/entity-list-phase1a.test.tsx,963,entity,entity_literal_reference,business_partner,test_fixture,"entityCode=""business_partner"""
tests/foundation/entity-list-phase1a.test.tsx,1026,entity,entity_literal_reference,business_partner,test_fixture,"<EntityListRuntime client={client} entityCode=""business_partner"" />,"
tests/foundation/entity-list-phase1a.test.tsx,1104,entity,entity_property_literal,business_partner,test_fixture,"content: { kind: ""entity_list"", entityCode: ""business_partner"" },"
tests/foundation/entity-list-phase1a.test.tsx,1142,entity,entity_literal_reference,business_partner,test_fixture,"entityCode=""business_partner"""
tests/foundation/entity-list-phase1a.test.tsx,1234,entity,entity_literal_reference,business_partner,test_fixture,"entityCode=""business_partner"""
tests/foundation/entity-list-phase1a.test.tsx,1442,entity,entity_literal_reference,business_partner,test_fixture,"<EntityListRuntime client={client} entityCode=""business_partner"" />,"
tests/foundation/entity-list-phase1a.test.tsx,1565,entity,entity_literal_reference,business_partner,test_fixture,"<EntityListRuntime client={client} entityCode=""business_partner"" />,"
tests/foundation/entity-list-phase1a.test.tsx,1714,entity,entity_literal_reference,business_partner,test_fixture,"<EntityListRuntime client={client} entityCode=""business_partner"" />,"
tests/foundation/entity-list-phase1a.test.tsx,1848,entity,entity_literal_reference,country,test_fixture,"key: ""country"","
tests/foundation/entity-list-phase1a.test.tsx,1901,entity,entity_literal_reference,country,test_fixture,"{ field: ""country"", operator: ""in"", value: [""MY"", ""SG""] },"
tests/foundation/entity-list-phase1a.test.tsx,2088,entity,entity_literal_reference,business_partner,test_fixture,"<EntityListRuntime client={client} entityCode=""business_partner"" />"
tests/foundation/entity-list-phase1a.test.tsx,2202,entity,entity_literal_reference,supplier,test_fixture,"options: [{ value: ""supplier"", label: ""Suppliers"" }],"
tests/foundation/entity-list-phase1a.test.tsx,2260,entity,entity_literal_reference,business_partner,test_fixture,"<EntityListRuntime client={client} entityCode=""business_partner"" />"
tests/foundation/entity-list-phase1a.test.tsx,2297,entity,entity_literal_reference,supplier,test_fixture,"await change(""Role"", ""supplier"");"
tests/foundation/entity-list-phase1a.test.tsx,2310,entity,entity_literal_reference,supplier,test_fixture,"await change(""Role"", ""supplier"");"
tests/foundation/entity-list-phase1a.test.tsx,2436,entity,entity_literal_reference,business_partner,test_fixture,"entityCode=""business_partner"""
tests/foundation/entity-list-phase1a.test.tsx,2526,entity,entity_literal_reference,business_partner,test_fixture,"function Harness(){const [rows,setRows]=React.useState<readonly any[]>([]);return <EntityListRuntime client={client} entityCode=""business_partner"" contentOnly embedding={{options,selectedRows:rows,onSelectionChange:next=>{chosen=next;setRows(next);}}}/>;}"
tests/foundation/entity-list-phase1a.test.tsx,2537,entity,entity_literal_reference,business_partner,test_fixture,"await act(async()=>root.render(<EntityListRuntime client={client} entityCode=""business_partner"" contentOnly embedding={{options:parseEntityLookupOptions({mode:""browse""}),selectedRows:[],onSelectionChange:()=>{throw Error(""Browse must not select"");}}}/>));"
tests/foundation/entity-list-phase1a.test.tsx,2543,entity,embedded_entity_route_or_publication,https://neon.example.test/app/entity/business_partner,test_fixture,"const dom = new JSDOM('<div id=""root""></div>', { url: ""https://neon.example.test/app/entity/business_partner"" });"
tests/foundation/entity-list-phase1a.test.tsx,2548,entity,entity_property_literal,principal,test_fixture,"const scope = { parentEntityCode: ""principal"", parentRecordId: ""01a0d433-806b-7874-862d-49a9b955f6a1"", relationshipKey: ""notifications"" };"
tests/foundation/entity-list-phase1a.test.tsx,2567,entity,entity_literal_reference,business_partner,test_fixture,"await act(async () => root.render(<React.StrictMode><EntityListRuntime client={client} entityCode=""business_partner"" scopeCoordinate={scope} viewNamespace=""principal.notifications"" /></React.StrictMode>));"
tests/foundation/entity-list-phase1a.test.tsx,2603,entity,entity_literal_reference,business_partner,test_fixture,"<EntityListRuntime client={client} entityCode=""business_partner"" scopeCoordinate={{ operatingOrganizationId: organization }} />"
tests/foundation/entity-localization.test.ts,137,entity,entity_property_literal,principal,test_fixture,"registration: {entityCode:""principal"",plane,storage:{schema:""master"",object:""principal"",idField:""id"",tenantField:""tenant_id""},columns:graph.fields.map(field=>field.fieldKey)},"
tests/foundation/entity-localization.test.ts,137,entity,entity_literal_reference,principal,test_fixture,"registration: {entityCode:""principal"",plane,storage:{schema:""master"",object:""principal"",idField:""id"",tenantField:""tenant_id""},columns:graph.fields.map(field=>field.fieldKey)},"
tests/foundation/entity-localization.test.ts,140,entity,entity_property_literal,principal,test_fixture,"const descriptor = parseEntityRuntimeDescriptor({entity_code:""principal"",plane_code:plane,release_id:""00000000-0000-4000-8000-000000000001"",release_no:1,entity_contract_hash:artifact.contractHash,compiled_hash:artifact.descriptorHash,compiled_json:JSON.parse(JSON.stringify(projection))});"
tests/foundation/entity-localization.test.ts,143,entity,entity_literal_reference,principal,test_fixture,"const [list,detail] = await Promise.all([service.descriptor(context,""principal""),service.detailDescriptor(context,""principal"")]);"
tests/foundation/entity-relationships.test.ts,88,entity,entity_property_literal,principal,test_fixture,"entityCode: ""principal"","
tests/foundation/entity-request-lifecycle.test.ts,76,entity,entity_literal_reference,country,test_fixture,"const first = requestDetail(f.client, ""scope-a"", ""country"", ""record"", a.signal);"
tests/foundation/entity-request-lifecycle.test.ts,78,entity,entity_literal_reference,country,test_fixture,"const shared = requestDetail(f.client, ""scope-a"", ""country"", ""record"", b.signal);"
tests/foundation/entity-request-lifecycle.test.ts,85,entity,entity_literal_reference,country,test_fixture,"const next = requestDetail(f.client, ""scope-b"", ""country"", ""record"", b.signal);"
tests/foundation/entity-work-context.test.ts,31,entity,entity_literal_reference,supplier,test_fixture,"const filter = {asOf: ""2026-01-01"", roleLens: ""supplier""};"
tests/foundation/error-boundaries.test.tsx,58,mfa,mfa_literal_or_route,MFA_REQUIRED,test_fixture,"[""required-action"", { status: 403, code: ""MFA_REQUIRED"" }],"
tests/foundation/i18n-foundation.test.ts,18,entity,entity_literal_reference,principal,test_fixture,"const localization = createEffectiveLocalization({ uiLocale: ""ar-SA"", formatLocale: ""ar-SA"", timeZone: ""Asia/Riyadh"", weekStart: 0, weekendDays: [5, 6], source: { uiLocale: ""principal"", formatLocale: ""principal"" } });"
tests/foundation/neon-scope-adapters.test.ts,12,entity,entity_literal_reference,supplier,test_fixture,"""supplier"","
tests/foundation/neon-scope-adapters.test.ts,20,entity,entity_literal_reference,supplier,test_fixture,"partnerRole: ""supplier"","
tests/foundation/neon-scope-adapters.test.ts,28,entity,entity_literal_reference,supplier,test_fixture,"partnerRole: ""supplier"","
tests/foundation/neon-scope-adapters.test.ts,36,entity,entity_literal_reference,supplier,test_fixture,"partnerRole: ""supplier"","
tests/foundation/neon-scope-adapters.test.ts,43,entity,entity_literal_reference,supplier,test_fixture,"partnerRole: ""supplier"","
tests/foundation/neon-work-context-state.test.ts,278,entity,entity_literal_reference,principal,test_fixture,"const store = contextPreferenceStore(""tenant"", ""principal"");"
tests/foundation/reference-choice-policy.test.ts,29,entity,entity_literal_reference,country,test_fixture,"key: ""country"","
tests/foundation/reference-choice-policy.test.ts,30,entity,entity_literal_reference,country,test_fixture,"valueKey: ""country"","
tests/foundation/reference-choice-policy.test.ts,57,entity,entity_property_literal,business_partner,test_fixture,"entity: { entityCode: ""business_partner"" },"
tests/foundation/reference-history-store.test.ts,34,entity,entity_literal_reference,country,test_fixture,"""country"","
tests/foundation/reference-history-store.test.ts,90,entity,entity_literal_reference,country,test_fixture,"store.refresh(""country"", async (current) => {"
tooling/config/playwright.config.ts,114,mfa,mfa_identifier_reference,formFactor,tooling_operations,"metadata: { plane, formFactor: ""desktop"" },"
tooling/config/playwright.config.ts,125,mfa,mfa_identifier_reference,formFactor,tooling_operations,"metadata: { plane, formFactor: ""mobile"" },"
tooling/scripts/iam/verify-federated-assurance.ts,70,mfa,mfa_literal_or_route,athyper.mfa_source,tooling_operations,"""athyper.mfa_source"","
tooling/scripts/iam/verify-federated-assurance.ts,82,mfa,mfa_literal_or_route,admin-mfa-required,tooling_operations,"const admin = realm.authenticationFlows?.find((entry) => entry.alias === ""admin-mfa-required"");"
tooling/scripts/iam/verify-federated-assurance.ts,83,mfa,mfa_literal_or_route,admin-mfa-required flow is missing,tooling_operations,"if (!admin) fail(""admin-mfa-required flow is missing"");"
tooling/scripts/iam/verify-federated-assurance.ts,84,mfa,mfa_literal_or_route,admin-mfa-required second factor,tooling_operations,"const secondFactor = realm.authenticationFlows?.find((entry) => entry.alias === ""admin-mfa-required second factor"");"
tooling/scripts/iam/verify-federated-assurance.ts,85,mfa,mfa_literal_or_route,admin-mfa-required second factor flow is missing,tooling_operations,"if (!secondFactor) fail(""admin-mfa-required second factor flow is missing"");"
tooling/scripts/iam/verify-federated-assurance.ts,88,mfa,mfa_literal_or_route,admin-mfa-required second factor,tooling_operations,"&& entry.flowAlias === ""admin-mfa-required second factor"""
tooling/scripts/iam/verify-mfa-authority.ts,22,mfa,mfa_literal_or_route,`${label} still contains retired local MFA authority: ${text}`,tooling_operations,if (contents.includes(text)) throw new Error(`${label} still contains retired local MFA authority: ${text}`);
tooling/scripts/iam/verify-mfa-authority.ts,26,mfa,mfa_identifier_reference,mfaRoute,tooling_operations,"const [mfaRoute, realmText, sessionPlane, authBff, authEnvironment, trustedDeviceContract, authFoundationContract, runtimeIam, otpFactory, stepUpCondition] = await Promise.all(["
tooling/scripts/iam/verify-mfa-authority.ts,26,mfa,mfa_identifier_reference,stepUpCondition,tooling_operations,"const [mfaRoute, realmText, sessionPlane, authBff, authEnvironment, trustedDeviceContract, authFoundationContract, runtimeIam, otpFactory, stepUpCondition] = await Promise.all(["
tooling/scripts/iam/verify-mfa-authority.ts,27,mfa,mfa_literal_or_route,apps/neon/app/api/auth/mfa/verify/route.ts,tooling_operations,"source(""apps/neon/app/api/auth/mfa/verify/route.ts""),"
tooling/scripts/iam/verify-mfa-authority.ts,35,mfa,mfa_literal_or_route,deploy/config/iam/extensions/iam-presentation-context/src/main/java/com/athyper/iam/presentation/IamPresentationOtpFormFactory.java,tooling_operations,"source(""deploy/config/iam/extensions/iam-presentation-context/src/main/java/com/athyper/iam/presentation/IamPresentationOtpFormFactory.java""),"
tooling/scripts/iam/verify-mfa-authority.ts,36,mfa,mfa_literal_or_route,deploy/config/iam/extensions/iam-presentation-context/src/main/java/com/athyper/iam/presentation/IamMfaStepUpCondition.java,tooling_operations,"source(""deploy/config/iam/extensions/iam-presentation-context/src/main/java/com/athyper/iam/presentation/IamMfaStepUpCondition.java""),"
tooling/scripts/iam/verify-mfa-authority.ts,39,mfa,mfa_identifier_reference,mfaRoute,tooling_operations,const routeCode = executable(mfaRoute);
tooling/scripts/iam/verify-mfa-authority.ts,42,mfa,mfa_identifier_reference,stepUpConditionCode,tooling_operations,const stepUpConditionCode = executable(stepUpCondition);
tooling/scripts/iam/verify-mfa-authority.ts,42,mfa,mfa_identifier_reference,stepUpCondition,tooling_operations,const stepUpConditionCode = executable(stepUpCondition);
tooling/scripts/iam/verify-mfa-authority.ts,44,mfa,mfa_literal_or_route,MFA route delegates to the BFF,tooling_operations,"requireText(""MFA route delegates to the BFF"", routeCode, ""auth.mfaVerify"");"
tooling/scripts/iam/verify-mfa-authority.ts,44,mfa,mfa_literal_or_route,auth.mfaVerify,tooling_operations,"requireText(""MFA route delegates to the BFF"", routeCode, ""auth.mfaVerify"");"
tooling/scripts/iam/verify-mfa-authority.ts,45,mfa,mfa_literal_or_route,Neon/Mesh organization MFA flow,tooling_operations,"requireText(""Neon/Mesh organization MFA flow"", realmText, '""flowAlias"": ""athyper-user-plane-step-up-2fa""');"
tooling/scripts/iam/verify-mfa-authority.ts,45,mfa,mfa_literal_or_route,"""flowAlias"": ""athyper-user-plane-step-up-2fa""",tooling_operations,"requireText(""Neon/Mesh organization MFA flow"", realmText, '""flowAlias"": ""athyper-user-plane-step-up-2fa""');"
tooling/scripts/iam/verify-mfa-authority.ts,49,mfa,mfa_literal_or_route,Fresh step-up condition,tooling_operations,"requireText(""Fresh step-up condition"", stepUpConditionCode, ""OIDCLoginProtocol.MAX_AGE_PARAM"");"
tooling/scripts/iam/verify-mfa-authority.ts,49,mfa,mfa_identifier_reference,stepUpConditionCode,tooling_operations,"requireText(""Fresh step-up condition"", stepUpConditionCode, ""OIDCLoginProtocol.MAX_AGE_PARAM"");"
tooling/scripts/iam/verify-mfa-authority.ts,50,mfa,mfa_literal_or_route,BFF step-up transaction marker,tooling_operations,"requireText(""BFF step-up transaction marker"", authBffCode, 'purpose: ""step_up""');"
tooling/scripts/iam/verify-mfa-authority.ts,50,mfa,mfa_literal_or_route,"purpose: ""step_up""",tooling_operations,"requireText(""BFF step-up transaction marker"", authBffCode, 'purpose: ""step_up""');"
tooling/scripts/iam/verify-mfa-authority.ts,53,mfa,mfa_literal_or_route,BFF issuer-derived MFA proof,tooling_operations,"requireText(""BFF issuer-derived MFA proof"", authBffCode, ""validateStepUpAssurance(identity)"");"
tooling/scripts/iam/verify-mfa-authority.ts,53,mfa,mfa_literal_or_route,validateStepUpAssurance(identity),tooling_operations,"requireText(""BFF issuer-derived MFA proof"", authBffCode, ""validateStepUpAssurance(identity)"");"
tooling/scripts/iam/verify-mfa-authority.ts,54,mfa,mfa_literal_or_route,rejects password-only step-up tokens,tooling_operations,"requireText(""Password-only proof rejection contract"", authFoundationContract, ""rejects password-only step-up tokens"");"
tooling/scripts/iam/verify-mfa-authority.ts,59,mfa,mfa_literal_or_route,Trusted-device runtime MFA proof,tooling_operations,"requireText(""Trusted-device runtime MFA proof"", runtimeIam, ""hasSecondFactor(context.authenticationMethods)"");"
tooling/scripts/iam/verify-mfa-authority.ts,68,mfa,mfa_literal_or_route,/iam/mfa/webauthn/assert,tooling_operations,"""/iam/mfa/webauthn/assert"","
tooling/scripts/iam/verify-mfa-authority.ts,73,mfa,mfa_literal_or_route,MFA implementation,tooling_operations,"forbidText(""MFA implementation"", routeCode + authBffCode + authEnvironment, retired);"
tooling/scripts/iam/verify-mfa-authority.ts,91,mfa,mfa_identifier_reference,assuranceScope,tooling_operations,"const assuranceScope = realm.clientScopes?.find((scope) => scope.name === ""acr"");"
tooling/scripts/iam/verify-mfa-authority.ts,92,mfa,mfa_identifier_reference,assuranceScope,tooling_operations,"const amrMapper = assuranceScope?.protocolMappers?.find((mapper) => mapper.protocolMapper === ""oidc-amr-mapper"");"
tooling/scripts/iam/verify-mfa-authority.ts,103,mfa,mfa_literal_or_route,athyper-user-plane-step-up-2fa,tooling_operations,"execution.flowAlias === ""athyper-user-plane-step-up-2fa"" && execution.requirement === ""CONDITIONAL"")) {"
tooling/scripts/iam/verify-mfa-authority.ts,104,mfa,mfa_literal_or_route,User-plane browser flow is not protected by the organization-driven fresh-MFA subflow.,tooling_operations,"throw new Error(""User-plane browser flow is not protected by the organization-driven fresh-MFA subflow."");"
tooling/scripts/iam/verify-mfa-authority.ts,106,mfa,mfa_identifier_reference,userStepUp,tooling_operations,"const userStepUp = realm.authenticationFlows?.find((flow) => flow.alias === ""athyper-user-plane-step-up-2fa"");"
tooling/scripts/iam/verify-mfa-authority.ts,106,mfa,mfa_literal_or_route,athyper-user-plane-step-up-2fa,tooling_operations,"const userStepUp = realm.authenticationFlows?.find((flow) => flow.alias === ""athyper-user-plane-step-up-2fa"");"
tooling/scripts/iam/verify-mfa-authority.ts,107,mfa,mfa_identifier_reference,userStepUp,tooling_operations,if (!userStepUp?.authenticationExecutions?.some((execution) =>
tooling/scripts/iam/verify-mfa-authority.ts,108,mfa,mfa_literal_or_route,athyper-mfa-step-up-condition,tooling_operations,"execution.authenticator === ""athyper-mfa-step-up-condition"" && execution.requirement === ""REQUIRED"")) {"
tooling/scripts/iam/verify-mfa-authority.ts,109,mfa,mfa_literal_or_route,User-plane MFA subflow does not require the fresh step-up condition.,tooling_operations,"throw new Error(""User-plane MFA subflow does not require the fresh step-up condition."");"
tooling/scripts/iam/verify-mfa-authority.ts,111,mfa,mfa_identifier_reference,userStepUp,tooling_operations,if (!userStepUp?.authenticationExecutions?.some((execution) =>
tooling/scripts/iam/verify-mfa-authority.ts,115,mfa,mfa_literal_or_route,User-plane MFA subflow does not challenge or enroll OTP.,tooling_operations,"throw new Error(""User-plane MFA subflow does not challenge or enroll OTP."");"
tooling/scripts/iam/verify-mfa-authority.ts,117,mfa,mfa_literal_or_route,admin-mfa-required,tooling_operations,"const adminFlow = realm.authenticationFlows?.find((flow) => flow.alias === ""admin-mfa-required"");"
tooling/scripts/iam/verify-mfa-authority.ts,118,mfa,mfa_literal_or_route,admin-mfa-required second factor,tooling_operations,"if (!adminFlow?.authenticationExecutions?.some((execution) => execution.flowAlias === ""admin-mfa-required second factor"" && execution.requirement === ""REQUIRED"")) {"
tooling/scripts/iam/verify-mfa-authority.ts,121,mfa,mfa_literal_or_route,admin-mfa-required second factor,tooling_operations,"const adminSecondFactor = realm.authenticationFlows?.find((flow) => flow.alias === ""admin-mfa-required second factor"");"
tooling/scripts/iam/verify-mfa-authority.ts,129,mfa,mfa_literal_or_route,Keycloak MFA authority contracts verified.,tooling_operations,"console.log(""Keycloak MFA authority contracts verified."");"
tooling/scripts/iam/verify-testing-foundation.ts,36,mfa,mfa_literal_or_route,insufficient-mfa-assurance,tooling_operations,"""insufficient-mfa-assurance"","
tooling/scripts/iam/verify-testing-foundation.ts,40,mfa,mfa_literal_or_route,step-up,tooling_operations,"""step-up"","
tooling/scripts/iam/verify-testing-foundation.ts,49,mfa,mfa_literal_or_route,step-up-binding,tooling_operations,"[""step-up-binding"", ""server/packages/services/iam/mfa/__tests__/step-up.service.test.ts""],"
tooling/scripts/iam/verify-testing-foundation.ts,49,mfa,mfa_literal_or_route,server/packages/services/iam/mfa/__tests__/step-up.service.test.ts,tooling_operations,"[""step-up-binding"", ""server/packages/services/iam/mfa/__tests__/step-up.service.test.ts""],"
tooling/scripts/iam/verify-testing-foundation.ts,109,mfa,mfa_identifier_reference,assurance,tooling_operations,"const [boundary, assurance, stepUp, providers, sessions, neonFlow, meshFlow] = await Promise.all("
tooling/scripts/iam/verify-testing-foundation.ts,109,mfa,mfa_identifier_reference,stepUp,tooling_operations,"const [boundary, assurance, stepUp, providers, sessions, neonFlow, meshFlow] = await Promise.all("
tooling/scripts/iam/verify-testing-foundation.ts,116,mfa,mfa_identifier_reference,assurance,tooling_operations,"[""federated assurance"", assurance, ""does not trust an unrecognized or stale external MFA signal""],"
tooling/scripts/iam/verify-testing-foundation.ts,116,mfa,mfa_literal_or_route,does not trust an unrecognized or stale external MFA signal,tooling_operations,"[""federated assurance"", assurance, ""does not trust an unrecognized or stale external MFA signal""],"
tooling/scripts/iam/verify-testing-foundation.ts,117,mfa,mfa_literal_or_route,Admin MFA boundary,tooling_operations,"[""Admin MFA boundary"", assurance, ""keeps external MFA from satisfying Admin""],"
tooling/scripts/iam/verify-testing-foundation.ts,117,mfa,mfa_identifier_reference,assurance,tooling_operations,"[""Admin MFA boundary"", assurance, ""keeps external MFA from satisfying Admin""],"
tooling/scripts/iam/verify-testing-foundation.ts,117,mfa,mfa_literal_or_route,keeps external MFA from satisfying Admin,tooling_operations,"[""Admin MFA boundary"", assurance, ""keeps external MFA from satisfying Admin""],"
tooling/scripts/iam/verify-testing-foundation.ts,118,mfa,mfa_literal_or_route,step-up binding,tooling_operations,"[""step-up binding"", stepUp, ""does not replay an elevation across session, tenant, or action class""],"
tooling/scripts/iam/verify-testing-foundation.ts,118,mfa,mfa_identifier_reference,stepUp,tooling_operations,"[""step-up binding"", stepUp, ""does not replay an elevation across session, tenant, or action class""],"
tooling/scripts/iam/verify-testing-foundation.ts,119,mfa,mfa_literal_or_route,external MFA step-up boundary,tooling_operations,"[""external MFA step-up boundary"", stepUp, ""does not treat external IdP MFA as Athyper step-up""],"
tooling/scripts/iam/verify-testing-foundation.ts,119,mfa,mfa_identifier_reference,stepUp,tooling_operations,"[""external MFA step-up boundary"", stepUp, ""does not treat external IdP MFA as Athyper step-up""],"
tooling/scripts/iam/verify-testing-foundation.ts,119,mfa,mfa_literal_or_route,does not treat external IdP MFA as Athyper step-up,tooling_operations,"[""external MFA step-up boundary"", stepUp, ""does not treat external IdP MFA as Athyper step-up""],"
tooling/scripts/verification/appearance-browser-entry.tsx,8,mfa,mfa_identifier_reference,assurance,tooling_operations,"const session: SanitizedSession = { schemaVersion: 1, state: ""authenticated"", plane: ""neon"", realmKey: ""athyper"", tenantId: ""tenant-a"", principalId: ""principal-a"", authEpoch: 1, sessionVersion: 1, configurationRevision: ""1"", expiresAt: ""2099-08-12T12:00:00.000Z"", idleExpiresAt: ""2099-08-12T12:00:00.000Z"", absoluteExpiresAt: ""2099-08-12T18:00:00.000Z"", assurance: ""baseline"", requiredActions: [], allowedNextActions: [] };"
tooling/scripts/verification/appearance-browser-entry.tsx,8,mfa,assurance_literal,baseline,tooling_operations,"const session: SanitizedSession = { schemaVersion: 1, state: ""authenticated"", plane: ""neon"", realmKey: ""athyper"", tenantId: ""tenant-a"", principalId: ""principal-a"", authEpoch: 1, sessionVersion: 1, configurationRevision: ""1"", expiresAt: ""2099-08-12T12:00:00.000Z"", idleExpiresAt: ""2099-08-12T12:00:00.000Z"", absoluteExpiresAt: ""2099-08-12T18:00:00.000Z"", assurance: ""baseline"", requiredActions: [], allowedNextActions: [] };"
tooling/scripts/verification/entity-route-admission.test.ts,6,permission,literal_permission_candidate,example.view,test_fixture,"permissions: [""example.view""], features: {}, entityRoutes: [{ entityCode: ""example_dictionary"", releaseId: ""release"", operation: ""list"", permissionCode: ""example.view"", moduleCode: ""reference"", workspaceCode: ""platform"" }] };"
tooling/scripts/verification/entity-section-component.test.ts,9,entity,entity_literal_reference,address,test_fixture,"const sections = [{key:""address"",label:""Address"",fields:[""country_code"",""city""],component}];"
tooling/scripts/verification/entity-section-component.test.ts,23,entity,entity_literal_reference,address,test_fixture,"const presentation = parseEntityRecordPresentation({schemaVersion:1,titleField:""city"",sections:[{key:""address"",label:""Address"",fields:[""city"",""country_code""],component}]});"
tooling/scripts/verification/localized-reference-fixture.ts,29,entity,entity_literal_reference,country,tooling_operations,"return service.detailDescriptor(context,""country"");"
tooling/scripts/verification/localized-reference-fixture.ts,33,entity,entity_literal_reference,country,tooling_operations,"return service.descriptor(context,""country"");"
tooling/scripts/verification/neon-context-browser-entry.tsx,27,mfa,mfa_identifier_reference,assurance,tooling_operations,"assurance: ""baseline"","
tooling/scripts/verification/neon-context-browser-entry.tsx,27,mfa,assurance_literal,baseline,tooling_operations,"assurance: ""baseline"","
tooling/scripts/verification/notification-controls-fixture.tsx,12,permission,literal_permission_candidate,notifications.delivery.read,tooling_operations,"[""notifications.delivery.read"", ""notifications.delivery.replay""].includes("
tooling/scripts/verification/notification-controls-fixture.tsx,12,permission,literal_permission_candidate,notifications.delivery.replay,tooling_operations,"[""notifications.delivery.read"", ""notifications.delivery.replay""].includes("
tooling/scripts/verification/prepare-atlas-controlled-benchmark.test.ts,8,entity,entity_property_literal,sample,test_fixture,"entityCode: ""sample"","
tooling/scripts/verification/render-boundary-fixture.tsx,8,mfa,mfa_literal_or_route,MFA_REQUIRED,tooling_operations,"""required-action"": { status: 403, code: ""MFA_REQUIRED"" },"
tooling/scripts/verification/shell-browser-entry.tsx,8,entity,entity_literal_reference,country,tooling_operations,"const route = Object.freeze({ id: ""fixture.home"", moduleCode: ""acc"", entities: [{ code: ""country"", name: ""Countries"" }], href: ""/"" as const, label: ""General Ledger"", iconKey: ""home"", requiredPermissions: [], requiredFeatures: [], navigation: ""primary"" as const, workspaceCode: ""fin"", workspaceName: ""Finance"", moduleName: ""General Ledger"", sortOrder: 1 });"
tooling/scripts/verification/shell-browser-entry.tsx,22,entity,embedded_entity_route_or_publication,/app/entity/principal/me,tooling_operations,"createRoot(document.getElementById(""root"")!).render(<FixtureShell principalId=""fixture-user"" applicationName={params.get(""plane"") ?? ""Athyper Test""} planeDescriptor=""Fixture workspace"" planeWordmarkSrc=""/brand/neon/identity-lockup.svg"" persistentDesktopBrand={desktopBrand} tenantId=""tenant-alpha"" tenantLabel=""Tenant Alpha"" tenantSecondaryLabel=""ALPHA"" accountLabel=""User One"" accountInitials=""UO"" accountLoginId=""user.one"" {...(params.has(""noEmail"""
tooling/scripts/verification/ui-baseline-entry.tsx,296,entity,entity_literal_reference,country,tooling_operations,"code: ""country"","
tooling/scripts/verification/ui-baseline-entry.tsx,545,entity,entity_property_literal,business_partner,tooling_operations,"access: ""read"", risk: ""low"", autonomyDecision: ""assist"", affectedEntityType: ""business_partner"","
tooling/scripts/verification/ui-baseline-entry.tsx,550,entity,entity_property_literal,country,tooling_operations,"const citation = { entityCode: ""country"", recordId: ""AF"", revision: ""r3"", descriptorHash: ""h"", toolCode: ""entity_read_comments"" };"
tooling/scripts/verification/ui-baseline-entry.tsx,620,entity,embedded_entity_route_or_publication,/app/entity/country,tooling_operations,"currentPath=""/app/entity/country"""
tooling/scripts/verification/ui-baseline-entry.tsx,679,entity,embedded_entity_route_or_publication,/app/entity/country/AF,tooling_operations,"{ id: ""/app/entity/country/AF"", href: ""/app/entity/country/01a0d433-806b-7874-862d-49a9b955f6a1"", label: ""Afghanistan"", kind: ""record"", visitedAt: now },"
tooling/scripts/verification/ui-baseline-entry.tsx,679,entity,embedded_entity_route_or_publication,/app/entity/country/01a0d433-806b-7874-862d-49a9b955f6a1,tooling_operations,"{ id: ""/app/entity/country/AF"", href: ""/app/entity/country/01a0d433-806b-7874-862d-49a9b955f6a1"", label: ""Afghanistan"", kind: ""record"", visitedAt: now },"
tooling/scripts/verification/ui-baseline-entry.tsx,680,entity,embedded_entity_route_or_publication,/app/entity/currency/MYR,tooling_operations,"{ id: ""/app/entity/currency/MYR"", href: ""/app/entity/currency/02b0d433-806b-7874-862d-49a9b955f6a2"", label: ""Malaysian Ringgit"", kind: ""record"", visitedAt: now },"
tooling/scripts/verification/ui-baseline-entry.tsx,680,entity,embedded_entity_route_or_publication,/app/entity/currency/02b0d433-806b-7874-862d-49a9b955f6a2,tooling_operations,"{ id: ""/app/entity/currency/MYR"", href: ""/app/entity/currency/02b0d433-806b-7874-862d-49a9b955f6a2"", label: ""Malaysian Ringgit"", kind: ""record"", visitedAt: now },"
tooling/scripts/verification/ui-baseline-entry.tsx,681,entity,embedded_entity_route_or_publication,/app/entity/business_partner/x,tooling_operations,"{ id: ""/app/entity/business_partner/x"", href: ""/app/entity/business_partner/03c0d433-806b-7874-862d-49a9b955f6a3"", label: ""Northwind Industrial"", kind: ""record"", visitedAt: now },"
tooling/scripts/verification/ui-baseline-entry.tsx,681,entity,embedded_entity_route_or_publication,/app/entity/business_partner/03c0d433-806b-7874-862d-49a9b955f6a3,tooling_operations,"{ id: ""/app/entity/business_partner/x"", href: ""/app/entity/business_partner/03c0d433-806b-7874-862d-49a9b955f6a3"", label: ""Northwind Industrial"", kind: ""record"", visitedAt: now },"
tooling/scripts/verification/ui-baseline-entry.tsx,713,entity,entity_literal_reference,locale,tooling_operations,"const surfaceLocale = new URLSearchParams(location.search).get(""locale"");"
tooling/scripts/verification/ui-baseline-entry.tsx,757,entity,entity_literal_reference,country,tooling_operations,"<EntityListRuntime client={listClient as never} entityCode=""country"" contentOnly section={{ onSummary: setSummary }} />"
tooling/scripts/verification/ui-baseline-entry.tsx,767,entity,entity_literal_reference,country,tooling_operations,"<EntityListRuntime client={listClient as never} entityCode=""country"" />"
tooling/scripts/verification/ui-baseline-entry.tsx,781,permission,literal_permission_candidate,notifications.delivery.read,tooling_operations,"<PermissionProvider permissions={[""notifications.delivery.read"", ""notifications.delivery.replay""]}>"
tooling/scripts/verification/ui-baseline-entry.tsx,781,permission,literal_permission_candidate,notifications.delivery.replay,tooling_operations,"<PermissionProvider permissions={[""notifications.delivery.read"", ""notifications.delivery.replay""]}>"
