file,extension,scope,sha256,permission,entity,mfa,occurrences
apps/docs-external/.astro/content.d.ts,ts,declaration_generated,094e7176308235029a5914f7c0f3669d3258e8be9413121f02319b7b26473c3e,False,False,False,0
apps/docs-external/.astro/types.d.ts,ts,declaration_generated,38ea3df3779cce222cd51ba2c9dc9ac053a859208d3097aa3165f70c71517736,False,False,False,0
apps/docs-external/src/content.config.ts,ts,application_source,1f8b206b5f7c0afb44c3715a3fe79954b448885fe9e753ba372dddf1210ecfd5,False,False,False,0
apps/docs-external/src/env.d.ts,ts,declaration_generated,ee1bcd573388ebe3c72fcf392a19dc4603e40279a43b2d41a8a6b673a08b4116,False,False,False,0
apps/docs-internal/.astro/content.d.ts,ts,declaration_generated,094e7176308235029a5914f7c0f3669d3258e8be9413121f02319b7b26473c3e,False,False,False,0
apps/docs-internal/.astro/types.d.ts,ts,declaration_generated,38ea3df3779cce222cd51ba2c9dc9ac053a859208d3097aa3165f70c71517736,False,False,False,0
apps/docs-internal/src/content.config.ts,ts,application_source,1f8b206b5f7c0afb44c3715a3fe79954b448885fe9e753ba372dddf1210ecfd5,False,False,False,0
apps/docs-internal/src/env.d.ts,ts,declaration_generated,ee1bcd573388ebe3c72fcf392a19dc4603e40279a43b2d41a8a6b673a08b4116,False,False,False,0
apps/mesh/app/(public)/auth/required-action/page.tsx,tsx,application_source,b51a472faa7f80be6d3e969957409c9e0c27aa8cd0f706246ce26394e08216ad,False,False,False,0
apps/mesh/app/(public)/loading.tsx,tsx,application_source,8461da024fc2c425090b05e7d64408f5062d823ccbed1483706e86e78a21a6e3,False,False,False,0
apps/mesh/app/(public)/logout/page.tsx,tsx,application_source,3776c10842a1f6fe010a3d559d8aa86998b2d7dea6ceb33027d80a8ae1aca1fa,False,False,False,0
apps/mesh/app/(public)/select-context/page.tsx,tsx,application_source,08afac210d2ab7bea269967ebfc147a3c2a69d8f23d6645701015609175f3bf7,False,False,False,0
apps/mesh/app/(public)/sign-in/page.tsx,tsx,application_source,4d75d7345a81c9077f65cfb59ee08c08583e2cb5175bcb40d6bd95787e63cd4d,False,False,False,0
apps/mesh/app/(shell)/[workspaceSlug]/[moduleSlug]/page.tsx,tsx,application_source,962f12398441ffdce454080017663c7eee2033c43d7f295b1a2d42cb47399ef4,False,False,False,0
apps/mesh/app/(shell)/[workspaceSlug]/page.tsx,tsx,application_source,cbbddd8f9fcbd98d0ec6fd3fa0cce49bd228be9e5141a02b48ceaec628199bdb,False,False,False,0
apps/mesh/app/(shell)/app/entity/[entityCode]/[[...segments]]/page.tsx,tsx,application_source,7056f613f81f5637c3f7ac5f648183a988669007c2d37a2934660fa83b1464f2,False,False,False,0
apps/mesh/app/(shell)/atlas/page.tsx,tsx,application_source,be7f0160cd7f575712f84099409ad507cf19a57bbad322a8c6dea835efb87434,False,False,False,0
apps/mesh/app/(shell)/error.tsx,tsx,application_source,8d91b5c8027644627844c352010cb95dc0e8ef2e3ee9e3fe5b9c85937e35d454,False,False,False,0
apps/mesh/app/(shell)/home/page.tsx,tsx,application_source,ad5da44e7fca86aab2be3bc4e658a74cabea2caee772f31e21f444edade5d836,False,False,False,0
apps/mesh/app/(shell)/inbox/page.tsx,tsx,application_source,636595a66118baf3d46ae54f93e9cb218338e7e99ef3b6361a7b89a807157972,False,False,False,0
apps/mesh/app/(shell)/layout.tsx,tsx,application_source,6ca42e3553490d15762b253678c4753fbd42d5c933c286489239ae2981869c5a,False,False,False,0
apps/mesh/app/(shell)/loading.tsx,tsx,application_source,c45783e88fb77285142b3d226d630301ccedd8d7a7af3702f5ca9eab3618f53f,False,False,False,0
apps/mesh/app/(shell)/network-relationships/marketplace/buyer-discovery/page.tsx,tsx,application_source,6c1d9d07caf46a18467a0fdcfa98b2e0683e7762ce03c024c8f4ba738790d78b,False,False,False,0
apps/mesh/app/(shell)/not-found.tsx,tsx,application_source,a73f50b3772485cc2c7791c2e9f902751259d8e13f8f68c6bd23b6242c7b2c51,False,False,False,0
apps/mesh/app/(shell)/notifications/page.tsx,tsx,application_source,8e6a859b87f9e9af73f6d4d46e7db659a6bf3d03b20a9d74b011978ca3ea6455,False,False,False,0
apps/mesh/app/(shell)/operations/data-transfers/new/page.tsx,tsx,application_source,4de45a51a867e05311570c9c552ce15cffd0fb69969098f565b744dac9f444a8,False,False,False,0
apps/mesh/app/(shell)/operations/data-transfers/page.tsx,tsx,application_source,bc6d983d1fa11800caf4727714dd81dc87bfeafae95dbbcb293b1d662dc6e57e,False,False,False,0
apps/mesh/app/(shell)/page.tsx,tsx,application_source,8240c0e07ed42e12f4a6e3f14c994e20522b998fb2b7419420acc1b115f6a296,False,False,False,0
apps/mesh/app/api/auth/backchannel-logout/route.ts,ts,application_source,25cf50cf8377232af1821280fc90aba3605984e8594787740910813f652ac2f3,False,False,False,0
apps/mesh/app/api/auth/callback/route.ts,ts,application_source,a1ed39e914eb1992f6e8cc7445d925f8d276f3db51d35187b4d19edfa08e61f8,False,False,False,0
apps/mesh/app/api/auth/contexts/route.ts,ts,application_source,bdd57a55377ddb5e502c76601c34d2a0d5ec06641b45c62cf6cd1db296508b73,False,False,False,0
apps/mesh/app/api/auth/login/route.ts,ts,application_source,c1f9f7196298172d6dc7acae11a1400dc26fda7ca9d8d7460a977fc2c4762f80,False,False,False,0
apps/mesh/app/api/auth/logout/callback/route.ts,ts,application_source,02468f65086ef71f7a84e643c03990769e377c3ee3f26fed1c5effe430c1be30,False,False,False,0
apps/mesh/app/api/auth/logout/route.ts,ts,application_source,ff1d14fc0102fec6d7fe0b5b6b82b3a7c8aee4186e79e22ab5435f489b11a093,False,False,False,0
apps/mesh/app/api/auth/mfa/verify/route.ts,ts,application_source,ffaecf279a58bc6ca5e31e30fcea73a7f9e702d6e868f8ab2c3e4750d3af629f,False,False,True,1
apps/mesh/app/api/auth/refresh/route.ts,ts,application_source,ff7d05726eaed5fdc5854895b5ea1e30217da4cb7ffc3cc79a803c73617de1cc,False,False,False,0
apps/mesh/app/api/auth/session/context/route.ts,ts,application_source,8aa5f217d8b4d5ba94e2f24f908ee32224a3e89234a9e7417132ed6d99b58ba3,False,False,False,0
apps/mesh/app/api/auth/session/route.ts,ts,application_source,b7a42e192680166fc714ac5f305a1fe0bd08058c553a9918de543c7415776423,False,False,False,0
apps/mesh/app/api/auth/step-up/start/route.ts,ts,application_source,76062f0a47f74a42befc04e9e05372aa8ccc87163084dded8520c0a4fe8b95c9,False,False,True,1
apps/mesh/app/api/auth/touch/route.ts,ts,application_source,f5618758c529e35590d56879e50b9f87f9cab03c1c44349b343a4a7007777f9b,False,False,False,0
apps/mesh/app/api/relay/[...path]/route.ts,ts,application_source,29507b0e6151addbb6d500255ed090b22d8f74cd1e697961743eed8b2f8681a0,False,False,False,0
apps/mesh/app/error.tsx,tsx,application_source,294cfb0a11e2b003fb269a6ac8db345db3cf748443dadf4b27fa11cbca8d8bc0,False,False,False,0
apps/mesh/app/global-error.tsx,tsx,application_source,23c4a687845972e8bdbb27f17333b0f620e85fd20d23407a05f58badf3057459,False,False,False,0
apps/mesh/app/layout.tsx,tsx,application_source,b46520f5ea01f426b5dd11e894ebd00d791132ac54ca8d0b5c5f24e748739f4e,False,False,False,0
apps/mesh/app/livez/route.ts,ts,application_source,43b0cb308d8faca042e090160baed71aecb656985be713d870243b189251cdf0,False,False,False,0
apps/mesh/app/loading.tsx,tsx,application_source,4d2de39dc5e3e62b47ece5ee0a9a06f91a2e207e3f7e1fdf06db93395db17e14,False,False,False,0
apps/mesh/app/not-found.tsx,tsx,application_source,ee64449078b7590a4653af1d3128740e3cf976ba878ba27711550f499cd7676d,False,False,False,0
apps/mesh/app/notification-sw.js/route.ts,ts,application_source,16e8a5821acc93672fcf4bffdbf2a66998098007534ea855db3070ac2e1f178c,False,False,False,0
apps/mesh/app/providers.tsx,tsx,application_source,79d8a46954c4262524af4976bed5c3e11645266ea2a66588304cf20075c731d4,False,False,False,0
apps/mesh/app/readyz/route.ts,ts,application_source,c5e7dbeba31935f5e10ac2e7ef62795338046922b82d827e9335df7129392994,False,False,False,0
apps/mesh/instrumentation.ts,ts,application_source,f2d3273d6dc31baf477ecaedd38c9303a69de65c491e54539108d25d8c62396c,False,False,False,0
apps/mesh/lib/auth.ts,ts,application_source,c054e7dc5b831d47a203c70bc9268ee8f99d9105a96e14a72e1ac267e42ccd08,False,False,False,0
apps/mesh/lib/bootstrap.ts,ts,application_source,345463437a530857fb105eb75223183226367bfc9adce7edcf2595a33a49990c,False,False,False,0
apps/mesh/lib/catalog-routes.ts,ts,application_source,966758748fa1f6d20fee415ee4798a45aa9e0b1f5baefc65a44373e43bc76cb4,False,False,False,0
apps/mesh/lib/environment.ts,ts,application_source,449f79d77961419a85b64020b20da6457092539759b8ae3002f2fc7766bff3f3,False,False,False,0
apps/mesh/lib/experience-runtime.tsx,tsx,application_source,9f90082f5bdfa8191a97bc6b07f62842e2b3cab0bf534f0614bf36774679838e,False,False,False,0
apps/mesh/lib/relay.ts,ts,application_source,00cb97e63bd594a714185a1c10242a2e9293f251e91e49c18452cc5b00d2037a,False,False,False,0
apps/mesh/next-env.d.ts,ts,declaration_generated,0f70629890b72a0a82e91972cc032c04b658b26c265373cb711cf576bfbf8fcc,False,False,False,0
apps/mesh/next.config.ts,ts,application_source,4bf04aad34fe7b0e36d28c17d9c4c3bf873facf9d50794a9ea29efb40fefa698,False,False,False,0
apps/mesh/proxy.ts,ts,application_source,5912e5c8361eec7b71bcba2014f5818f89fef71f441f9780797de0a1cd2769ea,False,False,False,0
apps/neon/app/(public)/loading.tsx,tsx,application_source,5fb354f619b7cbea26f670b76a6d5f8625be632d807cd16396ff1c5571f9b1b4,False,False,False,0
apps/neon/app/(public)/logout/page.tsx,tsx,application_source,ebf7dd7578ebb664974d71b2e3ffccf6e09088ae021fe08eba5e2975d63168d7,False,False,False,0
apps/neon/app/(public)/select-context/page.tsx,tsx,application_source,902682c7cf915b229991c1b913dfc0954d4268db36f26c877e7cc7e810c6aa28,False,False,False,0
apps/neon/app/(public)/sign-in/page.tsx,tsx,application_source,4551084c348786d507e60a589aabf248fe8e037127b447e70e329c460c8f33cd,False,False,False,0
apps/neon/app/(shell)/[workspaceSlug]/[moduleSlug]/[[...segments]]/page.tsx,tsx,application_source,758d8a144fc2f5db850b1891dbfb245ba3812107ad0db19d9e72d628d016a635,False,False,False,0
apps/neon/app/(shell)/[workspaceSlug]/page.tsx,tsx,application_source,79d41bf3fb601a691711775656899b4bfb3de7e771c167e7ab2cd4e203422c4c,False,False,False,0
apps/neon/app/(shell)/app/entity/[entityCode]/[[...segments]]/page.tsx,tsx,application_source,82a078886b87055e26520c1ddc69082b3b6566b6796d9906685b7b554d259765,False,False,False,0
apps/neon/app/(shell)/atlas/page.tsx,tsx,application_source,dc86cb2fb79c6f309daa0c249f089b2fbf4dbc7d3950dfe83fbb48d45873fb9e,False,False,False,0
apps/neon/app/(shell)/error.tsx,tsx,application_source,8b86edd5f6287643d75df4798f0198696c4dcac24dbeff09a41f3df47ad2f809,False,False,False,0
apps/neon/app/(shell)/home/page.tsx,tsx,application_source,b665abf00282c292f3f897a0acb82c67c5bdff30bcfe611eb06b7f3c51ff472c,False,False,False,0
apps/neon/app/(shell)/inbox/page.tsx,tsx,application_source,636595a66118baf3d46ae54f93e9cb218338e7e99ef3b6361a7b89a807157972,False,False,False,0
apps/neon/app/(shell)/layout.tsx,tsx,application_source,c332f5caf2fed61273e83ce535781cc00573dd195c8d9a67abf746107f2f94cb,False,False,False,0
apps/neon/app/(shell)/loading.tsx,tsx,application_source,2f275a9c91d9cb90502fe3da84fad6e92e4461d0ba379cece309656e6c3dedfe,False,False,False,0
apps/neon/app/(shell)/not-found.tsx,tsx,application_source,0ec73ee40b26e651983068cd135e6618f68484f020ef66b7d9946af44ee11330,False,False,False,0
apps/neon/app/(shell)/notifications/page.tsx,tsx,application_source,8e6a859b87f9e9af73f6d4d46e7db659a6bf3d03b20a9d74b011978ca3ea6455,False,False,False,0
apps/neon/app/(shell)/operations/data-transfers/new/page.tsx,tsx,application_source,4de45a51a867e05311570c9c552ce15cffd0fb69969098f565b744dac9f444a8,False,False,False,0
apps/neon/app/(shell)/operations/data-transfers/page.tsx,tsx,application_source,bc6d983d1fa11800caf4727714dd81dc87bfeafae95dbbcb293b1d662dc6e57e,False,False,False,0
apps/neon/app/(shell)/page.tsx,tsx,application_source,8240c0e07ed42e12f4a6e3f14c994e20522b998fb2b7419420acc1b115f6a296,False,False,False,0
apps/neon/app/api/auth/backchannel-logout/route.ts,ts,application_source,25cf50cf8377232af1821280fc90aba3605984e8594787740910813f652ac2f3,False,False,False,0
apps/neon/app/api/auth/callback/route.ts,ts,application_source,a1ed39e914eb1992f6e8cc7445d925f8d276f3db51d35187b4d19edfa08e61f8,False,False,False,0
apps/neon/app/api/auth/contexts/route.ts,ts,application_source,bdd57a55377ddb5e502c76601c34d2a0d5ec06641b45c62cf6cd1db296508b73,False,False,False,0
apps/neon/app/api/auth/login/route.ts,ts,application_source,c1f9f7196298172d6dc7acae11a1400dc26fda7ca9d8d7460a977fc2c4762f80,False,False,False,0
apps/neon/app/api/auth/logout/callback/route.ts,ts,application_source,02468f65086ef71f7a84e643c03990769e377c3ee3f26fed1c5effe430c1be30,False,False,False,0
apps/neon/app/api/auth/logout/route.ts,ts,application_source,ff1d14fc0102fec6d7fe0b5b6b82b3a7c8aee4186e79e22ab5435f489b11a093,False,False,False,0
apps/neon/app/api/auth/mfa/verify/route.ts,ts,application_source,ffaecf279a58bc6ca5e31e30fcea73a7f9e702d6e868f8ab2c3e4750d3af629f,False,False,True,1
apps/neon/app/api/auth/refresh/route.ts,ts,application_source,ff7d05726eaed5fdc5854895b5ea1e30217da4cb7ffc3cc79a803c73617de1cc,False,False,False,0
apps/neon/app/api/auth/session/context/route.ts,ts,application_source,8aa5f217d8b4d5ba94e2f24f908ee32224a3e89234a9e7417132ed6d99b58ba3,False,False,False,0
apps/neon/app/api/auth/session/route.ts,ts,application_source,b7a42e192680166fc714ac5f305a1fe0bd08058c553a9918de543c7415776423,False,False,False,0
apps/neon/app/api/auth/step-up/start/route.ts,ts,application_source,76062f0a47f74a42befc04e9e05372aa8ccc87163084dded8520c0a4fe8b95c9,False,False,True,1
apps/neon/app/api/auth/touch/route.ts,ts,application_source,f5618758c529e35590d56879e50b9f87f9cab03c1c44349b343a4a7007777f9b,False,False,False,0
apps/neon/app/api/relay/[...path]/route.ts,ts,application_source,29507b0e6151addbb6d500255ed090b22d8f74cd1e697961743eed8b2f8681a0,False,False,False,0
apps/neon/app/error.tsx,tsx,application_source,f135a735052c869aff330dba5413f15106d6782df889a16717b582aac1454bb7,False,False,False,0
apps/neon/app/global-error.tsx,tsx,application_source,b624df51d094b361b26acef5f18842e1812b944badb64493150a09671b77fbc5,False,False,False,0
apps/neon/app/layout.tsx,tsx,application_source,69b872db42d6cf4ca584a6b849aecbd0d69342a10ac3212717a25932a7ab4302,False,False,False,0
apps/neon/app/livez/route.ts,ts,application_source,bea76fb2c95c067592df6aee32b6acaff0af9c2d7c2973581973d1b4a97ce69f,False,False,False,0
apps/neon/app/loading.tsx,tsx,application_source,7b9013b0e50f311a3ef4f3ac5c318c4caf12a5fbacf275826a303ff987d60e8a,False,False,False,0
apps/neon/app/not-found.tsx,tsx,application_source,5c84c9fef9c05fcd8b0e000906a81c944655a3744c15eed5d3ec7f0bc62eef9b,False,False,False,0
apps/neon/app/notification-sw.js/route.ts,ts,application_source,16e8a5821acc93672fcf4bffdbf2a66998098007534ea855db3070ac2e1f178c,False,False,False,0
apps/neon/app/providers.tsx,tsx,application_source,79d8a46954c4262524af4976bed5c3e11645266ea2a66588304cf20075c731d4,False,False,False,0
apps/neon/app/readyz/route.ts,ts,application_source,214cc4cb0c10fbeef06fc5b4ba4ea818c569d26ef015fa15c4c71cb1e9b3e8a0,False,False,False,0
apps/neon/instrumentation.ts,ts,application_source,fdfeb70a2d42a6f2019d4932e6a8e0e6b900970fbdeac65367bff702c45797c3,False,False,False,0
apps/neon/lib/auth.ts,ts,application_source,3bd9aef22728dba3f55ccfa65bde491316cedceaa85cf8bd92f633ffb3995d6d,False,False,False,0
apps/neon/lib/bootstrap.ts,ts,application_source,345463437a530857fb105eb75223183226367bfc9adce7edcf2595a33a49990c,False,False,False,0
apps/neon/lib/catalog-routes.ts,ts,application_source,366b0f74b549af9b324af848f0ba9687c3e0fa60688fa6886e91d2bdeb0fbab3,False,True,False,2
apps/neon/lib/entity-application-layout.tsx,tsx,application_source,bd8d60cd5624285611f60e76cc091949d5eb118864ed1f35904a23d2491bac96,False,True,False,1
apps/neon/lib/entity-application-route.tsx,tsx,application_source,24efa4c43a15a86c92906f9dab4a27615ed63f7980d49a773839a5a71836911d,False,False,False,0
apps/neon/lib/entity-route-alias.ts,ts,application_source,03da984775f2ed0662559e5b8523242c8aa38494ed42b9fcf1aa924334b2b5c7,False,False,False,0
apps/neon/lib/entity-work-context.ts,ts,application_source,8826873aff33af0199af47616186b9b0279c24cc8a500aeb2ab9fc782c4531b5,False,False,False,0
apps/neon/lib/environment.ts,ts,application_source,f940901f64ed0d3946f9d4440832d0ba6ea7c508c8c8c1816f33f4b57942b611,False,False,False,0
apps/neon/lib/experience-runtime.tsx,tsx,application_source,e65dba42f29d82a1a08c5c2810bef5cc55e16b9885525146f24dd707cff8fcf4,True,True,False,7
apps/neon/lib/list-density.ts,ts,application_source,1f5e814016089bec4791fa3a4561af9668f4bb85edf9b5cc81055b99448e8d5a,False,False,False,0
apps/neon/lib/neon-route-shell.tsx,tsx,application_source,3ca8dc24c61d2e0149c0806860cf4b2168bf1c8a904f904e14bf0f18fff4646a,False,False,False,0
apps/neon/lib/redirect-entity-record.ts,ts,application_source,a06d341b98577f47d73c12976ea17da0f319a403eab35d0a1af77526774585f2,False,False,False,0
apps/neon/lib/relay.ts,ts,application_source,389697c82ebe9dc93fae624862ba54fbe9e955b522f269d15444c2be38d93ca0,False,False,False,0
apps/neon/lib/route-params.ts,ts,application_source,3068662d9030df9201f034195c0a144a1ea1fd24e9dbbfd685f086e1f21f9cdd,False,False,False,0
apps/neon/lib/tenant-workspace-route.ts,ts,application_source,a90bfd21115fe50ac8ed062f3261a1caee8791bd26152f34eb6cc0094dd7bacb,False,False,False,0
apps/neon/lib/workspace-module-relevance.ts,ts,application_source,0f545a1c4a159e6311150bbb3321463b33bdbb78a79eaec83d70e2cefd43c372,False,False,False,0
apps/neon/next-env.d.ts,ts,declaration_generated,0f70629890b72a0a82e91972cc032c04b658b26c265373cb711cf576bfbf8fcc,False,False,False,0
apps/neon/next.config.ts,ts,application_source,5984fe145c7eeb369cc5b0b111c8d0b720adc730e5497e51d283b880e9214519,False,False,False,0
apps/neon/proxy.ts,ts,application_source,312784fdd3b500634496f5a4ac0d235cec78afa6ca5fb915fc1f15c42a65279a,False,False,False,0
apps/studio/app/(public)/loading.tsx,tsx,application_source,a675d8a9b3992805951644803c683b7d0997aaba764ed6e990494f7e28752160,False,False,False,0
apps/studio/app/(public)/logout/page.tsx,tsx,application_source,7711e673206ecf0a6fdc588c1fdd58ecbeb092116a3485d8ea85bb7a97bc86ad,False,False,False,0
apps/studio/app/(public)/select-context/page.tsx,tsx,application_source,a31389c0cbe7076a63031b442aa8c5fb7119618a409677f32c11be36b7448b14,False,False,False,0
apps/studio/app/(public)/sign-in/page.tsx,tsx,application_source,ccbdc76860cf349ea20a6183f660656cd20b96753bd040323b23d2151876cf2e,False,False,False,0
apps/studio/app/(shell)/[workspaceSlug]/[moduleSlug]/page.tsx,tsx,application_source,f0dfc0af8a45e6d0d55d0f5721b4f95fe4c19c88d45c7ca2af2e719e1a8d5c27,False,False,False,0
apps/studio/app/(shell)/[workspaceSlug]/page.tsx,tsx,application_source,d99f79fc70a75e3994db1a76bf179a6d2abfc68be49d585c2c03e4293f6224f7,False,False,False,0
apps/studio/app/(shell)/app/entity/[entityCode]/[[...segments]]/page.tsx,tsx,application_source,7056f613f81f5637c3f7ac5f648183a988669007c2d37a2934660fa83b1464f2,False,False,False,0
apps/studio/app/(shell)/atlas/learning/page.tsx,tsx,application_source,9bf94aee1cfd15b15844d15d0566c0bdb3a3e49b7d9ace9f258e090e22445936,False,False,False,0
apps/studio/app/(shell)/atlas/page.tsx,tsx,application_source,5ab78f6eff35654011f8e929c8ac03f388fdf288e6bf3bbd03fb2a7180100fba,False,False,False,0
apps/studio/app/(shell)/error.tsx,tsx,application_source,0d70804cdc534b26ac8a693a61a899b63e3611d60e007f2f473154fadbf2d39e,False,False,False,0
apps/studio/app/(shell)/home/page.tsx,tsx,application_source,2032b9963e30537eb13df9286a452010548ea779c3c3fe5c17713dd522ab687b,False,False,False,0
apps/studio/app/(shell)/inbox/page.tsx,tsx,application_source,636595a66118baf3d46ae54f93e9cb218338e7e99ef3b6361a7b89a807157972,False,False,False,0
apps/studio/app/(shell)/layout.tsx,tsx,application_source,09aad21ff457621a5940f5eca4ddde0bb0bbcea9232a8d1ba868164c1659ef91,False,False,False,0
apps/studio/app/(shell)/loading.tsx,tsx,application_source,56025020e63782322d67439f26d919afe8f761320d93e60cabeae64d48038309,False,False,False,0
apps/studio/app/(shell)/not-found.tsx,tsx,application_source,05fced0027d969e7bf622a7816830b825c6633d8e1bcef3099ba1c1c1fb76425,False,False,False,0
apps/studio/app/(shell)/notifications/page.tsx,tsx,application_source,8e6a859b87f9e9af73f6d4d46e7db659a6bf3d03b20a9d74b011978ca3ea6455,False,False,False,0
apps/studio/app/(shell)/page.tsx,tsx,application_source,8240c0e07ed42e12f4a6e3f14c994e20522b998fb2b7419420acc1b115f6a296,False,False,False,0
apps/studio/app/api/auth/backchannel-logout/route.ts,ts,application_source,25cf50cf8377232af1821280fc90aba3605984e8594787740910813f652ac2f3,False,False,False,0
apps/studio/app/api/auth/callback/route.ts,ts,application_source,a1ed39e914eb1992f6e8cc7445d925f8d276f3db51d35187b4d19edfa08e61f8,False,False,False,0
apps/studio/app/api/auth/contexts/route.ts,ts,application_source,bdd57a55377ddb5e502c76601c34d2a0d5ec06641b45c62cf6cd1db296508b73,False,False,False,0
apps/studio/app/api/auth/login/route.ts,ts,application_source,c1f9f7196298172d6dc7acae11a1400dc26fda7ca9d8d7460a977fc2c4762f80,False,False,False,0
apps/studio/app/api/auth/logout/callback/route.ts,ts,application_source,02468f65086ef71f7a84e643c03990769e377c3ee3f26fed1c5effe430c1be30,False,False,False,0
apps/studio/app/api/auth/logout/route.ts,ts,application_source,ff1d14fc0102fec6d7fe0b5b6b82b3a7c8aee4186e79e22ab5435f489b11a093,False,False,False,0
apps/studio/app/api/auth/mfa/verify/route.ts,ts,application_source,ffaecf279a58bc6ca5e31e30fcea73a7f9e702d6e868f8ab2c3e4750d3af629f,False,False,True,1
apps/studio/app/api/auth/refresh/route.ts,ts,application_source,ff7d05726eaed5fdc5854895b5ea1e30217da4cb7ffc3cc79a803c73617de1cc,False,False,False,0
apps/studio/app/api/auth/session/context/route.ts,ts,application_source,8aa5f217d8b4d5ba94e2f24f908ee32224a3e89234a9e7417132ed6d99b58ba3,False,False,False,0
apps/studio/app/api/auth/session/route.ts,ts,application_source,b7a42e192680166fc714ac5f305a1fe0bd08058c553a9918de543c7415776423,False,False,False,0
apps/studio/app/api/auth/step-up/start/route.ts,ts,application_source,76062f0a47f74a42befc04e9e05372aa8ccc87163084dded8520c0a4fe8b95c9,False,False,True,1
apps/studio/app/api/auth/touch/route.ts,ts,application_source,f5618758c529e35590d56879e50b9f87f9cab03c1c44349b343a4a7007777f9b,False,False,False,0
apps/studio/app/api/relay/[...path]/route.ts,ts,application_source,29507b0e6151addbb6d500255ed090b22d8f74cd1e697961743eed8b2f8681a0,False,False,False,0
apps/studio/app/error.tsx,tsx,application_source,1efcb8e6aa87a1b3c38584a73d429c659800780abfec7353557d1b4a356d939d,False,False,False,0
apps/studio/app/global-error.tsx,tsx,application_source,bbb80d5e2de665e284bcada1fc84d52117d2634cb580a3d9c54137cc6c4bb94b,False,False,False,0
apps/studio/app/layout.tsx,tsx,application_source,cd9d51c5644eeff2842c8069210ff510696b40bc7011a3f2d4c961a8fd1305d5,False,False,False,0
apps/studio/app/livez/route.ts,ts,application_source,2097b9610b1c58739929086f0ecfe81a056ed1993a1b542f37ce136808a5cfab,False,False,False,0
apps/studio/app/loading.tsx,tsx,application_source,ad2ad1a3ab731560cb931c351ad6a6398f9976d2a2d6ff1e168e10ac5ff13a14,False,False,False,0
apps/studio/app/not-found.tsx,tsx,application_source,ec4f3bf87f5c71d95a49a0934ba95ef665d462f10eed92c801e6d525383a468c,False,False,False,0
apps/studio/app/notification-sw.js/route.ts,ts,application_source,16e8a5821acc93672fcf4bffdbf2a66998098007534ea855db3070ac2e1f178c,False,False,False,0
apps/studio/app/providers.tsx,tsx,application_source,79d8a46954c4262524af4976bed5c3e11645266ea2a66588304cf20075c731d4,False,False,False,0
apps/studio/app/readyz/route.ts,ts,application_source,6b39ba01386046e95c76adf1c16ef06f2c51be711eb8773c2af87099cc8953de,False,False,False,0
apps/studio/instrumentation.ts,ts,application_source,079a4484cc800cabf03e8d0fc590a9e3cc19eac10b470f47e99ba12935999343,False,False,False,0
apps/studio/lib/auth-query.ts,ts,application_source,4f7776c1bc8ecd32e22012830413be8ee24ff3531ffb6b2994f0fcbfea678a09,False,False,False,0
apps/studio/lib/auth.ts,ts,application_source,f5752bb0de9a8729f929c6c801c9b1d4da06ec08149b078e96f90e76d8ddcfbf,False,False,False,0
apps/studio/lib/bootstrap.ts,ts,application_source,345463437a530857fb105eb75223183226367bfc9adce7edcf2595a33a49990c,False,False,False,0
apps/studio/lib/catalog-routes.ts,ts,application_source,87123682af4984d10d988d84a43545207197eae9873269881981d4d9f7bd1501,False,False,False,0
apps/studio/lib/environment.ts,ts,application_source,1708920b2f28254dc9754b533671c9d9854d7aaf6c7541aa666cf39e5ddee00f,False,False,False,0
apps/studio/lib/experience-runtime.tsx,tsx,application_source,3b9540a9df1f8f02f3b834283035978e49a2668cd83476cea12aa067391281a7,False,False,False,0
apps/studio/lib/relay.ts,ts,application_source,2860a07996a88bafe3188ea1219b2b0e2483c48f0960b78a136697f858ccc94c,False,False,False,0
apps/studio/next-env.d.ts,ts,declaration_generated,0f70629890b72a0a82e91972cc032c04b658b26c265373cb711cf576bfbf8fcc,False,False,False,0
apps/studio/next.config.ts,ts,application_source,17035df66d60365f8ef5aef41264f385c52f5dec3ea72c467dedfde3b0b975c7,False,False,False,0
apps/studio/proxy.ts,ts,application_source,5912e5c8361eec7b71bcba2014f5818f89fef71f441f9780797de0a1cd2769ea,False,False,False,0
deploy/compose/tests/fixtures/export-trace.ts,ts,test_fixture,63de3a9efa3260fed8064d64bab5896802b01c9b8064ebd8dd60a7407a15e739,False,False,False,0
packages/contracts/athyper/metadata/src/index.ts,ts,application_source,8daf901ecb6536b26e0632b480b6bfadd62d24ec1b886523d10fd0d24392fb7f,False,False,False,0
packages/contracts/athyper/onboarding/src/index.ts,ts,application_source,5c7b8c376e46be95f24ad8ed61d314edc403993876aaa8fb8d79a2d068dda970,False,False,False,0
packages/contracts/athyper/platform-catalog/src/index.ts,ts,application_source,8daf901ecb6536b26e0632b480b6bfadd62d24ec1b886523d10fd0d24392fb7f,False,False,False,0
packages/contracts/athyper/publication/src/index.ts,ts,application_source,8daf901ecb6536b26e0632b480b6bfadd62d24ec1b886523d10fd0d24392fb7f,False,False,False,0
packages/contracts/foundation/errors/src/index.ts,ts,application_source,8daf901ecb6536b26e0632b480b6bfadd62d24ec1b886523d10fd0d24392fb7f,False,False,False,0
packages/contracts/foundation/events/src/index.ts,ts,application_source,8daf901ecb6536b26e0632b480b6bfadd62d24ec1b886523d10fd0d24392fb7f,False,False,False,0
packages/contracts/foundation/identity/src/index.ts,ts,application_source,8daf901ecb6536b26e0632b480b6bfadd62d24ec1b886523d10fd0d24392fb7f,False,False,False,0
packages/contracts/foundation/pagination/src/index.ts,ts,application_source,8daf901ecb6536b26e0632b480b6bfadd62d24ec1b886523d10fd0d24392fb7f,False,False,False,0
packages/contracts/mesh/catalog/src/index.ts,ts,application_source,8daf901ecb6536b26e0632b480b6bfadd62d24ec1b886523d10fd0d24392fb7f,False,False,False,0
packages/contracts/mesh/exchange/src/index.ts,ts,application_source,8daf901ecb6536b26e0632b480b6bfadd62d24ec1b886523d10fd0d24392fb7f,False,False,False,0
packages/contracts/mesh/network/src/index.ts,ts,application_source,8daf901ecb6536b26e0632b480b6bfadd62d24ec1b886523d10fd0d24392fb7f,False,False,False,0
packages/contracts/neon/finance/src/index.ts,ts,application_source,8daf901ecb6536b26e0632b480b6bfadd62d24ec1b886523d10fd0d24392fb7f,False,False,False,0
packages/contracts/neon/inventory/src/index.ts,ts,application_source,8daf901ecb6536b26e0632b480b6bfadd62d24ec1b886523d10fd0d24392fb7f,False,False,False,0
packages/contracts/neon/organization/src/index.ts,ts,application_source,8daf901ecb6536b26e0632b480b6bfadd62d24ec1b886523d10fd0d24392fb7f,False,False,False,0
packages/contracts/neon/party/src/index.ts,ts,application_source,81f1d4c791cc86359aedc75d21e9dc7249dbc528c8a8d3283aaa2cc3a53fed5d,False,False,False,0
packages/contracts/neon/party/src/request-profile-values.ts,ts,application_source,a5e74470593347ba0e833b0b9ebc08e342cd56ca3ec96d871ef782f64b3d93db,False,True,False,1
packages/contracts/neon/people/src/index.ts,ts,application_source,8daf901ecb6536b26e0632b480b6bfadd62d24ec1b886523d10fd0d24392fb7f,False,False,False,0
packages/contracts/neon/procurement/src/index.ts,ts,application_source,8daf901ecb6536b26e0632b480b6bfadd62d24ec1b886523d10fd0d24392fb7f,False,False,False,0
packages/contracts/neon/projects/src/index.ts,ts,application_source,8daf901ecb6536b26e0632b480b6bfadd62d24ec1b886523d10fd0d24392fb7f,False,False,False,0
packages/contracts/neon/sales/src/index.ts,ts,application_source,8daf901ecb6536b26e0632b480b6bfadd62d24ec1b886523d10fd0d24392fb7f,False,False,False,0
packages/contracts/platform/activity/src/index.ts,ts,application_source,7adebdfbee0b70ddd332c216ad25fa2a5fdedca3a120699d2873f9e93a5eeb5d,False,False,False,0
packages/contracts/platform/ai/src/__tests__/business-context.test.ts,ts,test_fixture,731a0dfb09f7f693ec3d34560f8a5aa511581455b558f9c84c4354c5a4cc26d3,False,True,False,1
packages/contracts/platform/ai/src/__tests__/protocol.test.ts,ts,test_fixture,6f9f02c978364d4ea369d91a84048431e50eda1aa2882d85a426926848de8e75,False,True,False,1
packages/contracts/platform/ai/src/answer.ts,ts,application_source,df3485866288303b00efbfecc72a2b8a4b8fdd18d330325e096bdc88194602f3,False,False,False,0
packages/contracts/platform/ai/src/business-context.ts,ts,application_source,db721f5c1fa205d25f33cee425976137f7d5a2e7627755b635f5f031db9601cf,False,True,False,5
packages/contracts/platform/ai/src/feedback.ts,ts,application_source,ca1712c60b96e066f35fba83a2ee6bb1800251deb8b87c0df988eda8796f9e1f,False,False,False,0
packages/contracts/platform/ai/src/index.ts,ts,application_source,625b70062e0c2e6ede0d449c22af450cb14d2032fc8a872f86e3ff12733b2d74,False,False,False,0
packages/contracts/platform/ai/src/insights.ts,ts,application_source,dcacc39838b9e75ccc625aa78dc8125ee1769c63315ebfbac4e873eb292db7c2,False,False,False,0
packages/contracts/platform/ai/src/intent.ts,ts,application_source,45a6a22313c25b5454e52f1e21d388f79d420c9349c1af369fe7db9dd4a336f7,False,False,False,0
packages/contracts/platform/ai/src/parent-scope.test.ts,ts,test_fixture,411e479e1e902afbce728324af6c78176015ff1e73d4959837b829801f98d987,False,True,False,2
packages/contracts/platform/ai/vitest.config.ts,ts,tooling_operations,eeae3902657c50d11feaa96776aec248c66b72c1b27458e51ccff524e7175530,False,False,False,0
packages/contracts/platform/api/src/index.ts,ts,application_source,63ef519224382c968fdf2439c042e2499edd8d669faf999d40187b3a2acb5eaa,False,False,False,0
packages/contracts/platform/auth-session/src/index.ts,ts,application_source,005938bb0abb927771d64ac62c97bbaf1d76aafe3b32c04d87aab11fed963d70,False,True,True,7
packages/contracts/platform/authorization/src/index.ts,ts,application_source,46f856a739bb34d8b2b092253b96a09603e5fa714e08cd2755de64b038c935ea,False,False,False,0
packages/contracts/platform/collection/src/index.ts,ts,application_source,dedb41a25e8e8870bbe9b1efe77d11793b9170dfc454b793286405056bbb4567,False,False,False,0
packages/contracts/platform/dashboard/src/generated-defaults.ts,ts,declaration_generated,2a27995515e7642b18226752292dcde3b657ab3cbbb126e3c0062085b6a8e837,False,True,False,1
packages/contracts/platform/dashboard/src/index.ts,ts,application_source,83f2090698f4fc6eec2b94661565e1e286fb95b062798e0c3dc2c93026ae6182,False,True,False,2
packages/contracts/platform/entity-list/src/experience.ts,ts,application_source,22cb163f2886b0a5599604700614691b9ec4abc0fc7baf10d1e3ffc37880c893,False,True,False,1
packages/contracts/platform/entity-list/src/filter-defaults.ts,ts,application_source,084e4a7c7afba5eb2731867fe3f67c34d55c783938874af4d12b5c00fa7db787,False,False,False,0
packages/contracts/platform/entity-list/src/index.ts,ts,application_source,240f0bda2f0f4e475da6ca9411f700f776a0de64518154ae89f677283201c614,False,False,False,0
packages/contracts/platform/entity-list/src/parsers.ts,ts,application_source,5bdb4b1c6a4cd8f711c4d2500895738a09944a7afce55dd349d2d4d2bf064168,False,False,False,0
packages/contracts/platform/entity-list/src/scope-filters.ts,ts,application_source,fd7453cc45517c1653f55494c7cb536f37e1822bfff8bcd96f97428bc1a04184,False,True,False,2
packages/contracts/platform/entity-list/src/standard-views.ts,ts,application_source,8f876ef2ed1bc340809d359dac4baf775dc49a9a56a8ec38e157e33b3f0c7f2c,False,True,False,3
packages/contracts/platform/entity-list/src/types.ts,ts,application_source,dca9d41af766bd5b21ad87ab6adfa934645bea109402dac2b270cb260840b548,False,True,False,2
packages/contracts/platform/entity-list/src/url-state.ts,ts,application_source,d5f13e68cb95157c45fe5449f49efdbc31f50fb5536fc1f26953e591a6de5183,False,False,False,0
packages/contracts/platform/entity-runtime/src/access-decision.ts,ts,application_source,11dc0d34d3e0361816551bb8af9929d9e5843a0b2571342293e759b32d2d48ed,False,False,True,2
packages/contracts/platform/entity-runtime/src/activity-collections.ts,ts,application_source,fac07959ccf5c166c2dd1860dfe61a026668d4ee18497fa4e85c657e6b9adfb5,False,False,False,0
packages/contracts/platform/entity-runtime/src/activity-date-range.ts,ts,application_source,4455ef9f4ecb8e588701b060a86a184b31171e619f5e176217e710911650194f,False,False,False,0
packages/contracts/platform/entity-runtime/src/activity.ts,ts,application_source,a568d76184799d94b7fff767a05a51c88184a6704157af69459cb02e6d4548dc,False,False,False,0
packages/contracts/platform/entity-runtime/src/detail-navigation.ts,ts,application_source,ec5af174cf18089bf8f12bd5bf696602d200c896efc4389bf7d23b37ea5dde78,False,False,False,0
packages/contracts/platform/entity-runtime/src/entity-lookup.ts,ts,application_source,30a6cee1f4f25814953680cec55af00eed9ae779fdb7895ecd9c5744518937ac,False,False,False,0
packages/contracts/platform/entity-runtime/src/entity-record-href.ts,ts,application_source,272846c1133ad164d5eb22fb95505da0bfbfdd782e69c469c44698a14dda26ee,False,False,False,0
packages/contracts/platform/entity-runtime/src/entity-relationship.ts,ts,application_source,4e5e15e764b3ab2165258f7dda55ca6087b3cd280e89ea7c4cb897fdd25b2648,False,False,False,0
packages/contracts/platform/entity-runtime/src/form-presentation.ts,ts,application_source,5c65835ced07323d20dd79aa198f14e98be7dc2b5311d89179c3715773d9a57d,False,False,False,0
packages/contracts/platform/entity-runtime/src/form-sections.ts,ts,application_source,80b74301d5c69dc58ba0cd34cec1362a701a47eddbefdc510a9c8db9858bcfce,False,False,False,0
packages/contracts/platform/entity-runtime/src/governed-workflow.ts,ts,application_source,cfe516ad5e9932d9bee634ccfb5f267a21220773179096272102435839a09517,False,True,False,4
packages/contracts/platform/entity-runtime/src/index.ts,ts,application_source,cb8ff5009d2326e5953eb25ae151c660be4e9a49cfed40e1a2e4e174e423d888,False,False,False,0
packages/contracts/platform/entity-runtime/src/intake-data-values.ts,ts,application_source,174e8a21f2f10c57c1038162984076d180fe51ad9ce243e193c76ad0f705af46,False,False,False,0
packages/contracts/platform/entity-runtime/src/intake-data.ts,ts,application_source,38ad819a27a34912cf594ee9196932c04def30bed11d4fc421cc855083d03566,False,False,False,0
packages/contracts/platform/entity-runtime/src/intake-flow-authoring.ts,ts,application_source,ddd186edfd1ae706e39e1e78731886f9acc017161a4c601cfc5087a8332e1aae,False,False,False,0
packages/contracts/platform/entity-runtime/src/intake-operation.ts,ts,application_source,9690974dc25e654aa7103f8877cb25c7c7e4cf270cc254e1ab59f94fcf6a2f1c,False,False,False,0
packages/contracts/platform/entity-runtime/src/intake-surface-authoring.ts,ts,application_source,de592fbc06c2d01c7af1ac8128b2dafd08a9afb219c6a5b62e186d13f530a32a,False,False,False,0
packages/contracts/platform/entity-runtime/src/intake-surface.ts,ts,application_source,b866d859f4511fdd23e6ffbce55cb6834f158ccdfea97bae594d7ab07ba6251d,False,False,False,0
packages/contracts/platform/entity-runtime/src/intake.ts,ts,application_source,e940dabd158215f9d0be6cb20de6001fab6f970ae1f2a3d568206b83a7ad710e,False,False,False,0
packages/contracts/platform/entity-runtime/src/lookup-options.ts,ts,application_source,751dc30866d7adbbedb60aa42696512369a0c350ddfe6092366fd90227f4b3d9,False,False,False,0
packages/contracts/platform/entity-runtime/src/presentation-localization.ts,ts,application_source,7874673b5981b95b5f48175a7b95ece16914a97ee4eab00dfb2b150014f2e83d,False,False,False,0
packages/contracts/platform/entity-runtime/src/recent-choice.ts,ts,application_source,093f72639178ea6171dfed139cb45f79dc75fabbacc391fe37b4baa01f64d873,False,False,False,0
packages/contracts/platform/entity-runtime/src/record-360-panel.ts,ts,application_source,07ae13ba6c4dd9ba05dac9682c51728fb761a2f4a60f495113c5596b762adea3,False,False,False,0
packages/contracts/platform/entity-runtime/src/record-presentation.ts,ts,application_source,e3a4411cf211ad81882d71ed0be54d097db9ee51b406b7bc87caec9b37f8f683,False,False,False,0
packages/contracts/platform/entity-runtime/src/reference-lookup.ts,ts,application_source,a1acf09db1be73d8807d7182d343c3c10f6ea8cb050069f30d0043f6d7260a5d,False,False,False,0
packages/contracts/platform/entity-runtime/src/related-presentation.test.ts,ts,test_fixture,ffa3ef41dbde1780a14c5d111f29f1d07fd6093b2e089868cb602aeefe4a6a33,False,True,False,8
packages/contracts/platform/entity-runtime/src/related-presentation.ts,ts,application_source,09fca29fc6861a95538806978e67f4c98271c0032e4205b2826879d1ce80ee3c,False,True,False,6
packages/contracts/platform/entity-runtime/src/routes/entity-read-route.ts,ts,application_source,78dcfdc2ad6cfb3e28f8b337f6b0e2ba257d07d6488fc8d75314ed0f9e508e7a,False,False,False,0
packages/contracts/platform/entity-runtime/src/runtime-resource.ts,ts,application_source,af13e99c07c3538c99c5350cb3385a416fe700d41488efbe2b7baaa1968ed22f,False,False,False,0
packages/contracts/platform/entity-runtime/src/runtime-values.ts,ts,application_source,38e926349c4980be19db0be41996af527e88071b7d4a264b995841cb438b2cfb,False,False,False,0
packages/contracts/platform/entity-runtime/src/section-component.ts,ts,application_source,6af5b2a01d308c9b62cbbb7c505539337ef16f4e105630ca25a136c36e5c1fdc,False,True,False,4
packages/contracts/platform/entity-runtime/src/text/humanize.ts,ts,application_source,3a6b9aeba3aa341e924832fbcd5ba4b35bdce4987b3a0a4a4d842dbcaa0f88dc,False,False,False,0
packages/contracts/platform/entity-runtime/src/transfer-workspace.ts,ts,application_source,124c47cde453768c8696c0c835097be92c0551a1ceeecaa63f7fd786342ca0ca,False,False,False,0
packages/contracts/platform/entity-runtime/src/validation-messages.ts,ts,application_source,68a5c581f49ad637c5f449d9b31e77a61b290b5c30c65f8f0f2aa3b60fde50a6,False,False,False,0
packages/contracts/platform/entity-runtime/src/validation/entity-code.ts,ts,application_source,0b698651c3d62f679c2ee76e6ba3a8aa77f3d54ed139594681e1d74446d09a46,False,False,False,0
packages/contracts/platform/entity-runtime/src/validation/record-id.ts,ts,application_source,a256c13597a18334b2c9f60295248387482b4d90aca89cc5b680698b55299261,False,False,False,0
packages/contracts/platform/entity-runtime/src/validation/values.ts,ts,application_source,41b4904fad3551ad3a6cb611096235d6889203d2414f1bd85c856e54ddbbfed9,False,False,False,0
packages/contracts/platform/navigation/src/generated-catalog.ts,ts,declaration_generated,c6366bafa857efa11c6dacebbff570ce8092b48fad1da0dde9a00ac2fa384144,False,True,False,32
packages/contracts/platform/navigation/src/index.ts,ts,application_source,f1d3dffe7a58a7f1a285bee88921d31c24b3a089f3f1bc5e36c3a904320f8135,False,False,False,0
packages/contracts/platform/numbering/src/index.ts,ts,application_source,8daf901ecb6536b26e0632b480b6bfadd62d24ec1b886523d10fd0d24392fb7f,False,False,False,0
packages/contracts/platform/rich-text/src/index.ts,ts,application_source,cadeb853b31ad5e74cf5ebec9831b34bbae9d512d50fe4895c66cc16a7473597,False,False,False,0
packages/planes/mesh/shell/src/account-storage.ts,ts,application_source,b74380ae6eef65b833247584e62c7fa4e5c73aff707faf0b272a9edcf944e683,False,False,False,0
packages/planes/mesh/shell/src/index.tsx,tsx,application_source,c87d7d4e9d0dbbd6a1e72d21ecbc2be089308ab154fdd0f1b9c52506d7067bd3,False,True,False,4
packages/planes/mesh/shell/src/navigation.ts,ts,application_source,704e11aa53c784e686bc8fb64158ee4e982b69b27fb12377127879abc9da933d,False,False,False,0
packages/planes/neon/list-view/src/index.tsx,tsx,application_source,794e3255d26b28dc07873cdb1dd00f34014f720892d6ca32e2211f7f37cad8a9,False,False,False,0
packages/planes/neon/list-view/src/scope-adapters.tsx,tsx,application_source,33db313adcf621a58ac1510a341495b40f3a9ddf9cd3bf1dcc9b8a9a1c19c72d,False,True,False,7
packages/planes/neon/navigation/src/index.ts,ts,application_source,9bc9ebc3aaf97d55c51ef8f72a4a00d960b3f84826f9289c99a7a5ebac8fcebd,False,False,False,0
packages/planes/neon/shell/src/dismissable-picker.ts,ts,application_source,80ac42c840387dfd1cc05f478890ae8def56b8c4f1faddf209b12d06d61be851,False,False,False,0
packages/planes/neon/shell/src/index.tsx,tsx,application_source,0bc82936f2cba3fba0303131f214cdabdba1ba8c00a1b965f7e7a82845e9f8b5,False,True,False,1
packages/planes/neon/shell/src/work-context-state.ts,ts,application_source,d5a63c4c934da4b1d4904a341a449094b51def450b51dd02303d6b3f777b1d7a,False,False,False,0
packages/planes/neon/shell/src/workspace-context-control.test.tsx,tsx,test_fixture,e3a7a26cc251fa55bfe3016173c1fdd401c0a22ff5fc428557f5402d0aeb73b3,False,False,False,0
packages/planes/neon/shell/src/workspace-context-control.tsx,tsx,application_source,482a4c28adf99658019cc27496e85bf60993dfee67c6e81c1eca6eaac646389c,False,False,False,0
packages/planes/neon/shell/src/workspace-context-status.tsx,tsx,application_source,07bae7b7ea1f0fb5fdd225871845fc328963c9078675dc782a6570087d0d0bf6,False,False,False,0
packages/planes/neon/shell/src/workspace-scope.test.ts,ts,test_fixture,33e4593f8ed9430359ae2d65b150ab216b414f7e9c63be3cc778436fc3144257,False,False,False,0
packages/planes/neon/shell/src/workspace-scope.ts,ts,application_source,37d5bfa999e594c7858e47d7f2e15b7830e2bd97f0edc6420f919742610e3a3c,False,False,False,0
packages/planes/studio/shell/src/atlas-learning-inbox.tsx,tsx,application_source,9af32928b85ab9ac1e9e5bd22ec57dde1d9a71241f5e011ee439d6a8869e830c,False,False,False,0
packages/planes/studio/shell/src/index.tsx,tsx,application_source,7f9c46a133ede508b09e1ab0b1ac94e4a1eddcb4f09e1b30902e6383048a13bc,False,True,False,1
packages/planes/studio/shell/src/navigation.ts,ts,application_source,355d2d5de9218dcdffbfe0d9a4c3a911040913453cb4b13ebd97feeed65e2976,True,False,False,1
packages/platform/ai/agent-runtime/src/index.ts,ts,application_source,2aa1151d7b5d4bc0b03433c88becf403183aa73a772fb6c47dd85b8fd406911a,False,False,False,0
packages/platform/ai/agent-ui/src/automatic-brief.ts,ts,application_source,34447b4389e86a6f861ab106dc4d32337a41e809c589befbeabda22b357504f4,False,False,False,0
packages/platform/ai/agent-ui/src/business-context.ts,ts,application_source,f5dc73a518b10386bd410ae4df110e6e85d5659de7cb7dabb22b10f6dcfe2e06,False,True,False,1
packages/platform/ai/agent-ui/src/index.ts,ts,application_source,347e5b46f40bde403e1877bff21e112082e9c70d391bb3bc7660ad7f80f02e28,False,False,False,0
packages/platform/communications/collaboration-ui/src/attachment-client.ts,ts,application_source,0e14cfce623373f29b378b3f99cd0d3c4d281c43d508280f6ff3ef983d1d7be7,False,False,False,0
packages/platform/communications/collaboration-ui/src/clipboard-converter.ts,ts,application_source,321d8d1fac2566985afe60fcc8af0e4a581c1ae66d1e90eb2dba9b9f9aa65276,False,False,False,0
packages/platform/communications/collaboration-ui/src/comment-audience-picker.tsx,tsx,application_source,cd4bb173c912ff78ef08f2ad39543159cd0558352c3cd8bc96d8fa3b864c1088,False,False,False,0
packages/platform/communications/collaboration-ui/src/comment-mention-picker.tsx,tsx,application_source,5848e6798c3469d37a14532a4e89eb9cc92c5951f4fd3b8cddebce7dbaa37e44,False,False,False,0
packages/platform/communications/collaboration-ui/src/index.ts,ts,application_source,e1cda5e04845f138a6df207ef0fbb41db699af98b8d16d36c7955538560bd55c,False,False,False,0
packages/platform/communications/collaboration-ui/src/rich-comment-composer.tsx,tsx,application_source,718133fd0613c7788f83a66058545eb2278d66d6ced2514824ec08e446e0c3bc,False,False,False,0
packages/platform/communications/collaboration-ui/src/rich-text-content.ts,ts,application_source,2656da53a00d68716a89a96599dbe70649cfc33f579764e15ea2b04e6f80ff18,False,False,False,0
packages/platform/communications/collaboration-ui/src/rich-text-types.ts,ts,application_source,bdda807b07102119a4cdba16bec7fbabc6561628fe0593bb0a8c308c70754a49,False,False,False,0
packages/platform/communications/collaboration-ui/src/upload-lifecycle.ts,ts,application_source,d9209a815d1b9de166d0a6cd808b48381268e31ba4fcbc44ecb7259ff437cac5,False,False,False,0
packages/platform/communications/collaboration-ui/src/use-composer-popover.ts,ts,application_source,f8af1fe92a0ac275e24200053193a2ed97229f6e821adc6a783d2168b75b89ab,False,False,False,0
packages/platform/communications/collaboration-ui/src/validate-clipboard-document.ts,ts,application_source,9bd93fc0a0f902e6ff9698cb027c88733f3eeb10b45fe8b39d9c77791f978434,False,False,False,0
packages/platform/communications/notifications-client/src/index.ts,ts,application_source,805eaf84f3aa8f446734bab7ef1fb661b9196160e272f12b2cbe974583d1023b,False,False,False,0
packages/platform/communications/notifications-client/src/service-worker.ts,ts,application_source,5318cdf434e4c41f6d9586a73459ffc98f4151a8611bfd8d1ac7758e4d82438a,False,False,False,0
packages/platform/entity/authoring/metadata-client/src/index.ts,ts,application_source,8daf901ecb6536b26e0632b480b6bfadd62d24ec1b886523d10fd0d24392fb7f,False,False,False,0
packages/platform/entity/runtime/cascade/src/index.ts,ts,application_source,8daf901ecb6536b26e0632b480b6bfadd62d24ec1b886523d10fd0d24392fb7f,False,False,False,0
packages/platform/entity/runtime/collection-controls/src/collection-filter-editor.tsx,tsx,application_source,f3732aa0c5f0b74cafd7b24f49f9c854844d2519196a747b87301310e0311cdc,False,False,False,0
packages/platform/entity/runtime/collection-controls/src/collection-sections.tsx,tsx,application_source,eb78e3bebaae1f453ab3e50268362e93f2b2b78330397928b1a52e0d1dd0537f,False,False,False,0
packages/platform/entity/runtime/collection-controls/src/filter-editor.tsx,tsx,application_source,3ba74175003b8518a1d5a1b2c5f88b6f1dde27f863dc9729f543e91224d7272c,False,False,False,0
packages/platform/entity/runtime/collection-controls/src/filter-state.ts,ts,application_source,dccad86ca2aa53dd9b6d57293560678453037ade1547d85debad8089b73958d5,False,False,False,0
packages/platform/entity/runtime/collection-controls/src/index.tsx,tsx,application_source,54615cb3706656769d73a8001fe8109c29c97df53a416e3bd5dfa2e796df3d00,False,False,False,0
packages/platform/entity/runtime/collection-controls/src/operator-menu.tsx,tsx,application_source,56ec63fb2c5bbf3ed5830b5e1cd83c30179a777dd000e24ebda4d9bcfa92de53,False,False,False,0
packages/platform/entity/runtime/content-ui/src/index.ts,ts,application_source,8daf901ecb6536b26e0632b480b6bfadd62d24ec1b886523d10fd0d24392fb7f,False,False,False,0
packages/platform/entity/runtime/descriptor-client/src/activity-client.ts,ts,application_source,11e462293cac8b1aeb0c15350490053b51c286d2240d955e3d8a18a0f14976a4,False,False,False,0
packages/platform/entity/runtime/descriptor-client/src/activity-collection-client.ts,ts,application_source,c7aa5cd32707c56633619b640492785854f6b7f16ef2394ec1e5b1cee8fbcb1f,False,False,False,0
packages/platform/entity/runtime/descriptor-client/src/index.ts,ts,application_source,2ea09304a99f1fb2e20ed830f6718aaccd3e4268e54f8f9967e0ada17ea07aad,False,False,False,0
packages/platform/entity/runtime/descriptor-client/src/runtime-client.ts,ts,application_source,b23153538160c106e6b5e9ce817818a47c54b3271597127c325b1ce9040fa825,False,False,False,0
packages/platform/entity/runtime/form-detail/src/activity-collection-section.tsx,tsx,application_source,1f6c0d3f628c3955b4b9fec3aaf342a69eb1c2b1cae550d4b682c171fe31dd4b,False,False,False,0
packages/platform/entity/runtime/form-detail/src/activity-comparison-model.ts,ts,application_source,bf0b41daa326c9d75220acc8bcb3b1df6c89fcd000fddf5784122a26f079a61d,False,False,False,0
packages/platform/entity/runtime/form-detail/src/activity-comparison.tsx,tsx,application_source,1cb8387230bc81e50bdf3ffcea13b791e9cc481b37ab07b0753f1cb64eeb5520,False,False,False,0
packages/platform/entity/runtime/form-detail/src/activity-date-range.tsx,tsx,application_source,f12398c864d6327f7ec5daa02729591b7d13559d6aee77551ce8dba188cff223,False,False,False,0
packages/platform/entity/runtime/form-detail/src/activity-events.tsx,tsx,application_source,996c5769a7d50544fd1f784d6757c4c93a2821867a7c58757d5f6ef685a8ed08,False,False,False,0
packages/platform/entity/runtime/form-detail/src/activity-workspace.tsx,tsx,application_source,0aad8b21a176d347478c9a07da555d80f4cd909fa580bea7289083dd9beefe7b,False,False,False,0
packages/platform/entity/runtime/form-detail/src/attachment-download.ts,ts,application_source,412e052abcd5cac1d57b0da0d6dc32d66c280c6ccb37ec180a0263c3681ded23,False,False,False,0
packages/platform/entity/runtime/form-detail/src/attachment-preview.tsx,tsx,application_source,4e8b0acf659d59342058c66da0a90b7cc550782740bcd0ade1aaba115034bf11,False,False,False,0
packages/platform/entity/runtime/form-detail/src/attachment-reference.tsx,tsx,application_source,713bffc48f817d979e09a59520b4d32db61a3fe690135d64f6f33965f416968a,False,False,False,0
packages/platform/entity/runtime/form-detail/src/attachment-thumbnail.tsx,tsx,application_source,a16af21969d07388d6870621c5d4ce1f8a49fae2f976e49a3d359b6a3ccb4d71,False,False,False,0
packages/platform/entity/runtime/form-detail/src/attachment-workspace.tsx,tsx,application_source,35a204db80936100e22c0c1efcc33a0fa14780dc6d23130a8dde303121d3037d,False,False,False,0
packages/platform/entity/runtime/form-detail/src/attachments/collection.tsx,tsx,application_source,4ffe7b2d43613dfb66f6f2d4962c781490b7a33af66429026f2608a8792d93f3,False,False,False,0
packages/platform/entity/runtime/form-detail/src/attachments/upload-context.tsx,tsx,application_source,0446aa97dd496dc1fb35edf0d71199c0ac8836f30999ab38f0a6e5e03e7b8101,False,False,False,0
packages/platform/entity/runtime/form-detail/src/attachments/uploader.tsx,tsx,application_source,f449b64449d7cd23fe504da16fdea6b0f0e2c67b288ec92fbc26dca4534968da,False,False,False,0
packages/platform/entity/runtime/form-detail/src/collaboration-actions.tsx,tsx,application_source,663ef7b9500fe1d0958b79f94ba185a3cd363adf74dd48cfaa2be31a1d1340bf,False,False,False,0
packages/platform/entity/runtime/form-detail/src/collaboration-operations.tsx,tsx,application_source,11796449d5d55de37f98d67c741921eb8fa4e2bbef767de8a22b84edcf5fb004,False,False,False,0
packages/platform/entity/runtime/form-detail/src/collaboration-read-models.ts,ts,application_source,eb07ab58d6fa63aeda28499c13d04d5e6f98b08f6dd8d43a4c5c7ad0f88c1b2a,False,False,False,0
packages/platform/entity/runtime/form-detail/src/collaboration-route.ts,ts,application_source,81ba4e5882d49c10964c4133f5c49404482853fcc0d493ca6b3db78a2901bef0,False,False,False,0
packages/platform/entity/runtime/form-detail/src/collaboration-surface.tsx,tsx,application_source,86c193935aa1e155a91bf64354f20ea02adf4c5394c4019418b4b0c02ff2467a,False,False,False,0
packages/platform/entity/runtime/form-detail/src/collaboration-visibility.ts,ts,application_source,4d5c82362746d651b9f742855c6e53fde7a1446ad53e8245355dee6e07f731d2,False,False,False,0
packages/platform/entity/runtime/form-detail/src/collection-continuation.tsx,tsx,application_source,7c7aeaf174e32438b6a16e2291a3c3e6f54796cdb7d1ac5cc93bb423fb774db0,False,False,False,0
packages/platform/entity/runtime/form-detail/src/collection-section.tsx,tsx,application_source,fd357157c49858276b4becd34f0935062a1645a618aca7de62189f6d652544ef,False,False,False,0
packages/platform/entity/runtime/form-detail/src/comments-workspace.tsx,tsx,application_source,0fa0eedd26f7c1f3ee7bbbdd4e60b3e75e7a2a5d6017650dcf3ff8bf8e0420ba,False,False,False,0
packages/platform/entity/runtime/form-detail/src/compiled-section-content.tsx,tsx,application_source,619dd5fc0388ea54643c78fbad450a4034811340ca53d9b8f1c9e03f947fbfec,False,False,False,0
packages/platform/entity/runtime/form-detail/src/data-surface.tsx,tsx,application_source,fda874f8a00e0d9088bb0bf77cca6326a0fd0e0c42ed31f2fc0e97ebb036a3fe,False,False,False,0
packages/platform/entity/runtime/form-detail/src/data-validation.tsx,tsx,application_source,0b6ae4de8172ede4851d847ad1a41cb52d83abeeebb2240751950fb3fd7fd02d,False,False,False,0
packages/platform/entity/runtime/form-detail/src/detail-collaboration.tsx,tsx,application_source,72178c5392f594c6d7278024fb6464effb4f60b6d4c12cdc1c2737c4d43ab8d9,False,False,False,0
packages/platform/entity/runtime/form-detail/src/detail-requests.ts,ts,application_source,1accf3cc262a89e6d03ba7590406b09574dcdc3a70bb702830b72dfcfe6b7a04,False,False,False,0
packages/platform/entity/runtime/form-detail/src/detail-workspace.tsx,tsx,application_source,1261054d7b47bc4ef21ecbd581a1f613f70f47f59dc342848206c3e5683c5e16,False,False,False,0
packages/platform/entity/runtime/form-detail/src/entity-detail-runtime.tsx,tsx,application_source,25792b4eb93982a809ebfb5bdca2067aa4b0689d34e39eda7f68503e8ff02a5c,False,False,False,0
packages/platform/entity/runtime/form-detail/src/entity-edit-collaboration.tsx,tsx,application_source,9db2925554f96c912ab986285e9fdb08f23a41267347cbfd44afabee027fd3c3,False,True,False,1
packages/platform/entity/runtime/form-detail/src/entity-form-runtime.tsx,tsx,application_source,99d81ed1b9fb74fcf8890b4ffa19d44c5e9d4ff1e8aef001160f7b6acb79cd74,False,False,False,0
packages/platform/entity/runtime/form-detail/src/entity-lookup.tsx,tsx,application_source,7925da98d64f15100881c0c5fe894d3050b73ed76dff24611aceca91516ec9eb,False,False,False,0
packages/platform/entity/runtime/form-detail/src/entity-read-surface.tsx,tsx,application_source,34c4050fb20c0bc67e4e5e3979faa4c968203c18cba0b456930e1315c75929c0,False,False,False,0
packages/platform/entity/runtime/form-detail/src/entity-runtime-workspace.tsx,tsx,application_source,96b6026dd7b78e671754411037d9aacc3b63183af5c75094ae4dd64ff070c175,False,False,False,0
packages/platform/entity/runtime/form-detail/src/field-input.tsx,tsx,application_source,0de3b41fc68318dbc43641b29e9086e917f13df9fc4ef47a84d1af5708138e48,False,False,False,0
packages/platform/entity/runtime/form-detail/src/file-action.tsx,tsx,application_source,414f82fb3eece6355045e91cb0bc79f64238bba030d00778497cfddef826ea8d,False,False,False,0
packages/platform/entity/runtime/form-detail/src/file-filter-body.ts,ts,application_source,d5e34f50db3a937ca5195b43d7c5ccde66b1fd7356caa9cba083d81dee5822d5,False,False,False,0
packages/platform/entity/runtime/form-detail/src/file-search.tsx,tsx,application_source,c4e5eb994cd9c230c19a8d5887ed02161b848c8eabb32606ec7ed93c3d7205c0,False,False,False,0
packages/platform/entity/runtime/form-detail/src/file-type.tsx,tsx,application_source,699c2b853e4f773e9653b8290f27fd7891bd1c211c789415cb8c817931628b2d,False,False,False,0
packages/platform/entity/runtime/form-detail/src/form-dirty.ts,ts,application_source,0fa7fabb330d54506f634ebdfd12f22338a51550a98d96aaba1083357e6b264e,False,False,False,0
packages/platform/entity/runtime/form-detail/src/form-errors.ts,ts,application_source,eb07f82049e41d01069bce9ed68e94f6a16236e5cb92ee816754c5c42f3e06fb,False,False,False,0
packages/platform/entity/runtime/form-detail/src/form-layout.tsx,tsx,application_source,71390054bdce0100f41875aadba4d7973b92107598d52b031e8a7142604f1fe9,False,False,False,0
packages/platform/entity/runtime/form-detail/src/form-submission-identity.ts,ts,application_source,4bd422d8eeb66bef4e5ea3f96db9982167891a0e79efcb587f27242ff5115f08,False,False,False,0
packages/platform/entity/runtime/form-detail/src/form-values.ts,ts,application_source,12c03b6d50baec485a6f6dc988d47d57c2589d16054cd1b7ab54d32953f8d7b9,False,False,False,0
packages/platform/entity/runtime/form-detail/src/index.tsx,tsx,application_source,b6f4c19a10eef456d7b81741a43c8855cf6d0713e0d4a1f6724ec1a220a489ba,False,False,False,0
packages/platform/entity/runtime/form-detail/src/intake-classification.tsx,tsx,application_source,2f583acb820122623336c8b714a464212827b3e69517679865c471dba4badebb,False,False,False,0
packages/platform/entity/runtime/form-detail/src/intake-state.ts,ts,application_source,a88a25e1e0de9340dc5ce9083f8f1f1abea792c9e79f2580c7e8d15545506f39,False,False,False,0
packages/platform/entity/runtime/form-detail/src/intake-surface.tsx,tsx,application_source,6311a2f4ec622307ef6b7c63d0e2bf560c53cd90f2adaacb5edd833d61832b55,False,False,False,0
packages/platform/entity/runtime/form-detail/src/intake-workspace.tsx,tsx,application_source,b2fc92883fa6de74aad9279fe93d6315dd10c54503326c14fc1f2075a7b2265c,False,False,False,0
packages/platform/entity/runtime/form-detail/src/intake.tsx,tsx,application_source,a2791a4655213bc077db06a34a875b038ccd277b4243f53afa0f042a349d8abc,False,False,False,0
packages/platform/entity/runtime/form-detail/src/panel-header-action.tsx,tsx,application_source,61dc87ddfd789bb0fe8a47aa0f7c3a9c51950f02b815e570e1232646f64ddfa5,False,False,False,0
packages/platform/entity/runtime/form-detail/src/protected-value.tsx,tsx,application_source,f8576059f3ddd572f8def77cd7704093acb8e3b120d6292ed55afab3f851f8aa,False,False,True,5
packages/platform/entity/runtime/form-detail/src/record-360-panel.tsx,tsx,application_source,ca30538bb64183f3e3f4e6beee047fb170ffd40b3c27aeb245b40c01078e853f,False,False,False,0
packages/platform/entity/runtime/form-detail/src/record-action-dock.tsx,tsx,application_source,d47ad8ee55a78ea4163aaa2da5e69fa2a5a441d0976548a0d673674a5ba3673d,False,False,False,0
packages/platform/entity/runtime/form-detail/src/record-action.tsx,tsx,application_source,e00b898052324fd285ae15e6d8ffd61912fa78725bb6604ddd24f277bf29c007,False,False,True,2
packages/platform/entity/runtime/form-detail/src/record-fields.tsx,tsx,application_source,b31111304091d4fd708f49830ab977f7817091e8288c345d38c136f43a35d88c,False,False,False,0
packages/platform/entity/runtime/form-detail/src/record-header.tsx,tsx,application_source,d387e96909b92192ea0439b0ca09c8ba823554e3ef82dd158a1d6a58244c9481,False,False,False,0
packages/platform/entity/runtime/form-detail/src/record/browser-preferences.ts,ts,application_source,4b4a23553642796692b42294ed35fd768d980b74fd782a4ecf12b985e2430da7,False,False,False,0
packages/platform/entity/runtime/form-detail/src/record/entity-record-page.tsx,tsx,application_source,cb86ec7d92bc4164f5a3182f45eb5ac45cc4799e6d91d478f14e8c4807bdf84a,False,False,False,0
packages/platform/entity/runtime/form-detail/src/record/index.ts,ts,application_source,3da190f52cbdc113c72d48caa40777940a9d2e85aa4193b93f7e844e54dcfd87,False,False,False,0
packages/platform/entity/runtime/form-detail/src/record/protected-operation-registry.ts,ts,application_source,b25dcb10f1625b5da54f1d917568bec12fabbc67d290a647c82db7aa3c74a72e,False,False,False,0
packages/platform/entity/runtime/form-detail/src/record/protected-value-attempt.ts,ts,application_source,5ec52d62150cbb1a6e23bfa7b7c59aaee4e5269f29f74482a57ec006cc6a8e50,False,False,False,0
packages/platform/entity/runtime/form-detail/src/record/record-body.tsx,tsx,application_source,eafb347f90d466281a27c5f57275bdb45d2a5da6c2d3353451be48e3afcf1cfc,False,False,False,0
packages/platform/entity/runtime/form-detail/src/record/record-contracts.ts,ts,application_source,97808e466b2ab888f1bf525565f286fe44934fb948595aa3c5560e071bde7159,False,False,False,0
packages/platform/entity/runtime/form-detail/src/record/record-navigation.tsx,tsx,application_source,e614107f97c515649ef21c5c38dadb2fc85cd141350ba1984b70aa43c3e95c5f,False,False,False,0
packages/platform/entity/runtime/form-detail/src/record/record-summary-panel.tsx,tsx,application_source,98e8a7784f5ac3cb711f9cabafdd79743da79145f54ece9bb0494ce3673aa497,False,False,False,0
packages/platform/entity/runtime/form-detail/src/record/record-url-state.ts,ts,application_source,4f5622977b6f7fccd0659fd12c3fbe20ce5f6cc00684a73ff31b277f77ef8a49,False,False,False,0
packages/platform/entity/runtime/form-detail/src/record/record-view-preferences.ts,ts,application_source,5c3a4ce727c19971f29db38bf5c1ca8b83fde43022c49b36a46650017359e29d,False,False,False,0
packages/platform/entity/runtime/form-detail/src/record/resolve-resource-context.ts,ts,application_source,0d7be183c61d71a93b160b85fe4899887b487ad28ff316310cdbf93be82d818e,False,False,False,0
packages/platform/entity/runtime/form-detail/src/record/use-record-collaboration.ts,ts,application_source,9df0482721743673d03675b0988720745b74ab0d037d80a6744b07ce41d1f1ad,False,False,False,0
packages/platform/entity/runtime/form-detail/src/record/write-record-location.ts,ts,application_source,e779ba5d42541c8ff05bea24caf14778508b435565816035fe93a5246086343d,False,False,False,0
packages/platform/entity/runtime/form-detail/src/reference-field-input.tsx,tsx,application_source,9192234fb1ada5092a01358fea353730c6f11cef7ecc742a2e1a20e84acd7a68,False,False,False,0
packages/platform/entity/runtime/form-detail/src/reference-history-store.ts,ts,application_source,cbd9dba9b7bee8ec3b368216e007f7beb9721b5ebf8a5ff6938972b22aa32b8e,False,False,False,0
packages/platform/entity/runtime/form-detail/src/reference-lookup.tsx,tsx,application_source,f57fd9a88e3b4e31f5ee6043145755e5815bac4e298762e067016f0b48aa606a,False,False,False,0
packages/platform/entity/runtime/form-detail/src/reference-preview.tsx,tsx,application_source,64d46583b654248eb650b2daef2da3fe73ea24f79a105cf0372f9ff4351483fa,False,False,False,0
packages/platform/entity/runtime/form-detail/src/reference-select.tsx,tsx,application_source,413e11987c38bce8b077a44b331503b29ae2002fde4e100f7741733188704514,False,False,False,0
packages/platform/entity/runtime/form-detail/src/registered-renderers/address-renderers.tsx,tsx,application_source,445e43fc5f88ca684072e491115af2704961f67f3cf3635e8b593d0895d296a7,False,False,False,0
packages/platform/entity/runtime/form-detail/src/registered-renderers/contact-renderers.tsx,tsx,application_source,54291d066d51f3ca76cc1b883de4bd66c8cbc3dc81841a14ff68cd6d8348f7ed,False,False,False,0
packages/platform/entity/runtime/form-detail/src/registered-renderers/entity-section-component.tsx,tsx,application_source,bd9d322fb9fa8c3e0355f4a1e31149a412c57ff2062a99519af609d54f01e31b,False,False,False,0
packages/platform/entity/runtime/form-detail/src/registered-renderers/index.ts,ts,application_source,9acbf1f338696bb73cf448288a6a91215641d0bc3a9c68247c6b3f66e8666635,False,False,False,0
packages/platform/entity/runtime/form-detail/src/related-entity-section.tsx,tsx,application_source,2f4a822358a32cf71f4df99e93d4f3393ca2148963a70c48279d3ec40dcf9cf6,False,False,False,0
packages/platform/entity/runtime/form-detail/src/related-record.tsx,tsx,application_source,d0649c44374b4981d16060ae9d58f3c4e63d4f7fc5b4d236a4cd474087f9a7e6,False,True,False,3
packages/platform/entity/runtime/form-detail/src/rich-text-render.tsx,tsx,application_source,5b6d8b6138d7d93929305ca65598376f63862ba11df9858f5b7737e51f3a9b20,False,False,False,0
packages/platform/entity/runtime/form-detail/src/routes/entity-read-route.tsx,tsx,application_source,8c29abe3224f906dc618cae5bc2003baa5dda7f1593eceb8c51a5091c42ae233,False,False,False,0
packages/platform/entity/runtime/form-detail/src/section-availability.ts,ts,application_source,32a870a7047df2dc7eab81135c8374b621d2fb9cf07301e18cc6c57ba073401c,False,False,False,0
packages/platform/entity/runtime/form-detail/src/section-navigation.tsx,tsx,application_source,5300ecc8a17a8eabdacf1a05768be1a55c7dddc63e538786446f0b323d6f5d33,False,False,False,0
packages/platform/entity/runtime/form-detail/src/section-primitives.tsx,tsx,application_source,e16135ca4f1295de7d94d4c2ea40daec513c0bda24d0488b0a4e1995940d9305,False,False,False,0
packages/platform/entity/runtime/form-detail/src/section-workspace.tsx,tsx,application_source,1d051a8eed6a75e7fee37b1e00c79edca27c196c7ea03f3d96b20276af04f4cb,False,False,False,0
packages/platform/entity/runtime/form-detail/src/session-scope-key.ts,ts,application_source,056912f70e91ffce992c47482fc643fbdc02ac618934954677d04984554b7ab9,False,False,False,0
packages/platform/entity/runtime/form-detail/src/share-abortable-request.ts,ts,application_source,1dd98ee163b7ee2d79841e2aaf0defae7fe087f4aead344b6919083c6eb9c8f4,False,False,False,0
packages/platform/entity/runtime/form-detail/src/shared-section-request.ts,ts,application_source,39e5a27c49a1f658846391bf8133e0d8919774cfb5855d328e94a96a4093446e,False,False,False,0
packages/platform/entity/runtime/form-detail/src/subsection-heading.tsx,tsx,application_source,254c64148bf420df4815b29c79f56b0157019f000f7532776d51905a183ce9d1,False,False,False,0
packages/platform/entity/runtime/form-detail/src/thumbnail-requests.ts,ts,application_source,9a974388a2438a5e8705fc0518270cc09d242ab7d2ebd848115b79851f23767c,False,False,False,0
packages/platform/entity/runtime/form-detail/src/thumbnail-scope.ts,ts,application_source,0ec785e19818e6e39c66f7c730f596bb5779de1ce4193ff0646ec572e1c708ae,False,False,False,0
packages/platform/entity/runtime/form-detail/src/upload-record-attachment.ts,ts,application_source,0a043e8d47f2b75847d0a0668f8761f572a4aefee62b156854cc5a5e59658248,False,False,False,0
packages/platform/entity/runtime/form-detail/src/use-async-resource.ts,ts,application_source,93d5c2de4cdb134eccf7646d5c9a26128251f8594bc44934bca82b57d05938a3,False,False,False,0
packages/platform/entity/runtime/form-detail/src/use-attachment-browse.ts,ts,application_source,815a07112d69ecbaa0fdc9edd5b22347591dcf1781f2bc3a9802fd1008b3c332,False,False,False,0
packages/platform/entity/runtime/form-detail/src/use-attachment-status-polling.ts,ts,application_source,1df3225b2fab3396c7eb1ae56478f562a8c832c8e2177291295ffa58501ce3b7,False,False,False,0
packages/platform/entity/runtime/form-detail/src/use-section-resource.ts,ts,application_source,75ed2ec2e014e831b537b0a90667fe3122301dce81aa266befb3db8a9cdaecac,False,False,False,0
packages/platform/entity/runtime/list-view/src/applied-filters.tsx,tsx,application_source,a3a2092a4ae5c53e7c270bab669ec9c267ca5c914b859aad50d525e8fe88e473,False,False,False,0
packages/platform/entity/runtime/list-view/src/bookmark-state.ts,ts,application_source,668ed0aa0638dc6238fc4cc2fcba98b3db9a0858af078a31bef1e391a3b713d1,False,False,False,0
packages/platform/entity/runtime/list-view/src/browser-storage.ts,ts,application_source,609a3f8019e66cbfc44e93e0c23193b0285b22fd02cc202d424adcd97fb4de3b,False,False,False,0
packages/platform/entity/runtime/list-view/src/columns.ts,ts,application_source,e1675866cb2a162a35b3a7d80a54bc5571fa60a5e7f98e8acdad2d89de8dfccc,False,False,False,0
packages/platform/entity/runtime/list-view/src/data-operations.tsx,tsx,application_source,49887cb3ab03b028e86dfd953042ca12aee0493254888139324780b7f29a494c,False,True,False,1
packages/platform/entity/runtime/list-view/src/dialogs/group-dialog.tsx,tsx,application_source,9df4fc5bb073966dc74e0ec10fe608d32eadca703ed6bfd48318b288cf95b870,False,False,False,0
packages/platform/entity/runtime/list-view/src/directory-filters.tsx,tsx,application_source,6bf61658a1f8364648a38a61bb0e73cf8b5cd94b42647109a0d05723cfb66dab,False,False,False,0
packages/platform/entity/runtime/list-view/src/drawer-registry.tsx,tsx,application_source,b5c829181928abc3730383240b4d5bc22896cf0c4028733ada037066ed7f7da5,False,False,False,0
packages/platform/entity/runtime/list-view/src/entity-location.ts,ts,application_source,b0ae6650a9cbe8a7911d35913932983df0502964b5130bfe22b15da012b6bb45,False,False,False,0
packages/platform/entity/runtime/list-view/src/entity-navigation.tsx,tsx,application_source,8663075e28429d8a1c6ae23810182d824a1b1bcaea4c1296660cb3eff8b218ae,False,False,False,0
packages/platform/entity/runtime/list-view/src/field-catalogue.tsx,tsx,application_source,0919c05737a6384ce680d092de4bdbbbc5338ee29305d220b79e5451c8031531,False,False,False,0
packages/platform/entity/runtime/list-view/src/field-format.ts,ts,application_source,3c5aaa9e4e55b9f833f3448d09c18f24dde139df5ed2efd8e481d0d3a0df1758,False,False,False,0
packages/platform/entity/runtime/list-view/src/filter-editor.tsx,tsx,application_source,c34403ce48ac244fb0a5b809ad22b2bfb67de67dbecd5416317af091037cc11b,False,False,False,0
packages/platform/entity/runtime/list-view/src/grouped-rows.ts,ts,application_source,5a6271db6f07eae76c83a5e7a8dcd3b8682598d537c91fa91f7a76ddca09c0f8,False,False,False,0
packages/platform/entity/runtime/list-view/src/import-workspace.tsx,tsx,application_source,0188e5e83d7c7cb58cd20780a4096ed98fcfa2fa0c0ce3c3812efc5b0a1cc92e,False,False,False,0
packages/platform/entity/runtime/list-view/src/index.tsx,tsx,application_source,297333692001ac4839655e92134b6821c4cd40a80728e764ea99131d14b186db,False,False,True,1
packages/platform/entity/runtime/list-view/src/list-notice.ts,ts,application_source,bc384d8a8e2ac4a87eeebbd679365e3fc895bf3478b2ed6a7fdd45863828ff8d,False,False,False,0
packages/platform/entity/runtime/list-view/src/list-pagination.tsx,tsx,application_source,d3575721c592cf58440524cf7334ce2dbfe5c452e07d2a04f0f0ba7a8415e6a3,False,False,False,0
packages/platform/entity/runtime/list-view/src/list-scroll.ts,ts,application_source,3d9e75a860017bc33c7b4793eed128995d7c9bc202e912a84736c1261f3bf8ca,False,False,False,0
packages/platform/entity/runtime/list-view/src/location.ts,ts,application_source,871d485fdd1579c925aaa71405925e3962fa0466940bcc564bc3c7b6e182e687,False,False,False,0
packages/platform/entity/runtime/list-view/src/lookup-directory.ts,ts,application_source,81fc560f956be384e113f6b38291e444df894e871131fb8bd493910ab0fdb3f9,False,False,False,0
packages/platform/entity/runtime/list-view/src/navigation.tsx,tsx,application_source,ca2570b96249197d646a7a14bfd8ea9a508ac4eaaaa29eee0891dae5f991c631,False,False,False,0
packages/platform/entity/runtime/list-view/src/overview-favourites.tsx,tsx,application_source,84d47955ab2c2c514563110af77cf15ebef93a972eb4662b880a9b2d2fd0c6b5,False,False,False,0
packages/platform/entity/runtime/list-view/src/overview-messages.ts,ts,application_source,ca4bbcd619669c250d70d006f1ac580ded88da406d01387473c17817372a9b8a,False,False,False,0
packages/platform/entity/runtime/list-view/src/overview.tsx,tsx,application_source,7cd58f5b8bbc50b2cb5c612f84a2b025c2744b554113f33b900ebcf6d0f52864,False,False,False,0
packages/platform/entity/runtime/list-view/src/preferences.ts,ts,application_source,1821678ec74fc8c88ca968c247eea350b7cb0ce0aea60d37cb79604dacfbdb9b,False,False,False,0
packages/platform/entity/runtime/list-view/src/presentation-tier.ts,ts,application_source,78622948e24e1c3c606ffe9fdb9e4bd7b9c71f4fb362ecefab3d3e1bef841f49,False,False,False,0
packages/platform/entity/runtime/list-view/src/query-state.ts,ts,application_source,1853ddb378f90066619b65319ba99fd80de6deb0411d60cebf37e8113046af2e,False,False,False,0
packages/platform/entity/runtime/list-view/src/record-card-layout.ts,ts,application_source,4eef91a731d8724585e2e6f398162507a4965e02e30a578b33396c95a2f219b0,False,False,False,0
packages/platform/entity/runtime/list-view/src/reorder-menu.tsx,tsx,application_source,e1ace475b7c8d71180c705b13ecda3ae5a7ea0e390d1b94acfbd8f7832c4cd4e,False,False,False,0
packages/platform/entity/runtime/list-view/src/required-context-status.tsx,tsx,application_source,982b85589a1796e29efe1a7742a76c4f63bcd379933f83a7734b867bc2ee0fe0,False,False,False,0
packages/platform/entity/runtime/list-view/src/retry-policy.ts,ts,application_source,4a6c1ecc5a46b298fb13a4ffb09206db22c6c9de0caccc51b42414ea5307154f,False,False,False,0
packages/platform/entity/runtime/list-view/src/scope-control.tsx,tsx,application_source,fc0437bc3e29739da0aa7dd80195c916b78b347c9e3b003784e6b2178e871792,False,False,False,0
packages/platform/entity/runtime/list-view/src/sort-direction.ts,ts,application_source,35463b8cdb8ffd2da0776965545a602c570a9e7de7e990228e4fbd810390ef07,False,False,False,0
packages/platform/entity/runtime/list-view/src/state.ts,ts,application_source,f5c1880575f1d9d214a67c0abfec174df31b577859f20d74a40bd99e277c2a4c,False,False,False,0
packages/platform/entity/runtime/list-view/src/sticky-table-header.ts,ts,application_source,b5fc0940411edb41c4cafd03a954a4f95f433c208868461d03cb5c060961fd39,False,False,False,0
packages/platform/entity/runtime/list-view/src/sticky-table.tsx,tsx,application_source,ae13268456dca9b2e33ffd508127e261ede0583a813f4b5de048a23292100e1c,False,False,False,0
packages/platform/entity/runtime/list-view/src/transfer-workspace.tsx,tsx,application_source,4d03acb4a755f1c10a5fd1a125c97a3e383c360ab046e5860f4174fee974b11c,False,False,False,0
packages/platform/entity/runtime/list-view/src/view-policy.ts,ts,application_source,9b8631b07c1c756dec2b4b0dd4e7e2639205fa7ab872599034d8e6ea44e096fe,False,False,False,0
packages/platform/entity/runtime/workflow-ui/src/index.ts,ts,application_source,8daf901ecb6536b26e0632b480b6bfadd62d24ec1b886523d10fd0d24392fb7f,False,False,False,0
packages/platform/foundation/api-client/src/bootstrap.ts,ts,application_source,be7f8142f6391bdfb1a20b8c7ceda943ab9abfe7e06d5c4165eef9d1b9c69a05,False,True,False,2
packages/platform/foundation/api-client/src/browser-csrf.ts,ts,application_source,c69aea556b6d03210a607dd244307ce11e4691ea81d275fb54374e10a2a919c4,False,False,False,0
packages/platform/foundation/api-client/src/entity-list.ts,ts,application_source,51d825b5b70dafd3378bd41ba5bf2f935fa866a9157fa386f6745e25e605d630,False,True,False,2
packages/platform/foundation/api-client/src/experience-surface.ts,ts,application_source,99da6bcbf2fbaf0bef8fc3af2ffb948661f78d09c14a7757933bb9fe431ca3d6,False,False,False,0
packages/platform/foundation/api-client/src/index.ts,ts,application_source,6b498b2da8cd862d2d6cc94873c1c6908b13c9e31cc7e19e47909ab81949add8,False,False,False,0
packages/platform/foundation/api-client/src/localization.ts,ts,application_source,bdc337cfe949e46fa46b59061b21fd5c8411472b7e8058746f2cfe26ff9618b6,False,False,False,0
packages/platform/foundation/api-client/src/network-account.ts,ts,application_source,c772d6a78d2936cc08959f9a12679106cd4a6ff0f73512a2b061b7951f526766,False,True,False,2
packages/platform/foundation/api-client/src/operating-organization.ts,ts,application_source,3e3aa3067745e28bbffc78f3cab3eee75fbd3c430e5789e28dc19e0d841556b8,False,True,False,1
packages/platform/foundation/api-client/src/reference-history.ts,ts,application_source,9427d4f445be5040d33c8b832ebcafc0d203e40ff6f89d8f2f52b51be08dc5f0,False,False,False,0
packages/platform/foundation/api-client/src/shared-reference-directory.ts,ts,application_source,f0732850d02ddf02a22b5f0ab1c9904b3fb50baf66f4ac6b4cdf2b4a2a4712ce,False,False,False,0
packages/platform/foundation/api-client/src/signed-upload.ts,ts,application_source,aacdf685386a980b384fb153b458c2f528450025a179a4d094d8a7c3610d1a04,False,False,False,0
packages/platform/foundation/api-client/src/work-context.ts,ts,application_source,d2c73a1eb8a30590d953ad59547535cdab55a51fc2a9f8176c2948927dab6e64,False,False,False,0
packages/platform/foundation/brand/src/atlas-modern.ts,ts,application_source,d99f00f1bb6c2f4307558330138c03adeba09d5a01ecbb4e5aff30ffe07d9194,False,False,False,0
packages/platform/foundation/brand/src/atlas-mono.ts,ts,application_source,5ffb0b5349c72ece4bec1bc42678260826f3287aa883cf5715444f885d51f944,False,False,False,0
packages/platform/foundation/brand/src/index.ts,ts,application_source,61dbfbbc2cddc5a81e3f9b6a8c9cabd1450622293c89221872f997f920064ff7,False,False,False,0
packages/platform/foundation/core/src/index.ts,ts,application_source,8daf901ecb6536b26e0632b480b6bfadd62d24ec1b886523d10fd0d24392fb7f,False,False,False,0
packages/platform/foundation/i18n/src/catalogs/collaboration.ts,ts,application_source,7a3a2b14f982ccc4a143fb693753fcf63895470e8356732f27e02143639593b2,False,False,False,0
packages/platform/foundation/i18n/src/catalogs/entity-runtime.ts,ts,application_source,53009b3bd552ec28e86aafde198fb74c573d526ad4b7036c317564dff98d8198,False,False,False,0
packages/platform/foundation/i18n/src/entity-catalogs.ts,ts,application_source,374c16b0dbfe194c28208aa357fe85d25b5444ec74728a1720c66e6a52aea79d,False,False,False,0
packages/platform/foundation/i18n/src/entity-errors.ts,ts,application_source,02bb9191178a2ed75acd2685434348c8affc292e2d4844acac725f81f227ee3f,False,False,False,0
packages/platform/foundation/i18n/src/entity-labels.ts,ts,application_source,2f1348a9cd0fb1212d6b0c2311e04381818d28f140d2fa76a25991bcca76ed2f,False,False,False,0
packages/platform/foundation/i18n/src/entity-messages.ts,ts,application_source,7d7b27d8e0428742739e2a36c59c75c68dea6556cb6a8ee4e646e5663cfb579d,False,False,False,0
packages/platform/foundation/i18n/src/entity-react.ts,ts,application_source,1e81af04c3fac9f44a7e2aaaff34ecb9594a5deea01dd830a284154e70ea6bd7,False,False,False,0
packages/platform/foundation/i18n/src/entity-reference-messages.ts,ts,application_source,4eb7accc4c56431df2c1ae2f6731c764f525dd6399b6c32067a95ebbbdc3390f,False,False,False,0
packages/platform/foundation/i18n/src/entity-value.ts,ts,application_source,f5a0422c2c0110261fd91f3d8ee55b654b1f248c0aee0c59d0d1dcaa357286c6,False,False,False,0
packages/platform/foundation/i18n/src/index.ts,ts,application_source,4fb57a1ec4da78c7d000c851ade492b6596ffd29219e5e11a6aeca937d5dd731,False,True,False,1
packages/platform/foundation/i18n/src/react.tsx,tsx,application_source,8e385e6b21b9eb2b807b60e137c726d8cf41b0d384e2fa2df77fdf427e4cc321,False,False,False,0
packages/platform/foundation/i18n/src/server.ts,ts,application_source,ea229802e044195359ca37591d77c04f733d0a1584edd62f7e436fc19fcd1c28,False,False,False,0
packages/platform/foundation/icons/src/atlas-brand.tsx,tsx,application_source,bba20f0d9162df8df2c8ae4ae941c1da78e7dacbf141f928b3c8937ea9afafa7,False,False,False,0
packages/platform/foundation/icons/src/catalog-icons.tsx,tsx,application_source,a27cf11a81c6813f85f035f0bd50b081cf950b03120cb0d1507cd8eb0d5484f3,False,False,False,0
packages/platform/foundation/icons/src/check.tsx,tsx,application_source,2ccdc8f4391164d7efeb3f919c0f22e1a7f4583f4478bed16642bba7724fea33,False,False,False,0
packages/platform/foundation/icons/src/chevron-down.tsx,tsx,application_source,9ee8f55555ee2d5eac42a214a7fdf0f3ba3cf59e11f8e569967a841e459d3659,False,False,False,0
packages/platform/foundation/icons/src/close.tsx,tsx,application_source,f847d9276b2cc17fb089784abeb0eea4a1648c16cfbc9ef6cb6a3fc2cfad173c,False,False,False,0
packages/platform/foundation/icons/src/home.tsx,tsx,application_source,be7cfb09f57e8b4a8d1c90c88a217dffc6cfb4a8fa038088e805e279d42ae2eb,False,False,False,0
packages/platform/foundation/icons/src/icon.tsx,tsx,application_source,1e8985fcc08f4c1cf8cb847602690e4cb904be175949d1c1b53e9615d855be86,False,False,False,0
packages/platform/foundation/icons/src/index.tsx,tsx,application_source,cca5ecce19596f0216f8ea33f82fb343fde916bf623e1a8b679453d39ef70c79,False,False,False,0
packages/platform/foundation/icons/src/info.tsx,tsx,application_source,9758016277b1e29ea4152b7185a0ca88e852766f2c180062227c72ebc51f1e43,False,False,False,0
packages/platform/foundation/icons/src/list-controls.tsx,tsx,application_source,7b45b758926a584f707731c292920e437b5310dde555cfbee2800546d5380d6b,False,False,False,0
packages/platform/foundation/icons/src/menu.tsx,tsx,application_source,1d9bd76e56276322c77324f9e552551d29578c46c78376c9d06050bf75283a78,False,False,False,0
packages/platform/foundation/icons/src/shell-icons.tsx,tsx,application_source,c1abc371aaee495d74a5b1d4ff9aedaf81458b87818bebc50502cc0c8d9c3c54,False,False,False,0
packages/platform/foundation/icons/src/user.tsx,tsx,application_source,c9678884bf2f67d11e31a33da902fbb226762bb9758e7d6272ab270af224e2a0,False,False,False,0
packages/platform/foundation/icons/src/warning.tsx,tsx,application_source,6d28cb2753509ced146e3132fb78d527a8d4f7a9f2c85b3de27d821f08060cd7,False,False,False,0
packages/platform/foundation/query/src/core.ts,ts,application_source,3e8bc662cef83f771e6180b7350e60f6699c7baf923b37560c2b708933d0f704,False,False,False,0
packages/platform/foundation/query/src/index.tsx,tsx,application_source,27ae49542337dc9a8447808d51ae07d574af0a0ebca2a5ff47310f8fbc9cf47e,False,False,False,0
packages/platform/foundation/surface-kit/src/index.tsx,tsx,application_source,4e4d0edd81bd9cd16fc2a088345f587e0b4f4484235d75baa1c0a9895f407942,False,False,False,0
packages/platform/foundation/surface-kit/src/public-identity-surface.tsx,tsx,application_source,c4d5856c613fd06a53af4a1597c1ef2a40939dc00e00f76188c9d86f8d5af836,False,False,False,0
packages/platform/foundation/surface-kit/src/stack-rules.ts,ts,application_source,5da8be069c504e570e315fa49c1cba4f0dbb8fab30109fd4e7454a71af164bf1,False,False,False,0
packages/platform/foundation/temporal/src/index.test.ts,ts,test_fixture,78d991df66001e8212e8d9d42be8f1830dceba6e23d35ebcbfca577ebe66a4a6,False,False,False,0
packages/platform/foundation/temporal/src/index.ts,ts,application_source,a3b3981fe485fd0af3696cc6ca60b7d9c4440062f37b0b431af243ef3f0fd460,False,False,False,0
packages/platform/foundation/theme/scripts/build-docs-css.ts,ts,tooling_operations,3d6b4dce87a8443d3386a0700a8cf6dd11be4542b3717637ed3b15d50c3c2b75,False,False,False,0
packages/platform/foundation/theme/scripts/build-iam-css.ts,ts,tooling_operations,58c63d1263c189d349be1f96f9605a8a577aa17d9f5fdafd5841e2e199c13a18,False,False,False,0
packages/platform/foundation/theme/src/index.tsx,tsx,application_source,9a650112135ea5400fd9142efff8b9a95261e467e1b2945a71c7c780aef83f15,False,False,False,0
packages/platform/foundation/theme/src/tokens.ts,ts,application_source,28f0526551a55f13d4c6024e11e9e0a86eed4b9df3e42b9a37e6ddf1b425662d,False,False,False,0
packages/platform/foundation/ui/src/applied-filters.tsx,tsx,application_source,ace66d2516960931fd6ce278da96681bcdc304657d34e6a60bfa9f225f8b37d1,False,False,False,0
packages/platform/foundation/ui/src/browser-storage.ts,ts,application_source,97ba7ed229324aca0899093e86a83a7b7b4083f8baffdb035e9571fbabad9e29,False,False,False,0
packages/platform/foundation/ui/src/choice-presentation.ts,ts,application_source,6cd1b92cfa7f5511dd99a23386a3a6fb61dda1e29ca3ba92fdf08c7be7b8b182,False,False,False,0
packages/platform/foundation/ui/src/choice-select.tsx,tsx,application_source,1e13ca01f073ccf9464db97faba308cc96c02529ced8f50bf82e5400d8abfbca,False,False,False,0
packages/platform/foundation/ui/src/company-groups.tsx,tsx,application_source,2df731b95886f60ebfd60882d9f70943020798bf4c124f351d9bf4ec7dcf09c0,False,False,False,0
packages/platform/foundation/ui/src/composer-frame/index.tsx,tsx,application_source,17dd6bc5e533326999b6c989b28921dc0e800ab6ab439cf6c237fa86953cb1ac,False,False,False,0
packages/platform/foundation/ui/src/date-picker-calendar.tsx,tsx,application_source,8636f2bb12310033ff9f77de6eacaa713f45172c5482325116399ce48d72f942,False,False,False,0
packages/platform/foundation/ui/src/date-picker.tsx,tsx,application_source,d6cedde2ef09d59f997fed19802b678e99c9c06331bbc3288166f57fb4cd2293,False,False,False,0
packages/platform/foundation/ui/src/filter-chip-group/index.tsx,tsx,application_source,a05a6c36efc997eed28cf00fbea98f4d128420075a56f08dcdbb04e39cbf23ea,False,False,False,0
packages/platform/foundation/ui/src/form-field.tsx,tsx,application_source,73e530e151cb05b5456631773274189a905225cb9e617ab04b66cf916436a039,False,False,False,0
packages/platform/foundation/ui/src/index.tsx,tsx,application_source,83486cf2d488f8066d268d8927fb149f6066a4a032c14902667892715315d3b7,False,False,False,0
packages/platform/foundation/ui/src/modal-isolation.ts,ts,application_source,bf07e86ce8261601de0dd8cf2cd8d67f3add4cdeb011a74e437816d95fe4e6b5,False,False,False,0
packages/platform/foundation/ui/src/panel/index.tsx,tsx,application_source,c7b914f9be2a13398a6f9c67c4cb5d0e256534e1070b915040ff0f30e2b57b13,False,False,False,0
packages/platform/foundation/ui/src/presentation.tsx,tsx,application_source,5d86b9d8a5f631190eabd8108fdff2b6074ffa4cd55c6c0051cbed7818359df5,False,False,False,0
packages/platform/foundation/ui/src/preview-frame.tsx,tsx,application_source,04b8afd6b10a78f11cf5c0af29d36357d51a8cd33db0efad89d283a7d39a0ae3,False,False,False,0
packages/platform/foundation/ui/src/search-field/index.tsx,tsx,application_source,34cd5c0e2009f9fb1af940a68689f1b1128aec765129ea00ca56ed3f54ed456e,False,False,False,0
packages/platform/foundation/ui/src/searchable-select.tsx,tsx,application_source,320eba126b889f1f9799b55d70b69c315c2342745e8c6fbcd99b3eae46ca1277,False,False,False,0
packages/platform/foundation/ui/src/segmented-control.tsx,tsx,application_source,575621f7f16d8eabf4b4521ab4b9b93ce7835ec18f04f6e0589da79226d12f68,False,False,False,0
packages/platform/foundation/ui/src/surface-error-boundary.tsx,tsx,application_source,d4132d3cb1c63f4d0cf6f9e7b86e89a676a9a3e438bc9c87a0210a14744a0e60,False,False,False,0
packages/platform/foundation/ui/src/tooltip.tsx,tsx,application_source,a1a544a21446de833b334273bed7cfa4a24e7ba892dea95571fb02ad439f6cbd,False,False,False,0
packages/platform/foundation/ui/src/ui-messages.tsx,tsx,application_source,47191b756ff992e4f92903525219d99e4ac54e4c050dc5af063da4c7f01d4cf9,False,False,False,0
packages/platform/foundation/ui/src/view-selector.tsx,tsx,application_source,0c37e0242c2034c83ccc29b89c99861f485ab427d52ce9dfa2bf2fd1ba64d470,False,False,False,0
packages/platform/gateway/bff-relay/src/browser-denied.ts,ts,application_source,13608a324672fd50bbf04b06ab5c790284881c026a07349ebc79388914bc342e,False,False,False,0
packages/platform/gateway/bff-relay/src/index.ts,ts,application_source,372eca1fdde181a2fe8e0c12b9a421ba7746195cef20934cde96a3297ce75cd9,True,True,True,4
packages/platform/iam/auth-bff/src/browser-denied.ts,ts,application_source,ae8b2257fd82f04c630ac9578558636241ae00f1373dded3ce812695f3a67f89,False,False,False,0
packages/platform/iam/auth-bff/src/environment.ts,ts,application_source,995ab915759fc17febfa404aeecec01093f1331f5e3d086fa7f40346c04a615a,False,False,True,12
packages/platform/iam/auth-bff/src/index.ts,ts,application_source,723441b95bc5d309ad3e4adfa02c02e4e0b1591686b1bfbe13ee9c1b57fbe2a4,False,False,True,34
packages/platform/iam/auth-bff/src/runtime-environment.ts,ts,application_source,d9e386e5915e6eda5a19220df69f8ac0a9d0f84ad03491beab427a17a1387cd1,False,False,False,0
packages/platform/iam/identity-gate/src/context-picker.tsx,tsx,application_source,ed7c68c39b917ef05840a8368ee445c9ab9e08add18255006c1ae2dac201dbb0,False,False,False,0
packages/platform/iam/identity-gate/src/index.tsx,tsx,application_source,caabb31e35b54fed9c93de1ec71c7d02cff7d4960433816ec03b324118eabbec,False,False,False,0
packages/platform/iam/identity-gate/src/workspace-map-data.ts,ts,application_source,865a229cdd2ffa236005158ac0b3774b8e6982c6d59152417bcb97ef8343f11d,False,False,False,0
packages/platform/iam/identity-gate/src/workspace-showcase-data.ts,ts,application_source,e1ef0441081c91159316e199cf3feb14e9b100c8925ec07ff2d7b92b11929367,False,True,True,2
packages/platform/iam/identity-gate/src/workspace-showcase.tsx,tsx,application_source,18f34e890496bf94a5fef47c4a873a1414c48c26e02074093f8397520580d514,False,False,False,0
packages/platform/iam/session-store/src/browser-denied.ts,ts,application_source,6cd938c3db4d047e2b2e31af7c4c41ee4f5af49c1e1d699cf0d26eb047fe0c37,False,False,False,0
packages/platform/iam/session-store/src/index.ts,ts,application_source,a09b93542ba74f2f889cbdb0b316c43921ec2b2f567ed9e1121166216702057f,False,False,True,2
packages/platform/iam/session/src/index.ts,ts,application_source,34e48a457be36786babc8d1aee9532b42576d76bf0a95719fef9b1c8679099c1,False,False,True,3
packages/platform/shell/activity-center-data/src/index.ts,ts,application_source,46b350b7d9b695bb930de3a6443d2f95559e5064d39ca98680ae886bf4965f0e,False,False,False,0
packages/platform/shell/activity-center-data/src/notification-controls.tsx,tsx,application_source,2daf15aa12f25b609400cc1e6933ffe251ddf6521120b0e40d2e512bf1530a81,True,False,False,2
packages/platform/shell/activity-center-data/src/page.tsx,tsx,application_source,1e67bc39da903367fe55adf055b519772844cd10ee2b2f058d527d10efa5db14,False,False,False,0
packages/platform/shell/app-foundation/src/application-fallbacks.tsx,tsx,application_source,13d6aeaf42d8e7b466b3a2b9f348e36370327b2fc1f9f0fc11088cb90d6fbbf5,False,False,False,0
packages/platform/shell/app-foundation/src/boundaries.tsx,tsx,application_source,366b2d4688b5846b6554b9f22c4efcf873ebb705db88b384506845915006704a,False,False,True,2
packages/platform/shell/app-foundation/src/browser-csrf.ts,ts,application_source,92aff2aed0fecdfd7f6fa425e25bef4c42e5e01915cc25b18ae6c9ebda208cb4,False,False,False,0
packages/platform/shell/app-foundation/src/change-locale.ts,ts,application_source,86f762ee1afa42f906e5972f114e4ee185d8abcd164f07590b52c0b0be16cfb7,False,False,False,0
packages/platform/shell/app-foundation/src/entity-context.tsx,tsx,application_source,dd957182851cd6a29ac7f79fe1462290eaf68386a43897f06c7fa5e317e83b8c,False,False,False,0
packages/platform/shell/app-foundation/src/error-taxonomy.ts,ts,application_source,1c041cf43a88244b03a3f9056a76532844a8ea94044461e220a4d4e2d1c03149,False,False,True,7
packages/platform/shell/app-foundation/src/index.tsx,tsx,application_source,b00c1331cbaf99974f5f23db75974677c2a132723c520a423536a8bba1429b93,False,False,False,0
packages/platform/shell/app-foundation/src/request-destination.ts,ts,application_source,2431db3eeee18bbb614c944f4aa634921d52e85b890bf360bc81f840f3f879fc,False,False,False,0
packages/platform/shell/app-foundation/src/server.ts,ts,application_source,aa04d46e389f7e8e329d233e7cf99614b1f5ed99413b11aa3901bd1cf0cf6ae2,False,False,False,0
packages/platform/shell/app-foundation/src/toasts.tsx,tsx,application_source,3dbc8ee28cd8019a68bf29a51344f50c7ce2a98294d0b631a1cdc16124c6b2d0,False,False,False,0
packages/platform/shell/content-hub/src/index.ts,ts,application_source,8daf901ecb6536b26e0632b480b6bfadd62d24ec1b886523d10fd0d24392fb7f,False,False,False,0
packages/platform/shell/dashboard/src/client.tsx,tsx,application_source,0f99022666390a92c3b8cfd54145d975e2daaee14ff38979fa1925450302e8cc,False,False,False,0
packages/platform/shell/dashboard/src/index.ts,ts,application_source,114d0b75b09c2c739c98d25043934600fcee870dfe8ec8006731fc180d176272,False,False,False,0
packages/platform/shell/dashboard/src/module-relevance.ts,ts,application_source,2f0dfc882bce94c9905a4c28c8146fdd9279bca8d949ebaacb25349667d5adb7,False,False,False,0
packages/platform/shell/dashboard/src/plane-experience-runtime.tsx,tsx,application_source,1c075616113dbe2134d8e053f5aa85d984ee78fc3a6d44a84874f0eefd873aeb,False,False,False,0
packages/platform/shell/dashboard/src/workspace-navigation.tsx,tsx,application_source,22f48d564ded6390b24ebb9b8792d2f298d7dcb4da86442f3d48adb240ccc514,False,False,False,0
packages/platform/shell/dashboard/src/workspace-page.tsx,tsx,application_source,e06abc7e8041a46f1f9f94085b99b53afa406c8573ca3ca1c8507ee033be0524,False,False,False,0
packages/platform/shell/me/src/index.ts,ts,application_source,8daf901ecb6536b26e0632b480b6bfadd62d24ec1b886523d10fd0d24392fb7f,False,False,False,0
packages/platform/shell/saved-views/src/index.ts,ts,application_source,8daf901ecb6536b26e0632b480b6bfadd62d24ec1b886523d10fd0d24392fb7f,False,False,False,0
packages/platform/shell/setup/src/index.ts,ts,application_source,8daf901ecb6536b26e0632b480b6bfadd62d24ec1b886523d10fd0d24392fb7f,False,False,False,0
packages/platform/shell/shell-runtime/src/core.ts,ts,application_source,1344cc224daa4228ab7c7fa26e96b5cc2934a2beb84740d0932e12ad64c496fa,False,False,False,0
packages/platform/shell/shell-runtime/src/index.tsx,tsx,application_source,ad6327f99f296218f1d9d893949a98cc52c02bf067e17cfdf948683ee977f6bb,False,False,False,0
packages/platform/shell/shell/src/activity-center.tsx,tsx,application_source,91293a8bda41b0d540b001815e78266ea60db62426cca15beb3c9965e74fd0e8,False,False,False,0
packages/platform/shell/shell/src/activity-counts.ts,ts,application_source,b8baa89fd5a1faac3ca9a4593388d1bf5b3870440ceaa9a503718514bfebd58e,False,False,False,0
packages/platform/shell/shell/src/activity-notification-actions.tsx,tsx,application_source,ad5fabdd27d54234c5331706a0c55782d3bd86a4fc08d83d64360a5347ea3aed,False,False,False,0
packages/platform/shell/shell/src/activity-query-controls.tsx,tsx,application_source,80547c635d631527bd7dbd14328b03a19ef1162de6758a073c262e0d40449ffa,False,False,False,0
packages/platform/shell/shell/src/activity-reading-pane.tsx,tsx,application_source,7298b8740ad993aba9a3bdb37a4d776e51eda4858810c869ec48061b12930f79,False,False,False,0
packages/platform/shell/shell/src/atlas-action-history.tsx,tsx,application_source,faf4dee821311c407a728a95ebd24577521ad7920526f46391d0a3a5fcdff106,True,False,False,1
packages/platform/shell/shell/src/atlas-answer.tsx,tsx,application_source,a9952dc08eacbdc1e2fe191bd3850b2d018a560d2fab2948171a9f24ddfdae16,True,False,False,1
packages/platform/shell/shell/src/atlas-context-inspector.tsx,tsx,application_source,25990175a63f4dc0fe9ce7683b2e537803d1dc506cdebe375432e4087511c52a,True,True,False,2
packages/platform/shell/shell/src/atlas-day-groups.ts,ts,application_source,f34ae661723aeb1e93bd0a3b8b3a01d541420ad19f58b4b3162c9c8a9d207293,False,False,False,0
packages/platform/shell/shell/src/atlas-result-views.tsx,tsx,application_source,6d33e72a1d6c4e17e3a4788c7817c8cf30ee7aea98f5bde45f728783582269d0,False,False,False,0
packages/platform/shell/shell/src/atlas-surface.tsx,tsx,application_source,9c36d3b989c5f86df4e1e4dcd696dc1c9072dc97d286d5077ac367513039e4f3,False,False,False,0
packages/platform/shell/shell/src/atlas-workspace.tsx,tsx,application_source,6b713041ff75a2cfda3f39c773118807e8fabb87eaa064b7126f230b7a95d337,True,False,False,1
packages/platform/shell/shell/src/client.tsx,tsx,application_source,be5ee8af4402facd6d3a45b60e1a9c46cd968debdc8d951a7db4a82d33118b57,False,False,False,0
packages/platform/shell/shell/src/collection-control-panel.tsx,tsx,application_source,11ff09cceb3da60f9465bc35695cc5df9c5f398aae3fca5610eac324af51df70,False,False,False,0
packages/platform/shell/shell/src/content-header.tsx,tsx,application_source,17ba9ee4fa623e74c7949c49c51c15a8d12184b2b87db3d2add3f7a093ba677d,False,False,False,0
packages/platform/shell/shell/src/context-departure.ts,ts,application_source,7476d6b3a57960a3a968df3ac96c646e2dbeb942cce828873ef9b10554de2857,False,False,False,0
packages/platform/shell/shell/src/core.ts,ts,application_source,b4bc8d14cb8189da929d452ca04ba6a3f6fff3c9f1777d448bd9f2897a16d02b,False,False,False,0
packages/platform/shell/shell/src/entity-page-layout.tsx,tsx,application_source,833f9380e7ac71f1e233eb07fc1474a6cd0f258896758074d6adc6f4395981e0,False,False,False,0
packages/platform/shell/shell/src/home-greeting.ts,ts,application_source,0a167044940203b8af13fc193ab625888b208c0150e9bb6e648be908bf9a1c8a,False,False,False,0
packages/platform/shell/shell/src/home-personalization.ts,ts,application_source,376c123d29be65758032c85221041dedb8dc44da1dcec28b7092de68ffaf0fc6,False,False,False,0
packages/platform/shell/shell/src/home.tsx,tsx,application_source,a6b622942455e715145df003009193b4f2374adacf25f7bfef8c0094fd00e017,False,True,False,2
packages/platform/shell/shell/src/index.tsx,tsx,application_source,e85b7c6eb181a7eb2b0be119b38442f8a4aaefa23631ec92b91819411ab6a849,False,False,False,0
packages/platform/shell/shell/src/management-workspace.tsx,tsx,application_source,0bf2b9f7190d3b70a8921268e4fea5d20560735827defe0208f8eca72831068c,False,False,False,0
packages/platform/shell/shell/src/messages.ts,ts,application_source,3f6e1beb4c859a581a92863e3cb0c4635e04efc776b8e5eb4d9aa915f762526b,False,False,False,0
packages/platform/shell/shell/src/page-foundation.tsx,tsx,application_source,9bfdc4a0c083a76527d3ac9fbfc1ccc6d23f87a1f8c427858813d0658767ef64,False,False,False,0
packages/platform/shell/shell/src/page-navigation.tsx,tsx,application_source,c9edff55f25e0f59bf8058aa385644a90acbe4f4fa8dec132950f9ba4b3928ec,False,False,False,0
packages/platform/shell/shell/src/page-resource-boundary.tsx,tsx,application_source,22a95e6f2b8d04d988b63a1c9f4e74364fceb5e9c803a8e38f4e32ad1fdd5f00,False,False,False,0
packages/platform/shell/shell/src/page-workspace.tsx,tsx,application_source,e2b88a0905d5555ee1f04194b9298652004d3e14cd32fc903cdb92cd6003801d,False,False,False,0
packages/platform/shell/shell/src/personalization-scope.tsx,tsx,application_source,e1df7c91815c9ab84797ed851a13b0e72afdf16da9cc2ab452e8face1bd90582,False,False,False,0
packages/platform/shell/shell/src/quick-access.tsx,tsx,application_source,a0c0a3ae2481c0a837d71ef39d971e1585cc9a1947f00981f0e8ba9987d4ea9c,False,False,False,0
packages/platform/shell/shell/src/record-footer.tsx,tsx,application_source,31514fffc2777d781b1f31d272c9536284c58e530b71e6dc902037fff2c32b63,False,False,False,0
packages/platform/shell/shell/src/record-information.tsx,tsx,application_source,2b8079a3e510d8a9fc692b83eee03e1ecbb653660e618ee2f1eb260158c888d7,False,False,False,0
packages/platform/shell/shell/src/route-state.tsx,tsx,application_source,b2f1daf90095932bc0553abe1293b1bee3eecebf6eecab5d27be37aa23adba4e,False,False,False,0
packages/platform/shell/shell/src/shell-chrome.tsx,tsx,application_source,80cded68c57dd30ef84ebff379cf6a1521b16c8e9e7849625e4b81f03308f54a,False,False,False,0
packages/platform/shell/shell/src/shell-header-actions.tsx,tsx,application_source,f41f1238394b35a90de683ddd89c0b381c8665a0bf3f752e398cd5b4182e4cc3,False,False,False,0
packages/platform/shell/shell/src/shell-i18n.ts,ts,application_source,e52616c90404a55f1702f0b7db8f976e01eb2a8f5ae9c017a443ca9f21906165,False,False,False,0
packages/platform/shell/shell/src/shell-navigation.tsx,tsx,application_source,011fc9f4044760ac2af0127a327888c15f2a4b28d923d0e92a99199079b6ba53,False,False,False,0
packages/platform/shell/shell/src/shell-overlay-host.tsx,tsx,application_source,62e35d8461cbb9b03808698260a6a8c1452f5b10a7a6292063cd1581cac52f47,False,False,False,0
packages/platform/shell/shell/src/shell-overlay-state.ts,ts,application_source,e524290c9f814f4d4d2da48a06ef662883949f829d5f6489f1099d66149ca27c,False,False,False,0
packages/platform/shell/shell/src/shell-preferences.ts,ts,application_source,08fe6040df6f007403d758727c390cc9c63d2989189577b4fb48953183775859,False,False,False,0
packages/platform/shell/shell/src/shell-surface-boundary.tsx,tsx,application_source,9810e7e0f6f1f39ed0461b30bc961bafb83b451dcca19d5531e13e12a7c3dc2c,False,False,False,0
packages/platform/shell/shell/src/shell-surface-context.ts,ts,application_source,038795b18dd4cf2cc032165f350b66740fd759b936285f6fb57cfed2926da9c3,False,False,False,0
packages/platform/shell/shell/src/shell-surfaces.ts,ts,application_source,cd93f12acf7de1667aa2498498363624f760768fd3542010f920abec0f226ff8,False,False,False,0
packages/platform/shell/shell/src/shell-utilities-menu.tsx,tsx,application_source,9a88e7c2122c305a3b6b149d6bc59830cddc681aedec9bf6ab3892c2ff086b5a,False,False,False,0
packages/platform/shell/shell/src/task-header.tsx,tsx,application_source,1680c7afba0be1deb0561723a0da94db75da404e7ae049fe0b0cb921c6352507,False,False,False,0
packages/platform/shell/shell/src/tool-panel.ts,ts,application_source,56432436658dc43fe4bcbfa79fbf5d0768dbe9c7a38514b3bcd8c814d3897b7e,False,False,False,0
packages/platform/shell/shell/src/use-shell-surfaces.ts,ts,application_source,d430f28b3d634d9ed953ed4b8f26fc4493783691e871d4fe5dc489ee26f34c9c,False,False,False,0
packages/platform/shell/shell/src/workspace-side-panel.tsx,tsx,application_source,e71b34cc0fb43ad759e18746dc2c5b43b80138434be38911de131a27250237cb,False,False,False,0
packages/platform/shell/shell/src/workspace-tool-panel.tsx,tsx,application_source,b41406caefa4ce1477e28aac8d5d03cb64749c5632f4a08cd5a70614317e562d,False,False,False,0
packages/platform/shell/work-inbox/src/index.ts,ts,application_source,49cb9fc43059106a2ef746e1a91152739258196bc126dd2ce28fd390a15c8f00,False,False,False,0
server/apps/platform-host/scripts/db-verification/provisioning/company-profile-overlay.test.ts,ts,test_fixture,b53e4dc180fed8ae76bfcb14b19912485fa0dc6cd715813499e3d276ba5db8bd,False,True,False,2
server/apps/platform-host/scripts/db-verification/provisioning/company-profile-overlay.ts,ts,tooling_operations,7b5e584d985a8f45437b14b90d1d01388a6a56ef71ca90e5e7f05205c00483b2,False,True,False,4
server/apps/platform-host/scripts/db-verification/provisioning/decision-view-overlay.test.ts,ts,test_fixture,733cdc21fd13ea24f20afe991e8c0f8ad3d7f9b0b2c7e7223239af46f0901cf8,False,False,False,0
server/apps/platform-host/scripts/db-verification/provisioning/decision-view-overlay.ts,ts,tooling_operations,803aec8783c937be36c69cc7ccaf9dfe9a7a2d3f0a8014b3fbda9a0c41c7c17c,False,False,False,0
server/apps/platform-host/scripts/db-verification/provisioning/navigation-display-overlay.test.ts,ts,test_fixture,6d892b1b3e1614cda9a25148b40fbbf0548afd60a76c49c8776df1f2b3bcef85,False,False,False,0
server/apps/platform-host/scripts/db-verification/provisioning/navigation-display-overlay.ts,ts,tooling_operations,996a323959ebe8a0d939b15c357d0c866e8596f06960ef6d51724b39e347f468,False,False,False,0
server/apps/platform-host/scripts/db-verification/provisioning/publish-development-business-partner-definition.ts,ts,tooling_operations,f4c6ed1435db8791079c21d4a0963fc4183c252212648dc38b72a6a41aa856f1,False,False,False,0
server/apps/platform-host/scripts/db-verification/provisioning/publish-development-compiled-entity-runtime.test.ts,ts,test_fixture,4b22c16297a0ef86eff39599f566bda839fcea08b4ddac90c731be5363c578f7,False,True,False,4
server/apps/platform-host/scripts/db-verification/provisioning/publish-development-compiled-entity-runtime.ts,ts,tooling_operations,a536a1431d4553859a532488a9468e84f00e9b00b6e0287a2abf268dbcf52ccd,False,True,False,7
server/apps/platform-host/scripts/db-verification/provisioning/qualification-contract-overlay.ts,ts,tooling_operations,08121e04038dd58110b1ede776e1592eeb5ed0905b7f21099ce77ef29a1054be,False,False,False,0
server/apps/platform-host/scripts/db-verification/provisioning/status-tone-overlay.test.ts,ts,test_fixture,b8fe3724dab0b7789d9c63a1fd8f6e7402d3a9e84830a842bf10d0ccb78f3472,False,False,False,0
server/apps/platform-host/scripts/db-verification/provisioning/status-tone-overlay.ts,ts,tooling_operations,b0949fddbfced346e21d9d53e0ce16e0be822e17ab22b8668cc56c6cf3af204f,False,False,False,0
server/apps/platform-host/scripts/db-verification/tests/integration/business-partner-case-contract-publication.ts,ts,tooling_operations,6c328e3335c4210070bd36981c31239d1669428f2947281c335e8df1f51122ae,False,False,False,0
server/apps/platform-host/scripts/operations/prepare-deployment-recovery.ts,ts,tooling_operations,6dee12f13b8e463450af3dbe1dd10efb682273df56ad0d168469ae9a949ac010,False,False,False,0
server/apps/platform-host/scripts/operations/prepare-human-publication-policy.ts,ts,tooling_operations,f4aaa46a1d5b9bac18a638fba3cf22fa57a207c3b94493a31634672eab338c92,False,False,False,0
server/apps/platform-host/scripts/operations/qualify-approved-candidate.ts,ts,tooling_operations,8af8f85dee5aa81e31fb5f302d8648241efc1c2313563d7d5e780af796bfe9bc,False,False,False,0
server/apps/platform-host/scripts/operations/qualify-coordinated-product-scope.ts,ts,tooling_operations,2defff03e672a7dfaa065b90eb7d0415119a7b6fe29c8f6f5ce930ce5a628d47,False,False,False,0
server/apps/platform-host/scripts/operations/qualify-deployment-recovery.ts,ts,tooling_operations,429c56ac305cd8743ce718c801deab08c90e386ceb3c12a694a27d5362a28ec2,False,False,False,0
server/apps/platform-host/scripts/operations/qualify-reviewed-permission-retry.ts,ts,tooling_operations,9eca414e3e3a434667dfe2b14b73f4c88a140614bc8af20570401d8faabb881b,False,False,False,0
server/apps/platform-host/scripts/operations/rehearse-recovery-compiler.ts,ts,tooling_operations,42c706039868b1825ec85272be20431f4cce045c9dc3e5dc22da0ab654bb7da0,False,False,True,2
server/apps/platform-host/scripts/qualification/check-dev-principal-relationships.ts,ts,tooling_operations,bfdf36f0527d3ecc913f135f1ed7f402feb932518bdfa5fa4469e15543ba96a7,False,True,False,1
server/apps/platform-host/scripts/qualification/check-dev-reference-relationships.ts,ts,tooling_operations,5298e874be8c74419b0cafe3e8266e978a8077dd007ef9766d03bcbd7be06d7f,False,True,False,7
server/apps/platform-host/scripts/qualification/prepare-compilation-recovery.ts,ts,tooling_operations,16ad088e4bc4b19b29f372265c35d6039420aba4dcd36c70f5883f8538b5b6a7,False,False,False,0
server/apps/platform-host/scripts/qualification/prepare-dev-entity-successor-policy.ts,ts,tooling_operations,e7691322ae832e4895a98c4d42c6be828b2ddbd967ebff85928e8b16566184ca,False,False,False,0
server/apps/platform-host/scripts/qualification/qualify-installed-profile-source-dev.ts,ts,tooling_operations,2c0099a08c6a22c646643bf14f2090e35fa3b2a9728d24a5b0dcf02163dbc320,False,False,False,0
server/apps/platform-host/src/__tests__/config.test.ts,ts,test_fixture,6c9cceaa8d72b65df903e4d16d63b71bf880005bf07ed7d311a2f416f61a2524,False,True,False,1
server/apps/platform-host/src/composition/__tests__/ai-vertical.test.ts,ts,test_fixture,a8e2394adffce3406bdc44b71dfa2a87e1bf1bd94579a86f0b06619d578d714d,True,True,False,6
server/apps/platform-host/src/composition/__tests__/atlas-entity-records-vertical.test.ts,ts,test_fixture,b9b2549d4c29b40ddf31436c6b48d7363f576ad39c61ed5d8dc1e67064b6c8eb,True,True,False,4
server/apps/platform-host/src/composition/__tests__/authorization-management-api.test.ts,ts,test_fixture,04418a26c14b90df53f04d2f6334d0cca1b8f445519a5910ccfdb25dbfae6666,True,True,False,4
server/apps/platform-host/src/composition/__tests__/collection-preparation.postgres.test.ts,ts,test_fixture,bae2a4c9789060ba28816bbd08bdff72e21fb8d88a39f60d58a97e65b1637536,True,True,False,5
server/apps/platform-host/src/composition/__tests__/control-runtime-command-composition.test.ts,ts,test_fixture,74261ea73e69dc989c013d7ad8c41d5680983a4a43d7e24481ace83c7b527810,False,False,False,0
server/apps/platform-host/src/composition/__tests__/customer-portal-scheduler.test.ts,ts,test_fixture,0691be35157010be44fc7a81880b358c3fdb56730384b5496ba6c5a564eab7b3,False,False,False,0
server/apps/platform-host/src/composition/__tests__/document-extraction-wiring.test.ts,ts,test_fixture,2a342c4ff77fe4efbf97f1cd621798873a418c4a0fe6662ed10e75ed322837ec,False,False,False,0
server/apps/platform-host/src/composition/__tests__/documents-vertical.test.ts,ts,test_fixture,b9327630768e614a57f754cfb90c03482eb57950fc9eab1b7819764adfaa68ac,False,False,False,0
server/apps/platform-host/src/composition/__tests__/entity-authority.test.ts,ts,test_fixture,26c66444bfcdb352910f4c01bda9012864e158add13a0eb867678ccc9df0af5c,True,True,True,11
server/apps/platform-host/src/composition/__tests__/finance-plane-import-boundary.test.ts,ts,test_fixture,591020e2b82f2209384c1f5aaf260651191f6e59319f89b8ae19f18ba5d1aa0e,False,False,False,0
server/apps/platform-host/src/composition/__tests__/governance-plane-boundary.test.ts,ts,test_fixture,5c82b12b53ac136f847c0d7060b45322019551d0013863b5e0b3067249184a14,False,False,False,0
server/apps/platform-host/src/composition/__tests__/iam-api-review.test.ts,ts,test_fixture,dbd88cf0f5cd1f544f8a24c1ea714282ff65293138764b4d3a98ac0d95190966,False,False,True,2
server/apps/platform-host/src/composition/__tests__/iam-audit-vertical.test.ts,ts,test_fixture,b357fec95735e0f1fe8a502debc611b32343a032abf13faa5ab58c66e00b21ad,True,False,False,1
server/apps/platform-host/src/composition/__tests__/metadata-records-vertical.test.ts,ts,test_fixture,970674cd2681bc06936f1686f5e04e0f4b3decbf3c482e1d2bcc97145c7fbe04,True,True,False,7
server/apps/platform-host/src/composition/__tests__/native-runtime-lowering.test.ts,ts,test_fixture,0641f39bde36d89f20778edec8386a08ab47c2e07c5a71b1dff157d177d3a026,True,True,False,4
server/apps/platform-host/src/composition/__tests__/notification-capture.test.ts,ts,test_fixture,1f3c7f32d303615d33108b7254fc70cb50be9c78f259f7c7903c7a0c8574d86e,False,False,False,0
server/apps/platform-host/src/composition/__tests__/notification-vertical.test.ts,ts,test_fixture,5b20a78810b7ddb00ed97781040493b020751fffdc52a0d3ef827f5229b537b8,False,False,False,0
server/apps/platform-host/src/composition/__tests__/optional-capability-readiness.test.ts,ts,test_fixture,c771c4dcdf0b1514f77d71b6959224bd46296c14de199915b3ed1e324b94a620,False,False,False,0
server/apps/platform-host/src/composition/__tests__/policy-vertical.test.ts,ts,test_fixture,182331a6b42c56902dc20a6616e61baba874cec028b562a10ac5b403dd4a5759,False,True,False,3
server/apps/platform-host/src/composition/__tests__/publication-api-signer.test.ts,ts,test_fixture,73910789896855d6866280e45bb9df1ff59212b415a990902cdfab61f7ac6d4e,False,False,False,0
server/apps/platform-host/src/composition/__tests__/register-adapters.test.ts,ts,test_fixture,70138368000fb0a3dc348973f1265fed2c08fbebea11fcdfd16485277e5ff6e6,False,False,False,0
server/apps/platform-host/src/composition/__tests__/register-runtimes.test.ts,ts,test_fixture,e0904d8e8991c7424631a567a7300e8815fffab0847e4978597306a996a961ee,False,False,False,0
server/apps/platform-host/src/composition/__tests__/studio-collection-compilation.test.ts,ts,test_fixture,e06566c0c6ceb2959e79294c8c730c9494be1edce5a20e2cb38d091352282189,True,False,False,4
server/apps/platform-host/src/composition/__tests__/workflow-vertical.test.ts,ts,test_fixture,d478d2610db793d2aecd7db6ee8bc713eab83a82c23ee60e679e1a05d34d06f7,True,False,False,1
server/apps/platform-host/src/composition/atlas-feature-gates.test.ts,ts,test_fixture,d13869febce10944159617e48cd435cf5fe83bcd06884bb0c4236c7332f989df,True,True,False,3
server/apps/platform-host/src/composition/control-plane/__tests__/control-plane.test.ts,ts,test_fixture,eb1b0abb63a1e98c61158a4ee46eb22ac80ebec570cf23c54a632f434d34deb5,False,False,False,0
server/apps/platform-host/src/composition/control-plane/__tests__/control-session.test.ts,ts,test_fixture,792e56403b5067c54d5b21e41b69c0ad8ebea104f55b82213b5f61d6688a1905,False,True,True,6
server/apps/platform-host/src/composition/control-plane/control-plane.ts,ts,application_source,39c6fad77fe2986f9a532c7c07c2c8c596159545ea1c3d2a3e0de6af1891d873,True,False,False,1
server/apps/platform-host/src/composition/control-plane/identity.ts,ts,application_source,9de32c34c2823cfc47ef913413e8595e6ab3f202e5b78931a39e277bc784a4f4,False,False,False,0
server/apps/platform-host/src/composition/control-plane/product-review.postgres.test.ts,ts,test_fixture,65922617670b6c6b2b88695b3ac28136da1ad82a5576afe9ffb2e4a39c7bd988,True,False,True,10
server/apps/platform-host/src/composition/control-plane/product-review.test.ts,ts,test_fixture,8263aeca0226ca8fe56143726b68fdb28515db8744e5064978da0cdf18dda4a0,False,False,True,3
server/apps/platform-host/src/composition/control-plane/product-review.ts,ts,application_source,9a871106d23e80ba87b8244d5ab70081a1b3037fdab5a87fb460e86241aed494,True,False,False,4
server/apps/platform-host/src/composition/control-plane/session.ts,ts,application_source,f362064e88aa29672cec59b0143985015a79a8ab6a609ccb9d162dcb3907abf6,False,False,True,4
server/apps/platform-host/src/composition/coordination/entity-release-review/deployment.ts,ts,application_source,174fa8b97361de7bec337f674e8092363d1c665678f750a6e15d4c9806132658,False,False,False,0
server/apps/platform-host/src/composition/coordination/entity-release-review/release-review.ts,ts,application_source,c9cb3684f33ec29da80f21fa88b5d1108232ce8713d11f7bbec0e64e908f17dc,False,False,False,0
server/apps/platform-host/src/composition/create-container.ts,ts,application_source,a4c24037facbfa48ff092e2722451fa23e2c282632799f10f08f9612960d782c,False,False,False,0
server/apps/platform-host/src/composition/infrastructure/__tests__/authorization-writer-databases.test.ts,ts,test_fixture,1733d0c06a02c118c6710ded617459f9bf487e1b700c800cad377a129ccef581,False,False,False,0
server/apps/platform-host/src/composition/infrastructure/__tests__/database-qualification.test.ts,ts,test_fixture,63e077529bcd20c835171f46d8bfcb380d2c56fd4804b21eb524887fbd185070,False,False,False,0
server/apps/platform-host/src/composition/infrastructure/__tests__/deployment-resources.test.ts,ts,test_fixture,c8899479e7ef71bff2b564ec6628a26697169a8f1fa1ce6587029f60544cd9eb,False,False,False,0
server/apps/platform-host/src/composition/infrastructure/__tests__/import-boundaries.test.ts,ts,test_fixture,f5428d054736e5a2f98b46cef926b921a2b2d2b748ca3e25c97e73ec774daf21,False,False,False,0
server/apps/platform-host/src/composition/infrastructure/__tests__/plane-transaction-coordinator.test.ts,ts,test_fixture,96b70882aad1c07cc01789fae832cca5ce426df25cd78eed20d44b63a92d4b5e,False,False,False,0
server/apps/platform-host/src/composition/infrastructure/__tests__/registration-lifecycle.test.ts,ts,test_fixture,69f8c2d0b439c22cea814ee617db6c0a1b599eed7a28f9253243f03930c09f9f,False,False,False,0
server/apps/platform-host/src/composition/infrastructure/__tests__/runtime-ownership.test.ts,ts,test_fixture,d73b588b7456ae8fc1908301002ed70e89c822b3bf7ec4267c73fd84307ad21b,False,False,False,0
server/apps/platform-host/src/composition/infrastructure/adapter-contract.ts,ts,application_source,434546637f3ec80113361cb1afb8f7d6ad2d62253b3fea1c603f4e0999da5015,False,False,False,0
server/apps/platform-host/src/composition/infrastructure/authorization-writer-databases.ts,ts,application_source,a4e42255a8556cb20a6b73f26640a99c16d2510608ecd9587a8df689e3f66838,False,False,False,0
server/apps/platform-host/src/composition/infrastructure/cache.ts,ts,application_source,28c650843bf6cb74864d4c6cc71ac5ddeda382cf640d2f62a6443f3d10e4d5ea,False,False,False,0
server/apps/platform-host/src/composition/infrastructure/database-qualification.ts,ts,application_source,9c9e7243c011dca866f238ce5cfcf4d20bf99555e343d3d2882c4b42f717f593,False,False,False,0
server/apps/platform-host/src/composition/infrastructure/database-selection.ts,ts,application_source,86b44d6e62b158bd38569d44ec73538131d4c05aa83b958b7a7e587eea67da2d,False,False,False,0
server/apps/platform-host/src/composition/infrastructure/databases.ts,ts,application_source,2a9514651a15f3425c083137dff134362f87921965d814fc118a0ef3250a1c50,False,False,False,0
server/apps/platform-host/src/composition/infrastructure/document-processing.ts,ts,application_source,0ead522c58d75c7dfc834bdd82bea539139b1995cf3f2d1097bba5be9dc804ba,False,False,False,0
server/apps/platform-host/src/composition/infrastructure/identity.ts,ts,application_source,57e6ff7c915297f9f79c6fdf88a1c8235aa3ce0cb6f671a2fe5e6414fe6d06fa,False,False,False,0
server/apps/platform-host/src/composition/infrastructure/messaging.ts,ts,application_source,8b9331a3fc8d55d24d15b42e1f3858a9922e4b950dc4abe16549e72c9bff4a02,False,False,False,0
server/apps/platform-host/src/composition/infrastructure/publication-trust.ts,ts,application_source,b5821d5b1ad7807bcdfd8deb97a70d2642c4ec161400cccafac55b1d7a3376ec,False,False,False,0
server/apps/platform-host/src/composition/infrastructure/secrets.ts,ts,application_source,f2e8f634c7f5641e768f43376b706de1fb7383b194bb77859040175b3175f3a5,False,False,False,0
server/apps/platform-host/src/composition/infrastructure/storage.ts,ts,application_source,6618d1d8bcd9fe25a0e146a70465c955fdcfbda892108610eca77a09174352f9,False,False,False,0
server/apps/platform-host/src/composition/infrastructure/telemetry.ts,ts,application_source,e91ef9904eeea1d4de4f051a310d66a0c055f9b382ac388fc24ac7c4fae624fc,False,False,False,0
server/apps/platform-host/src/composition/infrastructure/transactions.ts,ts,application_source,e449de474aae5be8b86fbe954baf6c9f4ab5470eb4fc5c617f06e7ae0c525cc1,False,False,False,0
server/apps/platform-host/src/composition/register-adapters.ts,ts,application_source,ebfbc4832200ac9615b5124b393b133ad7c8d49beca64ddca7807f799eab63a6,False,False,False,0
server/apps/platform-host/src/composition/register-platform.ts,ts,application_source,1f3f00bc716f040fe60b09d8d8f0d6bf5ae608f5294e3af20fd51cda2201f739,True,False,False,6
server/apps/platform-host/src/composition/register-runtimes.ts,ts,application_source,6ee529781cb15019322c72627d5fdd46498d26d8c09b14989530e7e1f52f090e,False,False,False,0
server/apps/platform-host/src/composition/register-services.ts,ts,application_source,8062d7a66056e1a1e9ee35d111abca3c098e56cb0b38234b19462ebba6b1e91e,True,True,True,11
server/apps/platform-host/src/composition/runtimes/http.ts,ts,application_source,b146c8b5d91370cd4e712d6ce2fd5c09bcd81e7c4374d3499d33939d1db349f6,False,False,False,0
server/apps/platform-host/src/composition/runtimes/invalidation-workers.ts,ts,application_source,62b34af372e7331cb8b24187ebb04be7f2cc0878278c7f61b841a96700e5640c,False,False,False,0
server/apps/platform-host/src/composition/runtimes/scheduler.ts,ts,application_source,7f56fea703b34cacc6620c6c787412b974f9585b7fea014e6b3a8815e00d0348,False,False,False,0
server/apps/platform-host/src/composition/runtimes/workers.ts,ts,application_source,56b37d48760ad8a07f998d23b9805f08398717d229d43ccb93db9f6e1c86ca2b,False,False,False,0
server/apps/platform-host/src/composition/shared/atlas-entity-context.test.ts,ts,test_fixture,56f7389a3c0f49b745f1c310d1b79a910e08bd64e68ea83f6eafaad4a3990b20,False,True,False,2
server/apps/platform-host/src/composition/shared/atlas-entity-context.ts,ts,application_source,c8615683c392dc4a18676aab9f103fdbd795249feef38db9e94908c4eff72303,False,False,False,0
server/apps/platform-host/src/composition/shared/atlas-entity-lookup.test.ts,ts,test_fixture,22e5bc0d3eaeb5aca2936bed2d5642b722f87ef0096fb10b89b274d75124700b,True,False,True,4
server/apps/platform-host/src/composition/shared/collaboration/__tests__/collaboration-section-providers.test.ts,ts,test_fixture,cf0515e4c512ebc1b40934341a4fe5c8771794094f05c07af0d9f3f631f23628,False,True,False,9
server/apps/platform-host/src/composition/shared/collaboration/attachments.ts,ts,application_source,77b22ab9a90a6fc8944b80b8474701e81fe17d1a7bebfec0cb55c65b5ff316be,False,False,False,0
server/apps/platform-host/src/composition/shared/collaboration/comment-descendants.ts,ts,application_source,123fdb6599132294caadbd146024c84bbf0d777d8dd5219fea2d6f29f92ddffe,False,False,False,0
server/apps/platform-host/src/composition/shared/collaboration/comments.ts,ts,application_source,3a39cd759e8caf375f69c0bd765ba26938a672094a6922d504f4f3d1638ad91d,False,False,False,0
server/apps/platform-host/src/composition/shared/collaboration/contracts.ts,ts,application_source,7a9aeda9ff8cf9a8505ad99ff4ca6e7f2ca323afb45413bbd4178c52a0cdbf37,False,False,False,0
server/apps/platform-host/src/composition/shared/collaboration/section-providers.ts,ts,application_source,ef68a1a8150cc08795f23a65ba197e86ce3bbef3e41aaee47e81703ed0a6cb3f,False,False,False,0
server/apps/platform-host/src/composition/shared/documents/__tests__/entity-attachment-admission.test.ts,ts,test_fixture,47ad83693c8ee8a1250fcbea3fe9e5996d7fe3e03f14fddc6f5a2a8c2940a207,False,True,False,7
server/apps/platform-host/src/composition/shared/documents/attachment-admission.test.ts,ts,test_fixture,bfee1aebf2ead2c2f48a7d72e1399e7c431b674876298939aca9666ac35e67c5,False,True,False,2
server/apps/platform-host/src/composition/shared/documents/attachment-admission.ts,ts,application_source,4ef7fb763b23a276112c2bc2612475b1fa43476056cdb152050c712f6978346c,False,True,False,4
server/apps/platform-host/src/composition/shared/entity-governance/authorization-management-config.test.ts,ts,test_fixture,a46e7d7f66dad4004f15808d2c3b2d97a63cd9e951b3125a1f2c5ea99136e19e,False,False,False,0
server/apps/platform-host/src/composition/shared/entity-governance/authorization-management-config.ts,ts,application_source,3f85fa9e54c87e2903f27a3476f6483d609bc4e71931006ca3e957f60763af5b,False,False,False,0
server/apps/platform-host/src/composition/shared/entity-governance/authorization-management.test.ts,ts,test_fixture,a7eefb849fda500560a9384c768dd6ffca0cc6da4b3ef87f0bb8a376a236e622,False,False,False,0
server/apps/platform-host/src/composition/shared/entity-governance/authorization-management.ts,ts,application_source,45222eb621c260d7a53f9dbd99444e61dd706b717115fe8a9602a4f184f5d7ff,False,False,False,0
server/apps/platform-host/src/composition/shared/entity-governance/meta-entity-activation-inspection.ts,ts,application_source,ee9f1219f3f42d11e35023956d4f802c890fc920bbe92bcab22785f0bc5a4508,False,False,False,0
server/apps/platform-host/src/composition/shared/entity-governance/meta-entity-authoring-authorizer.test.ts,ts,test_fixture,1c73aca0b72db7a8412a77b56855296d5d3b88689417499a87738904d6a84420,True,False,True,43
server/apps/platform-host/src/composition/shared/entity-governance/meta-entity-authoring-authorizer.ts,ts,application_source,ae0a10225a2a4a61dccab80096957ca82b8261e0b8e408dcea6396f01a8914a9,True,False,False,29
server/apps/platform-host/src/composition/shared/entity-governance/persistence.test.ts,ts,test_fixture,f91a26109b40eac24bfa97704e0ebf2a3db612371bd2309e228873dfc5949e10,False,False,False,0
server/apps/platform-host/src/composition/shared/entity-governance/persistence.ts,ts,application_source,f5a1a4eb706951b8b500c5a9d7b8b539143430d5afbdbe63ae4a019931721a57,False,False,False,0
server/apps/platform-host/src/composition/shared/entity-governance/scoped-meta-entity-authoring.ts,ts,application_source,9fbe6e99f19f295c2e1edaabde41226470515ded437d6b9b33aa9de6609a1541,False,False,False,0
server/apps/platform-host/src/composition/shared/entity-runtime/__tests__/activity-presentation.test.ts,ts,test_fixture,79fc14dad6afdf2adaa65d06d909499ad4b4e9b7e363142c956d80702a8dd57c,False,False,False,0
server/apps/platform-host/src/composition/shared/entity-runtime/__tests__/activity-recording.test.ts,ts,test_fixture,d5683e13501b78ffc2c78d60e05a2aa33d86450ec95c15234f38376bcfa7fc11,False,False,False,0
server/apps/platform-host/src/composition/shared/entity-runtime/__tests__/activity-snapshot-compatibility.test.ts,ts,test_fixture,1805fa93d7db49f6764ef0e9e61c5749ee9d1e901927c0792719da421ba6bf9b,False,False,False,0
server/apps/platform-host/src/composition/shared/entity-runtime/__tests__/activity-timeline.postgres.test.ts,ts,test_fixture,9642de22022acf1da011b6bb3936d83b31fb26f25b0de6b046762cb75789e5dc,False,False,False,0
server/apps/platform-host/src/composition/shared/entity-runtime/__tests__/country-authorization-boundary.test.ts,ts,test_fixture,37859d03426a42f025b4efedb8ee104931511927bd148ca8886bdb310c9b0f7d,True,True,False,2
server/apps/platform-host/src/composition/shared/entity-runtime/__tests__/entity-activity-provider.test.ts,ts,test_fixture,0acf0c11f51013c5d9a79e022861ce2564cccfe2601242155a8fc383a5a473ee,True,False,False,2
server/apps/platform-host/src/composition/shared/entity-runtime/__tests__/entity-read-registrations.test.ts,ts,test_fixture,16fe504a484362aa5e69a6cca639becdcb7e18eadfaeeb9a55abf852d1822a05,False,False,False,0
server/apps/platform-host/src/composition/shared/entity-runtime/__tests__/entity-route-admission.test.ts,ts,test_fixture,b774befee1a159f7a5e55504c718c555918ddc86c318e47cfb5f2e860262301b,True,False,False,1
server/apps/platform-host/src/composition/shared/entity-runtime/__tests__/entity-runtime-handler-registry.test.ts,ts,test_fixture,7e2a20a926f1ca5ee1537c89cd73bc26946902ba3e28848d0bb60e44fec250cf,False,False,False,0
server/apps/platform-host/src/composition/shared/entity-runtime/__tests__/entity-scope-registry.test.ts,ts,test_fixture,95cdb13d2fa2fd4039024fec2d707ca37e0c63a6aa56f34562f31aa657673e86,True,True,False,2
server/apps/platform-host/src/composition/shared/entity-runtime/__tests__/experience-composition.test.ts,ts,test_fixture,6fc66aff29454a6ff51ed1797e6d33afd606da2ccc731fbb158a65c1e399539b,False,True,False,2
server/apps/platform-host/src/composition/shared/entity-runtime/__tests__/metadata-format-reader.test.ts,ts,test_fixture,045d116d95d8a03815fcc76f693b748a6e0d28a193c765f0b9043647fdadffc5,False,False,False,0
server/apps/platform-host/src/composition/shared/entity-runtime/__tests__/parent-admission.test.ts,ts,test_fixture,2732936fae94a750f45cf4e7e1e15c80f6ba731491e4e491afd46f0649351224,False,False,False,0
server/apps/platform-host/src/composition/shared/entity-runtime/__tests__/persisted-scopes.postgres.test.ts,ts,test_fixture,92d9958db71af6db0e1769dbd5a48bfa1c76251c77989ce53e84096cc123ea9c,False,False,False,0
server/apps/platform-host/src/composition/shared/entity-runtime/__tests__/persisted-scopes.test.ts,ts,test_fixture,09c29a19ffae142358c00aaac6a7b3c5e2d8d90a4942da923751e1ad783ffa4a,False,True,False,2
server/apps/platform-host/src/composition/shared/entity-runtime/__tests__/published-parent-admission.test.ts,ts,test_fixture,1f1a5e81cbac003626c5727b79832a9079b07ff85abe334512f208cdd5328244,True,False,False,2
server/apps/platform-host/src/composition/shared/entity-runtime/__tests__/record-display-choices.test.ts,ts,test_fixture,57ea7bb48d8cb604020b4adccb241ecad922bb9e73c8d4d440931f553bc2cc7a,False,True,False,1
server/apps/platform-host/src/composition/shared/entity-runtime/__tests__/revision-authorizer-context.test.ts,ts,test_fixture,25539ecce6495037dba04d51e4fec34da01baa1ca335fc85e3dd5f4b94e7f4ca,True,False,False,1
server/apps/platform-host/src/composition/shared/entity-runtime/__tests__/service-composition.test.ts,ts,test_fixture,df85f326d31353bf7e51e9a65f00ad75c156132a9c34359a9adab0207c0e9560,True,False,False,1
server/apps/platform-host/src/composition/shared/entity-runtime/activity-collections.ts,ts,application_source,c3c2a56bb998cffa45846864a7e5b529faa8e7272acfb0a868d68e290aadb18e,False,False,False,0
server/apps/platform-host/src/composition/shared/entity-runtime/activity-presentation.ts,ts,application_source,6d6e03c857d733746050add1bbf8156a371698c2d20503535cb38f8df2f77540,False,False,False,0
server/apps/platform-host/src/composition/shared/entity-runtime/activity-provider.ts,ts,application_source,6e414ee9e42398af3a3531b1d5379f91a2ef4f85adfadd27b547e1469533ab88,False,False,False,0
server/apps/platform-host/src/composition/shared/entity-runtime/activity-recording.ts,ts,application_source,5520cb432783df12e476a357178c36c294f389527b5ac959badc644037c27e17,False,False,False,0
server/apps/platform-host/src/composition/shared/entity-runtime/activity-snapshot-compatibility.ts,ts,application_source,452e0e29be654ca7fc6fa3a9ef8425f33b99280991aa31e3d0d7e464343510a7,False,False,False,0
server/apps/platform-host/src/composition/shared/entity-runtime/activity-timeline.ts,ts,application_source,842daf93227caba303df7110098325651aca38c5468e250001c2c1fb00c810db,False,False,False,0
server/apps/platform-host/src/composition/shared/entity-runtime/deployment-readiness.test.ts,ts,test_fixture,bc5414c03e90dcd69acd2af5fb39f1b6c03bcade69ab5c07111b392bb8634bf6,False,True,False,4
server/apps/platform-host/src/composition/shared/entity-runtime/deployment-readiness.ts,ts,application_source,f0fe4da19de89b2bd14d9138d5e0c4c216b42f25eb3b65549a8c8903b71d1a39,False,False,False,0
server/apps/platform-host/src/composition/shared/entity-runtime/entity-export-registrations.test.ts,ts,test_fixture,59275b2e7127e8db762f059120a42532343a3f93ed9824c5ea59f1cdb8731546,False,True,False,1
server/apps/platform-host/src/composition/shared/entity-runtime/experience.ts,ts,application_source,4ac46e4f48ad7be7ddeafc48844ebfb843fb0ee04549b14a0bbed2d5a183ac84,False,False,False,0
server/apps/platform-host/src/composition/shared/entity-runtime/handler-registry.ts,ts,application_source,80fea8da9f6461e5f1bef4cac2a812a37a2dd5134ee443ba2e00990122063b94,False,False,False,0
server/apps/platform-host/src/composition/shared/entity-runtime/http-registrars.ts,ts,application_source,260317b80351202ef73d310c8184ef3ba777935f8513c4aabe44bc79e4424f65,False,False,False,0
server/apps/platform-host/src/composition/shared/entity-runtime/metadata-format-reader.ts,ts,application_source,22055eff006b2b9643cfd38ef96dad170cf1ec71a4146dc3547a045cbe041cf8,False,False,False,0
server/apps/platform-host/src/composition/shared/entity-runtime/metadata.ts,ts,application_source,88b75e27bee001aca33060a78f209342a29e8b9a3429c18d2e4921e642b157db,False,False,False,0
server/apps/platform-host/src/composition/shared/entity-runtime/parent-admission.ts,ts,application_source,0dadb15af954a24ca380e8e6c04e24101b7f31a08a0fbc9baaf28beb99ea2c50,False,False,False,0
server/apps/platform-host/src/composition/shared/entity-runtime/permission-transitions.ts,ts,application_source,f616a45138d3ce00e64bcb7ec223de837e3ec607bc989b91bc4a82ef968199dc,False,False,False,0
server/apps/platform-host/src/composition/shared/entity-runtime/persisted-scopes.ts,ts,application_source,dd0691701cefff3b65c0acee8f529efd7403d225900f08d15ff21994ae12591d,False,False,False,0
server/apps/platform-host/src/composition/shared/entity-runtime/presentation-choice-resolvers.ts,ts,application_source,309552728b429774d8c32c812d064f1481834634e7a62ffd0e852633506035c0,False,False,False,0
server/apps/platform-host/src/composition/shared/entity-runtime/published-action-authorizer.test.ts,ts,test_fixture,b3f7117925440dc38bd7b944b7dc47151de831b673f765af7b635b74db99e41d,True,True,True,8
server/apps/platform-host/src/composition/shared/entity-runtime/published-action-authorizer.ts,ts,application_source,f7bb448d1786047bfad95b7f5747170c2dcdb9177e8101fcb396bbdc70fd068c,False,False,False,0
server/apps/platform-host/src/composition/shared/entity-runtime/published-owner-administration.ts,ts,application_source,91ec60d3c4002e0842387bf11e2f9f61e03ea9a8582ec37a040b8c652185e3f5,False,False,False,0
server/apps/platform-host/src/composition/shared/entity-runtime/published-owner-authorizer.test.ts,ts,test_fixture,0628f588493b2eb60a3ae41219b302632a79ea851a99da3625c955aed18ffa87,False,True,True,21
server/apps/platform-host/src/composition/shared/entity-runtime/published-parent-admission.ts,ts,application_source,ab1f0961bcae0e1e59621bb169cefdb2b8dca6165eaf72f5721e01af5168a9c6,False,False,False,0
server/apps/platform-host/src/composition/shared/entity-runtime/published-record-header.ts,ts,application_source,43ebfdb79ca8bd99b9fed6e9c9c6bbfa99c0ffe1f28752864eeeda6f54a2e48f,False,False,False,0
server/apps/platform-host/src/composition/shared/entity-runtime/published-tenant-authorizer.test.ts,ts,test_fixture,048fc5d3ba279dad846aa2d181321086fb5c423803ab34726f96f9a64aa4955c,True,True,False,21
server/apps/platform-host/src/composition/shared/entity-runtime/read-bindings.ts,ts,application_source,90cce9520591bf3a63b0ea2f82c89e0dc27dc544389687ea8fe6e821a3d2b35a,False,False,False,0
server/apps/platform-host/src/composition/shared/entity-runtime/read-evidence.test.ts,ts,test_fixture,0193ee7ab7442420b1924a7fc9047e8c6fa6ffceaade39c8b112ddd536b97975,True,True,False,5
server/apps/platform-host/src/composition/shared/entity-runtime/read-registrations.ts,ts,application_source,2f43cf759a5bf78b33f48b1bc3ea346aeea2c3390ea4a612bad5a2086d97d682,False,False,False,0
server/apps/platform-host/src/composition/shared/entity-runtime/read-runtime.ts,ts,application_source,b2603cc48332e37b1d743b8937d27091b1dac2a86f04b516184d8d233493ec29,False,False,False,0
server/apps/platform-host/src/composition/shared/entity-runtime/readiness-inventory.test.ts,ts,test_fixture,e58f7f2c16f4512fcc07c42a4ea1b4092bfdc29ed231355ba172d13f9b0d032c,False,True,False,2
server/apps/platform-host/src/composition/shared/entity-runtime/readiness-inventory.ts,ts,application_source,7b54c9cf927fc882f2267e3581332facb6366881250c95883af27bfe531ccb13,False,False,False,0
server/apps/platform-host/src/composition/shared/entity-runtime/record-display-choices.ts,ts,application_source,b0563253ba809c37bbbcc3e1617797c66df334e2d6d490118a085280a351c3e5,False,False,False,0
server/apps/platform-host/src/composition/shared/entity-runtime/record-scope-sql.test.ts,ts,test_fixture,978f6160637fe35c1211a03e1c2cccdb054025d0e72cac84e464d9bed5ccf264,False,True,False,11
server/apps/platform-host/src/composition/shared/entity-runtime/record-scope-sql.ts,ts,application_source,25604dc067696e8e43be62bdfa87ea86322fa96270fd893645afc533944a5913,False,False,False,0
server/apps/platform-host/src/composition/shared/entity-runtime/reference-baseline.test.ts,ts,test_fixture,bc3ef69245aa1c76f112ee8f193fb9ea21014d8a331191a2cba690b065ce3176,False,True,False,6
server/apps/platform-host/src/composition/shared/entity-runtime/resources.ts,ts,application_source,1ad69af22a0462296bc007e965b0ebf151cae7bcad73b3c1dffb5ef71f75ba2a,False,False,False,0
server/apps/platform-host/src/composition/shared/entity-runtime/revision-authorizer.test.ts,ts,test_fixture,c8c21262de3d8b15d3ec5d9f3b5611b667fe348e8736dde7ad0a4e88a597e7b8,True,False,True,12
server/apps/platform-host/src/composition/shared/entity-runtime/revision-authorizer.ts,ts,application_source,0a21602222055fbb3026c173a17e87e35ad75738511c2bc3cc6aafafb0f8b735,False,False,False,0
server/apps/platform-host/src/composition/shared/entity-runtime/route-admission.ts,ts,application_source,381d50d436bbf9c8e986d3adce2498afbd3409d782f4f752fa8c675dd94d280a,False,False,False,0
server/apps/platform-host/src/composition/shared/entity-runtime/scope-registry.ts,ts,application_source,52981e66e71223e391d3d9fb5b8b8e877a9f90757cdc5c8525195852c5284a06,False,False,False,0
server/apps/platform-host/src/composition/shared/entity-runtime/services.ts,ts,application_source,a86e57ae0c975e7e85ee5c6bb34ea219e64ea9f3cf5c531c1a76ed0ff674dd48,False,False,False,0
server/apps/platform-host/src/composition/shared/entity-runtime/support-qualification.test.ts,ts,test_fixture,39caeab75a8a626a626615be176faa4358d895465a5ce9be8ca8184fcb2b4d90,False,False,False,0
server/apps/platform-host/src/composition/shared/entity-runtime/support-qualification.ts,ts,application_source,336fd5bb76945a86e16622cf20b7797bf444e8a5e52910c83c5362d1fae656ef,False,False,False,0
server/apps/platform-host/src/composition/shared/entity-runtime/transfers.ts,ts,application_source,767e380c54deddd04e8181e14ac2dd4b841c7e3689ad1fed11d8ef64d4437b43,False,False,False,0
server/apps/platform-host/src/composition/shared/entity-runtime/ui-profile-mutation-policy.test.ts,ts,test_fixture,653eb82e4a49ccdbecd04eac58e6ee0f59526643bda3166004b83aa9e8f78f7b,False,True,False,2
server/apps/platform-host/src/composition/shared/entity-runtime/ui-profile-mutation-policy.ts,ts,application_source,92d124925575517026c1701b1c3b1eccd70484b364d481180686beb946da464e,False,True,False,1
server/apps/platform-host/src/composition/shared/entity-runtime/workforce-read-policy.test.ts,ts,test_fixture,e75aaf2b82b1f90f886e5960430a7c9047890c0a531572e9d0460fa5e9389558,False,True,True,15
server/apps/platform-host/src/composition/shared/identity/__tests__/contact-verification-registration.test.ts,ts,test_fixture,286c3a8f4ce0db27173635f276d93382b84eca4e3701101cce025e84db88e07c,False,False,False,0
server/apps/platform-host/src/composition/shared/identity/authority.ts,ts,application_source,9aff6b8f39178bc01dd57fa001a07e561335d63b98a4afcf4ac67697f7f7a354,False,False,False,0
server/apps/platform-host/src/composition/shared/identity/contact-verification.ts,ts,application_source,91d1fda3e4e8e618e26f12e77117792f521531911bb15481f0b1a3478d06c789,False,False,False,0
server/apps/platform-host/src/composition/shared/identity/http-problem.ts,ts,application_source,87581981da13914116938e54a71593f62ecfa719c4bd7b7f8b47ad6155e06704,False,False,False,0
server/apps/platform-host/src/composition/shared/identity/plane-admission.test.ts,ts,test_fixture,2893e4b924a2c9bc15a11c9eb9d91459035430911cf94b685646e9826947c351,False,False,False,0
server/apps/platform-host/src/composition/shared/identity/plane-admission.ts,ts,application_source,06301c36de9c7b0687d17e980f1dc13971e473f917ffbf9efca23ffe9a8ad204,False,False,False,0
server/apps/platform-host/src/composition/shared/identity/platform-authority.ts,ts,application_source,0836d4f8c10126bdf86225f1201181052fb140c5d248c972ee6c1583ff8dbca4,False,False,True,3
server/apps/platform-host/src/composition/shared/identity/registration-contract.ts,ts,application_source,76c58724ebfa8deddf67227f5f36a4fe9db14226d5f3d416a44529fad59dbd7e,False,False,False,0
server/apps/platform-host/src/composition/shared/identity/trusted-device-routes.ts,ts,application_source,ea520f62429fe4e3feb555734a2b6121165ce7face06cd393a4c8827feec6666,False,False,True,3
server/apps/platform-host/src/composition/shared/publication/__tests__/activity-qualification.test.ts,ts,test_fixture,92609a91fed9f03265d99d27ae268d015d8217332e56b2e10d0bc37bae3954a9,False,False,False,0
server/apps/platform-host/src/composition/shared/publication/__tests__/capability-qualification.test.ts,ts,test_fixture,77f53d58be931fc065dbc398cdd4cd29730b4e5da66a8bcc77db6e1cdfa15d6d,True,False,False,2
server/apps/platform-host/src/composition/shared/publication/__tests__/compilation-recovery-execution.test.ts,ts,test_fixture,0652403a2ce912643502c960070de3c297848044421c0c77437a032dcf6bddc1,False,False,False,0
server/apps/platform-host/src/composition/shared/publication/__tests__/compilation-recovery-source.test.ts,ts,test_fixture,a268d358a75ef5bcdaffa09ea5b508e8f3a14e6b535fd236b9d49e22689d5798,False,False,False,0
server/apps/platform-host/src/composition/shared/publication/__tests__/compiled-runtime-publication.test.ts,ts,test_fixture,49041f9f88963856f2ea9986d77c57e69bdb811ccf51f9c846167a9e1315fe93,True,False,False,2
server/apps/platform-host/src/composition/shared/publication/__tests__/entity-authorization-activation.test.ts,ts,test_fixture,00a4073e173fd7f817cf70bacbd7ae55f58a9353a599900af9c470ec5aa3fb29,True,True,False,6
server/apps/platform-host/src/composition/shared/publication/__tests__/machine-publication-policy.test.ts,ts,test_fixture,3e7e04dbae38fe44c6566965b65af487ff651eb855a8245eece3f19d6242634a,True,False,True,5
server/apps/platform-host/src/composition/shared/publication/__tests__/publication-plane.test.ts,ts,test_fixture,a3631c51ec19beaf450158e2d6f837aa5850fdef6d1f9e7a78f7f12f3b17e68c,False,False,False,0
server/apps/platform-host/src/composition/shared/publication/__tests__/publication-policy-enrollment-routes.test.ts,ts,test_fixture,fae66924f38776cf1cc6c7808e238951af16eb651e37da1196431a2579392efc,False,False,False,0
server/apps/platform-host/src/composition/shared/publication/__tests__/publication-policy-enrollment.test.ts,ts,test_fixture,783fec4572c37b632ae26568bd9823fa04b5907c3c707eaff0cbeabd357602d3,True,False,True,7
server/apps/platform-host/src/composition/shared/publication/__tests__/publication-successor-boundaries.test.ts,ts,test_fixture,3d1acd32a96aed28c7f3f300f7d5c6cd5768321003d66bc4c767342adb9e6f15,False,False,False,0
server/apps/platform-host/src/composition/shared/publication/__tests__/publication-workload-configuration.test.ts,ts,test_fixture,d7451674f6c23fe522a916189c8537d3cd799c5ebda2880fcac5c10e60ab0f78,False,False,False,0
server/apps/platform-host/src/composition/shared/publication/__tests__/publication-workload-routes.test.ts,ts,test_fixture,df49e419f5e69f4e9a40a9a39589dcfac40250dfe47ab607beb48ef8fecc310a,False,False,False,0
server/apps/platform-host/src/composition/shared/publication/__tests__/runtime-qualification.test.ts,ts,test_fixture,a8801c5eef95ec5c9f9f0524ed88fc1402d9d62b98cfe943f23da75171650c76,True,True,False,4
server/apps/platform-host/src/composition/shared/publication/__tests__/table-entity-publication.test.ts,ts,test_fixture,bb3e9eb6e5198a2e3e22477406725b3f26e7dca0228eab1e092c4aac2a014479,False,True,False,20
server/apps/platform-host/src/composition/shared/publication/__tests__/tenant-orchestrator.test.ts,ts,test_fixture,c4ef35c86c8545cecb84f86783826205a8a7a0363fcc73e99526e9ac2e4b8a95,False,False,False,0
server/apps/platform-host/src/composition/shared/publication/apply-identity.ts,ts,application_source,933c2dc46d711fa63e1c34ef1cc5d34681e1f8bd0ac6995080e4b1626c90604f,False,False,False,0
server/apps/platform-host/src/composition/shared/publication/capability-qualification.ts,ts,application_source,243654f17b1a3bc08be2c517c1d1db7413a3c06596ffbb4ebb0b20d9c704d78e,False,False,True,2
server/apps/platform-host/src/composition/shared/publication/compilation-recovery-authority.ts,ts,application_source,1e0daa061b4d2ec076abf4e0a59fa8654995e5972ca700d76d236c1440092fd0,False,False,False,0
server/apps/platform-host/src/composition/shared/publication/compilation-recovery-execution.ts,ts,application_source,469e318f7943729c5c3f35b7d146527bf3437db8541e25af55b575d008027975,False,False,False,0
server/apps/platform-host/src/composition/shared/publication/compilation-recovery-source.ts,ts,application_source,020a989973f620f5d91f0ef50f0efe6f4b73cdbb9f47ccddd9a76344a6df5c5f,False,False,False,0
server/apps/platform-host/src/composition/shared/publication/compiled-runtime.ts,ts,application_source,266c52257119b919033ad7c20a725596859fb4ce3fc2a200cd143313e88d7be3,False,False,False,0
server/apps/platform-host/src/composition/shared/publication/compiler-build.ts,ts,application_source,df0820b120457304f667f8a3f944dff08e122299d8f25675cbdc046748fee1e2,False,False,False,0
server/apps/platform-host/src/composition/shared/publication/coordinated-relationship-qualification.test.ts,ts,test_fixture,1010c0c0f78047658f47cd09d618a83aabd9f1fe4c63efd4a9937f3e384216b9,False,True,False,4
server/apps/platform-host/src/composition/shared/publication/deployment-recovery-authority.ts,ts,application_source,ad2ce3feea5fe887d63e8b30a577e52c9f089b8e54a6eadc8ded36be51c08283,False,False,False,0
server/apps/platform-host/src/composition/shared/publication/deployment-recovery-compiler.postgres.test.ts,ts,test_fixture,fb16058554da39ae3a7987dbf3f2ede79e565bd8c9739f7b6693eb2aff69d60c,False,False,True,2
server/apps/platform-host/src/composition/shared/publication/deployment-recovery-compiler.test.ts,ts,test_fixture,de000c0aa3eb44250459b8b8ffb0fef4b9d2853e83935700f16b0de848c82dcd,False,False,False,0
server/apps/platform-host/src/composition/shared/publication/deployment-recovery-compiler.ts,ts,application_source,3a6397eab063163dcc47eb3f197a3900e1bf59ddddc66412e74986cb68952472,False,False,False,0
server/apps/platform-host/src/composition/shared/publication/deployment-recovery-execution.ts,ts,application_source,fb074e80c353c95239409392745999dc10aab2bc35e7f6904ce5f3563cce43fd,False,False,False,0
server/apps/platform-host/src/composition/shared/publication/deployment-recovery-policy.test.ts,ts,test_fixture,2298de568789474500aaff03ccb118dda44bdf01d1a1b041b74de023547341cc,False,False,False,0
server/apps/platform-host/src/composition/shared/publication/deployment-recovery-policy.ts,ts,application_source,8660cac5174b74bcfec6eface1d5ed5fc6a72a2affa44b6b5f6ac560f523ea57,False,False,False,0
server/apps/platform-host/src/composition/shared/publication/deployment-recovery-source.ts,ts,application_source,d61b01d9ba41a3f44a7b38a40413bbe9d9fea7e57629b43435d2adc0a002df9f,False,False,False,0
server/apps/platform-host/src/composition/shared/publication/deployment-recovery.postgres.test.ts,ts,test_fixture,69a2850e08c12a034134271ed28cee9fc8c53d420fd587a16228efd3ba0facfa,False,False,True,2
server/apps/platform-host/src/composition/shared/publication/enrollment-contract.ts,ts,application_source,01195d3a0e89e2ebb5eb1c879a11a6587a048fe44711a75d24ead02227d2ae99,False,False,False,0
server/apps/platform-host/src/composition/shared/publication/entity-ai-manifest-publication.test.ts,ts,test_fixture,fcbbb1e844a107a280a3dd7d96c948644a696e4bda9dfe2ee895340091f93f2c,False,True,False,7
server/apps/platform-host/src/composition/shared/publication/entity-authorization-activation.ts,ts,application_source,af9868388d6fb2befcd9044b522f6cb0604db04263f097d519a3d935d65af11b,False,False,False,0
server/apps/platform-host/src/composition/shared/publication/human-publication-activation.test.ts,ts,test_fixture,eaf600ae9cfce0c063d58d2399d0634df4945a7b6ff94dc815748c4154ff8ab4,False,True,False,2
server/apps/platform-host/src/composition/shared/publication/human-publication-activation.ts,ts,application_source,0f8e84d470cdf5e032b275db1e877d768a365005a6fa68588e7f4a078c2db232,False,False,False,0
server/apps/platform-host/src/composition/shared/publication/human-publication-admission.ts,ts,application_source,cdc4c900b2c56a5ef3083bc2f1b4cebf85bdcd0d839b6eb5e7915db05ee0aa7b,False,False,False,0
server/apps/platform-host/src/composition/shared/publication/human-publication-execution.ts,ts,application_source,aa15208de6a0558cc37cb3580afea679df3125f8e7e2554465638a4bfcca524c,False,False,False,0
server/apps/platform-host/src/composition/shared/publication/human-publication-policy.test.ts,ts,test_fixture,aebcddc19d11c24324aef8dc1fbb5ea81e0dddf0c14061da2349dcbcdcddc65b,False,False,False,0
server/apps/platform-host/src/composition/shared/publication/human-publication-policy.ts,ts,application_source,0172c3d217e453f4e0d64f7fb845a2f775a117680815e14b751b04e4c07c81ec,False,False,False,0
server/apps/platform-host/src/composition/shared/publication/human-publication.postgres.test.ts,ts,test_fixture,ccb937da16d6981e0466dd9aaef3d2ac38f7bb000979bca1bb5f0776db6b8725,True,False,False,1
server/apps/platform-host/src/composition/shared/publication/machine-policy.ts,ts,application_source,0483b08caca1e0590b9d41458edf6ac3c17721b6e61a2084e6aa737b3ecd043e,True,False,False,4
server/apps/platform-host/src/composition/shared/publication/plane.ts,ts,application_source,fd493f6ce2e8ae520a0ce73928a072de84d8d74f16ef1ad20296d89382391315,False,False,False,0
server/apps/platform-host/src/composition/shared/publication/policy-enrollment-routes.ts,ts,application_source,497df209932e5d305c62e3b666fe6ca34fbb6120654e96bcccd1850cca6a4128,False,False,False,0
server/apps/platform-host/src/composition/shared/publication/policy-enrollment.ts,ts,application_source,e860809586fc2e98700e8d2493ca52ff54a12000bdbbf27419eb61aebd5673b4,True,False,False,2
server/apps/platform-host/src/composition/shared/publication/policy-replacement.postgres.test.ts,ts,test_fixture,710887ebb7a9d251555356ff6c6260f160dd3a07429a6a3b4493a12854a0457f,False,False,True,5
server/apps/platform-host/src/composition/shared/publication/policy-replacement.test.ts,ts,test_fixture,b9b12588532266386f9d5d7da4c616fca240e4ddbd27011ed156647877217521,False,False,False,0
server/apps/platform-host/src/composition/shared/publication/policy-replacement.ts,ts,application_source,c07ea8d9c6298fb2c8583c4e7e748274fbe3df297bbd7dbfc3064a751a03ba1d,False,False,False,0
server/apps/platform-host/src/composition/shared/publication/provenance-recovery.test.ts,ts,test_fixture,cbe6ebb1fde217215791e104aa79e196ee5521c9152e41f3ac65b6f54851235c,True,True,False,4
server/apps/platform-host/src/composition/shared/publication/provenance-recovery.ts,ts,application_source,a79a9e0428d4ddfa4f74168b602f19822e8d49a68545092ea69cddde38977dd7,False,False,False,0
server/apps/platform-host/src/composition/shared/publication/relationship-qualification.ts,ts,application_source,93bbbdc14300499f351aaeb694d0b0e7fa17ccbaaac15a14b951c9a75e72cb97,False,False,False,0
server/apps/platform-host/src/composition/shared/publication/rollback-readiness.ts,ts,application_source,33e5a0c3c6fe22a29fe011661bec8db4176d12d6d4cdd53d93733cdc237cd9bc,False,False,False,0
server/apps/platform-host/src/composition/shared/publication/runtime-qualification.ts,ts,application_source,4beb4285fbe245c2833105dccb0fc68c101216f763bee2613fc7d6a60af2c068,False,False,False,0
server/apps/platform-host/src/composition/shared/publication/source-authority-qualification.test.ts,ts,test_fixture,fb51184dc849d609865c4ae021540c10045b70be2bc543d24ea5f0ae008b4f3f,False,False,False,0
server/apps/platform-host/src/composition/shared/publication/successor-targets.ts,ts,application_source,7d5d638f34c93fbd6001d4718ea276172617ae621f0ef561bbef5862b74c6b3f,False,False,False,0
server/apps/platform-host/src/composition/shared/publication/target-qualification.ts,ts,application_source,cc535d615f9f9b4b5c6e9c27f76505181544bdd99457854f5f41d6abe6607459,False,False,False,0
server/apps/platform-host/src/composition/shared/publication/targets.test.ts,ts,test_fixture,8bf3b5ba5942c7f0e0437ec2c7d8867a0ff7d40a0b386b05ed6a148c2b1e164b,False,False,False,0
server/apps/platform-host/src/composition/shared/publication/targets.ts,ts,application_source,781e1440bcda442ede7e4e043104a9e091c2ebbc4c64c65fdfa6d38f415e0b11,False,False,False,0
server/apps/platform-host/src/composition/shared/publication/tenant-orchestrator.test.ts,ts,test_fixture,2a3d70d4fa06f1da8348a67d9ad24b6514e065d676db5f0613b13dfedcc6ef0d,False,False,False,0
server/apps/platform-host/src/composition/shared/publication/tenant-orchestrator.ts,ts,application_source,ca49a567604a464414d006d9a8e308ef82c43a7fdda58c9e09aca26b084496a0,False,False,False,0
server/apps/platform-host/src/composition/shared/publication/tenant-read-only-qualification.test.ts,ts,test_fixture,e334b24711e28b9bcfe2d09061aea61f8f24255c943e9e1a06ecba8eadb0ea7c,False,False,False,0
server/apps/platform-host/src/composition/shared/publication/tenant-rollback.test.ts,ts,test_fixture,a596cca4e85de953d991d0fa17bba5c620b3e71ab5a8bc07d73990ed18ccd008,False,True,False,1
server/apps/platform-host/src/composition/shared/publication/tenant-rollback.ts,ts,application_source,0db3d8cc9bdd8f07456e8f82583f90fc4f2a4404a123a34e05836c208c00780a,False,False,False,0
server/apps/platform-host/src/composition/shared/publication/workload-configuration.ts,ts,application_source,5516aeb954450cb708da88c172ebfdaf0ea48490b24558a94b4a51e87087a129,False,False,False,0
server/apps/platform-host/src/composition/shared/publication/workload-routes.ts,ts,application_source,850774ecb55e783eaa8f4e077d3bdec335a985540316140374a664d2b9eef073,False,False,False,0
server/apps/platform-host/src/composition/shared/verification-permissions.test.ts,ts,test_fixture,3e44a93bc38c537061a96e4fe504fa47dbaa956df232a69ab27a0ad67e9b5b69,True,True,False,4
server/apps/platform-host/src/composition/shared/verification.ts,ts,application_source,8b5ae42240bc289ddf7734b58afc5012e15813597f6567b3df155b752bd76072,True,False,False,3
server/apps/platform-host/src/composition/shared/verification/__tests__/routes.test.ts,ts,test_fixture,865e9b62a6530b2c36b69a21ec48843efd153d25040ab2a5cfcb034fc8b76f60,True,False,False,5
server/apps/platform-host/src/composition/spaces/mesh/__tests__/mesh-exchange-readiness.postgres.test.ts,ts,test_fixture,a86119f2c18ae39b6676f14b204459759355e2b7501df3d9d215dd83af474584,False,False,False,0
server/apps/platform-host/src/composition/spaces/mesh/__tests__/mesh-exchange-readiness.test.ts,ts,test_fixture,1ae66fde39984ca3ef0b90deb8cf6eba0372ca1acf14be7a7224f7bf330aea4f,False,False,False,0
server/apps/platform-host/src/composition/spaces/mesh/exchange-readiness.ts,ts,application_source,85d26c01f4d3d704b165f3a1a2555542872d5eae5483dd60c0b2d337005abc43,True,False,False,3
server/apps/platform-host/src/composition/spaces/mesh/record-scope-sql.ts,ts,application_source,267e35e0d0bbfc12c580d21dc7c39d9b54c223ba43f01dcd9e48547949ad6a84,False,True,False,1
server/apps/platform-host/src/composition/spaces/neon/__tests__/finance-routes.test.ts,ts,test_fixture,8e4fe1e90fddef0706114b22b89df252372184f2d50e08b9656342e2f58ad71f,True,False,False,11
server/apps/platform-host/src/composition/spaces/neon/__tests__/partner-section-contract.test.ts,ts,test_fixture,4e7fa485dc8f310bd8f8789cae4d738adfde29d74c7251369f0524caaaf26607,False,False,False,0
server/apps/platform-host/src/composition/spaces/neon/ai/__tests__/atlas-attachment-knowledge.test.ts,ts,test_fixture,c7a3bed2c27a9846ee5795961d4f5c92c46451b117b6d361a68153824ac32591,True,True,False,3
server/apps/platform-host/src/composition/spaces/neon/ai/__tests__/atlas-document-grounding.test.ts,ts,test_fixture,f7492af6d81764d1f574bfcdf228a7c13069e537d30f28b8401b430d5d327633,False,True,False,1
server/apps/platform-host/src/composition/spaces/neon/ai/__tests__/atlas-retrieval-disconnect.test.ts,ts,test_fixture,8784d12aa25a887e0b498015bdb9df3e1da174be47e458d12cfc1306b6257c91,False,True,False,1
server/apps/platform-host/src/composition/spaces/neon/ai/__tests__/atlas-semantic-index.test.ts,ts,test_fixture,291317b60dd6e48df366075033813de1156e9c38720ab08d8e8ee967aa407542,False,True,False,1
server/apps/platform-host/src/composition/spaces/neon/ai/atlas-attachment-knowledge.ts,ts,application_source,7d3263b08d63d91f99a1dfaeed07ec0cb8ac4dc8729fda3929ba20ef2296516d,True,False,False,4
server/apps/platform-host/src/composition/spaces/neon/ai/atlas-document-grounding.ts,ts,application_source,22a09f50010c3739f409955c30f5d71225244d8577d2629af8faa85d491ed8e0,True,False,False,3
server/apps/platform-host/src/composition/spaces/neon/ai/atlas-inference-admission.ts,ts,application_source,3d240842997ec53a3cd8ec77f8f389a0d85d2b25f8a557f9914c9ce29af670d9,False,False,False,0
server/apps/platform-host/src/composition/spaces/neon/ai/atlas-record-question.ts,ts,application_source,648c9aefb01bc0c14ff15bd4c54408817d4f2264545eb95c9418fa0898d96251,False,False,False,0
server/apps/platform-host/src/composition/spaces/neon/ai/atlas-semantic-index.ts,ts,application_source,c322d37afba0eb747d7242ea1d333a134d682cacd9a18bcb95707ed071a499a5,False,False,False,0
server/apps/platform-host/src/composition/spaces/neon/entity-case-backend-mapping.ts,ts,application_source,777c190496553f42da14137fae4ea494e96d4762cf17a667ac9ace9073073f02,False,True,False,2
server/apps/platform-host/src/composition/spaces/neon/finance-routes.ts,ts,application_source,d12c9d441654c54d5c4cfb5b71ea380cd29284172f421e460e9d5d40a77ce400,True,False,False,10
server/apps/platform-host/src/composition/spaces/neon/partner-section-contract.ts,ts,application_source,a4da3b0c12dd829e7fe1d83d85a7361b1a6be25aab8448fe7ca4c06632ab3a7f,False,True,False,1
server/apps/platform-host/src/composition/spaces/neon/record-scope-sql.ts,ts,application_source,9244774648a0c163443f68c6a48ff672201c797e322edff58ae027a406b315b4,False,True,False,3
server/apps/platform-host/src/composition/spaces/neon/supplier-information-escalation.ts,ts,application_source,216bafe9e59e983e2a31e2c1bf93723f334b92984829a4f381dde82316e90540,False,False,False,0
server/apps/platform-host/src/composition/spaces/studio/onboarding/register-studio-onboarding.ts,ts,application_source,c25ad859e95683fc45d930fbe7bdf2692bc9b82734e2f7a402693d8365358732,True,False,False,1
server/apps/platform-host/src/composition/spaces/studio/record-scope-sql.ts,ts,application_source,02ad9826aa56cf2d6b12878d62a437c200b8cf6d2a2fcc73fafad5d98b7c64a8,False,False,False,0
server/apps/platform-host/src/config/authorization-management.test.ts,ts,test_fixture,a1db0c671ea942aafe2149925668c5faf3838179d10561227ad1a89c3564d76e,False,False,False,0
server/apps/platform-host/src/config/contact-verification.test.ts,ts,test_fixture,3bdbffe0a5431f03f072d586e0b232c081bc6bcd21cbc51806c13064b5f7222a,False,False,False,0
server/apps/platform-host/src/config/contact-verification.ts,ts,application_source,92d1e61200bd1879a07dcc4de7d6444b6261e24b07b9f74e12f74a90b08ddc78,False,False,False,0
server/apps/platform-host/src/config/control-plane.ts,ts,application_source,2123b14981cf9574ec9d4e725fbe29606c10178dfacf63bcfa9c11aaeb632ba6,False,False,False,0
server/apps/platform-host/src/config/deployment-profile.ts,ts,application_source,314d0f45ae553df643767d15b5bcef68dfc968c8930c30a1e7b2f15d3d0dc5bd,False,False,False,0
server/apps/platform-host/src/config/environment.ts,ts,application_source,409c8801da3e080e77cf1c11d62842f899ee12bdc1247e42e570d007de022cf1,False,False,False,0
server/apps/platform-host/src/config/index.ts,ts,application_source,df675b7b4504f33a01bfaa5a8a3de3bba1e792782f7b117bcc36d1c43896abcf,False,False,False,0
server/apps/platform-host/src/config/publication-policy.test.ts,ts,test_fixture,8131eff6c4f0ab4108eea5f26157cc6759b08a690db9a3838ae3f6ee862f4088,False,False,False,0
server/apps/platform-host/src/config/publication-policy.ts,ts,application_source,40306ebeea83b5368de334d2049fca9838185b029284103c32914f8f7f389bb5,False,False,False,0
server/apps/platform-host/src/config/validation.test.ts,ts,test_fixture,f0912afb27a4adec7f4203a1d711d1008aec371e7157a50e60ff9449378d574c,False,False,False,0
server/apps/platform-host/src/config/validation.ts,ts,application_source,45763e5fb6581201bd779c9918f4b902b5ebbadc919fe7c6c63530fc8dd15618,False,False,False,0
server/apps/platform-host/src/development/__tests__/graph-preview-ai-bindings.test.ts,ts,test_fixture,bf56b417138fc826c57573b4c1044146e65d77968803d6d2e2d13b37b0e0b3cd,False,False,False,0
server/apps/platform-host/src/development/graph-preview-ai-bindings.ts,ts,application_source,195b8566a2c7b6a3877c4ac8452eedd944b939ca244959b922127333d02c81f5,False,False,False,0
server/apps/platform-host/src/development/graph-preview.ts,ts,application_source,4e48b9481b2d82a401a1b6a8a230c6e7a4514b20fd887bd6d797a9b924d30065,True,False,False,1
server/apps/platform-host/src/development/publication-workload.test.ts,ts,test_fixture,5e92fcb997c7219489b59e3499389e88e646a44845f1ae60a942b1d7bc5dfeb8,True,False,False,4
server/apps/platform-host/src/development/publication-workload.ts,ts,application_source,238e318beb9999a3a90edf6712182522520d9dc2faca2ec88a31aa2a0e4bc67b,True,False,False,13
server/apps/platform-host/src/development/publication.test.ts,ts,test_fixture,527cacbba36aa81ff562e2d04a2554ef41b5e11f28b732f153aab815a64e79b0,False,True,False,3
server/apps/platform-host/src/development/publication.ts,ts,application_source,d709f6d22168df2b23d4b4246d9be00bb171965be991045fe0acd6aaadc0b972,True,False,False,6
server/apps/platform-host/src/development/runtime-publication.test.ts,ts,test_fixture,6334af726e3a546348167487694983e8358ab12aabe2a6307985b27b964e9dc1,False,True,False,2
server/apps/platform-host/src/development/runtime-publication.ts,ts,application_source,1f9ce74bd9e57b991155d4079d9d73d89c26ad5fa74b56df58b7f8318866f77f,False,False,False,0
server/apps/platform-host/src/diagnostics/health/__tests__/process-heartbeat.test.ts,ts,test_fixture,6ed97f4de5819fbc46543546544b7f67330a9bcfffe39b30e70c59b18860c8de,False,False,False,0
server/apps/platform-host/src/diagnostics/health/process-heartbeat.ts,ts,application_source,8948aac741b608ea31f7f07ea4e35596ebc5565032c15ab9c902d6361b659017,False,False,False,0
server/apps/platform-host/src/diagnostics/telemetry/__tests__/error-collector.test.ts,ts,test_fixture,e7245189e3939b485fdbdf4c765396d594b2aa5757e8957ce399400884d8f682,False,False,False,0
server/apps/platform-host/src/diagnostics/telemetry/__tests__/process-metrics-endpoint.test.ts,ts,test_fixture,5b2b3f7ceb9549ad95bca82955eedf9957aee734ae7a04d42d5d711291bb9c74,False,False,False,0
server/apps/platform-host/src/diagnostics/telemetry/error-collector.ts,ts,application_source,467328841a0e57f731f307494b26819aa06f3e2fb7e76f0a2137dfa66eca6d68,False,False,False,0
server/apps/platform-host/src/diagnostics/telemetry/process-metrics-endpoint.ts,ts,application_source,723ba0a412eb2d3e2b833d8fc32a3edeee172eb77aa25739d62dd33e13ceb3de,False,False,False,0
server/apps/platform-host/src/entrypoints/api.ts,ts,application_source,836df73040775777e21c1076289d1894cf7bfae18bdbed21bc6c86d83689b193,False,False,False,0
server/apps/platform-host/src/entrypoints/control-api.ts,ts,application_source,6e080a3a882394eeb1f1af9a7540818c32b996c831c654489dae822a4cb70f29,False,False,False,0
server/apps/platform-host/src/entrypoints/scheduler.ts,ts,application_source,91cc5671619047e152df62fcc7a526df294cf2bd3b9663e845af96581930a379,False,False,False,0
server/apps/platform-host/src/entrypoints/worker.ts,ts,application_source,7697c16628a1898c9cbb22438d2dab665c063d23cc7124e73960825fb3ad174b,False,False,False,0
server/apps/platform-host/src/kernel/__tests__/capability-registration.test.ts,ts,test_fixture,42b64a90cd5987bedd3190c15b2b8080787e0a97d46a99e57b3078c8fbf65483,False,False,False,0
server/apps/platform-host/src/kernel/bootstrap.ts,ts,application_source,fe96762023319e929e5a7ef1180d70180d25228bfc4b26127025e52b6a196117,False,False,False,0
server/apps/platform-host/src/kernel/capability-registration.ts,ts,application_source,32dd57e7edccfb8cf8451dd3c8b65497cb8b8cebef1d2a47a17020be6fae007d,False,False,False,0
server/apps/platform-host/src/kernel/container.ts,ts,application_source,e61f675094992cfe8727b784c7bb61df5e077791a944646a67cef5c9df0067d7,False,False,False,0
server/apps/platform-host/src/kernel/deployment-environment.ts,ts,application_source,ef98c7f11a9c86a39391d0b68974b3ebc50d577e49a184f14c6146f39af9a5e4,False,False,False,0
server/apps/platform-host/src/kernel/launch.ts,ts,application_source,0fdc733719ee732f0c50717d86979a8460cae7a5decdb13a801d0e380febc852,False,False,False,0
server/apps/platform-host/src/kernel/module-registry.ts,ts,application_source,455ee8adbae5086f6c0ad34110e1f1cedf9e6390d790a941b8591e6239487be6,False,False,False,0
server/apps/platform-host/src/kernel/registration-plan.ts,ts,application_source,d7a4fa5403033829754722d157bdfbdf6013dd09e5fad41c38669ccfb067a092,False,False,False,0
server/apps/platform-host/src/main.ts,ts,application_source,bf7573c4bfd59be0810ad695c32659f1172c8314d3fb60cccc0ef953d9606034,False,False,False,0
server/apps/platform-host/src/scripts/inspect-coordinated-apply-failure.ts,ts,tooling_operations,e33415ee1c17ba40772ec7282062f66655c09d143731c0d3857f0aee449a58ba,False,False,False,0
server/apps/platform-host/src/scripts/inspect-entity-support.ts,ts,tooling_operations,f8604e3a85746245e026af9182bd76a41b1335d8507ffe42c6622902e4567131,False,False,False,0
server/apps/platform-host/src/scripts/qualify-document-infrastructure.ts,ts,tooling_operations,9e533f79b0f66531f28734e9df0379f5843dc6aaf099f838a6f816cbe381c46b,False,False,False,0
server/apps/platform-host/src/scripts/qualify-document-malware.ts,ts,tooling_operations,0cab989a3e7d46368383be7ae388be965423fa77ac616d8f1ccfccc81c218dce,False,False,False,0
server/apps/platform-host/src/scripts/recover-dev-publication.ts,ts,tooling_operations,9d5a67a22417bd91dd3994fc97f02cf46dfb8d8813c59eeaa8cde416318ff606,False,False,False,0
server/apps/platform-host/src/scripts/retry-coordinated-apply.ts,ts,tooling_operations,f1c86bc7e31ea4e0d712af08f16ab7d542d5b460e539596e1860c115a1e06e6c,False,False,False,0
server/apps/platform-host/src/scripts/submit-derivative-scan-backfill.test.ts,ts,test_fixture,374897e4b1f288340664c99bee1574e92eee702b18e6892b88b080e9cfea5ee5,False,False,False,0
server/apps/platform-host/src/scripts/submit-derivative-scan-backfill.ts,ts,tooling_operations,2caac4b7a5cd060976044a71ceb22f5a08cd3779416dee9c155c4d95c5cfdfbb,False,True,False,1
server/apps/platform-host/vitest.config.ts,ts,tooling_operations,242a9cb1b833ee7cccb5ac40aa3eb26e01881b602419b4f2767fb1363284bfa6,False,False,False,0
server/db/scripts/__tests__/activity/activity-ddl.test.ts,ts,test_fixture,e504909469fb43a2f8f28becdaf9d34fd8854033caa102864aac09d988f48c1a,False,False,True,1
server/db/scripts/__tests__/activity/activity-permissions.test.ts,ts,test_fixture,48779a97231785c47e90c42a4ba505d9dc955c7cf7d7d1d97ddba15d7a216022,True,False,True,3
server/db/scripts/__tests__/activity/entity-activity-preparation.test.ts,ts,test_fixture,c8d6dbb1bf2744b369cd8771caee123c0dcfb63ee6b3de9c6e88266f6d6a4544,True,True,False,5
server/db/scripts/__tests__/authorization/authorization-clean-slate.test.ts,ts,test_fixture,bfcc867c6c44f474c67cbd26079056834cf60ba7245c4ee6619ee1cfdcf4d0ae,True,False,False,1
server/db/scripts/__tests__/authorization/authorization-release-gates.test.ts,ts,test_fixture,15a55ee53802c5ebea0bf3ffe321361b5a7468854f47761dd9742572648e2ad7,False,False,False,0
server/db/scripts/__tests__/authorization/cirrusatlantic-demo-authorization.test.ts,ts,test_fixture,71eaa3f92a81ff82cf800e9df5d6c12e39323a10f33969ee082a595513fa0fe2,True,False,False,8
server/db/scripts/__tests__/authorization/common-collaboration-seed.test.ts,ts,test_fixture,4a7c981b0c2f2c78077c562baeb4515dadbfd6d33380e8f32010b84cd2bda26b,False,False,False,0
server/db/scripts/__tests__/authorization/common-identity-catalog.test.ts,ts,test_fixture,b07f69605f199034f193a0f5803eb3feb5e2350d873fde27f7370caa530f1ed3,True,False,True,5
server/db/scripts/__tests__/authorization/common-reference-catalog.test.ts,ts,test_fixture,e6c1444c888e2e33deb7887644a1bc99e79cd3fb9662271842876291531e9581,True,False,True,7
server/db/scripts/__tests__/authorization/cross-plane-suspension-control.test.ts,ts,test_fixture,46c9215d610caa321f5378b630de2a40200a99290dad7354fb2a15887997440f,False,False,False,0
server/db/scripts/__tests__/authorization/entity-operation-projection-compiler.test.ts,ts,test_fixture,ab2f5aabaa75959e4597f81bae3333a64d53785e834ab78fc69c5bafde505ac8,False,True,True,5
server/db/scripts/__tests__/authorization/exact-scope-compatibility.test.ts,ts,test_fixture,419344a2048ee0d42dc593453776dcab90d915dad23e2f6a0f5b23fbb87a9f01,True,False,False,6
server/db/scripts/__tests__/authorization/inventory-promotion.test.ts,ts,test_fixture,154d717745361d55a4b19cef9e76473715167a75ff3ddc2895121ed3d30d1578,True,False,True,5
server/db/scripts/__tests__/authorization/mesh-authorization-inventory.test.ts,ts,test_fixture,58dc7081e6374ae3dad09e93fd6e14f647ae6b696e0707da3bab9269f918e913,True,True,True,6
server/db/scripts/__tests__/authorization/neon-authorization-inventory.test.ts,ts,test_fixture,a64b27e8151c326b308d0236a7bbfe7697ae64e336947d58e4859ec53b812147,True,False,True,3
server/db/scripts/__tests__/authorization/projection-reconciliation-authority.test.ts,ts,test_fixture,76684f3973581d3003819ba6770f18f80d8f8e74a2d2e165a910ab1d8e7e9760,False,False,False,0
server/db/scripts/__tests__/authorization/projection-write-ownership.test.ts,ts,test_fixture,9c29e589072449736ff49f43641fb98988b9b59906d09eafda63785eb7f3df6d,False,False,False,0
server/db/scripts/__tests__/authorization/three-tenant-demo-authorization.test.ts,ts,test_fixture,9e4faa96f27bc2568335290f5bf6ea05f436952903364f737d032fa4ca10015f,True,False,True,5
server/db/scripts/__tests__/authorization/workflow-permission-seed.test.ts,ts,test_fixture,af7ccfb77eebc4e6183a9616463d95a67f80ae29b54849d7da9d29c6d57042a3,True,False,False,2
server/db/scripts/__tests__/platform/database-catalog.test.ts,ts,test_fixture,ce5dbded480b352292e1c3e8c4f32574d4d4d029b5640a1149bf035cbe025c28,False,False,False,0
server/db/scripts/__tests__/platform/database-target.test.ts,ts,test_fixture,a43106dbfac255f563a7005890d522896d4f1a8cc0f9f3cd83e833583bbf9cfb,False,False,False,0
server/db/scripts/__tests__/platform/db-review-deployment.test.ts,ts,test_fixture,28fe72ced4728bef91ad6de8dfb64c943ed5ae0404c2618654d66df21b745274,False,False,False,0
server/db/scripts/__tests__/platform/db-review-migrations.test.ts,ts,test_fixture,1e936dbd9034ad3764c872514cf06a13bde90e80bddfdf743a4894a9dd020a44,False,False,False,0
server/db/scripts/__tests__/platform/derivative-scan-evidence-migration.test.ts,ts,test_fixture,9b943820b25c92d124c2a14587d5c31d2168cf20b61e9522a0cd589b98ccf184,False,False,False,0
server/db/scripts/__tests__/platform/identity-replay-approval-schema.test.ts,ts,test_fixture,65ed6596215017daabc8f095638f1167a95deebfba6bc4f8448a17b0686ca9ff,False,False,False,0
server/db/scripts/__tests__/platform/neon-case-manifest-order.test.ts,ts,test_fixture,fb3f721da562f80c48ac6fe71a9be7e34e3ee8256448ea44e1b1290c41c4f33c,False,False,False,0
server/db/scripts/__tests__/platform/reference-choice-history.test.ts,ts,test_fixture,94c041b420ae63f4645efc540152ad414f6bd42442da917ab95ebd62e57420aa,False,False,False,0
server/db/scripts/__tests__/platform/trusted-device-expiry.test.ts,ts,test_fixture,23aae98ea9b50ece7c8f5c60385cdfff272d2337548b6395aec356c00a09ff3f,False,False,False,0
server/db/scripts/__tests__/platform/trustiam-identity-saga-authority.test.ts,ts,test_fixture,0b1c32d49b180ee4b9ff1e4adc6f3a04ede88da9a491890c9a9769945727a49c,False,False,False,0
server/db/scripts/__tests__/provisioning/development-phase1-list-runtimes.test.ts,ts,test_fixture,85bf68083ffc17e136983196a2d621c0353b61c7c5e107585bd043f64e643a74,True,True,False,5
server/db/scripts/__tests__/provisioning/safe-provision.test.ts,ts,test_fixture,77e403f49dd13d1b416b72e83ab88bb1f0b6a918b483eec2c01b07c733eede73,False,False,False,0
server/db/scripts/__tests__/provisioning/three-plane-provision.test.ts,ts,test_fixture,0bb1437ac6559c54d23702675bc2ae77ee01d12f9a0e44cc3baa06e287e414bb,False,True,False,3
server/db/scripts/__tests__/seed/seed-contract-lint.test.ts,ts,test_fixture,89fa8c0c5d2c129d020d93b16adb7cc587eea4ee5d1efd78f27c76486544a74e,False,False,False,0
server/db/scripts/checks/contracts/audit.ts,ts,tooling_operations,6de61e2030db49abfd9fa7141f71bb84755c71f23e4234bdd58698b0cb085830,False,False,False,0
server/db/scripts/checks/contracts/dimension-policy.ts,ts,tooling_operations,e13296a9e83c344b2b7581bfb51cbb849efee1782d375ef0297fa5b1f3bbd902,False,False,False,0
server/db/scripts/checks/contracts/meta-entity-audit.ts,ts,tooling_operations,e0651f6248305bc8d2e19656ec307115dcab0d5967427c4dd2481e9f1400f6de,False,False,False,0
server/db/scripts/checks/ddl/archetypes.ts,ts,tooling_operations,6ddd98403195236c4a666f72ad001d85a6dd3e561778e038d4d166ed480bbffe,False,False,False,0
server/db/scripts/checks/ddl/governed-lifecycle-g0.ts,ts,tooling_operations,75b5788c680e99fce04c4064bbe14f47c0f6f0066f6e4e73955ab7d55291a9ef,False,False,False,0
server/db/scripts/checks/ddl/identity-header.ts,ts,tooling_operations,21f363c961bf1f37345d436a4d2a0a15f517f0bb93fd78b753f096a3eb8505f3,False,False,False,0
server/db/scripts/checks/ddl/platform-catalog.ts,ts,tooling_operations,3b9a5f94d57583c099d0fa0adccbd40881dc76c762481052b08848a26fbe573c,False,False,False,0
server/db/scripts/checks/ddl/three-plane-model.ts,ts,tooling_operations,9128d45735cf935ee3a91f223a9ebde833307188677679dcd6b9f176058646ca,False,True,False,7
server/db/scripts/checks/security/field-security.ts,ts,tooling_operations,eca2fbcfe27c89ba4c5aa81801e86948d470eeb4019ecb1a7f9900ee64de804d,False,False,False,0
server/db/scripts/checks/security/generate-product-publication-owner.ts,ts,tooling_operations,d9a4ad07571646e3b93075bebc85f77364d0aaca45bd25fc98971f4d91cd7876,False,False,False,0
server/db/scripts/checks/security/generate-security-definer-contract.ts,ts,tooling_operations,b05c968d6f265bb790a7a8073f30794d6b8aa77b7e1758408fbf59c39d0bb644,False,False,False,0
server/db/scripts/checks/security/plane-boundary.ts,ts,tooling_operations,90f87e004733629694c3a0a4495ef3a409aa69dc30a4b2022cd148cbc1ffddb3,False,False,False,0
server/db/scripts/checks/security/rls.ts,ts,tooling_operations,5a17ea69d28b6586f819ba321028043022d67a7001634da71846ca33c04889de,False,False,False,0
server/db/scripts/checks/security/security-definer.ts,ts,tooling_operations,4705359d54620ad07a4f197253e6db09455f2724db3202ec7b3eb6963108c289,False,False,False,0
server/db/scripts/checks/security/three-plane-authorization-rls.ts,ts,tooling_operations,6fdef9e4b3644541a23b76addece055923167122186ceb1ef4848196196545fb,False,False,False,0
server/db/scripts/checks/seeds/authorization-release-gates.ts,ts,tooling_operations,a8e3a387d97fe3096d7696e627041982c5c05c7ac00e26479d0e73d2a8f2b620,False,False,False,0
server/db/scripts/checks/seeds/authorization-release-live.ts,ts,tooling_operations,524b95916a164f05ba51748ba8208cd8526781c8fcbc67320909ae1015c72bfd,False,False,False,0
server/db/scripts/checks/seeds/authorization.ts,ts,tooling_operations,c961c1a6f8bbaf1dafdb48f442a7fe10a31da465ea817e9a179dcffc832c977a,False,False,False,0
server/db/scripts/checks/seeds/blueprint-packs.ts,ts,tooling_operations,d194b6d576bb0f7469034ab2f5d70ad854d5d6983e06df7f703d394aecaece13,False,False,False,0
server/db/scripts/checks/seeds/shared-reference.ts,ts,tooling_operations,68fab1a0a7b7877cd8916cc2c63e12bc164b0715c4dbfaaa35dad38de6504b3b,False,False,False,0
server/db/scripts/checks/seeds/suspension-controls.ts,ts,tooling_operations,6dc48c066b676ce55a4a79075a0beb6e6e3b834e36bb3fdbeea1ce57cbdd5b73,False,False,False,0
server/db/scripts/lib/cli.ts,ts,tooling_operations,7737886a7079bef005fe432021a2e339ba9ab32c679a4dea8e3d08b6a7b63707,False,False,False,0
server/db/scripts/lib/database-catalog.ts,ts,tooling_operations,6e355c077ec0b0d7504edeb36bf09725dfc8a0a28da88b8b012592518da96ae2,False,False,False,0
server/db/scripts/lib/database-target.ts,ts,tooling_operations,063bf5293fd5a47673fa6fdaab79d143034c53b8b02e3f5b59efe4645a59872c,False,False,False,0
server/db/scripts/lib/main.ts,ts,tooling_operations,8177cc3385d110a70012ef6dc0b0986d17b2c66dabf3ee1cb72ebd2388c1902c,False,False,False,0
server/db/scripts/operations/authorization/manage-authorization-operation-activation.ts,ts,tooling_operations,4aea2bc5dca29386591248f906059abf310581166d148c04f3c3275918a4df94,False,False,False,0
server/db/scripts/operations/authorization/repair-projection-owner-read-grants.ts,ts,tooling_operations,453b0a7d3afb12bc3760e23d7adf3035e21f9954d98c5b511ed31ce7d5bbd245,False,False,False,0
server/db/scripts/operations/authorization/reset-authorization-clean-slate.ts,ts,tooling_operations,15bf370bca84d2bbc3338ff2953fbe86347aa667cf687dc9b6b82ca86aa4c81a,False,False,False,0
server/db/scripts/operations/entity-onboarding/check-dev-principal-relationships.ts,ts,tooling_operations,fb88c95183cda3d4bef7e5033e103e5028c5ed999201eb4a459dfb1368c3d044,False,False,False,0
server/db/scripts/operations/iam/reconcile-runtime-subjects.ts,ts,tooling_operations,2455b48312c004c17bee53b21a061a3ef9a27804f179d63a0c82e6d4bfb4b9c4,False,False,False,0
server/db/scripts/operations/mesh/sync-shared-to-mesh.ts,ts,tooling_operations,1117870137923b0f67cb4cb3bb42a6ed49ba4c0f5cb4e5369228e504b994c7bb,False,False,False,0
server/db/scripts/operations/publication/check-dev-reference-relationships.ts,ts,tooling_operations,e413c11fdd09f0082c2e13990ce88436f65589f56f9aa6f827a3833f72a35354,False,False,False,0
server/db/scripts/operations/publication/compilation-recovery-source.test.ts,ts,test_fixture,01109d1eab88c5d3d262a3f183fd7e97b30c7052389b6ce7822490b619cbc22a,False,False,False,0
server/db/scripts/operations/publication/compiled-entity-verification.test.ts,ts,test_fixture,e5127e7137d4ebfc38d1e4750de3c1983d1e06830cd12dc8ece3e32038e79dcb,False,False,False,0
server/db/scripts/operations/publication/identity-operation-projection.test.ts,ts,test_fixture,12ff2899c5096f9c4e9e68f9b9e60827d528e80ad8861a48e94ebd3f99545231,True,True,False,2
server/db/scripts/operations/publication/import-dev-reference-product.ts,ts,tooling_operations,5ff576a9932dc59fe9e2452ff0de38f0aadca927c7ec7885b1fdb0f5dafc69cb,False,False,False,0
server/db/scripts/operations/publication/inventory-dev-entity-product.ts,ts,tooling_operations,b854209a4434ec535c5a320be0cafc6deb27fc78af70e6f707276055b7072824,False,False,False,0
server/db/scripts/operations/publication/operation-projection.test.ts,ts,test_fixture,0441fa27713490ae2d3f9b7c81fdfdf4dd02080fae182fed89696f75bc4a29eb,False,False,False,0
server/db/scripts/operations/publication/prepare-compilation-recovery.ts,ts,tooling_operations,2c1b14378d28810a34cf5bc0692262dfe60c0f0597fa0bf9946812713864abbc,False,False,False,0
server/db/scripts/operations/publication/prepare-coordinated-candidate.ts,ts,tooling_operations,72ba36a151bec9aa1f81f45d201f93519a7352b1576b6f8d2a1bb53cd5a56e32,False,False,False,0
server/db/scripts/operations/publication/prepare-dev-entity-successor-policy.ts,ts,tooling_operations,c4dd697f0460c84a905177ce74676597105df155891693574bc35e76f33f0373,False,False,False,0
server/db/scripts/operations/publication/prepare-dev-entity-successor.ts,ts,tooling_operations,fcbae54a6bc28a01594f9d065c0d44c1844c5dfef0c614161c4d586488e98963,False,False,False,0
server/db/scripts/operations/publication/rehearse-publication-canary.ts,ts,tooling_operations,afe38ba208161758fb8d218b9dc14bc65ecd2992dadc2a7756ce1628ecd26114,False,False,False,0
server/db/scripts/operations/publication/successor-activation.test.ts,ts,test_fixture,f6e34a636555f495524582ce7b49cc1f7175d24b1b5797e370828e566c37ceb8,False,False,False,0
server/db/scripts/operations/publication/successor-release.test.ts,ts,test_fixture,f71f581842f560e43276e1b9367a19c72691a70fd0955b7ed3ae2d961ff253c6,True,False,False,1
server/db/scripts/operations/publication/successor-source.test.ts,ts,test_fixture,36bc1ef41bd8d439ecb42d57a80b56f9aa6d214bd731e81b454d08327c9d2dea,False,False,False,0
server/db/scripts/operations/publication/system-entity-commands.test.ts,ts,test_fixture,98c3cb85a219f20055fdb0e0189b3430168111bbaf055fd83fc1dafa9c798812,True,False,False,1
server/db/scripts/operations/repair/repair-tenant-ledger-hashes.ts,ts,tooling_operations,a64aa98317421fdcdb26e5570569419bb24566d95f7ba78c43921b20b44f0d67,False,False,False,0
server/db/scripts/operations/security/rotate-local-postgres-admin-secret.ts,ts,tooling_operations,544a45a53af00e78bacf198d45f76213c3a3a609508141ca2788f76d97f8313e,False,False,False,0
server/db/scripts/operations/studio/project-meta-entity-admin-identities.ts,ts,tooling_operations,63d0d04e266ff425b240a40086d37e9a26a9256235937fc46bd16b1d85f8ca0c,False,False,True,1
server/db/scripts/operations/studio/provision-meta-entity-authority.ts,ts,tooling_operations,44794fe3f152455f12549eea28e713d3e20c48c865aa6452036ca5276ec4df62,True,False,False,11
server/db/scripts/provisioning/apply-authorization-seed-pack.ts,ts,tooling_operations,67caaf1f1b78e814f10986e5f90e22e8bd13762d1c56319a88d51600075d50a0,False,False,False,0
server/db/scripts/provisioning/apply-disposable-ddl-manifest.ts,ts,tooling_operations,2359e1913e751640282ea5fff22b251cd8bcc56753f393fde40aa7f387b0e7a3,False,False,False,0
server/db/scripts/provisioning/authorization-pack-applicator.ts,ts,tooling_operations,dd7f8807d37dd32b4b28feb3675892ba3f16511c56a0c8a8df81fb032af786fe,False,True,True,4
server/db/scripts/provisioning/cirrusatlantic-demo-authorization-model.ts,ts,tooling_operations,23ff47c0af2f865fa89a8cce3c61fb5be85a5487d92a30c51f8dc85126ddcbbe,True,True,False,14
server/db/scripts/provisioning/foundation-runner.ts,ts,tooling_operations,2109ff106777c63ba2b7412f6b05117daea7e173ff138205805c971d26f42ff0,False,False,False,0
server/db/scripts/provisioning/mark-disposable-database.ts,ts,tooling_operations,cfc608f06e9598808443089aa4d4df5f7369e3e814095f1a1afda0fba5de72ca,False,False,False,0
server/db/scripts/provisioning/neon-scenario-foundation.ts,ts,tooling_operations,1048df9e736959c10313817e8f6c8e1eea247940c853148cea47a794346b9554,False,False,False,0
server/db/scripts/provisioning/plane-cli.ts,ts,tooling_operations,7bdd608e8734a48bfed352fd0afdac4e718b2a1b81ade98db7af419212583345,False,False,False,0
server/db/scripts/provisioning/prepare-entity-activity.ts,ts,tooling_operations,231a7603308194108f047f3d259b2765c4807742f1cd2d91cd4acd0278080b95,True,False,False,1
server/db/scripts/provisioning/prepare-reference-runtime.ts,ts,tooling_operations,ce357152279ddb35899df73185d17f0b91a33680c91b21bcfe07309187981084,False,False,False,0
server/db/scripts/provisioning/prepare-table-runtime.ts,ts,tooling_operations,b9d3b606fcae646d6ee2ae536d41e110f6bef0a58202860723c03b9dd9edc708,False,False,False,0
server/db/scripts/provisioning/presentation-graph-helpers.ts,ts,tooling_operations,b38a5486b2403268721315f27f903089c3e29dd7f008812cb9ba41b7d58b5933,False,False,False,0
server/db/scripts/provisioning/provision-cirrusatlantic-demo-authorization.ts,ts,tooling_operations,ad77bde8a517d895b43970a209ecce41b9e43061e16a343385ddac19b2f20853,False,False,False,0
server/db/scripts/provisioning/provision-development-northwind-mesh-fixture.ts,ts,tooling_operations,23d74ea5071c4ab619f995cec47e15950b5a76e219a121e9b504d3d2bb5856b8,True,True,False,14
server/db/scripts/provisioning/provision-development-notification-acceptance.ts,ts,tooling_operations,80c861668a37f9ea571f960bf13e60cbcc4a1905d06057e4ab100ef2e20b0f92,False,False,False,0
server/db/scripts/provisioning/provision-development-phase1-list-fixtures.ts,ts,tooling_operations,85a465c508ed5c016559a3a56b6db50ac3425d8f681a3b804b1fa11a09933e9c,False,True,False,6
server/db/scripts/provisioning/provision-development-phase1-list-runtimes.ts,ts,tooling_operations,ea94a8f206c01b1d7282eb7c049bd7c1cb744dc31d11bdb15c3fde6f9066bfd6,True,True,False,12
server/db/scripts/provisioning/provision-hr-stage0-fixtures.ts,ts,tooling_operations,0ebc3d38f064c1d2a523aedede89ef602697b53cd00d4a63eb9c0c1d0c679b01,False,False,False,0
server/db/scripts/provisioning/provision-mesh.ts,ts,tooling_operations,fcb7ed69bb59c3cb75181492efeccd8f6f4b7aca63c0c0747ccc284a769f8a5e,False,False,False,0
server/db/scripts/provisioning/provision-studio.ts,ts,tooling_operations,b8cc17159190bbe11beda0424370d36d4a6bc34764357478f230c66088bcb028,False,False,False,0
server/db/scripts/provisioning/provision-three-plane.ts,ts,tooling_operations,ff8791ebca94c989fc5c92ec99541e6a14fcff303909bbecac92c9fed4a2d219,False,False,False,0
server/db/scripts/provisioning/provision-three-tenant-demo-authorization.ts,ts,tooling_operations,5266d96831f61e20fc468642a7f9adb6b3670cb3c144c88b01ce83593c71e621,True,False,True,10
server/db/scripts/provisioning/provision.ts,ts,tooling_operations,03bcb9b6743f3f065fa1cca8cd12423f1590ea7c4620dfdb2f4ebc452eafa50d,False,False,False,0
server/db/scripts/provisioning/publish-development-list-experience.ts,ts,tooling_operations,9505fb205586dedc3fe5eb20de98d6730d11d9e7e72641d5f2a12f16c1c69b2a,True,True,False,20
server/db/scripts/provisioning/publish-development-record-presentation.ts,ts,tooling_operations,822cdc14c581ad61d5c4d592572b01f03500fe06201e7f9e18f09c8ce6dad5f7,True,True,False,2
server/db/scripts/provisioning/publish-development-standard-views.ts,ts,tooling_operations,7abd0523a3e9c1da89e16b4276ad8f2e4d5eb4f5a449efc7a535d264bff806a4,False,False,False,0
server/db/scripts/provisioning/publish-document-relationship.ts,ts,tooling_operations,c193c6e619916d12a0da6c96ae520a491977fa4fed8fa77cfd828f637d26022f,False,True,False,2
server/db/scripts/provisioning/safe-provision.ts,ts,tooling_operations,7bc49788894fa1562f3541ae6d6a448d4d112bd9f0df8d0ee64dfe43c113cbfd,False,False,False,0
server/db/scripts/provisioning/three-plane-model.ts,ts,tooling_operations,3ee287383707fe6e3e372bfb807fddaa6b4e00749d4debafa3f76e1b24736ea1,False,True,True,3
server/db/scripts/provisioning/verify-three-plane-contexts.ts,ts,tooling_operations,d72db1d0334c547cbbcf0f5af63ca703c678a6aa2fe0cba028a54295d4268b8b,False,False,False,0
server/db/scripts/reports/authorization-quality-support.ts,ts,tooling_operations,d76bb2f601aedb2f7014e4eba7285e77e1f6a47e25395b7a066721c02972aafb,False,False,False,0
server/db/scripts/reports/database-drift.ts,ts,tooling_operations,ae37b4bc5e00663a2b3d1aec0abf55d78f5751b54c493478f2bfa891065ce7b4,False,False,False,0
server/db/scripts/reports/mesh-authorization-quality.ts,ts,tooling_operations,e24bbeabf993ce60ed1181b9c33af6d8f61d18bf8c15bda5e58514caed35bde7,False,True,False,3
server/db/scripts/reports/neon-authorization-quality.ts,ts,tooling_operations,6cf586740d3c5f738496ec832286c525632f2779fabfbb2a8d8eab4d145b7e01,False,True,False,8
server/db/scripts/reports/neon-finance-fx-defaults.ts,ts,tooling_operations,9e75c1a9b150d7add8a0797e5b082b1b89a1728d0e930528cb1dd693ca495179,False,False,False,0
server/db/scripts/seed/apply-meta-entity-seed-pack.ts,ts,tooling_operations,a724683b580860fb00d76523b36ceb057932a4991ec280eb9a521b25de600c45,False,False,False,0
server/db/scripts/seed/authorization-inventory-compiler.ts,ts,tooling_operations,4b6d423d99d55ddb4086838bc0492e10b50f1c69443dbab9eeec29d1e158679a,False,False,False,0
server/db/scripts/seed/build-blueprint-packs.ts,ts,tooling_operations,9faab0fc1242579ccc1acecd6eeed6facd76f9bd771ca136e120bd9545931ba8,False,False,False,0
server/db/scripts/seed/build-exact-scope-compatibility.ts,ts,tooling_operations,34ad896c0ac8ca33a9702f90348d469d86f79ef21a437f456dfc66e92cb8469d,False,False,False,0
server/db/scripts/seed/canonical-catalog-v2-model.ts,ts,tooling_operations,4648f0aad13c580af4210d13c05c093122793b6658dd8566bb13a39ae76b1b61,False,False,True,6
server/db/scripts/seed/compile-entity-operation-release.ts,ts,tooling_operations,f16e73ea53f1383d49f1b60cec981dd354f15271ab177c689828453f3a0a5d31,False,False,False,0
server/db/scripts/seed/compile-final-authorization-seed-packs.ts,ts,tooling_operations,4ef85608cf50f27c519ba669b9f01dd92d03b37e58f6bb4f8bc1f3143b439530,True,False,True,3
server/db/scripts/seed/compile-inventory-promotion.ts,ts,tooling_operations,1ff0f557e4e476ded468cac97ff76123c8e242b6dbb0eaadab8481153872a346,False,False,True,2
server/db/scripts/seed/compile-mesh-authorization-inventory.ts,ts,tooling_operations,68d6f84af611addc586e2baf8124b44f7fcf58e09be8130261055104af99832c,False,False,True,3
server/db/scripts/seed/compile-neon-authorization-inventory.ts,ts,tooling_operations,711c7dcef67210ae0345b69f02f6a003c8e2837a0d9181011d3a39212fd011f0,False,False,True,3
server/db/scripts/seed/cross-plane-suspension-control-model.ts,ts,tooling_operations,b9f107dca701d722ba3b6d5aec7e9665a079b3bab0a8f319a74f531e5a8a588e,False,False,False,0
server/db/scripts/seed/entity-operation-projection-compiler.ts,ts,tooling_operations,0f8ba07ab680be63ed3e4620bb9d37249d011d0f31b15173e74711ef7786e517,True,False,False,1
server/db/scripts/seed/exact-scope-compatibility-model.ts,ts,tooling_operations,6ab356a9094f690f6a64f0aaf69bd6fbc688c9c658eb1c1f496f1e937afcecf4,True,True,False,9
server/db/scripts/seed/export-entity-operation-release.ts,ts,tooling_operations,cd73f20850b1046a6c9afda0ed438488e80e55f8b0eb3ceafabed0f58d6c512a,False,False,False,0
server/db/scripts/seed/inventory-promotion-model.ts,ts,tooling_operations,613610cb2e94c692857f327bee883c95b7a1a411c889f4ef6c67a771a76025ac,False,True,True,10
server/db/scripts/seed/lint-seed-contracts.ts,ts,tooling_operations,be3f20e61e14f703554afa72397ab24f01f51f84740fa41458f6008085d396b5,False,False,False,0
server/db/scripts/seed/mesh-authorization-inventory-model.ts,ts,tooling_operations,144c378206e2f6316be6edf99ad919443cfefd3f29696ec62eebfde2572f56ba,False,True,True,9
server/db/scripts/seed/neon-authorization-inventory-model.ts,ts,tooling_operations,044ff76da3799deb0cd63c95a8e7327ce26e0c687d23a009134d6e8ce9fbe39a,False,True,True,3
server/db/scripts/seed/tenant-authority-projection.ts,ts,tooling_operations,369bde9635ea7d16c905eb4f2609bda1d887eac62a507e5274ac6d1be48d114d,True,True,False,2
server/db/scripts/seed/validate-canonical-catalogs.ts,ts,tooling_operations,684ed1f1ac4ed65f1f6ec8e82d9d32247a26d9712c40ff008c9e13e4c21982d7,False,False,True,3
server/db/scripts/tests/integration/atlas/conversation-rls.ts,ts,tooling_operations,19405b7495efd0eeb8387cab76184c2037506bca973f50348c0471f03c5d87b2,False,False,False,0
server/db/scripts/tests/integration/atlas/provision-rls-role.ts,ts,tooling_operations,f705bf717d4191b7ba68d6dc314d7b5e44d9c69cdaf6f3d93c706514a5e066f3,False,False,False,0
server/db/scripts/tests/integration/atlas/tools-rls.ts,ts,tooling_operations,56399b6f8f30a587f370037f09b04073c1d5977084b362cf54a1099ba5bfb252,False,False,False,0
server/db/scripts/tests/integration/ci-integrity.ts,ts,tooling_operations,37818e470431188884d497b020bd108943a6565914a0119e88895af4f9ea1a89,False,False,True,2
server/db/scripts/tests/integration/collaboration-phase1-review.ts,ts,tooling_operations,e25d3d39653534b290b250fb4a5a69a44bcfcc32bdb5ddc80f9156fe06d2377a,False,True,False,7
server/db/scripts/tests/integration/comment-draft-ca07.ts,ts,tooling_operations,9d33bde441faae9d549cc09d6c7339a7291d24c31199ede6d3e0c3f6026b2588,False,True,False,4
server/db/scripts/tests/integration/customer-portal-consumer-probe.ts,ts,tooling_operations,e3a7c903e7718111eefb25d094e35267757a7ffbd6171869afc38cfffcd9e1aa,False,False,False,0
server/db/scripts/tests/integration/customer-portal-source-probe.ts,ts,tooling_operations,a1e159f67e0e8be6e9b82c9845d754569b339f9586d12dfb282a2c50b22e6eaa,False,True,False,1
server/db/scripts/tests/integration/database-tooling.ts,ts,tooling_operations,5a21591ecd35be904347a3f5eaef3c6ad44ecbfb7746bccbbda6c12857bbd9a9,False,False,False,0
server/db/scripts/tests/integration/effective-lock-scenarios.ts,ts,tooling_operations,2b3e6cfdf4d752d18de00c9ae3cde4a2e33c7a08fb080421788092f74848cc5d,False,False,True,1
server/db/scripts/tests/integration/end-to-end-pipeline.ts,ts,tooling_operations,ffa2eaa02620e5ad41dff282b7809e24141a6c593b740ac3f5750ab58063736d,False,False,True,1
server/db/scripts/tests/integration/entity-capability-ca01.ts,ts,tooling_operations,160479d275ba0bdde9de1c7a4a18509cdb03f211fd8878297ccb7dbf29443be4,False,False,False,0
server/db/scripts/tests/integration/run-sql-file.ts,ts,tooling_operations,1cd374cc69c02193321de41f0b1c67a964c2c3dde98d001d804ad9054971c7d0,False,False,False,0
server/db/scripts/tools/introspection/extract-schema-ddl.ts,ts,tooling_operations,3b812d65814e57aca7e57422673810a6213dc0b3ec274656cb7b325535f99604,False,False,False,0
server/db/scripts/tools/introspection/extract-schema-tables.ts,ts,tooling_operations,6d6eaf149b0fe57a28f7f7d8ea24f4e6bd6c050e8d1b5eab9920a4eb855f9f9c,False,False,False,0
server/db/scripts/tools/introspection/extract-seed-data.ts,ts,tooling_operations,4f17d751e75f5088ecde2e4529489215a5ea69153b09bb8e7f86a71758fd3ae4,False,False,False,0
server/db/scripts/verification/inspect-dev-workforce-authority.ts,ts,tooling_operations,ffc0b3ba5a9bf5372209718fdb380b99d67be295c010faf0b02ffad8171eeff2,True,True,False,2
server/db/scripts/verification/qualify-installed-profile-source-dev.ts,ts,tooling_operations,54d584e38ef6bd7a0cae67f57e412482d5a838fce27b3e83c14a7cc88b69bbd7,False,False,False,0
server/db/src/provisioning/authorization-seed-transaction.test.ts,ts,test_fixture,fda5aa8634aa60bae3be8ce3a784b4ed17d420bb617ab3984189c70e494ad2e0,False,False,False,0
server/db/src/provisioning/authorization-transaction.postgres.test.ts,ts,test_fixture,34c9cfc818d7b3aa716b61e4e7dc4de62a99dce3b550a3457d8128302d9b022f,False,False,False,0
server/db/src/provisioning/authorization-transaction.test.ts,ts,test_fixture,35bf8f6852a2905b92f26c5357ef8e2649712b1124a5479f2b6ab672fd386277,False,False,False,0
server/db/src/provisioning/authorization-transaction.ts,ts,application_source,8b0f0dbf3ec6d2a44b3061c2c311505fa9f8841be5c67b8326717c65c3018e52,False,False,False,0
server/db/src/security/plane-boundary-catalog.ts,ts,application_source,bf8c380c333eb76ed73dd30915c184c2d0b1d196bf2cb6c4a402c4810633835c,False,False,False,0
server/db/src/security/plane-boundary.postgres.test.ts,ts,test_fixture,cef380de2b81f0c2e43780780eafd4641d1fee46528834a8a512a92881d16f88,False,False,False,0
server/db/src/security/security-definer-contract.test.ts,ts,test_fixture,486a16e2909e91f62f11a03b3dcaa71826a0f17db2f9e0b1e1514a7f75d1cadf,False,False,False,0
server/db/src/security/security-definer-contract.ts,ts,application_source,84dfca7fe5bb1524776bef9464415d237201d9947f83cda41a7a933bfee8f559,False,False,False,0
server/db/src/tooling/kysely-codegen.test.ts,ts,test_fixture,d72db38a3f0d09ffd59fd3b28d5bd5f9c8dbec85d75591064ca0dab52b1fca90,False,False,False,0
server/db/src/tooling/prisma-relations.test.ts,ts,test_fixture,42d221cee5a122871a0163d6c941522760b0b35416ff1fb4210cc34ad1926c98,False,False,False,0
server/packages/adapters/ai-anthropic/src/__tests__/anthropic.test.ts,ts,test_fixture,bdfb099f444738bed999fe28ff78c670f0e589d9fd05ab732e50fb88ba47eb4e,False,False,False,0
server/packages/adapters/ai-anthropic/src/index.ts,ts,application_source,d2f73c2e1cd5d1127e206603e378049b0315fe8f61802eb6dcaa4b430344a374,False,False,False,0
server/packages/adapters/ai-anthropic/vitest.config.ts,ts,tooling_operations,9311f761a95ad0ae8e1b1b93ed4ab8ea318d81e37122608faf2c5c4204f608e1,False,False,False,0
server/packages/adapters/ai-gemini/src/__tests__/gemini.test.ts,ts,test_fixture,e041c66ea7318b2b50e7c4d7b600e3d1a48b9c49a4c706fb820e2d660f28b7cc,False,False,False,0
server/packages/adapters/ai-gemini/src/index.ts,ts,application_source,c8e3a7630408f00917973529e05a9dd218dbc2ab7fa7320c314b92e37c10768a,False,False,False,0
server/packages/adapters/ai-gemini/vitest.config.ts,ts,tooling_operations,9311f761a95ad0ae8e1b1b93ed4ab8ea318d81e37122608faf2c5c4204f608e1,False,False,False,0
server/packages/adapters/ai-ollama/src/__tests__/ollama.test.ts,ts,test_fixture,981c4e6e4e4a4593d3267a18ac387080c01bfcec2d16b8e3b3b79f9580949440,False,False,False,0
server/packages/adapters/ai-ollama/src/index.ts,ts,application_source,9f8f37b39fbfab779f420bdd219d0b10cd07ba73d21faa920300733c307fa576,False,False,False,0
server/packages/adapters/ai-ollama/vitest.config.ts,ts,tooling_operations,9311f761a95ad0ae8e1b1b93ed4ab8ea318d81e37122608faf2c5c4204f608e1,False,False,False,0
server/packages/adapters/ai-openai/src/__tests__/openai.test.ts,ts,test_fixture,61483820700a6677c972a13bdebb6bd6bbd8895cb5b43e41f5994cf1d038161d,False,False,False,0
server/packages/adapters/ai-openai/src/index.ts,ts,application_source,6e8d60d506c11c29928dc7710c27b76336d3b6dde7cefe8b56d26633a6963fad,False,False,False,0
server/packages/adapters/ai-openai/vitest.config.ts,ts,tooling_operations,9311f761a95ad0ae8e1b1b93ed4ab8ea318d81e37122608faf2c5c4204f608e1,False,False,False,0
server/packages/adapters/auth-keycloak/src/__tests__/keycloak-auth-adapter.test.ts,ts,test_fixture,765479ef4997a7d313af6231f70f2e34a8059cf0c40f5231a1cb6cbbb59370e3,False,False,False,0
server/packages/adapters/auth-keycloak/src/index.ts,ts,application_source,f9e13fd1eea125084f74d728af424d1c73047584dd813fc0f5504982171f95a1,False,False,False,0
server/packages/adapters/auth-keycloak/src/keycloak-auth-adapter.ts,ts,application_source,40bbffde08ad6fee1efb9a92eb3e8b30381788f4703c75b39704dd1987a9602d,False,False,False,0
server/packages/adapters/auth-keycloak/src/keycloak-jwks-manager.ts,ts,application_source,f5a3631a9b8b957a50e01b37b9cadc0cf6bcdbcb9646d7d36482f9d15076802c,False,False,False,0
server/packages/adapters/auth-keycloak/vitest.config.ts,ts,tooling_operations,5b141157c8a301ce66e7749b7970a627d0fe42ed8b7edd4b2ce2283a79db2ce1,False,False,False,0
server/packages/adapters/cache-redis/src/__tests__/invalidation-generation.test.ts,ts,test_fixture,e5fb8f5ce541130a456368a5eb6e1491ccdfe0fdd12fca9db78919ddbbe3ea58,False,False,False,0
server/packages/adapters/cache-redis/src/__tests__/redis-cache-adapter.test.ts,ts,test_fixture,4803f1eca1313642d98b972733fe19f58bef43c6e0880c876ca09b7c2ed6fc23,False,False,False,0
server/packages/adapters/cache-redis/src/__tests__/redis-notification-event-bus.test.ts,ts,test_fixture,00f56486fddb622716943a7154fbd1b432ca72772e7ed2bc494d541e9a52ac55,False,False,False,0
server/packages/adapters/cache-redis/src/__tests__/redis-rate-limit-store.test.ts,ts,test_fixture,e2518dde758ec423810e4c74885577d986de3b5517ec61b312c0c77b6a14bad4,False,False,False,0
server/packages/adapters/cache-redis/src/index.ts,ts,application_source,0afbcd67f8ca62cf1e4ecbfe329e9ef5550c96c3ca9a26680908f95ecc22425e,False,False,False,0
server/packages/adapters/cache-redis/src/invalidation-generation.ts,ts,application_source,9a3f04b5693ccef09f71f1c90883355363e14a71dd41dd26734bdec77974acdb,False,False,False,0
server/packages/adapters/cache-redis/src/redis-cache-adapter.ts,ts,application_source,a62fb12d1eaa1826db0b5996ee819b103b0a6a41b6a0bf5638818efe110a991c,False,False,False,0
server/packages/adapters/cache-redis/src/redis-notification-event-bus.ts,ts,application_source,5905ec27b5e3eb13d18e722d3e7efdd6c33f974202024f11c9dff91ec2e3dec9,False,False,False,0
server/packages/adapters/cache-redis/src/redis-rate-limit-store.ts,ts,application_source,de333de6cfa452eccc9933430888e6462cb115d7ee91f7e15ca8bbaa8309dbb8,False,False,False,0
server/packages/adapters/cache-redis/src/retry.ts,ts,application_source,bb4e42f400bad9b05c1623278a2c2afeea5d965e429db22a853d7a006bc4e328,False,False,False,0
server/packages/adapters/cache-redis/vitest.config.ts,ts,tooling_operations,5b141157c8a301ce66e7749b7970a627d0fe42ed8b7edd4b2ce2283a79db2ce1,False,False,False,0
server/packages/adapters/communications/src/__tests__/capture.adapter.test.ts,ts,test_fixture,421700b98560ab35adfcd14460e6335c556ddd4eb014ef0e87ebbaef69af6c5e,False,True,False,1
server/packages/adapters/communications/src/__tests__/capture.mailpit.test.ts,ts,test_fixture,0efa519f205a85db15af2b71e32f1373f4a2ddc745d3c3835ed400ef58f883e9,False,False,False,0
server/packages/adapters/communications/src/__tests__/email.adapter.test.ts,ts,test_fixture,16c371218f1e9f356933b88f7ef7746295270b551da6dd8250aeaa5016c9c2fc,False,False,False,0
server/packages/adapters/communications/src/__tests__/push-whatsapp.adapter.test.ts,ts,test_fixture,b5bb97f4832a0e3af27ff190bba3b8d117fc1744114a21411e305ad1904b2522,False,False,False,0
server/packages/adapters/communications/src/__tests__/ses-email.adapter.test.ts,ts,test_fixture,62aa2a6353705a4360cba0a18a19e14dd57673560bb802eaefa32aca022055db,False,False,False,0
server/packages/adapters/communications/src/__tests__/ses-event-sqs.adapter.test.ts,ts,test_fixture,342dea17a249ab122c1465d84c3d729a23cbc46498022944a687477ae0660c13,False,False,False,0
server/packages/adapters/communications/src/__tests__/ses-tenant-control-plane.adapter.test.ts,ts,test_fixture,9d47c048330286d34d6183bd3e3061f83370cbd02aeca9cd1b6d2da152175dfd,False,False,False,0
server/packages/adapters/communications/src/__tests__/sms.adapter.test.ts,ts,test_fixture,dd206a5fb11a52a90acef52a517e8ac253debf7e8acef94d0774de0e3fdabaaa,False,False,False,0
server/packages/adapters/communications/src/capture.adapter.ts,ts,application_source,282e3540a1ed92f0ddbbd0875168e1b7ae5dc19d65e38dcd02472be4c8f425ab,False,False,False,0
server/packages/adapters/communications/src/communication-delivery.error.ts,ts,application_source,ec07d9a0811c081462c7825d92d6d4753ff6da05f4a00cd52a425fcde64e0087,False,False,False,0
server/packages/adapters/communications/src/email.adapter.ts,ts,application_source,ea21de9b0f7b5009aa4e39ecf0f6ae69992ccad39a429471bc2dbb0c153d867b,False,False,False,0
server/packages/adapters/communications/src/fcm-push.adapter.ts,ts,application_source,9cf035547baf1b4ec249fc85fd4f101743977649181d1d75e91094b5871134bf,False,False,False,0
server/packages/adapters/communications/src/index.ts,ts,application_source,13a3f3cc18841073c3a1131fa367c2ee527ec6087cb11b94322c15aa4894d852,False,False,False,0
server/packages/adapters/communications/src/ses-email.adapter.ts,ts,application_source,c2a28c33be7a722cbb5f334a320cd52908c395aa48cdeb1161d8ff617b9ebebe,False,False,False,0
server/packages/adapters/communications/src/ses-event-sqs.adapter.ts,ts,application_source,655075ea8dc7e9097e4cc58d86c7e71ef98880989e0ccbd8eee8ab9e948ef0a5,False,False,False,0
server/packages/adapters/communications/src/ses-tenant-control-plane.adapter.ts,ts,application_source,1e50a683b2846ef6d68d71750b411600327dfecf6a7c6705497844ee502dd9c3,False,False,False,0
server/packages/adapters/communications/src/sms.adapter.ts,ts,application_source,10d2d047193c0249f908cae9025b31597a3ef8125d69d40667b1c88cda389043,False,False,False,0
server/packages/adapters/communications/src/web-push.adapter.ts,ts,application_source,5b3be241d8430da55e68a9c0440809bfbc1ab94582f59dcc53f5a84f83a13d2a,False,False,False,0
server/packages/adapters/communications/src/whatsapp-meta.adapter.ts,ts,application_source,d97c745478068a8ea64b714ffc1ff50ed7252e60cea8f78bd34d92e698bc4f64,False,False,False,0
server/packages/adapters/communications/vitest.config.ts,ts,tooling_operations,23bd8ddde6ad61dfb10faeb44ead26fe1d469a2ca0e93539659d806958de0fcd,False,False,False,0
server/packages/adapters/database/athyper-postgres/src/__tests__/athyper-database-adapter.test.ts,ts,test_fixture,a8661c7c347dd2fa8fcbe86dfc1f3c1211bf9e83cdb12b7dfe3ca73a14a2586f,False,False,False,0
server/packages/adapters/database/athyper-postgres/src/athyper-database-adapter.ts,ts,application_source,3b3a563f50d027b0f479e5ba4c345b8744070553d6c2e0803e760721dbfaa222,False,False,False,0
server/packages/adapters/database/athyper-postgres/src/generated/kysely-studio/types.ts,ts,declaration_generated,54b1f7c8d043bd08038b945477d2b57e879ceb7d0226500b8be5e4288a1d1198,False,False,True,5
server/packages/adapters/database/athyper-postgres/src/index.ts,ts,application_source,0a0904b970c9803b9af37b4ef626759b194dd968c49c362e2d68704ae472ef42,False,False,False,0
server/packages/adapters/database/athyper-postgres/vitest.config.ts,ts,tooling_operations,5b141157c8a301ce66e7749b7970a627d0fe42ed8b7edd4b2ce2283a79db2ce1,False,False,False,0
server/packages/adapters/database/core/src/__tests__/pool.test.ts,ts,test_fixture,31f429a15e4b9915c3006e3be8dc523d4ffb40c6cba79d84995431e422c07bc2,False,False,False,0
server/packages/adapters/database/core/src/__tests__/postgres-notification-listener.test.ts,ts,test_fixture,faaca11c2f34e44ab2929c31ce8b78379e41c5f0ff122f23d54cb656ee6490e7,False,False,False,0
server/packages/adapters/database/core/src/__tests__/retry.test.ts,ts,test_fixture,b3dd98811de5e556710ce3de1fe063d1d631657a1ea89c9d63eb46f1b7618ad3,False,False,False,0
server/packages/adapters/database/core/src/__tests__/transaction.test.ts,ts,test_fixture,922652032a346fef596e4b15b2135825e9447161ef24692c10a006368dc432c5,False,False,False,0
server/packages/adapters/database/core/src/index.ts,ts,application_source,86df44a85b5bdf25357b4817768abef819a099adca06d52913b910dee9056439,False,False,False,0
server/packages/adapters/database/core/src/pool.ts,ts,application_source,a8b74ee48b92ba32740612193719b5fb06862cca9e74399a90b52ef394727b24,False,False,False,0
server/packages/adapters/database/core/src/postgres-dialect.ts,ts,application_source,edb0d9ee2df9840f648e1d8ccf7f21dff9e4079d673b51a6ba2a5ed0de88215c,False,False,False,0
server/packages/adapters/database/core/src/postgres-notification-listener.ts,ts,application_source,4ef3a4cca482f85bbd2f061fad2fb145dd51ac59322fc1c6eb82da3ad504d188,False,False,False,0
server/packages/adapters/database/core/src/retry.ts,ts,application_source,fea87673548f1e6ecdf2661db4d6572fb82c00d46a4acd53d943e17b99b89d99,False,False,False,0
server/packages/adapters/database/core/src/transaction.ts,ts,application_source,30880461e972f8882f53e1edc2ce9ec839d973cfd7cdafc419174c92b26723a2,False,False,False,0
server/packages/adapters/database/core/vitest.config.ts,ts,tooling_operations,5b141157c8a301ce66e7749b7970a627d0fe42ed8b7edd4b2ce2283a79db2ce1,False,False,False,0
server/packages/adapters/database/mesh-postgres/src/__tests__/mesh-database-adapter.test.ts,ts,test_fixture,e18e1d1f784dc885d21209232458a6eda3268c921582afeeaf231faf6fef9a35,False,False,False,0
server/packages/adapters/database/mesh-postgres/src/generated/kysely-mesh/types.ts,ts,declaration_generated,3571724c10ef5f12d6b4d56c91acd824a0438839239d90e69903ab7cf85d471e,False,False,True,1
server/packages/adapters/database/mesh-postgres/src/index.ts,ts,application_source,3c98862c3df071560fc7b187f5892c6f8588accef82be74a6a3cca217b2c5458,False,False,False,0
server/packages/adapters/database/mesh-postgres/src/mesh-database-adapter.ts,ts,application_source,6da3c95d3f03b613ea1297c1f8ff0c9c245fec378a023b248d5f321528ab1fdc,False,False,False,0
server/packages/adapters/database/mesh-postgres/vitest.config.ts,ts,tooling_operations,5b141157c8a301ce66e7749b7970a627d0fe42ed8b7edd4b2ce2283a79db2ce1,False,False,False,0
server/packages/adapters/database/neon-postgres/src/__tests__/neon-database-adapter.test.ts,ts,test_fixture,92f232649c3a491185749b5100e94dbffb189878222165de99dffe417c195aff,False,False,False,0
server/packages/adapters/database/neon-postgres/src/generated/kysely/types.ts,ts,declaration_generated,9789d5765b8fe5822772c678028ae35c5c80909a62b46177bd3dc4191360cb7a,False,True,True,2
server/packages/adapters/database/neon-postgres/src/index.ts,ts,application_source,4760843c64aa0275c178f2b42f4990a7a773f3ed64ffa56a63bce5eeba2dbf89,False,False,False,0
server/packages/adapters/database/neon-postgres/src/neon-database-adapter.ts,ts,application_source,6ecaf1b85e719add98286066f9356a7ec3fdedf4856eaa0da7e13528a95bbe12,False,False,False,0
server/packages/adapters/database/neon-postgres/vitest.config.ts,ts,tooling_operations,5b141157c8a301ce66e7749b7970a627d0fe42ed8b7edd4b2ce2283a79db2ce1,False,False,False,0
server/packages/adapters/document-parser-tika/src/__tests__/tika-content-extractor.test.ts,ts,test_fixture,52ca76738ddede206a48dbf9147ac50bc8fd58bbfd25a898d08ee9a713ad2e75,False,False,False,0
server/packages/adapters/document-parser-tika/src/index.ts,ts,application_source,f9e1ecd6aacb88b075060edc08c95a98907c5c7a6c1a043faa6e9f526ee9dae1,False,False,False,0
server/packages/adapters/document-parser-tika/src/tika-content-extractor.ts,ts,application_source,87f28849bee4cda117d760e3b57178dc2c1862bfe26ec610c94b01e301228858,False,False,False,0
server/packages/adapters/document-parser-tika/vitest.config.ts,ts,tooling_operations,ea944253449ab539cd5037bc77b0b7e6dbc1781851b773b1c05064f0c6f6876f,False,False,False,0
server/packages/adapters/experience-postgres/src/experience.postgres.test.ts,ts,test_fixture,e730d8be242bec923fb36824cb9a065325f3321704bfb582d802bb9b8d640c72,True,False,False,1
server/packages/adapters/experience-postgres/src/index.ts,ts,application_source,953da7a4e56d0a5408af3773e52729e90d9378a8a8bca0073f78eb15083f07c9,False,True,False,1
server/packages/adapters/experience-postgres/src/localization-all-plane.postgres.test.ts,ts,test_fixture,fae58b3da9cf8771be76000cb7560ea5bd809eb908f46ce3da473f9bc7175179,False,False,False,0
server/packages/adapters/experience-postgres/src/localization.postgres.test.ts,ts,test_fixture,e35f5a8eba8934b33723e85ea0f8823e2580bd43124076e470a94598ab89df95,False,False,False,0
server/packages/adapters/experience-postgres/src/request-context.test.ts,ts,test_fixture,47f955aec5fc1087c0d4533de4c279d1db6fd4f51c42495febdc8a7116e89795,False,False,False,0
server/packages/adapters/experience-postgres/vitest.config.ts,ts,tooling_operations,e3a815b8a97d0d78c62856db72e30ccb8c8bbd2d967fb325bcd3f22def5afc49,False,False,False,0
server/packages/adapters/integration-http/src/index.test.ts,ts,test_fixture,f0e945dc1af40f1a61b0b3c8495ee8cafe51d1719078ccdc371e58115daf4989,False,False,False,0
server/packages/adapters/integration-http/src/index.ts,ts,application_source,b974010e59b19370697b991dab0cab6f096eb2b4f18225f5527e202fd5e669f5,False,False,False,0
server/packages/adapters/integration-http/src/real-provider.contract.test.ts,ts,test_fixture,065265d42b9839074298548a9223f8bb352f80ad36d181524ca7159b7efa4907,False,False,False,0
server/packages/adapters/integration-http/src/reliability.ts,ts,application_source,a5f8fa49949c2743e97a5b600806f74f0feb6c81bb40bb653ee23190633d01dc,False,False,False,0
server/packages/adapters/integration-http/vitest.config.ts,ts,tooling_operations,6faada07ab446131970b6edcd7d39e5d000d973eb4502e9d050ed86be7cb8952,False,False,False,0
server/packages/adapters/malware-clamav/src/__tests__/clamav-cleanup.test.ts,ts,test_fixture,39117455f5b6b0decb9237c6e13f095a538f15b74f04ed13778f91f7503f45b7,False,False,False,0
server/packages/adapters/malware-clamav/src/__tests__/clamav-embedded-file-guard.test.ts,ts,test_fixture,8605e20d40131c6cb0df8f251780ffef756e9236f45e5c9f97ce505944a97288,False,False,False,0
server/packages/adapters/malware-clamav/src/__tests__/clamav-malware-scanner.test.ts,ts,test_fixture,5b5c3caca3282998a10f0b28e137d4952ced6c4f50f885ce48133308690710dc,False,False,False,0
server/packages/adapters/malware-clamav/src/__tests__/clamav-signature-freshness.test.ts,ts,test_fixture,dc27c33d44b0eaa1fc025a56e579ed6b9196de15fc96a98325af84dc4845e7b5,False,False,False,0
server/packages/adapters/malware-clamav/src/__tests__/pdf-embedded-files.test.ts,ts,test_fixture,5038b41da1937d73379be7cbbb34a94c9201f51914f14d8cd3e050d1cd9b2d05,False,False,False,0
server/packages/adapters/malware-clamav/src/clamav-malware-scanner.ts,ts,application_source,b35c9244128ab6f26005ef6645ee549ba32eef1dacbc13355ca17619a06daf5a,False,False,False,0
server/packages/adapters/malware-clamav/src/index.ts,ts,application_source,f77eb546ba4f28c232adba5c55001388fa51c61b414eaef5c6f661c58a9a9e53,False,False,False,0
server/packages/adapters/malware-clamav/src/pdf-embedded-files.ts,ts,application_source,de7ba924229e770956ad5826f52df97de2f918bde3d0bc3f4f5c22fdd909a6bd,False,False,False,0
server/packages/adapters/malware-clamav/src/pdf-encryption-order.test.ts,ts,test_fixture,77ef2bd019ac48df3009ac83d1e7fc90e037a222385971c2cf51954d91a9e7aa,False,False,False,0
server/packages/adapters/malware-clamav/vitest.config.ts,ts,tooling_operations,eeae3902657c50d11feaa96776aec248c66b72c1b27458e51ccff524e7175530,False,False,False,0
server/packages/adapters/object-storage-s3/src/__tests__/s3-object-storage-adapter.test.ts,ts,test_fixture,2bccaae46b06856c5c69a6c5a96ab72ecab61829ed178b2ee70331fdf2a9639e,False,False,False,0
server/packages/adapters/object-storage-s3/src/index.ts,ts,application_source,1d7e3e69b77e1c7506dea12b1130a1d5db7a82454e7ff290d06f959519145142,False,False,False,0
server/packages/adapters/object-storage-s3/src/s3-object-storage-adapter.ts,ts,application_source,9d6d19082e299e2994d261995129b28a9c198099c062573ef9670e95f61a4e1a,False,False,False,0
server/packages/adapters/object-storage-s3/vitest.config.ts,ts,tooling_operations,5b141157c8a301ce66e7749b7970a627d0fe42ed8b7edd4b2ce2283a79db2ce1,False,False,False,0
server/packages/adapters/preview-renderer/src/index.ts,ts,application_source,af82286c18168ca455372904022d75130d7518b6db4ff9dbcd96eaddfd09c52e,False,False,False,0
server/packages/adapters/preview-renderer/src/preview-renderer-adapter.test.ts,ts,test_fixture,f1286538f259c693886f8dda55833965aee814914073f109c2a0b3df758e762c,False,False,False,0
server/packages/adapters/preview-renderer/src/preview-renderer-adapter.ts,ts,application_source,0c200b4b6cbd32b1f442f44bd48afcb8eb6e4614cdd5d52f84da9f17c42de0ff,False,False,False,0
server/packages/adapters/preview-renderer/src/preview-renderer-error.ts,ts,application_source,958e575ca35dbf04e1868730cc372dc94a7e63f6c998f14ef69b24da22b27126,False,False,False,0
server/packages/adapters/preview-renderer/src/qualification.test.ts,ts,test_fixture,1192c9703151b01b3bc18eea0a48313eaf970c02c184a5bae81def2b3f0232b5,False,False,False,0
server/packages/adapters/preview-renderer/src/qualification.ts,ts,application_source,6cf778c37cf82660058eb0b30c8eafbba2d7211187c447694fd04fde3d92be32,False,False,False,0
server/packages/adapters/preview-renderer/vitest.config.ts,ts,tooling_operations,e3a815b8a97d0d78c62856db72e30ccb8c8bbd2d967fb325bcd3f22def5afc49,False,False,False,0
server/packages/adapters/publication-signing/src/__tests__/meta-entity-artifact-signer.test.ts,ts,test_fixture,9634fc08240219dc92338b1ed5a90e67d0d7e70f0dc6103090016c57cb2802bc,False,False,False,0
server/packages/adapters/publication-signing/src/__tests__/publication-signing.test.ts,ts,test_fixture,2821970b9efc580d0e682502dbbbfdfb8008b8cad2ab62c690ca876010f249cd,False,False,False,0
server/packages/adapters/publication-signing/src/__tests__/signing-domain-boundary.test.ts,ts,test_fixture,73e9f992d62b8e672359001b58be5c8bc4d01f2c1805019d54281c193105ba4e,False,False,False,0
server/packages/adapters/publication-signing/src/__tests__/signing-domain.test.ts,ts,test_fixture,7792d26286e6a77b0bceb2d65f4044294f6659fb1e513f6bf1540776baa13eec,False,False,False,0
server/packages/adapters/publication-signing/src/canonical-json.ts,ts,application_source,b3bba7228c7c0b0db16c4964e9e5f1c3d5b6601d8caa543cced42513714b2384,False,False,False,0
server/packages/adapters/publication-signing/src/ed25519.ts,ts,application_source,6a8a0dcf96ed3c41a5c22317735e4ead998b4423eec9b15f1f539bb2f1c5efee,False,False,False,0
server/packages/adapters/publication-signing/src/index.ts,ts,application_source,21b330c8ff97b81b21b09d36664ea35b62c416ae9937f66c6606f82dd9c02ea2,False,False,False,0
server/packages/adapters/publication-signing/src/key-resolver.ts,ts,application_source,5f551ad91b311cef98b8d1517079f3d0eb5c34f79071f1a26ca1c2c0a551cfd7,False,False,False,0
server/packages/adapters/publication-signing/src/meta-entity-artifact-signer.ts,ts,application_source,a5826de180f281ad89c7487302f551e1993565fb0e479f22c8855e73b3a61c80,False,False,False,0
server/packages/adapters/publication-signing/src/trust/signing-domain.ts,ts,application_source,f5f39cab7129031cfdc8e0d983084c4be5f8f402152157e8631ebdcc9eaac21f,False,False,False,0
server/packages/adapters/publication-signing/vitest.config.ts,ts,tooling_operations,9311f761a95ad0ae8e1b1b93ed4ab8ea318d81e37122608faf2c5c4204f608e1,False,False,False,0
server/packages/adapters/rendering/src/__tests__/gotenberg-renderer.test.ts,ts,test_fixture,fadd092ce427dd0b997265c49800d71272efc0aa42ffb6e35627f87dfdfe3abb,False,False,False,0
server/packages/adapters/rendering/src/gotenberg-renderer.ts,ts,application_source,5382f5573f7222323fa9f1f827e9d479ceb3d178b081d9d78579f39cb4cc703c,False,False,False,0
server/packages/adapters/rendering/src/index.ts,ts,application_source,a1d5a570543ed46ed7a23a1ad072773a6b42cc5c69bbde89525202ac2cae6f98,False,False,False,0
server/packages/adapters/rendering/src/rendering.error.ts,ts,application_source,992f65b65ec4751d84cc8f641a7ecf33cdca875b537b627db91816599d32c485,False,False,False,0
server/packages/adapters/rendering/vitest.config.ts,ts,tooling_operations,1082cfad91eabf2cb5d81174edc0c9c15aba7cfa0a9dd82657d6a125f15a1af3,False,False,False,0
server/packages/adapters/search-meilisearch/src/__tests__/meilisearch-index.test.ts,ts,test_fixture,754de9eb82a824fa63ad501bb580d02981c9710e0d739cfce05bc770535de41a,False,False,False,0
server/packages/adapters/search-meilisearch/src/__tests__/meilisearch-scoped-key.integration.test.ts,ts,test_fixture,ba9255ab534d0547c310dd8e4aade337f4a7368dab5aac0414c5747db3154d4c,False,False,False,0
server/packages/adapters/search-meilisearch/src/bounded-response.ts,ts,application_source,c6f8ae6a971fca5e51cae8d332019caead512909fef8a42e9e83c996f5109992,False,False,False,0
server/packages/adapters/search-meilisearch/src/index.ts,ts,application_source,7a45b2cef147abf8249d6a06c6ebbdeaad7de2e5e0818857724c670548e0f158,False,False,False,0
server/packages/adapters/search-meilisearch/src/meilisearch-index.ts,ts,application_source,ea46bc92726ef4b3472db25ae4c064aced8e904a1287de0943e6afa0c5598438,False,False,False,0
server/packages/adapters/search-meilisearch/vitest.config.ts,ts,tooling_operations,c134401df11ca21ae0592385bc98ca28289a61ef66635d759a1a836b81bd8c7c,False,False,False,0
server/packages/adapters/search-meilisearch/vitest.integration.config.ts,ts,application_source,065544d492a985ce1cbfc80e02f0399b9d67476c7cae94773c708248f181e828,False,False,False,0
server/packages/adapters/secretstore-infisical/src/index.test.ts,ts,test_fixture,a9237674929333c083f58dfe23b24433b677b967ff3cd3f32137d9557f715676,False,False,False,0
server/packages/adapters/secretstore-infisical/src/index.ts,ts,application_source,cf05487db0c31f066eb84a8c18d493936dc32fa7d7c18f975012879764a5e4bb,False,False,False,0
server/packages/adapters/secretstore-infisical/vitest.config.ts,ts,tooling_operations,6faada07ab446131970b6edcd7d39e5d000d973eb4502e9d050ed86be7cb8952,False,False,False,0
server/packages/adapters/telemetry-otel/src/__tests__/cronwatch-job-lifecycle.test.ts,ts,test_fixture,5153443e4103d567a5d5f8760faf5391b727e77031c8df09cc748c9a50b65db7,False,False,False,0
server/packages/adapters/telemetry-otel/src/__tests__/open-telemetry-adapter.test.ts,ts,test_fixture,754278a00949e5c9728215e9f04787a9dfbe402ecf4d2105bb7f76dbffc60525,False,False,False,0
server/packages/adapters/telemetry-otel/src/__tests__/operational-metrics.test.ts,ts,test_fixture,d7ab9798da378db4db01cd4696e44534ce2fc1dbc4c644f5225222d9095ec354,False,False,False,0
server/packages/adapters/telemetry-otel/src/__tests__/prometheus-metrics.test.ts,ts,test_fixture,deff3286507de442d85c4f7c6841461a74affaed8e39837515c6fa64cbe9a965,False,False,False,0
server/packages/adapters/telemetry-otel/src/cronwatch-job-lifecycle.ts,ts,application_source,eac9d5650e2d0e79b271eff3fbe5757770143cd6750f4731c66ea52ae192ec21,False,False,False,0
server/packages/adapters/telemetry-otel/src/index.ts,ts,application_source,4373a1fa9e5dcbf1cc8d9cad3a0bdd1317e8bdb502a44929acba99aaca84adfc,False,False,False,0
server/packages/adapters/telemetry-otel/src/open-telemetry-adapter.ts,ts,application_source,e616fef627736a055414ff0fc1b6670f5d5ea437529d857e31379abd869265be,False,False,False,0
server/packages/adapters/telemetry-otel/src/open-telemetry-metrics.ts,ts,application_source,72618fec375106099dcf6d0b1076fae2b825286e54fd050dccae88eb7421e6bc,False,False,False,0
server/packages/adapters/telemetry-otel/src/open-telemetry-tracer.ts,ts,application_source,de52c0ae92288f7c1b59c1ed5549b318d53703026fbceae66a0c4ff53c5e6447,False,False,False,0
server/packages/adapters/telemetry-otel/src/operational-metrics.ts,ts,application_source,d0dfa1182033ba21f7a0efee2ae9afc24c0536f0a292ac38da313a4c60005c03,False,False,False,0
server/packages/adapters/telemetry-otel/src/prometheus-metrics.ts,ts,application_source,972c9366937c1e98494c303170f40abbb2a484a4c3b0ff6cbab6557004cec8a1,False,False,False,0
server/packages/adapters/telemetry-otel/vitest.config.ts,ts,tooling_operations,5b141157c8a301ce66e7749b7970a627d0fe42ed8b7edd4b2ce2283a79db2ce1,False,False,False,0
server/packages/contracts/ai/src/__tests__/api.test.ts,ts,test_fixture,5c762626bf9b72445bfefc9a07edac18cc25f2e75336a477d5b48db9bee66602,False,False,False,0
server/packages/contracts/ai/src/__tests__/business-context.test.ts,ts,test_fixture,731a0dfb09f7f693ec3d34560f8a5aa511581455b558f9c84c4354c5a4cc26d3,False,True,False,1
server/packages/contracts/ai/src/__tests__/local-context.test.ts,ts,test_fixture,08baec99f882f8db435fae62023d960c55aec80b6ee5cce90402eac97797f782,False,False,False,0
server/packages/contracts/ai/src/__tests__/shared-compatibility.test.ts,ts,test_fixture,2710b2a9d9997d9f19e16aef2ad4b3fc117a235f81ee1699882055c85017ab1b,False,False,False,0
server/packages/contracts/ai/src/admission.ts,ts,application_source,bb2cd2fe5fada183c1361e024ffe4709beca8fd07d5972ea1cbd8fe669b7b47e,False,False,False,0
server/packages/contracts/ai/src/answer.ts,ts,application_source,fe72752e7f606d1b0bb94b25cba006f4dfe39ad388aa986ee9cf80a33d82fa78,False,False,False,0
server/packages/contracts/ai/src/business-context.ts,ts,application_source,7521e02d6b31df2f42bf31c196be0d41c1aa4ff3e7867357260fdba1ee84d2ce,False,False,False,0
server/packages/contracts/ai/src/case-explanation.ts,ts,application_source,3227b7b37b5c1fb37d727c9176dddcba20970c7b28e9e61ab1fe4ae7b65831fe,False,False,False,0
server/packages/contracts/ai/src/entity-sections.ts,ts,application_source,953283a088932bed516c0731eb47df0868c98db1db0bfbb80b47bdc56ab0f03c,False,False,False,0
server/packages/contracts/ai/src/experience-configuration.ts,ts,application_source,129e32c6581cef905fa37b91477d12d53149646f5844ff4da22c3285749e86ee,False,False,False,0
server/packages/contracts/ai/src/feedback.ts,ts,application_source,4bf25d983008a667b9b0ab802f78cbcaf8f91cc106ab7751edc176327cd13f17,False,False,False,0
server/packages/contracts/ai/src/index.ts,ts,application_source,60175c489a512193a9efe9de839c85ccac0d0786b8d03881b7c78aa7db6dab52,False,False,False,0
server/packages/contracts/ai/src/insight-disclosure.ts,ts,application_source,e8d994bda2975c061d6ec44fbeea760c937fba6d4098e2da9e88ec7a39eeabe3,False,False,False,0
server/packages/contracts/ai/src/insights.ts,ts,application_source,7e093aa02f8c9cb7bc68c2876e522db0d334bbc4a44168b7d97af5d787912707,False,False,False,0
server/packages/contracts/ai/src/intent.ts,ts,application_source,9b6df70b923409b2462fdabbe7c334007e0798a5dd06a83da2fe1971ba1ceaf9,False,False,False,0
server/packages/contracts/ai/src/invoice-extraction.ts,ts,application_source,baf2d73f9607a9aeaeb00f643957c2463163a8bca0c0c959618bf5c32e629256,False,False,False,0
server/packages/contracts/ai/src/local-context.ts,ts,application_source,78ef6e73681717d0d5513f4fe1779b88a9cc27c3c709ab63fb321ad0390c5224,False,False,False,0
server/packages/contracts/ai/src/model.ts,ts,application_source,5b5e0af2a26b5df69cd91f1a09013c52cea070b97237f17ecd641b717836f131,False,False,False,0
server/packages/contracts/ai/src/operations.ts,ts,application_source,d356ce2581659070df04ec5124e9aff6f4d7f39ebe031505025d63efb3fabcf5,False,False,False,0
server/packages/contracts/ai/src/quota.ts,ts,application_source,0e0ba31b975952cd25df6e2e80a2c006c27cafc0151e127d3fe061acfc98c9f0,False,False,False,0
server/packages/contracts/ai/src/records.ts,ts,application_source,c48990374dcf5de7f539c9c4a2f9c6f21c55e1dbcf3b963491e68d0424d53697,False,False,False,0
server/packages/contracts/ai/src/replay.ts,ts,application_source,e675d11935788969bb4951107d2d7ff436962fa869e1dcf71dc26e411f7eb3db,False,False,False,0
server/packages/contracts/ai/src/runs.ts,ts,application_source,5ac9d32263f9d98c8ed38e1971aa5d7158d1d7258fa7db07305cbf6d9c1e3f50,False,False,False,0
server/packages/contracts/ai/src/runtime-schemas.ts,ts,application_source,b3d2058684b633074cee6450286c878e01e29e11154f65f622b3e8ba7c0adb56,False,False,False,0
server/packages/contracts/ai/src/stream.ts,ts,application_source,f321aed608b1271b38cfb88d4af21f2af4460bee2aeb231215542c78347dae42,False,False,False,0
server/packages/contracts/ai/src/threads.ts,ts,application_source,83348d0cf3c40079cf0fd2b53bfb0eda903aa22227954abbf30f0877789ed92d,False,False,False,0
server/packages/contracts/ai/src/tools.ts,ts,application_source,f683b716bb541ebc9b2a03770f42104911ed0a9cf34bb1729c743a75d750e956,False,False,False,0
server/packages/contracts/ai/vitest.config.ts,ts,tooling_operations,23bd8ddde6ad61dfb10faeb44ead26fe1d469a2ca0e93539659d806958de0fcd,False,False,False,0
server/packages/contracts/attachments/src/attachments.ts,ts,application_source,bf90c82a09aeb6c8cae8598030a91f38a287eff51cde7e1d3103aff78c9a78f2,False,False,False,0
server/packages/contracts/attachments/src/index.ts,ts,application_source,2001f0ec3f3163253a08ae9e24f750c10abe517197bae48df1dbea8903455f84,False,False,False,0
server/packages/contracts/audit/src/__tests__/api.test.ts,ts,test_fixture,0be0f43aab17453baa7f4fb38ec7655c76c16abf02142ccc7f9899a8d93238a2,False,False,False,0
server/packages/contracts/audit/src/events.ts,ts,application_source,547bd66ea000a16835890d18e240c6bbc7491f6288c33d3e87103b4f301d6738,False,False,False,0
server/packages/contracts/audit/src/governance.ts,ts,application_source,16ab04f4324da7824b3cd944de95c30d4a3c114f7de0c980eeee15e4a9340967,False,False,False,0
server/packages/contracts/audit/src/index.ts,ts,application_source,9c6cd1d524d90fe97c208150add69bb71ddb8aeaf81964a4926467c1bb097cf9,False,False,False,0
server/packages/contracts/audit/src/ports.ts,ts,application_source,a606ccc80484976ff5546e50bae1ddb6a80b7792657f2cfd0de3c2537c1550f3,False,False,False,0
server/packages/contracts/audit/vitest.config.ts,ts,tooling_operations,eeae3902657c50d11feaa96776aec248c66b72c1b27458e51ccff524e7175530,False,False,False,0
server/packages/contracts/auth/src/__tests__/api.test.ts,ts,test_fixture,aded30dc81d80c7b9abfe25b89ff2111d5a6039e506a65cdc1bc73c9a9ea7025,False,False,False,0
server/packages/contracts/auth/src/authorization.ts,ts,application_source,72ba1fa2c97b6d97797c38134e673b36f92c3956d111a3e8b40401cd17b4da52,False,False,True,1
server/packages/contracts/auth/src/identity.ts,ts,application_source,6e65606e5168e88f8687cc68acfb8ecb38a8f36c16666896812139e27133860b,False,False,True,1
server/packages/contracts/auth/src/index.ts,ts,application_source,5821700188e006093753c3424cfc6850dadf31e2e0b31d5fa0dc0389f36cbe2a,False,False,False,0
server/packages/contracts/auth/src/management.ts,ts,application_source,1290948a9787a9d5341ec009d879b6f7b6ba57b322ceaa715bd18cd4f6db17ea,True,False,False,19
server/packages/contracts/auth/src/ports.ts,ts,application_source,3d3ae2979eeb31e90fb24214989fe474348dbe4a00504213929b424fd5f4f108,False,False,False,0
server/packages/contracts/auth/vitest.config.ts,ts,tooling_operations,23bd8ddde6ad61dfb10faeb44ead26fe1d469a2ca0e93539659d806958de0fcd,False,False,False,0
server/packages/contracts/collaboration/src/collaboration.ts,ts,application_source,488f14a3d7c84ee9a9e4c1bb52ee1878cde319959c1625bfcf1ac057688f807c,False,False,False,0
server/packages/contracts/collaboration/src/index.ts,ts,application_source,86132e119ea4e3037e87e29a5374b53cf8c4cdefa3398deeccea17a36d37e56e,False,False,False,0
server/packages/contracts/collaboration/src/ports.ts,ts,application_source,2477f1e7ca83ebd3f4817e31d29aa8f17b127317ccea339a1432b165ce4a5059,False,False,False,0
server/packages/contracts/collaboration/vitest.config.ts,ts,tooling_operations,eeae3902657c50d11feaa96776aec248c66b72c1b27458e51ccff524e7175530,False,False,False,0
server/packages/contracts/content-extraction/src/__tests__/api.test.ts,ts,test_fixture,07a2fe8222e92e1fb72e8d7c1cc4a0245e9956a1705be5b32973464770bd4f1a,False,False,False,0
server/packages/contracts/content-extraction/src/content-extractor.ts,ts,application_source,8c278d9f395287d9be07dedca872bd062cdb3a13d040ce3dc14a3ecdb880cc92,False,False,False,0
server/packages/contracts/content-extraction/src/errors.ts,ts,application_source,7ea68dec821b633e8d4237c5a56f01fbda19732a085b831b962af7873f7a6fbf,False,False,False,0
server/packages/contracts/content-extraction/src/index.ts,ts,application_source,de5c7705e205aabc12678374aecb1184a6cecfa7a0a0098f16d761e7e8488b80,False,False,False,0
server/packages/contracts/content-extraction/vitest.config.ts,ts,tooling_operations,082939ab38b72aff50185d1a597e00a06095fd618de52bab037c426bda4f0f0f,False,False,False,0
server/packages/contracts/content/src/index.ts,ts,application_source,7ab562a1ea1867fd034a08e1cd3d109296cd6b3e12f2c6046d4ba95e40602f7c,False,True,False,1
server/packages/contracts/content/vitest.config.ts,ts,tooling_operations,eeae3902657c50d11feaa96776aec248c66b72c1b27458e51ccff524e7175530,False,False,False,0
server/packages/contracts/control-admin/src/control-services.ts,ts,application_source,3a93506ee714a583aab0f433dcf5edfbd0e2d025013f2c9b3e69167a0bacc534,False,False,False,0
server/packages/contracts/control-admin/src/cycle-config-schemas.ts,ts,application_source,4ee0a54ca42bc5a2b1642c62aff564d6ffef90d499963d22a7c80c9e3c4e605b,False,False,False,0
server/packages/contracts/control-admin/src/cycle-config.ts,ts,application_source,5dccf8d74accd3e04b396abffab525013aab77370c80d30ecd014ba0c301bcbe,False,False,False,0
server/packages/contracts/control-admin/src/index.test.ts,ts,test_fixture,a531ed800529f665704c6ccea0aad4cf7b4c01558371a56c997bd8e8a8b825c6,False,False,False,0
server/packages/contracts/control-admin/src/index.ts,ts,application_source,e0a265fa04cecfb47572440cb8b3fc3246d06518c3b0fd23ad2ecb776317f45b,True,False,False,9
server/packages/contracts/control-admin/src/process-selection.ts,ts,application_source,9a4b84bbeb4019d7b21254106bd4391ec71f609fb4f00396ac0b56b95b63a14a,False,False,False,0
server/packages/contracts/control-admin/src/runtime-commands.ts,ts,application_source,7215010bbbd7a482e90d095c17ac49a349a45803c054511dbdc823231c8410e1,False,False,False,0
server/packages/contracts/control-admin/src/runtime-schemas.ts,ts,application_source,7346915626008c9c2f54552f8c9eaca2038dd088a9309ea240f838a363469145,False,False,False,0
server/packages/contracts/control-admin/vitest.config.ts,ts,tooling_operations,ef37271d6e36a38ac90641cb406afb1ef6e919047e5b09d08b3e0c5108a8ebc8,False,False,False,0
server/packages/contracts/derivatives/src/derivatives.ts,ts,application_source,b249bc05e99fe6738401a9557949a21e7cc4bbd8c577bb521a8c06d678e717e7,False,False,False,0
server/packages/contracts/derivatives/src/index.ts,ts,application_source,d4d27240916b71a9d87da04631a924fc926470d58ea78577fa16765b0fe190d7,False,False,False,0
server/packages/contracts/documents/src/__tests__/api.test.ts,ts,test_fixture,57f1d8477f0f0e076de1d0e228ea1ebb8fed03919de72f62ebe40910e255a777,False,False,False,0
server/packages/contracts/documents/src/documents.ts,ts,application_source,cd2d714bcb5d0516c4edcf46c628dc18102d3dfe120e36eb67c7a357779dbae0,False,False,False,0
server/packages/contracts/documents/src/index.ts,ts,application_source,426e07c014f3afaed450610aceb0b5cd17983cd036fba57fba9ceb4e4e8c9950,False,False,False,0
server/packages/contracts/documents/src/notification-attachments.ts,ts,application_source,f62b09d276b970a128dff54903a17019fa972dfe58a4fd51b1b545a405137043,False,False,False,0
server/packages/contracts/documents/src/ports.ts,ts,application_source,555de217aba8878e2092e01d6c88e00c3ec6442f4438fbefbeb91a0277f803ac,False,False,False,0
server/packages/contracts/documents/vitest.config.ts,ts,tooling_operations,ef37271d6e36a38ac90641cb406afb1ef6e919047e5b09d08b3e0c5108a8ebc8,False,False,False,0
server/packages/contracts/entity-governance/src/entity-case-preflight.ts,ts,application_source,44ca143558219c34f4419434899d93707dcb565712ce112e4dd15a7e889891a6,False,False,False,0
server/packages/contracts/entity-governance/src/entity-change-case-ports.ts,ts,application_source,aff93579045e3607a9d5d0eb3046513313c573dca3d52d5658154a5fa6c2ff22,False,False,False,0
server/packages/contracts/entity-governance/src/entity-change-case.ts,ts,application_source,1ce191ab97f05099bd4b687015e36c2c303272ba5f4c86fee691b667d63f6cb0,True,True,False,15
server/packages/contracts/entity-governance/src/index.ts,ts,application_source,a6d0a1a8c84850b6a245415894ecf71d5520001828649b235fc6f079e62a371b,False,False,False,0
server/packages/contracts/events/src/__tests__/api.test.ts,ts,test_fixture,a72fbcd4f679cade6ffb6326a35bda51b7f507d816a6f94ed4d451b0b190608a,False,False,False,0
server/packages/contracts/events/src/__tests__/idempotency.test.ts,ts,test_fixture,48115e8eaf37d5aed88b910d28e70662bcc89299ff293e7a47e53adc49efe77e,False,False,False,0
server/packages/contracts/events/src/event-key.ts,ts,application_source,b5affd74d63975de1416224cd4b1fa7adc26469c175e4a302fa263c83d0554ad,False,False,False,0
server/packages/contracts/events/src/events.ts,ts,application_source,5812f4662f0dbcf8fcd18949d7f4c7e1fff8d482c4b3ef0151022a3c71643de6,False,False,False,0
server/packages/contracts/events/src/idempotency.ts,ts,application_source,124f3fbc1b06fe1a064d9a49ce8bb88e434c0a3be6e6d592555dcc56c851ecb3,False,False,False,0
server/packages/contracts/events/src/index.ts,ts,application_source,efd36e42ad5e1dac5b1bfa5e1a2bb197ca0a126a4035f3e15f86724da7e33aac,False,False,False,0
server/packages/contracts/events/src/ports.ts,ts,application_source,546a55ab081095958e51ec316927d202926f60e533b8f6f4bbc382f6298d3442,False,False,False,0
server/packages/contracts/events/vitest.config.ts,ts,tooling_operations,23bd8ddde6ad61dfb10faeb44ead26fe1d469a2ca0e93539659d806958de0fcd,False,False,False,0
server/packages/contracts/experience/src/errors.ts,ts,application_source,83df624e33a4964ff93f4b13a6f61830c7fbe72190235db1b6c1c91e4c5249a8,False,False,False,0
server/packages/contracts/experience/src/index.ts,ts,application_source,8ab275eb29b4c638690e9e9b86f66df1078f485a29fbd33d93788737a6495874,False,False,False,0
server/packages/contracts/experience/src/neon-action-policy.ts,ts,application_source,10a0baa25099c9aed4e28534d55899262d30c630d6e8829832c09401a79a053e,False,False,False,0
server/packages/contracts/experience/src/ports.ts,ts,application_source,c9bfc2f7930082b038875cf0366db5ef73c24f8c5b2edd0d75784a26ee98376d,False,True,False,1
server/packages/contracts/finance/src/budget.ts,ts,application_source,5ee239db6c38bbfe3927fdcfdc5586c1906aab0a06db6381dfd72f4c67caa1f1,False,False,False,0
server/packages/contracts/finance/src/closing.ts,ts,application_source,6326a1383d87182b536e73bf668c1d3d93eaed7e5865e0deb2739cce7560f8a8,False,False,False,0
server/packages/contracts/finance/src/commands.ts,ts,application_source,d70b920d7bab3eae55c92b8847667da6fc82cfe4dcafdc8e2bbad6a2249f9dcd,False,False,False,0
server/packages/contracts/finance/src/errors.ts,ts,application_source,c8862559c8b3b41989f9a908a8ba2f82ebeeefd51cd216f621ffb1cc8bf51466,False,False,False,0
server/packages/contracts/finance/src/foundation.ts,ts,application_source,894a034249f9a5849fd7b8c86d6bcab415e98c7f6e1da7356c472cd9759590ec,False,True,False,1
server/packages/contracts/finance/src/index.test.ts,ts,test_fixture,bb85ae8c6318fd5bbdca61a5debe042a78c32286a4b69b9008d270f5fab0c082,True,False,False,11
server/packages/contracts/finance/src/index.ts,ts,application_source,8166a274cf40caf48964b0a906c9ac31be9fe720955d4189885f3c616c06d24f,False,False,False,0
server/packages/contracts/finance/src/inventory.ts,ts,application_source,5f80ef79a07f9cd635c3010b1f1a6d9ca0cec32d422b7dc49532c5086134bb19,False,False,False,0
server/packages/contracts/finance/src/ledger.ts,ts,application_source,316b43d4be5f2f45d0725a0661ef36588836ff2d9a9d36e3471efd293ed36980,False,False,False,0
server/packages/contracts/finance/src/numbering.ts,ts,application_source,3a81b098fd672913690062ba7e84515b83a71fc5e88377fc6548c99ede3eacbf,False,False,False,0
server/packages/contracts/finance/src/permissions.ts,ts,application_source,874e9fe4327c6f40e6953f8ef6354ea2e968ffc32c24cbffa1f89e415c7c85c1,True,False,False,30
server/packages/contracts/finance/src/ports.ts,ts,application_source,4f199a4cb0335a0fbb28d9a1bd115e559f816535acaaff2e8f379b0e4bac3033,False,False,False,0
server/packages/contracts/finance/src/results.ts,ts,application_source,70b526ecf26a9ca773d38d54f57d8e6a5bb6a659490ceaf1fdf8fa8879c2d77a,False,False,False,0
server/packages/contracts/finance/src/tax.ts,ts,application_source,70c9b7ef43d9a036337b36284e17e3426f5613752f8ea9726a3b8c60813fb2f7,False,False,False,0
server/packages/contracts/finance/vitest.config.ts,ts,tooling_operations,ef37271d6e36a38ac90641cb406afb1ef6e919047e5b09d08b3e0c5108a8ebc8,False,False,False,0
server/packages/contracts/governance/src/compliance.ts,ts,application_source,b4e700d71963353613e90d8b0a064e57c5bc99d29c8f87acf17b42f26739dea6,True,False,False,2
server/packages/contracts/governance/src/cycle-config.ts,ts,application_source,b7759f7b391730b4d57dab169edf2f0b6f5b04b84d1b357d460c467c37e49b02,False,False,False,0
server/packages/contracts/governance/src/cycle-execution.ts,ts,application_source,cd7c0879bb62a32761f4c2b7e03001a013827764b1a3f75e917957e31c2d7a0d,False,False,False,0
server/packages/contracts/governance/src/index.test.ts,ts,test_fixture,0c90d3b733cd3ba6573ef805b575af3b52aeca0c5d3a486945018ac93ebb123a,True,False,False,1
server/packages/contracts/governance/src/index.ts,ts,application_source,e50750f5099defcee50c0dc96d080a4e545e50fff5c85c16969eb8d2fb572258,True,True,False,13
server/packages/contracts/governance/src/process-selection.ts,ts,application_source,af9f3ddbb5fe17d563bcc0e03169c903731d94ef3dbd6eb53d9d3b9cc53949cd,False,False,False,0
server/packages/contracts/governance/vitest.config.ts,ts,tooling_operations,ef37271d6e36a38ac90641cb406afb1ef6e919047e5b09d08b3e0c5108a8ebc8,False,False,False,0
server/packages/contracts/integration/src/index.ts,ts,application_source,306e89b79c5127fec6110de5017152e98982d4daab1261a1f3650985abaf980e,False,False,False,0
server/packages/contracts/jobs/src/__tests__/api.test.ts,ts,test_fixture,eee3ec89b8d2b2806d764487554b8933e61c9bc792ac8c684d220fe9e2c42430,False,False,False,0
server/packages/contracts/jobs/src/administration.ts,ts,application_source,223b741503f8ff1a5674bbd928c8362ac3887c068e05e8361608d03894f28a05,False,False,False,0
server/packages/contracts/jobs/src/errors.ts,ts,application_source,aa1b1a2bf1a3e51fd3c5ffd8a3dfb8c880c3bccfcbd98e69d12b34ef8141fc6e,False,False,False,0
server/packages/contracts/jobs/src/governance.ts,ts,application_source,0771217a6113ab26a3e91a329e029c3ca28c4c81e028b40cd98791dcd7de3ae6,False,False,False,0
server/packages/contracts/jobs/src/index.ts,ts,application_source,50a68d610063028426741622d672e093d7e32380e412de2a39bc28b3670c7e37,False,False,False,0
server/packages/contracts/jobs/src/jobs.ts,ts,application_source,d648cde9b0d5bca18cdf9c1365a070fe8659f419b1134c01436684e49273e388,False,False,False,0
server/packages/contracts/jobs/src/operations.ts,ts,application_source,eba7f6c75d2bb0491a525a08deb31c613918a690338552cd4d9b2575be0909fe,False,False,False,0
server/packages/contracts/jobs/src/ports.ts,ts,application_source,2033299ce2461be06ae62f874240e0f37236b7752be158edee9057e709b7f78a,False,False,False,0
server/packages/contracts/jobs/src/scheduling.ts,ts,application_source,4bd475324d4005ba6db4611d91c71044ce652000eeb4f321b115627d24248787,False,False,False,0
server/packages/contracts/jobs/vitest.config.ts,ts,tooling_operations,23bd8ddde6ad61dfb10faeb44ead26fe1d469a2ca0e93539659d806958de0fcd,False,False,False,0
server/packages/contracts/malware-scanning/src/__tests__/api.test.ts,ts,test_fixture,e562ebb87abf9bc2273709cbd5a546536c15d5aff9e696607cf9b10e05c8ccc4,False,False,False,0
server/packages/contracts/malware-scanning/src/errors.ts,ts,application_source,65c2e88c2fcbd8490e2166edd996703739c5934bbe8b369f09fbe2b0a636a057,False,False,False,0
server/packages/contracts/malware-scanning/src/index.ts,ts,application_source,25764343b72e0ead13ff1c33107bc3554cc6ad22b33e35fb20a4bb4f208e93fc,False,False,False,0
server/packages/contracts/malware-scanning/src/malware-scanner.ts,ts,application_source,0ceb92bb4c51f2fae0e8b3dad8d4f968f1b8b7b7a4c077846a712edfc9872d44,False,False,False,0
server/packages/contracts/malware-scanning/vitest.config.ts,ts,tooling_operations,23bd8ddde6ad61dfb10faeb44ead26fe1d469a2ca0e93539659d806958de0fcd,False,False,False,0
server/packages/contracts/master-data/src/bank-account-identifiers.test.ts,ts,test_fixture,8166aeb5937c118a741f54d33208fd7cab1a7307befd7c4370d213b52170ea36,False,False,False,0
server/packages/contracts/master-data/src/bank-account-identifiers.ts,ts,application_source,c68c1ac954fdf4fb41b5fd28399f29a516918333e52e19cd62b9ef548cc52f97,False,False,False,0
server/packages/contracts/master-data/src/index.ts,ts,application_source,d7df6c321c98a89b015c2481e9bcac3dc1d7507056b51bca9863d734a27a04a7,False,False,False,0
server/packages/contracts/master-data/src/models.ts,ts,application_source,88a2891464edc52ae86965410462d4c1ec5b9e55006d06392950ec0eb1f9ca14,False,False,False,0
server/packages/contracts/master-data/src/ports.ts,ts,application_source,7ddc7645a03a752eb6bf4652ad7dad7a6af6c413f3b80ba8750a4916520757e4,False,True,False,1
server/packages/contracts/master-data/src/shared-reference-directory.ts,ts,application_source,299979daf6d98bbb0a760464e641e05840318dc59a60994d7b846914d22b6d15,False,False,False,0
server/packages/contracts/master-data/src/supplier-onboarding-requirement.ts,ts,application_source,20b95d794bdc92d73b86a653ceb5e9f2ac9af6a8d6f0f0d75e43abe0995e9f0d,True,False,False,3
server/packages/contracts/master-data/vitest.config.ts,ts,tooling_operations,6faada07ab446131970b6edcd7d39e5d000d973eb4502e9d050ed86be7cb8952,False,False,False,0
server/packages/contracts/meta-entity-authoring/src/index.ts,ts,application_source,1a4147faebf9779654248543150307343fe5cb955dea84805616027139977c83,False,False,False,0
server/packages/contracts/meta-entity-authoring/src/model.ts,ts,application_source,066e3ab448d1c4c288a3beba4601485b1daaf7c8a3f713b0855c6f8ee30c3086,False,False,True,1
server/packages/contracts/meta-entity-authoring/src/ports.ts,ts,application_source,8dbcce1b97f897344b59e186e1e78cfeec5517e8188c191b969226fccfa1e8f2,False,False,False,0
server/packages/contracts/meta-entity-authoring/vitest.config.ts,ts,tooling_operations,ef37271d6e36a38ac90641cb406afb1ef6e919047e5b09d08b3e0c5108a8ebc8,False,False,False,0
server/packages/contracts/metadata/src/__tests__/api.test.ts,ts,test_fixture,04ed820b4984510c01e2007779b5d3cadfaf8c6d220825ed3bb19d5c37171d5f,False,True,False,2
server/packages/contracts/metadata/src/__tests__/atlas-learning.test.ts,ts,test_fixture,33b2aa66d52fed23825887b8b0467a8daa595a6c61cda5d96a046b2775024948,False,False,False,0
server/packages/contracts/metadata/src/__tests__/entity-ai.test.ts,ts,test_fixture,dcd95ecf6ed8e19db6c1ac9b5dc6025cbbfb2539ed5b94329df67c73eb1028e9,False,True,False,9
server/packages/contracts/metadata/src/__tests__/entity-authorization.test.ts,ts,test_fixture,59ada0fb4bbc556694bbed6354e54405ff28e78854d5a18a12087eb0865f1388,False,False,False,0
server/packages/contracts/metadata/src/__tests__/entity-canonical-read-admission.test.ts,ts,test_fixture,ff8896cfb95e03a59dd15e787bd307114fb06a313abfe27ae3e3860082c629c5,True,False,False,9
server/packages/contracts/metadata/src/__tests__/field-pattern.test.ts,ts,test_fixture,943b1716f72d702356c93aa03111a2042cdda72e104a0ea815d04438e1710e0f,False,False,False,0
server/packages/contracts/metadata/src/atlas-learning.ts,ts,application_source,708f5a206fa0e70c1f3267f1d691b548ae9f28b7e500eb894e28cf72e4fe4e48,False,True,False,1
server/packages/contracts/metadata/src/collection-compilation.ts,ts,application_source,edb08dc2887376387014fb997aaf9bd1569452b68ed1970d75f917479a79c58f,False,False,False,0
server/packages/contracts/metadata/src/collection-relationship.ts,ts,application_source,9aba3e60b1eacb431ef0e8d9d842bbc32f9b1e8a141a7e0464095a757fc789dd,False,True,False,3
server/packages/contracts/metadata/src/common-reference-permission.ts,ts,application_source,ff1d69b07d0963bc987a4037aaff21ffa8de47486fa7bdbcb12ccb515b4a77b3,True,False,False,1
server/packages/contracts/metadata/src/descriptors.ts,ts,application_source,89550ccca07b30e1b3733f69ed5d7d71ccbd7e5675eb689f785510ec443dbd7b,True,False,False,1
server/packages/contracts/metadata/src/directory-scope.ts,ts,application_source,b222b21ef3081d10dc37895a793bf8131e5d514acfab30f9cc06986eecc3db86,False,False,False,0
server/packages/contracts/metadata/src/entity-ai-manifest.test.ts,ts,test_fixture,a771178952b80ffcbe72bd15c06280307627a15dc7ee42ec1f7415c03386e918,False,False,False,0
server/packages/contracts/metadata/src/entity-ai-manifest.ts,ts,application_source,12ec01de8377b8b4b7bb4e5eb5b375cb132501ce58ec88cd422296cdda164d9a,False,False,False,0
server/packages/contracts/metadata/src/entity-ai.ts,ts,application_source,af9e965fca38dd182ae4755275ca3248ef521f7e9aef2a801e748f0fcf39d8b9,False,True,False,10
server/packages/contracts/metadata/src/entity-authorization-registry.ts,ts,application_source,b6fb55028df22b6bc673bca37374642055db161622017794a5af509c82fcdea4,False,False,False,0
server/packages/contracts/metadata/src/entity-authorization-runtime.ts,ts,application_source,44f7697a5eff7c57b8203af5c31a2a0911f4b39e7a4d5c103c1bdb27291f9271,False,False,False,0
server/packages/contracts/metadata/src/entity-authorization.ts,ts,application_source,34d2a072901c6df54a89f47fc00820abf56413da4934de4fb5b0062ffc23ec12,False,False,False,0
server/packages/contracts/metadata/src/entity-canonical-read-admission.ts,ts,application_source,fe3747bf1aae94f0d0c15f10c52214bb8f81fd469008e7aea956c7f513e6b2f8,False,False,False,0
server/packages/contracts/metadata/src/entity-capability-requirements.test.ts,ts,test_fixture,36365a0f68811acfb51c05600aa71c307ca494a65798b8bcb95fda2f1ae41a87,False,False,False,0
server/packages/contracts/metadata/src/entity-readiness.test.ts,ts,test_fixture,cc6300a778481a380dc13aa04517096d63c9913b28669f590c4bbfc6b8ab15c3,False,False,False,0
server/packages/contracts/metadata/src/entity-readiness.ts,ts,application_source,d12e10e270fc90b65469240ea7e490b475a457428e7d098dcd14556fe3c41211,False,False,False,0
server/packages/contracts/metadata/src/entity-support-receipt.test.ts,ts,test_fixture,41733d4057719cd048d07f5609799ae9fe63d9404826f8156334eee50bb6e393,False,False,False,0
server/packages/contracts/metadata/src/field-pattern.ts,ts,application_source,83968d9104ad2c9966083d3a4aafce45ff53cba4cd23cddda068f213f1ef80a3,False,False,False,0
server/packages/contracts/metadata/src/identity-permissions.ts,ts,application_source,5b70fe4d82453e68b5be37875c8852fe5cd858f12b776325964103444a151cd1,True,False,False,8
server/packages/contracts/metadata/src/index.ts,ts,application_source,8d6935a12fd945716cf1007205a8b7b2af7649df93a932adfe2630c2934ea9d3,False,False,False,0
server/packages/contracts/metadata/src/key-reference.test.ts,ts,test_fixture,03611cc08e04886ba50c7f874cc335063b175e1f1c68832e941b4c7778605184,False,False,False,0
server/packages/contracts/metadata/src/key-reference.ts,ts,application_source,c26e304b142c31709d8dc71e0ae2d91cf132f852b53098fb2b42a9bdd7ed442a,False,False,False,0
server/packages/contracts/metadata/src/ports.ts,ts,application_source,f6ee71becd8bc09871b2c4172e5b9d40c2811d5b718be5a1079989019bc51002,False,False,False,0
server/packages/contracts/metadata/src/record-mutation-policy.ts,ts,application_source,a9678c874284439214bc950a9f05e7402434076225dce40151e45e60123045e0,False,False,False,0
server/packages/contracts/metadata/src/record-owner-access.ts,ts,application_source,e119c5d4ddf65fbf5071cca959ff2f3e5f343f6f991ad7c560f8b1744619823a,False,False,False,0
server/packages/contracts/metadata/src/record-predicates.ts,ts,application_source,8dead7d001ba138378e8982d0c87e936bdff30959e0bfd6ac8237a97c06760df,False,False,False,0
server/packages/contracts/metadata/vitest.config.ts,ts,tooling_operations,d41e78be6eb331a48fbb85ebbaf4ae3ea4e65260f80f357744e6f42d6049e55f,False,False,False,0
server/packages/contracts/notifications/src/__tests__/api.test.ts,ts,test_fixture,cb747030ff6858092bfc09cd8485aaf5b02bde5f48fe3475f333fedad3e94bdb,False,False,False,0
server/packages/contracts/notifications/src/attachments.ts,ts,application_source,11e625aad6cf4b67765a7ba34f2cab0fc040105e867435980cdefee157e880a6,False,False,False,0
server/packages/contracts/notifications/src/delivery.ts,ts,application_source,f59fd164f4b3af3164e4be320543405b7f680adfc794657ef2cb2c1b028f33e7,False,False,False,0
server/packages/contracts/notifications/src/email-canary.ts,ts,application_source,1f6e1eae47f7bf29a74b4abd2e94a9be82f15dbb796d710d0d411495a1ab5b9f,False,False,False,0
server/packages/contracts/notifications/src/in-app.ts,ts,application_source,388b95df98d5e2204d9297d34328bc3e2a7a96f5f414d5b18f2d0a91fb34a064,False,False,False,0
server/packages/contracts/notifications/src/index.ts,ts,application_source,4de9e29435eba7a3cbaa6399f54de677ae75b97bb099303dc2726fffb0ab176d,False,False,False,0
server/packages/contracts/notifications/src/planning.ts,ts,application_source,5b96697b1050262cb3788723bb89b641b3ea83879ebd60e452732a3a2dbb60fb,False,False,False,0
server/packages/contracts/notifications/src/provider-tenancy.ts,ts,application_source,afd262e6cd24b5d8c3266b37375fffa9bbf24e1f0f58c51905c4d2d468607eca,False,False,False,0
server/packages/contracts/notifications/src/push.ts,ts,application_source,126fc3dcb9e19b54f7f40530d5dc8bfe3fc0101d03a0397495eec04c69e91df1,False,False,False,0
server/packages/contracts/notifications/src/recipients.ts,ts,application_source,d1e9f7ceef663e72e4dda8a14b45babc828653baf7b5688381587eb009b69f15,False,False,False,0
server/packages/contracts/notifications/src/ses-events.ts,ts,application_source,97769137a291dba5240e69d694fca622ae6ce4eb003a908f6b3a60c38d61ef36,False,False,False,0
server/packages/contracts/notifications/src/webhook.ts,ts,application_source,b529dc9192ad5bafe566f752e54d7601070464c408deb4edfda98728aa2b6664,False,False,False,0
server/packages/contracts/notifications/vitest.config.ts,ts,tooling_operations,23bd8ddde6ad61dfb10faeb44ead26fe1d469a2ca0e93539659d806958de0fcd,False,False,False,0
server/packages/contracts/numbering/src/__tests__/policy-format.test.ts,ts,test_fixture,271af23bcd0d0227f4b4afd32aabb4edf5174e348a6a3fc9573579953ffd68c7,False,False,False,0
server/packages/contracts/numbering/src/index.ts,ts,application_source,154af554a43127d4a62f3d672087679252018921c06bfcf0946394fae03f6257,False,False,False,0
server/packages/contracts/numbering/src/numbering.ts,ts,application_source,6869586ff3d7da22f6011638ae31da2922942a36aa1f70e3934d52a1ccda6def,False,False,False,0
server/packages/contracts/numbering/src/policy-format.ts,ts,application_source,8aba078a9e74e86945a843f958b84b7cd6d34b43cf79006c0f568f32d08d1b36,False,False,False,0
server/packages/contracts/numbering/vitest.config.ts,ts,tooling_operations,ef37271d6e36a38ac90641cb406afb1ef6e919047e5b09d08b3e0c5108a8ebc8,False,False,False,0
server/packages/contracts/object-storage/src/__tests__/api.test.ts,ts,test_fixture,b75a6991097f1b6a26ad3a6717bf5993ccfc1fc623e4725295723bf23ccd7439,False,False,False,0
server/packages/contracts/object-storage/src/index.ts,ts,application_source,09d02df464777d84faa3352a5f37e5e919cd2024831689170822bcfadb2c47c2,False,False,False,0
server/packages/contracts/object-storage/src/object-storage.ts,ts,application_source,1f013b10356b0ea745e7494c96f689443957c61bb3acefdde829cabb0bbc20e9,False,False,False,0
server/packages/contracts/object-storage/vitest.config.ts,ts,tooling_operations,ef37271d6e36a38ac90641cb406afb1ef6e919047e5b09d08b3e0c5108a8ebc8,False,False,False,0
server/packages/contracts/policy/src/__tests__/api.test.ts,ts,test_fixture,be79d917ba0daaf7888e7da298fa3b74d59be35e9ec44fb3edb82de2081dcae0,False,False,False,0
server/packages/contracts/policy/src/index.ts,ts,application_source,8cc7bb603716a1b4387851a938f84ed9c4bf97565bb22160930c5aab485c5c71,False,False,False,0
server/packages/contracts/policy/src/policy.ts,ts,application_source,5fb8ce469a2e95c0bf81c27a58a1437b7e9ed493738e89a193ae1b255a0c50f0,False,False,False,0
server/packages/contracts/policy/src/ports.ts,ts,application_source,d55c91cf6ce46de7af0b23902d4f6a01a1d5a7c0a2e810532c6fbcd4e27d20a3,False,False,False,0
server/packages/contracts/policy/vitest.config.ts,ts,tooling_operations,d41e78be6eb331a48fbb85ebbaf4ae3ea4e65260f80f357744e6f42d6049e55f,False,False,False,0
server/packages/contracts/publication/src/__tests__/activity-binding.test.ts,ts,test_fixture,f241f83da582cee34e8730564a09e69c2a71fd1c83f8a90737d4be4875f84771,True,False,False,2
server/packages/contracts/publication/src/__tests__/activity-collections.test.ts,ts,test_fixture,73e89359504aa18ac0800342c5f79976b8c640d4c99c2227f62d7d1c250fff88,True,True,False,6
server/packages/contracts/publication/src/__tests__/activity-profile.test.ts,ts,test_fixture,1448e54f189f151000fad608c999f4f47808388c330578bd5b39832bc76fdd7e,True,False,False,6
server/packages/contracts/publication/src/__tests__/api.test.ts,ts,test_fixture,1e3a61119e1ea239408c7c02508b3af754a39e87916528e85d9bd68446492bde,False,False,False,0
server/packages/contracts/publication/src/__tests__/capability-authoring-mode.test.ts,ts,test_fixture,160583a98f62fa883d721a8396b63b946e8de6b64831cdeea4fef49580f57285,False,False,False,0
server/packages/contracts/publication/src/__tests__/capability-profile.test.ts,ts,test_fixture,48473bf22f5df9d9f3d110e3062b588ab0afe47dccb4e32c28a82e2c2e286355,True,False,False,1
server/packages/contracts/publication/src/__tests__/common-capability-permissions.test.ts,ts,test_fixture,bca645a8e0d1e35d364a172da51b8a2f59db2292b910ba38965479d4eb39db8b,True,True,False,11
server/packages/contracts/publication/src/__tests__/compiled-entity-artifact.test.ts,ts,test_fixture,d80f973bdaa2904d45e2cdf7a1ba22f4f783534cad4b7edac7419e5db0df977e,False,True,False,1
server/packages/contracts/publication/src/__tests__/dev-publication-contracts.test.ts,ts,test_fixture,1ccd23c047f684b854504e5637c77f00af6134e36adaf0422413945074fc8f04,False,False,False,0
server/packages/contracts/publication/src/__tests__/entity-capabilities.test.ts,ts,test_fixture,c9a59e8a2e78ebff21dfb5d6bbfd414660122ac2c2898e8ef858924eb7b37fa0,True,True,False,12
server/packages/contracts/publication/src/__tests__/entity-successor-policy.test.ts,ts,test_fixture,3ebe9d58335ea89903efbf65484329ed7e7f02de72e5ab808d4e0d033cafad85,False,False,False,0
server/packages/contracts/publication/src/__tests__/fixtures.test.ts,ts,test_fixture,0775272e8821eb4c4d2e55e9cefec3b88ca7ae4394c814f6559d2149c929545a,False,False,False,0
server/packages/contracts/publication/src/__tests__/notification-policy.test.ts,ts,test_fixture,64120508309689a5730560e9055506c838cdce928209fb86c7d380fc3a46d8d2,False,True,False,2
server/packages/contracts/publication/src/activity-binding.ts,ts,application_source,4b2d0a170c01cd3418e297e2418ceb46be8f9d3c77e7817daf99d2f154de728d,False,False,False,0
server/packages/contracts/publication/src/activity-collections.ts,ts,application_source,dc3980f64f380190d2a18edf9b5e11117889fc903526ddf5d320fa26b8bfc236,False,False,False,0
server/packages/contracts/publication/src/activity-enrollment.ts,ts,application_source,38dacb47a70feb36a6e3985db5b7760bf8b012a660ec3c830191adc9e1c6aef3,False,False,False,0
server/packages/contracts/publication/src/activity-permissions.ts,ts,application_source,4f44115f976b843b5d6f42c30ee117f212ed9209ca5f76a41afb8e05b20ffad4,True,False,False,4
server/packages/contracts/publication/src/activity-policy.ts,ts,application_source,a7787490dd0579381e7237329e14f2275fa4f3f79687bfdfb78e3a7e15a34f8b,True,False,False,8
server/packages/contracts/publication/src/artifact.ts,ts,application_source,b3904ebf30b5af4dd4f58caa0f5cceb3616f711431d7a3e553ec0fc91d960c49,False,False,False,0
server/packages/contracts/publication/src/authority.ts,ts,application_source,68dcf509aeff4d00d3be665229acfa0e4493dee773ff191609226e8facde0b61,False,False,False,0
server/packages/contracts/publication/src/capability-authoring-mode.ts,ts,application_source,93c54fbe3def598372352dfc3b5f2c520a2fc4b2db831ac7edf5a24826f4b2bd,False,False,False,0
server/packages/contracts/publication/src/capability-profile-binding.ts,ts,application_source,8f279a9668bce3fb44da95dc09da5f896a7d4b603cfd56dd9d65bab589ff8ebd,False,False,False,0
server/packages/contracts/publication/src/capability-profile.ts,ts,application_source,424136339c05385f93d88701abe3536ab462ae5ee1b0f229e7b61b50f3620029,False,False,False,0
server/packages/contracts/publication/src/collection-configuration.ts,ts,application_source,9c720561a62b10fa5fdd13cf10815a8f7ac2e0b65f5a48b6642d010463a6a3e8,False,False,False,0
server/packages/contracts/publication/src/common-capability-permissions.ts,ts,application_source,644bf33230f4c25e412cfbcda7d4247b85784c65107b4eb1e5e3daf10e6c904a,True,False,False,1
server/packages/contracts/publication/src/compiled-publication-scope.ts,ts,application_source,abe90040e754a199cae3a36ff0f8ff766e83088153120b039c684aa2159f3ab8,False,False,False,0
server/packages/contracts/publication/src/deployment.ts,ts,application_source,2251d37dacd75625d8852fa491f8f5ed1bc23259469acfe77ee970e3d6f3cf01,False,False,False,0
server/packages/contracts/publication/src/entity-capabilities.ts,ts,application_source,195873042a2923c2dc6448ca77c8ba72b554d8dc70de4d8d5ba8caba9070c7cd,False,False,False,0
server/packages/contracts/publication/src/errors.ts,ts,application_source,028d8f39f6a86d48505adcd807924bda8c8ef3440179d66bfac8a68f0b1226b5,False,False,False,0
server/packages/contracts/publication/src/evidence/dev-publication-decision.ts,ts,application_source,95e8a200455ab5aad70a46c372b119c7dff6c26e6a4c36fb1134e615db2d5930,False,False,False,0
server/packages/contracts/publication/src/index.ts,ts,application_source,e59c6861a0674e44ae643913961935ea7ebf09cea1f7b58193f01ca5312c10e4,False,False,False,0
server/packages/contracts/publication/src/notification-policy.ts,ts,application_source,5f052bef687e5f5e4f0abcd870dacea4da170b106cf672e9b33462a1b117d209,False,True,False,3
server/packages/contracts/publication/src/operations.ts,ts,application_source,7078a95842681a1fe9d74907da86098217ded4f00059b79aff26ce49a4146da5,False,False,False,0
server/packages/contracts/publication/src/orchestration.ts,ts,application_source,10aaac74cdc0e9733ae8e2b42d57df09c23fe6fd49ea6743b67030a1bb359b02,False,False,False,0
server/packages/contracts/publication/src/policy/compilation-recovery-policy.ts,ts,application_source,87a11d3e909db34396fba7b69629672b45c9b3ff0667d6c9dce2d7f199c04f1f,False,False,False,0
server/packages/contracts/publication/src/policy/dev-publication-policy.ts,ts,application_source,884398a6bb2619e674d17b302a3085af10b00b3a593e9361cdd784e6c0159118,False,False,False,0
server/packages/contracts/publication/src/policy/entity-successor-policy.ts,ts,application_source,d0d8b5806905000ba0f9fdd64791fc719afa7164640e16e1068801c2ce0ecd40,False,False,False,0
server/packages/contracts/publication/src/projection.ts,ts,application_source,408dc30fd429acef6311d2e87f26d9926f8afd9b440f16bd5a3e9074379e0e21,False,False,False,0
server/packages/contracts/publication/src/signing.ts,ts,application_source,85ff23b6377a7150028741455b8a6bfe184015b2e40b1d06d29c5c964f2789c1,False,False,False,0
server/packages/contracts/publication/vitest.config.ts,ts,tooling_operations,e3a815b8a97d0d78c62856db72e30ccb8c8bbd2d967fb325bcd3f22def5afc49,False,False,False,0
server/packages/contracts/records/src/__tests__/api.test.ts,ts,test_fixture,b0a1798f13665b5e7e4bbb8b67fe71a92fc469f5b61141a8037e5a1aec4c4776,False,False,False,0
server/packages/contracts/records/src/advanced.ts,ts,application_source,440585f534d5d916f8da023a4ed23a09cadeb33a98f8f663e2823f1b8e97192b,False,False,False,0
server/packages/contracts/records/src/index.ts,ts,application_source,ec56ded7e03c5ef124ba495d08a8feccffe30ce0efcff7c3dc2ddccdb723145d,False,False,False,0
server/packages/contracts/records/src/mutation.ts,ts,application_source,95e4be34fb29dd647b78ba8a1ca30bd19cb5fa67da2111dcfa6ed4716d7b5bf0,False,False,False,0
server/packages/contracts/records/src/ports.ts,ts,application_source,d342aa7321d9987c3fbc5c300f71beb62dae8c40dff134a189b8fef1ca2079bc,False,True,False,2
server/packages/contracts/records/src/query.ts,ts,application_source,032e8803f5b7f7d2fe255a85549046cc865ec14d57830d727773daaaa59968b0,False,True,False,2
server/packages/contracts/records/src/record-collection-scope.ts,ts,application_source,e2439a04c44f8b94c581fb6e3a18cbf9597e2be03f2d2a81e98c86ced4c14595,False,False,False,0
server/packages/contracts/records/vitest.config.ts,ts,tooling_operations,23bd8ddde6ad61dfb10faeb44ead26fe1d469a2ca0e93539659d806958de0fcd,False,False,False,0
server/packages/contracts/rendering/src/__tests__/api.test.ts,ts,test_fixture,d2e79f00e328d9de79f4da628fcda282be9d73896eca63f3d169264c5a6267d5,False,False,False,0
server/packages/contracts/rendering/src/index.ts,ts,application_source,dba286c3d8d112fa8083ef0a24da72bb93b8ac5a2dedfb0360f9be4f8f56fa75,False,False,False,0
server/packages/contracts/rendering/src/pdf-renderer.ts,ts,application_source,8806d85c7a58931bf2513059bd228bc357956089849053edf28c5e9e97bcb63c,False,False,False,0
server/packages/contracts/rendering/vitest.config.ts,ts,tooling_operations,1082cfad91eabf2cb5d81174edc0c9c15aba7cfa0a9dd82657d6a125f15a1af3,False,False,False,0
server/packages/contracts/search/src/__tests__/api.test.ts,ts,test_fixture,dd713c0fd0b07bf7270ba45c124b93451b258871fed467f5f41e0ffab0f1b836,False,False,False,0
server/packages/contracts/search/src/index.ts,ts,application_source,279e234b73b3b288e3eb0d964820f220478acbb7faa048e68881d0f2f2400dfe,False,False,False,0
server/packages/contracts/search/src/search.ts,ts,application_source,4a9c562f07924effc239005210ebd0254be51efde35dab0d85ce938e4bb2a17a,False,False,False,0
server/packages/contracts/search/vitest.config.ts,ts,tooling_operations,ea944253449ab539cd5037bc77b0b7e6dbc1781851b773b1c05064f0c6f6876f,False,False,False,0
server/packages/contracts/secrets/src/index.ts,ts,application_source,aa209556c2fd692fe08f2220bd1e03442474dd140b9ea19d57c6f9e3842805d9,False,False,False,0
server/packages/contracts/telemetry/src/__tests__/api.test.ts,ts,test_fixture,51a0801ac35487cca0fa8f37fbcedae68fc29bb8fcfccbf68991cb159b05213e,False,False,False,0
server/packages/contracts/telemetry/src/exporter.ts,ts,application_source,35a2fc85e7c777edb11bd31e976b6b59bd2aa0bd5d4400400d82e0adde2ebc3d,False,False,False,0
server/packages/contracts/telemetry/src/index.ts,ts,application_source,400b6bc3f60e25f395787b8ae750a4e07a0c711def70c724eca20562096beb4c,False,False,False,0
server/packages/contracts/telemetry/src/records.ts,ts,application_source,af0a8fdfb65f5b2e27b67508b030a76c02f52d40e56fb121d4986b50448ac738,False,False,False,0
server/packages/contracts/telemetry/vitest.config.ts,ts,tooling_operations,23bd8ddde6ad61dfb10faeb44ead26fe1d469a2ca0e93539659d806958de0fcd,False,False,False,0
server/packages/contracts/workflow/src/__tests__/api.test.ts,ts,test_fixture,e0d5748f8b34a417fb5b19b2cac55fb182b26b64991dd0cb552335c405de4498,False,False,False,0
server/packages/contracts/workflow/src/authoring.ts,ts,application_source,71028b3bc221dd44fb395fd61e8095fe456cb16ff2ce6858c510d5e256231895,False,False,False,0
server/packages/contracts/workflow/src/index.ts,ts,application_source,d2d1a0626c4221f971265c38d2a7ab3872024dc76ac55f337c2169c22d322f33,False,False,False,0
server/packages/contracts/workflow/src/ports.ts,ts,application_source,4229c864a25de0121a43ed911d9d664193ba9a5edb86c0a6adac3935be7cd433,False,False,False,0
server/packages/contracts/workflow/src/task-governance.ts,ts,application_source,11171df20644f54a3fc6b55529f03040e2685e0a166e76412f614318e87603b8,False,False,False,0
server/packages/contracts/workflow/src/work-items.ts,ts,application_source,858a7a12b8ede95c8e98df777bc95b2e63c23bc7c8e492318e8a773ffad8a6af,False,False,False,0
server/packages/contracts/workflow/vitest.config.ts,ts,tooling_operations,d41e78be6eb331a48fbb85ebbaf4ae3ea4e65260f80f357744e6f42d6049e55f,False,False,False,0
server/packages/foundation/src/context/__tests__/plane-key-cutover.test.ts,ts,test_fixture,669f6db2889c920ed92e34e4b70d9949abe5d91667080e691e399eaef3a1448b,False,False,False,0
server/packages/foundation/src/context/__tests__/request-context.test.ts,ts,test_fixture,bc034c0791689a0cba3c556aa4989e7c80c4cd642076068f6c8a41d7fc662e6d,False,False,False,0
server/packages/foundation/src/context/context-store.ts,ts,application_source,7185364980013fa98802f34f8926716cb79c04c76fc1b75bd7c0e6b2815d58ea,False,False,False,0
server/packages/foundation/src/context/execution-context.ts,ts,application_source,6147a5df44ad774da6bad4e7d2dda204648b51afaa0c692827c65a4b58ef0c51,False,False,False,0
server/packages/foundation/src/context/index.ts,ts,application_source,0ea0d3827da76a206797f2456335d64bf7ee7acafb8971a9c86884fe7acf7595,False,False,False,0
server/packages/foundation/src/context/read-evidence.test.ts,ts,test_fixture,b702833803c21b831ace9f67a35a076a7ed5015d46fbfc0ec7aa769971bbb9ed,False,False,False,0
server/packages/foundation/src/context/read-evidence.ts,ts,application_source,fdc7c2bdec3521cd69b1097920ce8cebdb818325e9126244cd4445c1788aed07,False,False,False,0
server/packages/foundation/src/context/request-context.ts,ts,application_source,4e35ce73f79d10a9d7edb471c7fe0ec9c5e22b18f5258cb0aad783bbfba09f1d,False,False,False,0
server/packages/foundation/src/decimal-rounding.test.ts,ts,test_fixture,d20fd499705c32df3969546b3d9c22d17a77884d936621b560745190bafd06af,False,False,False,0
server/packages/foundation/src/decimal-rounding.ts,ts,application_source,b3bf8d2f42f3debd0e5941df9dad2b34d5d1fbfb8a1443ba463939aff0a84bf7,False,False,False,0
server/packages/foundation/src/dependencies/index.ts,ts,application_source,1265a46d211ade890643033a127a150f87c4054faea67ba07501a420dc27d8a8,False,False,False,0
server/packages/foundation/src/dependencies/runtime-dependencies.ts,ts,application_source,1e690c731901a76ce74a8a1a1d369329e18541591392771309bb37ba3e32ddbf,False,False,False,0
server/packages/foundation/src/errors/foundation-error.ts,ts,application_source,00a56bc1549223936e1c49ef3a1fbf383411566f52703c021e503fe8077b3a34,False,False,False,0
server/packages/foundation/src/errors/index.ts,ts,application_source,700c84e733f62e57aa59c6044e29cc36b53164a3e96553bb71644c2b594a9c94,False,False,False,0
server/packages/foundation/src/humanize.ts,ts,application_source,d39fef351ffa3a1dcc63c4cce4df9f8e194762694ca8e55fa86bf875ee92bf61,False,False,False,0
server/packages/foundation/src/index.ts,ts,application_source,374c9162408165ab7c31f45be30e2196a220ade8598e4b9bc9022d0626f3015d,False,False,False,0
server/packages/foundation/src/lifecycle/__tests__/lifecycle.test.ts,ts,test_fixture,4af7d7e16bbf60971991f380e6f1e40d0cfee47d4864437a0f289da33aebd4e8,False,False,False,0
server/packages/foundation/src/lifecycle/index.ts,ts,application_source,124fafd3ede1e45d5d8c36483bf87f8029f0503b2f73dcabbd73eec5d1f87b98,False,False,False,0
server/packages/foundation/src/lifecycle/lifecycle-manager.ts,ts,application_source,9e1ea64c81df6c43d812784f4c8d3ca4ed94079b79ade43c1af8cba7a230bcb3,False,False,False,0
server/packages/foundation/src/observability/__tests__/health.test.ts,ts,test_fixture,80163ce64a15b440ad8b76eb9cc0636a3d357b74c8bd10aefb95d99de2cb39d1,False,False,False,0
server/packages/foundation/src/observability/health.ts,ts,application_source,f8d67dd63c309e8232340dcf0515711bfd23ce1271101a78e715008451d35442,False,False,False,0
server/packages/foundation/src/observability/index.ts,ts,application_source,af3be8cb029d73a4c9b43eecd3002ce1c1a0e8bc12d7b451cdb232892778d6b0,False,False,False,0
server/packages/foundation/src/observability/logger.ts,ts,application_source,cd3d0dd624ee1ba309aac7e53b24d1d3e61975bd010ece4f4a1ad8adb85820db,False,False,False,0
server/packages/foundation/src/observability/metrics.ts,ts,application_source,7f204e32149384fccf20b8e18534da14f880a3458cf4126e24a51cfdd0b98427,False,False,False,0
server/packages/foundation/src/observability/tracing.ts,ts,application_source,f766553b27fd92797ec490142feb89221a6f893902e816e189ba3fea1d6255c3,False,False,False,0
server/packages/foundation/src/plane/__tests__/exact-plane-repository-provider.test.ts,ts,test_fixture,5cf2f63726c8fb92206d8a0168b0e8043b5800b5d40f137fce4e09fdcb5944cf,False,False,False,0
server/packages/foundation/src/plane/exact-plane-repository-provider.ts,ts,application_source,684026a435ca1a80af328b41d643da95c9631377b2e90e065720401afa7c7f39,False,False,False,0
server/packages/foundation/src/plane/index.ts,ts,application_source,6f39245e62cb186d5e3f70f31b1deed40c610fd9fb81fb45133f82cd20cb6445,False,False,False,0
server/packages/foundation/src/plane/plane-key.ts,ts,application_source,e9b9caae4ebcf55535cf260cae1f0aec40b4ce4df7b3419934134049bd4e0081,False,False,False,0
server/packages/foundation/src/resilience/__tests__/resilience.test.ts,ts,test_fixture,a36fc805ce91942240237b35300d558309304ac756a15d3e86d5b763abdbc162,False,False,False,0
server/packages/foundation/src/resilience/__tests__/tenant-work-gate.test.ts,ts,test_fixture,09bf303a1de40ce161b7cfdca862fb5503dcc8307c92f29d6799f52486b69941,False,False,False,0
server/packages/foundation/src/resilience/circuit-breaker.ts,ts,application_source,523369b6ee68772c76fc02627c7ab06b0d1b1cb544aef88928b8284a97518092,False,False,False,0
server/packages/foundation/src/resilience/index.ts,ts,application_source,1cb2dfbaf9e1bebde6242f0a1c1281c127f1e884eb55d9863dbec526a06c6c8c,False,False,False,0
server/packages/foundation/src/resilience/retry.ts,ts,application_source,6cef7e42f05d7fd157dc90b450df2b29c28cda07e3b683b839c3ab61f6407797,False,False,False,0
server/packages/foundation/src/resilience/tenant-work-gate.ts,ts,application_source,cbc4ec1467cddc224259ef8daa2d59d192ed4c858f02869859e8074420348d24,False,False,False,0
server/packages/foundation/src/tenancy/__tests__/tenant-id.test.ts,ts,test_fixture,8562720ee18771608b332b919cd2b6785c15cbc773c4211e8773058f92076626,False,False,False,0
server/packages/foundation/src/tenancy/index.ts,ts,application_source,48cae554a261e4304b9abeaaec5e9c8889e406203a845616aadca6c1298886c6,False,False,False,0
server/packages/foundation/src/tenancy/tenant-id.ts,ts,application_source,e2d4d520162911a76f371c598e7ff2aeb5f0c8675b1887e74b7e4fa81e2c2a2e,False,False,False,0
server/packages/foundation/src/tenancy/tenant-provider.ts,ts,application_source,40e5d689eb860f8f41b47b246bab0f840605a8d6ec8b6f9b09edceb40dc0468b,False,False,False,0
server/packages/foundation/src/tenancy/tenant-scope.ts,ts,application_source,e7543beb065980545468ff69f1b520c0a0175fabbbb634bbf0b3214a354de5b1,False,False,False,0
server/packages/foundation/src/transaction/__tests__/exact-plane.test.ts,ts,test_fixture,801c4b5980d6cada62641e06813ea99188f7302bad95c4c2ff910a2822028f67,False,True,False,3
server/packages/foundation/src/transaction/exact-plane.ts,ts,application_source,387737ff8f886dd01ac57be4d39072504218311b3cb425774fef4af8c91eec36,False,False,False,0
server/packages/foundation/src/transaction/index.ts,ts,application_source,e579d5cb83dfbdaab1d64c126d53908ecdc69046318753348ddacb9b0438177f,False,False,False,0
server/packages/foundation/src/transaction/transaction-context.ts,ts,application_source,5bbc826a33e01e7fe0df19f937b031ba762a7e9a4e9e8147b976ea24acf0f08e,False,False,False,0
server/packages/foundation/src/transaction/transaction-runner.ts,ts,application_source,ebfb240c907ed78713d561d1e0139d043126cb3ac09d714dc5f37210f37d6790,False,False,False,0
server/packages/foundation/src/transaction/unit-of-work.ts,ts,application_source,668ff20e4680b14fb28df46f2b43a9e8cdb8a1c37c99e1b020c115549adaa239,False,False,False,0
server/packages/foundation/src/validation/index.ts,ts,application_source,449fab091d611a4e69583cf513ef4b6002ee59cb5245a9a8ea42e7aed757d074,False,False,False,0
server/packages/foundation/vitest.config.ts,ts,tooling_operations,4f49d01f0120eff8b5bac0c9abc9bf6263c8da9834d288ff884c1e397436209f,False,False,False,0
server/packages/planes/mesh/src/index.ts,ts,application_source,12cbbfd06288a1a62e3124c0e396362dfc947c75c7373ee7081c6069ce3598ee,False,False,False,0
server/packages/planes/mesh/src/network-account-context.ts,ts,application_source,a0877f4b05dd28b34ee9fdafc1733fac86b38b3c888eea49c72626e9dbb0f5dd,False,False,False,0
server/packages/planes/mesh/src/network-relationship-import.test.ts,ts,test_fixture,91460376fcb0ba3ab84f1ab683d321a95675fe2c858fc213ed7514bc8ca226ca,False,False,False,0
server/packages/planes/mesh/src/network-relationship-import.ts,ts,application_source,44b55a545c8cfc68ddccba693ece1a9312dd472ef125d9c3f83b19acc458ffa8,False,True,False,2
server/packages/planes/mesh/src/record-collection-scope.ts,ts,application_source,d0a0fdf176b4baa08dbbf404e25278837a6a32fa69d6bda27012ec78e90d1beb,False,True,False,3
server/packages/planes/mesh/src/route-dates.ts,ts,application_source,2154301a2988099c4558b8c1508bb390dfe94b7905e87046e826c7892c7e0edf,False,False,False,0
server/packages/planes/mesh/vitest.config.ts,ts,tooling_operations,587450c69260ec5d5104d600a517aa0afada362319f5f60eb30764adb31ad9ff,False,False,False,0
server/packages/planes/neon/src/finance-http.test.ts,ts,test_fixture,72713a29ca41fdfd39646ba40588acf2f89457b2362cde70c7236da4830a3f41,True,False,False,1
server/packages/planes/neon/src/finance-http.ts,ts,application_source,9b0321b33f318583eb7b35613aa7b8fa9e77fec3be726b6a1bf650a037227295,True,False,False,23
server/packages/planes/neon/src/finance-jobs.test.ts,ts,test_fixture,5713160f10b747a005a5724fcde8f4c59f8cd18431c3e0f9db15e64efafd298d,True,False,False,1
server/packages/planes/neon/src/finance-jobs.ts,ts,application_source,8eeea539163cefe2775cfb1fcaf1c49a86497a85498487e8146c1d3d4c5729f7,True,False,False,1
server/packages/planes/neon/src/index.ts,ts,application_source,dacceaaa3f6e8733ae11ad52896deb343929109ef44aceb25b80f58f79b81e68,False,False,False,0
server/packages/planes/neon/src/mesh-external-reference-code.ts,ts,application_source,cf15de0b7ad0a8ac9a3a018d1a8d138a28531e2a778fd4f6922b746e0ad876be,False,False,False,0
server/packages/planes/neon/src/record-collection-scope.test.ts,ts,test_fixture,6b8f793d0729b26b24952f0f19ed3f1079459ad7c198553e411807b37ebb3c3c,True,True,False,12
server/packages/planes/neon/src/record-collection-scope.ts,ts,application_source,8e8654fa3b082f6d157e295333ac0812965ec636595759051af35775c811fedd,False,True,False,4
server/packages/planes/neon/src/register-finance.test.ts,ts,test_fixture,558673bf6db3e56e0055f7eee0c4df515f905c45872d06792383a8eb0a5bc3d4,False,False,False,0
server/packages/planes/neon/src/register-finance.ts,ts,application_source,ffa1ba274d67c5a61032d2f0c7579222ac31693c98b1e8ad6684e7c99a8b8a5f,True,False,False,15
server/packages/planes/neon/vitest.config.ts,ts,tooling_operations,ef37271d6e36a38ac90641cb406afb1ef6e919047e5b09d08b3e0c5108a8ebc8,False,False,False,0
server/packages/planes/studio/control-authoring/src/cycle-config-authoring-service.test.ts,ts,test_fixture,2c45e59c7a6e5bae3d1beb29a48d977135313d721f9d5065634592b068e006ff,False,True,False,1
server/packages/planes/studio/control-authoring/src/cycle-config-authoring-service.ts,ts,application_source,aee10388ace563b8f9a0be8dca09a1d93826d65bf35610312e3183b5315811a6,False,False,False,0
server/packages/planes/studio/control-authoring/src/index.ts,ts,application_source,140ca7aebbca13ee2eb5748fdf05503741705e6ad41e284691b25d995ba21307,False,False,False,0
server/packages/planes/studio/control-authoring/vitest.config.ts,ts,tooling_operations,ef37271d6e36a38ac90641cb406afb1ef6e919047e5b09d08b3e0c5108a8ebc8,False,False,False,0
server/packages/planes/studio/meta-entity-authoring/src/__tests__/amend-successor-capabilities.test.ts,ts,test_fixture,ce1fe872f396eaa21d38fba1aeaaf490dfc3aaf5eb4a0c0b846fd793f181b834,False,False,False,0
server/packages/planes/studio/meta-entity-authoring/src/__tests__/amend-successor-collaboration.test.ts,ts,test_fixture,a640bfbd8023edcb2c3e79843660f5b061e0ac4d09ceec65a36c3771720d0161,True,False,False,1
server/packages/planes/studio/meta-entity-authoring/src/__tests__/amend-successor-localization.test.ts,ts,test_fixture,4bcbd530ff77dee98d49e219412cedc1af8aa4f22918cb46df531633e42ec0c8,False,False,False,0
server/packages/planes/studio/meta-entity-authoring/src/__tests__/authorization-successor.test.ts,ts,test_fixture,297cda048f05af1864cfaf6f7214cefd0d8187d9d750351817f676724408faac,False,False,False,0
server/packages/planes/studio/meta-entity-authoring/src/__tests__/baseline-publication.test.ts,ts,test_fixture,a0880792c9358d0fd79e1f931a654222ceabb69cb524754027304473e07d977d,False,False,False,0
server/packages/planes/studio/meta-entity-authoring/src/__tests__/canonical-v2-successor.test.ts,ts,test_fixture,637f45007c416446c58ae628338a3cb471f40a576085fe0ab3661bb83c75c969,False,False,False,0
server/packages/planes/studio/meta-entity-authoring/src/__tests__/capability-profile-files.test.ts,ts,test_fixture,9cc0099e86e6844c0bd57f7586cf0b88e76c290902f46600534f6d2c688750f2,False,True,False,1
server/packages/planes/studio/meta-entity-authoring/src/__tests__/collection-authoring-routes.test.ts,ts,test_fixture,0d9908c47f89e6c3e69b9d64a3046b043b15124c754e45fd8164a8aa195a681a,False,False,False,0
server/packages/planes/studio/meta-entity-authoring/src/__tests__/collection-configuration.test.ts,ts,test_fixture,957a182c2a39bcd84ecfaf2bb10e0dc73af6f0dbb4de3a6084079566b467084e,False,True,False,1
server/packages/planes/studio/meta-entity-authoring/src/__tests__/collection-publication.test.ts,ts,test_fixture,a6fd8b6b2cebc736798dd396b27def7e4c2c54f311f3fff37437c506dbe14ee3,False,False,False,0
server/packages/planes/studio/meta-entity-authoring/src/__tests__/collection-relationship.test.ts,ts,test_fixture,2932e28a37367d7611e60442b07997d4177a619e8912de1ce429e3d71b8587c8,True,True,False,6
server/packages/planes/studio/meta-entity-authoring/src/__tests__/configuration-editor-qualification.test.ts,ts,test_fixture,fb360b1d735fdb0854dd55d63334ad50cc22220379f99add060e92dae568d5b4,False,False,False,0
server/packages/planes/studio/meta-entity-authoring/src/__tests__/deterministic.test.ts,ts,test_fixture,905b730b4fedebb0d167e4f59f0c95aedbfd329908fdc5cf2c64503530feb4b6,False,False,False,0
server/packages/planes/studio/meta-entity-authoring/src/__tests__/development-publication-source.test.ts,ts,test_fixture,b210bf043907532295ed007f110f5fc80a2b2f453c5c5db1dec4d7a1b9018221,False,False,False,0
server/packages/planes/studio/meta-entity-authoring/src/__tests__/development-publication.test.ts,ts,test_fixture,06517ab7c8d85dc96d43c1b7b5d643bbc68be0de0c1c0a7f0fd73fe0134afe5a,True,True,False,7
server/packages/planes/studio/meta-entity-authoring/src/__tests__/document-collection-publication.test.ts,ts,test_fixture,da95210cdb64715dd572005329d15631e4bc240024f3b8fb905eb681be211546,True,True,False,6
server/packages/planes/studio/meta-entity-authoring/src/__tests__/durable-graph-preview.test.ts,ts,test_fixture,6b5a33f14cf164f4a2b4d07285ae44fa798b948ae1f2f30166fee030ce86ff69,False,False,False,0
server/packages/planes/studio/meta-entity-authoring/src/__tests__/durable-preview-adapter.test.ts,ts,test_fixture,e9f24f4273d0c0414d1c49edeb70a370c0292e38e4045e02e562bd3d7f012c5c,False,False,False,0
server/packages/planes/studio/meta-entity-authoring/src/__tests__/entity-ai.test.ts,ts,test_fixture,aa7881f0662dc5ff4919efba8b141669c7328c7de556447d727097bddeff42bb,False,True,False,3
server/packages/planes/studio/meta-entity-authoring/src/__tests__/entity-authorization.test.ts,ts,test_fixture,207769018c05c9999a63da610f487f239516c47d79c6376d5f0aed5a855965c4,False,False,False,0
server/packages/planes/studio/meta-entity-authoring/src/__tests__/entity-registration.test.ts,ts,test_fixture,87936c180d0c5793050d5db95592977b8f46ef77d4ec433fe201b33f947a256b,False,True,False,1
server/packages/planes/studio/meta-entity-authoring/src/__tests__/execution-binding-storage.test.ts,ts,test_fixture,9670f54fe3be78f4e56e67406b5ffad41e9100fa172eb35102c84f2804f4fb1a,False,True,False,1
server/packages/planes/studio/meta-entity-authoring/src/__tests__/graph-builder.test.ts,ts,test_fixture,36af9b55eb0ee09859a46ed83a41aa5b45a77c0b841a473b3beda2d507b372f4,True,True,False,3
server/packages/planes/studio/meta-entity-authoring/src/__tests__/graph-editor-routes.test.ts,ts,test_fixture,b692f49972b626edd9cf76b66b28c5e18e51e1de8cb7f2fead5d42b2383e3aa8,True,False,False,1
server/packages/planes/studio/meta-entity-authoring/src/__tests__/graph-preview-hook.test.ts,ts,test_fixture,7aa581d57a84610d650e4e5619ca5548fb0d4b90da5ed79596ade033aba6cd55,False,False,False,0
server/packages/planes/studio/meta-entity-authoring/src/__tests__/graph-preview.test.ts,ts,test_fixture,0a4dbb2c2fbe10198ea030e452af222c49ee378a25ff71d517b734cbb0c6b24b,True,False,False,1
server/packages/planes/studio/meta-entity-authoring/src/__tests__/independent-review.test.ts,ts,test_fixture,dd0bd92c5b2ed96f558ec9702b95dd844bf78fe09a01d103b0c5ccade8a822da,False,False,False,0
server/packages/planes/studio/meta-entity-authoring/src/__tests__/intake-presentation.test.ts,ts,test_fixture,b3c88280f415f784b91a45e61aaf82059ae16303c3512d12475976a5cfe163a1,False,False,False,0
server/packages/planes/studio/meta-entity-authoring/src/__tests__/learning-inbox.test.ts,ts,test_fixture,94dbfbfc3dc5a337d1fc69181c9e847a7a6ebc1c043dbec94d1dcadfe208b60d,False,True,False,3
server/packages/planes/studio/meta-entity-authoring/src/__tests__/learning-route-scope.test.ts,ts,test_fixture,9e483194aeaa2363218879758a65220be7354247fe1e82951a11db4eedfc0e11,True,False,False,1
server/packages/planes/studio/meta-entity-authoring/src/__tests__/list-experience.test.ts,ts,test_fixture,f04281b4676805e48f683b151a808a6b7e3b3e0b42ea65db83742dfdbb087f24,True,False,False,2
server/packages/planes/studio/meta-entity-authoring/src/__tests__/notification-authoring-routes.test.ts,ts,test_fixture,954a4105ffdccffc90b6f9045f9617ac69925e537cecfd17a776b6134f65141b,False,False,False,0
server/packages/planes/studio/meta-entity-authoring/src/__tests__/notification-inspection-routes.test.ts,ts,test_fixture,95bdc8e77fb82130bd49a489cfd2e5229b43d5a4b6c8fafd50d9f95b43ea1446,True,True,False,3
server/packages/planes/studio/meta-entity-authoring/src/__tests__/notification-publication.test.ts,ts,test_fixture,26a4c95a100a67b76631a7132c2fa082339c831520fbf7806a06fae2b5725b05,False,False,False,0
server/packages/planes/studio/meta-entity-authoring/src/__tests__/prepare-release.test.ts,ts,test_fixture,89ebb72b1c2404c39648f7402da97745de8ff0d4ad23138b523f0f995f8893b2,False,False,False,0
server/packages/planes/studio/meta-entity-authoring/src/__tests__/prepare-successor.test.ts,ts,test_fixture,2ea834f4391a6d2f89093a83f077e92c5b00624ea51f238068d0334ee43da924,False,False,False,0
server/packages/planes/studio/meta-entity-authoring/src/__tests__/product.test.ts,ts,test_fixture,9ef636e32ac7daf64698186a8b9d8eed48b20f01674d51c015ce0a339849556c,True,True,False,3
server/packages/planes/studio/meta-entity-authoring/src/__tests__/publication-adapter.test.ts,ts,test_fixture,3a8bbc6f592b36454fc11e0b943fbaa8eb1ab5f46c30458d3b7fbb98a4d06994,False,False,False,0
server/packages/planes/studio/meta-entity-authoring/src/__tests__/publication-workflow.test.ts,ts,test_fixture,d94f5e93336f247be7a1528f8ea804528fe903f6e119329426d75f6393feda24,True,False,False,4
server/packages/planes/studio/meta-entity-authoring/src/__tests__/release-inspection-repository.test.ts,ts,test_fixture,0c325a9f71099bc053a2fedaccb3b4baed36b7337b60a12d01bc5f279bb65f47,False,True,False,4
server/packages/planes/studio/meta-entity-authoring/src/__tests__/release-inspection-routes.test.ts,ts,test_fixture,2889b01f288e1bd1f4c2ae773412170c149fabbb504cd682c4f7245c0134d6e1,True,True,False,3
server/packages/planes/studio/meta-entity-authoring/src/__tests__/restoration-publication-conflict.test.ts,ts,test_fixture,bccd9856b0631630b7a9b19d0dcde1bddb49e9f822f08b265b3f7fb86c554a1d,False,False,False,0
server/packages/planes/studio/meta-entity-authoring/src/__tests__/reviewer-read-routes.test.ts,ts,test_fixture,076c32030d42500f5f2d2f831fff7cda48d2d0e29180e854012140fb50746a9d,True,False,True,5
server/packages/planes/studio/meta-entity-authoring/src/__tests__/runtime-restoration.test.ts,ts,test_fixture,56c2336fe676a22bce2b6ca22f8939df54a7b6b6cf2464e088d9cfdd1aa50bd5,False,False,False,0
server/packages/planes/studio/meta-entity-authoring/src/__tests__/structural-editor-qualification.test.ts,ts,test_fixture,5a30e447ee1c84ea2f0668a7a5da8888f2f7f84c5264b910b3adfa1c37dc642a,False,False,False,0
server/packages/planes/studio/meta-entity-authoring/src/__tests__/successor-source.test.ts,ts,test_fixture,3b808f57ce654d405fea2874ace66d3fcb4412b6c5b63817cedde075b3b27edc,False,False,False,0
server/packages/planes/studio/meta-entity-authoring/src/__tests__/system-reference-authoring.test.ts,ts,test_fixture,8145dacabc52fc1293d7598511ff9fe82900754dd102367c2f02afdd268a1609,False,False,False,0
server/packages/planes/studio/meta-entity-authoring/src/__tests__/table-product.test.ts,ts,test_fixture,3d0668a9110e3882e43f29d3d3dda2254ce0d0f35dec1bf9b4093c389175144a,False,True,False,9
server/packages/planes/studio/meta-entity-authoring/src/__tests__/target-compiler.test.ts,ts,test_fixture,4b6a6d0fd5cccdd1afcc19b2bb90a02d73b481d22d04f688a8549b52429773f8,False,False,False,0
server/packages/planes/studio/meta-entity-authoring/src/authoring-service.ts,ts,application_source,2ec7bb79e2a25e1967ebc51e2d9137b8393233afd9dd5bcedaab0def6f5b3ba3,False,False,False,0
server/packages/planes/studio/meta-entity-authoring/src/authoring/adopt-capability-profiles.ts,ts,application_source,f0aba7ee023b4cedcaf566053bbc4f104a20eb6b4005adbf1f8545c286bf8085,False,False,False,0
server/packages/planes/studio/meta-entity-authoring/src/authoring/capability-profile-files.ts,ts,application_source,904bcb59d2592775ab93e94b6ea387b8b56370cb40a8a5d2a084eaedc9884122,False,False,False,0
server/packages/planes/studio/meta-entity-authoring/src/authoring/country-ai.test.ts,ts,test_fixture,545f26eb4fd72b2eb0eb417a0b642b424d2ecabf8fa025faebfe8dcba0132471,True,False,False,1
server/packages/planes/studio/meta-entity-authoring/src/authoring/entity-icon.test.ts,ts,test_fixture,72b838723c9ba517f5ebc7d5b9ee0f1da49053e307def979735de071180b3ffc,False,False,False,0
server/packages/planes/studio/meta-entity-authoring/src/authoring/graph-builder.ts,ts,application_source,e5beeff52350b50ca4d1ae07aa96bf58f82c0c5d22810ea6c0d492f02046c91a,False,False,False,0
server/packages/planes/studio/meta-entity-authoring/src/authoring/principal-localization.test.ts,ts,test_fixture,574c3ce4741fddfc058f2ce75740e8d6aa09146ce603daf4a78cfeaa3b1078c7,False,False,False,0
server/packages/planes/studio/meta-entity-authoring/src/authoring/principal-products.test.ts,ts,test_fixture,406891979bd73ca83327f7eacf3e2e0c615725cd2ca497739a979b03b942020a,False,True,False,10
server/packages/planes/studio/meta-entity-authoring/src/authoring/product-localization.test.ts,ts,test_fixture,bee12411eaec5f769e411b40a3c8f2ec4c7682c33ed0b5fa7f569d551feb9eb9,False,False,False,0
server/packages/planes/studio/meta-entity-authoring/src/authoring/product-localization.ts,ts,application_source,4584889d4848f16bf9d92176f6530265b3029e96ca0cf7bc359213989c4ac9d8,False,False,False,0
server/packages/planes/studio/meta-entity-authoring/src/authoring/product.ts,ts,application_source,3d4d56badcb9d811e410aae0eff6f23f9e543b8f5f2bad8f4590ae7bf5780348,False,False,False,0
server/packages/planes/studio/meta-entity-authoring/src/authoring/reference-batch.test.ts,ts,test_fixture,2e324b74b8b387360bc44ccd25ea2565b01f87d70c3c9c1ff989130a150e7587,True,True,False,4
server/packages/planes/studio/meta-entity-authoring/src/authoring/reference-choices.test.ts,ts,test_fixture,fd05e4f41bbbaa358e0b84ffa414001f570357cd8021d0d8f5fbeb7a69984066,False,True,False,8
server/packages/planes/studio/meta-entity-authoring/src/authoring/table-product-ai.test.ts,ts,test_fixture,f6693ff70a9dbfb588c6d777f42da61cffe36cbfb596a549246d54b3998f7334,False,True,False,4
server/packages/planes/studio/meta-entity-authoring/src/authoring/table-product-permissions.test.ts,ts,test_fixture,0cd4c6367896dd6cf9bb4cffe14b21817109b882ca794e19b0d59fb6eeec19b8,True,False,False,6
server/packages/planes/studio/meta-entity-authoring/src/authoring/table-product-storage-plane.test.ts,ts,test_fixture,2f89d2ba19d1fb490c80543259b32d12713123df0c53b7b499218a6746c700f3,True,False,False,5
server/packages/planes/studio/meta-entity-authoring/src/authoring/table-product.ts,ts,application_source,1e0e3dac63ed4723d53ced722c27206f68cea1e6cf299c47548474c16dab531e,False,False,False,0
server/packages/planes/studio/meta-entity-authoring/src/authoring/workforce-products.test.ts,ts,test_fixture,9ea03a5c7c51be0d77b05d175f9327c711dd1c00438fb5f322e5b8cc9294196f,True,True,False,14
server/packages/planes/studio/meta-entity-authoring/src/authorization-successor-publication.ts,ts,application_source,0b0fab3cd79548e8412593122f9654a357ff695e066ca9798ebfb8842c536057,False,False,False,0
server/packages/planes/studio/meta-entity-authoring/src/authorization-successor.ts,ts,application_source,c860391e40931f38c57b83c15d36a17130777a78a3efc8ac54a29962c8baf6fd,False,False,False,0
server/packages/planes/studio/meta-entity-authoring/src/baseline-publication.ts,ts,application_source,5fe93061ca8d5019babf2f9ce60be97c255e0f708ff13be65d79978d64be4839,False,False,False,0
server/packages/planes/studio/meta-entity-authoring/src/collection-authoring-routes.ts,ts,application_source,fa713aa5733f087bbbf8c121b105ff9f45c7a8012cbea61666f33b84528d94fb,True,False,False,2
server/packages/planes/studio/meta-entity-authoring/src/collection-publication.ts,ts,application_source,33787190f2fbf20cb53c2c186934e0b08b7fb2620698b337af0383edaca4255a,False,False,False,0
server/packages/planes/studio/meta-entity-authoring/src/collection-relationship.ts,ts,application_source,a38eb86233731207d85db1575a3a23f6c3acab7d100f15d8e00695ac7a5d3598,False,False,False,0
server/packages/planes/studio/meta-entity-authoring/src/compilation/entity-target-compiler.ts,ts,application_source,009feff67c8ea2061770889a0dfd28d5bb3aa8cc47a98827fa9b4923d51356bd,False,False,False,0
server/packages/planes/studio/meta-entity-authoring/src/compilation/target-compiler.ts,ts,application_source,c6f9e8834c3142fb4365f13936668b71e5b844f6c7b9e858048c783502eef317,False,False,False,0
server/packages/planes/studio/meta-entity-authoring/src/deterministic.ts,ts,application_source,c639a7e81fcaa7e530d10547e85713fc3f1b46551533f8c99254e775cdb5930b,False,False,False,0
server/packages/planes/studio/meta-entity-authoring/src/development-publication.ts,ts,application_source,48dd8c01c091e6ba91f4ea10518aad391d3016c36b5fe6c9b717408b31d778d1,True,False,False,4
server/packages/planes/studio/meta-entity-authoring/src/document-collection-publication.ts,ts,application_source,8fa84e91bc5265ac26d4994a939c3e300486bd17af180425ffe86b545afd07d0,False,False,False,0
server/packages/planes/studio/meta-entity-authoring/src/durable-graph-preview-adapter.ts,ts,application_source,2c3d7a5151fb4aead3c890f65c0f26c870338dc70d9b2a092cc10ff187795123,False,False,False,0
server/packages/planes/studio/meta-entity-authoring/src/durable-graph-preview.ts,ts,application_source,ace2b6b045ffb5f2e6f8418e0e95b2a2e68b33ad06740cb44901a6f821584e22,False,False,False,0
server/packages/planes/studio/meta-entity-authoring/src/entity-ai.ts,ts,application_source,223e77446f8f058a2ed9938e8d202ca3e6e5560594b8496d4f8ec4966028ffb6,False,False,False,0
server/packages/planes/studio/meta-entity-authoring/src/entity-authorization.ts,ts,application_source,bf0e4d8c36ab2f61fc69921c88e9a8c7782c6808196a12127f8b34003dd6bd28,False,True,False,1
server/packages/planes/studio/meta-entity-authoring/src/entity-registration.ts,ts,application_source,1562fbc37e593ebfe7c4e660cd40aa92cf01aee2d4260d9cbaa1b840032702b5,False,False,False,0
server/packages/planes/studio/meta-entity-authoring/src/execution-binding-replacement.test.ts,ts,test_fixture,57fbd7024757419c7bf06ebbf3792c52dc4adaf4f85b49170ed1b57864f40707,False,False,False,0
server/packages/planes/studio/meta-entity-authoring/src/execution-binding-replacement.ts,ts,application_source,376881db32e1c5b962b0adfbb9369045094ba19d51ae2c9dabf25a1c08fb1680,False,False,False,0
server/packages/planes/studio/meta-entity-authoring/src/graph-dependencies.ts,ts,application_source,40e5451e2ba6d1bfc35cc69b6ce1ee5fc6722a7f5b2e15892e232ba992a71d46,False,False,False,0
server/packages/planes/studio/meta-entity-authoring/src/graph-identity.ts,ts,application_source,d37be58b574a228287c994960568547a497669e347e564770ba2b08e671dfc3d,False,False,False,0
server/packages/planes/studio/meta-entity-authoring/src/graph-preview.ts,ts,application_source,c0f99f187e888dedea40f500f7dacd22e44f7c8e1cd19824276407732785a5d8,False,False,False,0
server/packages/planes/studio/meta-entity-authoring/src/graph-storage-order.ts,ts,application_source,01145826dc5a04c0fbe7bbbb1f91c063842cd85a4e80519156cf20f5fe5c7f40,False,False,False,0
server/packages/planes/studio/meta-entity-authoring/src/index.ts,ts,application_source,132af2d5c2db5e637fd4e4b7e333b7eadfd452e42bff2e902ea24d831da6c334,False,False,False,0
server/packages/planes/studio/meta-entity-authoring/src/kysely-authoring-repository.ts,ts,application_source,ba96e9f72eaf77080edfef4298c5a27f0b5326529f96378f3678b653fce28002,False,False,True,1
server/packages/planes/studio/meta-entity-authoring/src/learning-attempt.test.ts,ts,test_fixture,fc82bbd34fee1fbbd15293a91ebd06199dcc29843cc3200c64667ae8d87befd7,False,False,False,0
server/packages/planes/studio/meta-entity-authoring/src/learning-attempt.ts,ts,application_source,f7d935ad73338130c0d725e92c5673fe3689acd854746f68eb91797ef8440eb9,False,False,False,0
server/packages/planes/studio/meta-entity-authoring/src/learning-evaluation-receipt.test.ts,ts,test_fixture,72b29eb538a47945c10a5b35ee630e869cd8a223c35a7d3c12fada1ecf4a9798,False,True,False,1
server/packages/planes/studio/meta-entity-authoring/src/learning-evaluation-receipt.ts,ts,application_source,7cb482763a017edf4121769785e24fa27c6ce312d5f497980e742b0fa0d6e9b3,False,False,False,0
server/packages/planes/studio/meta-entity-authoring/src/learning-fixtures.test.ts,ts,test_fixture,31dc05bafdf1c53893b442ec1189d9d24510e584b5c2ad057a2726ac54eab07a,False,False,False,0
server/packages/planes/studio/meta-entity-authoring/src/learning-fixtures.ts,ts,application_source,11fd12c19465ba6632af7e5307387f730d7b945c7a220a0e5ffd3d2adb8d5ce7,False,False,False,0
server/packages/planes/studio/meta-entity-authoring/src/learning-inbox.ts,ts,application_source,f1695f0ad97b5e6a73d383d65ad6326810033425d90a157f2beb3088494862bc,True,False,False,5
server/packages/planes/studio/meta-entity-authoring/src/learning-publication.ts,ts,application_source,e8b7653e2d7b6bf33db661c0973b87fdeddb3bfacdcd53c517e6464505fe854c,False,False,False,0
server/packages/planes/studio/meta-entity-authoring/src/learning-routes.ts,ts,application_source,3d44f0615884a47268843d7aec9e8b49c34ea554a2a5704e0beaa7c90112233b,False,False,False,0
server/packages/planes/studio/meta-entity-authoring/src/list-experience.ts,ts,application_source,7fc18734b990b2441fcbbbb3f5f9f904a41ba5c03a0d3ab10a5219a7306126f8,False,False,True,1
server/packages/planes/studio/meta-entity-authoring/src/notification-authoring-routes.ts,ts,application_source,e537a8734ac3cd70f231ba24658c6c56c0b58c894628ac4cc8f782a9c7888615,True,False,False,3
server/packages/planes/studio/meta-entity-authoring/src/notification-publication.ts,ts,application_source,50c66eb2a81c6520e5194ab5133d75045e8b869a7e756a1ec3856bbcc4b17c34,False,False,False,0
server/packages/planes/studio/meta-entity-authoring/src/product-review-routes.test.ts,ts,test_fixture,45bd3c260ae2a7213329b246b84e49307bdf4858352642dbc274100e5dee2ad5,False,False,False,0
server/packages/planes/studio/meta-entity-authoring/src/product-review-routes.ts,ts,application_source,b0d61eada099f051477c3f8c1ad11bbdf520d8e47455c9681ec92abaab91d8c8,False,False,False,0
server/packages/planes/studio/meta-entity-authoring/src/product-review.test.ts,ts,test_fixture,2c0a6059ad25efb7de36e0bfd68621e353097d344dcce7c25ceaa76bde84774c,False,True,False,1
server/packages/planes/studio/meta-entity-authoring/src/product-review.ts,ts,application_source,b19b65e9f27b18cc870c1bf8bcbba8abb02c4d60bc604cbf349a6c02a5d04c3c,False,False,False,0
server/packages/planes/studio/meta-entity-authoring/src/publication-adapter.ts,ts,application_source,cce6a9f8f044cf5bcecaafd6c07c46a0694872edbaa8a571b9834eb000b8a1bd,False,False,False,0
server/packages/planes/studio/meta-entity-authoring/src/publication-ownership.test.ts,ts,test_fixture,6362838d0915aa9c4a7fb48852d9960d61f405a5cf4a09eb4274c7d30df0473c,True,False,False,1
server/packages/planes/studio/meta-entity-authoring/src/publication/amend-successor-ai.test.ts,ts,test_fixture,a6693989ee88de3278c3b3ff6437fe5af15cfb583c371204bc702e0b4ff7943b,False,True,False,1
server/packages/planes/studio/meta-entity-authoring/src/publication/amend-successor-ai.ts,ts,application_source,ac9c7ab3b7e3bf4a7411bcf5a18bc802164500a9cad33b33279272918b16ca4b,False,False,False,0
server/packages/planes/studio/meta-entity-authoring/src/publication/amend-successor-capabilities.ts,ts,application_source,975af137e7ad2ca639260fd52be89e0d3f50a03b14bd806eec1973720ef4208a,False,False,False,0
server/packages/planes/studio/meta-entity-authoring/src/publication/amend-successor-choices.test.ts,ts,test_fixture,57b7653a650a942a88fc846089927d03c319d1fe4759218027f927e208f09a9f,False,False,False,0
server/packages/planes/studio/meta-entity-authoring/src/publication/amend-successor-choices.ts,ts,application_source,95a03de9a3adf510e9f6a883cb4d1127871922b6f20ee6242659d8674a1d43fc,False,False,False,0
server/packages/planes/studio/meta-entity-authoring/src/publication/amend-successor-collaboration.ts,ts,application_source,80fd9de881fe3b14a4b3faaeba13d82b52cc07d5c9a1b82df310991575e66e89,False,False,False,0
server/packages/planes/studio/meta-entity-authoring/src/publication/amend-successor-localization.ts,ts,application_source,10eb084099ab0b3ccc92441e81904dcf4fe498eae5fc6f48def7b3ccb9d1ec65,False,False,False,0
server/packages/planes/studio/meta-entity-authoring/src/publication/amend-successor-source-authority.test.ts,ts,test_fixture,0c6385f96652ff7c4cce3b2961b2edca39adeb03ff719c8d8d8d4d401a0a5878,False,False,False,0
server/packages/planes/studio/meta-entity-authoring/src/publication/amend-successor-source-authority.ts,ts,application_source,2b50d840beb1c99d30e8d5c1d50553c9da62ffc44b4824c1992b667975dab765,False,False,False,0
server/packages/planes/studio/meta-entity-authoring/src/publication/amend-successor-table-presentation.test.ts,ts,test_fixture,c2483d27d491b237b361a1c32a1410c2b3ba41d611861a04859191b98b739056,False,False,False,0
server/packages/planes/studio/meta-entity-authoring/src/publication/amend-successor-table-presentation.ts,ts,application_source,1c0ed05ce51319dead31962f50bade37b7cdc509ed32659c5f5ab550d1227f72,False,False,False,0
server/packages/planes/studio/meta-entity-authoring/src/publication/human-reviewed-publication.test.ts,ts,test_fixture,b806722947db29342eac2ca1abb54fcdad46eb7176435bc3a4aaeee9e0974662,False,True,False,1
server/packages/planes/studio/meta-entity-authoring/src/publication/human-reviewed-publication.ts,ts,application_source,842c0f87870a683d222e986e41b7cd29cc83b1257bb7c772f2d1c9ce00a6bb13,False,False,False,0
server/packages/planes/studio/meta-entity-authoring/src/publication/prepare-release.ts,ts,application_source,8971886987ce5324a477e8af4623620b1b2d27a2ac8042c4fceab91d78aea4bf,False,False,False,0
server/packages/planes/studio/meta-entity-authoring/src/publication/prepare-successor.ts,ts,application_source,d316101f374f86d95171043575d901f239199b9b635a46756997ed7ffe94a299,False,False,False,0
server/packages/planes/studio/meta-entity-authoring/src/publication/publication-workflow.ts,ts,application_source,d07af793c89bd926c75ae9b2987c822768dd74ec627fc7be5a6f2c263599ee09,True,False,False,8
server/packages/planes/studio/meta-entity-authoring/src/publication/successor-source.ts,ts,application_source,282a0a6fc08e667df2b68ba2f4411dd3b1db5afbd455674ff5a978b261d6699e,False,False,False,0
server/packages/planes/studio/meta-entity-authoring/src/publication/table-successor.test.ts,ts,test_fixture,3344c9bea063f303871556e6025f33eb79ce9279b9eb19e4d2387769cf9b349c,True,True,False,2
server/packages/planes/studio/meta-entity-authoring/src/published-learning-fixture-schema.ts,ts,application_source,8ea9c1a84e8d7fedb6bac8d2562329d1d0d4d3b47ff11e7b87dc41a8127325ee,False,False,False,0
server/packages/planes/studio/meta-entity-authoring/src/published-learning-fixtures.test.ts,ts,test_fixture,7b8f97b9dc98b0330b0eb84d31cab17bd71439a10f023ac5206a2f8847feeeeb,False,True,False,2
server/packages/planes/studio/meta-entity-authoring/src/published-learning-fixtures.ts,ts,application_source,f8f64c692c7a999d07fdc7f7f0734032155800b33f2a95475daf8a9a79d141da,False,False,False,0
server/packages/planes/studio/meta-entity-authoring/src/routes.ts,ts,application_source,2804bc0595944e51e38e283aaf8deeb8cc690a1f82733b284b59d404664c5009,True,False,True,32
server/packages/planes/studio/meta-entity-authoring/src/runtime-restoration-publication.ts,ts,application_source,4ebc383e0d8ede7b4db1f1c3773c12ccce7c172f514540f95a2511c65fec157b,False,False,False,0
server/packages/planes/studio/meta-entity-authoring/src/runtime-restoration.ts,ts,application_source,cb53b5454ee5104b6342265fb01165176a10da03800bb8d2eba4d723e4e261cc,False,False,False,0
server/packages/planes/studio/meta-entity-authoring/src/system-reference-authoring.ts,ts,application_source,65a9272b3e0cf1930b4fe969d2fd5aef1397d885e610d81b87daff652dcb5c0f,False,False,False,0
server/packages/planes/studio/meta-entity-authoring/src/tenant-learning-extension.postgres.test.ts,ts,test_fixture,41966fbaab1d15728f757628c31899bd0e6d953874dba3fe1bc775816edf9b7c,False,True,False,2
server/packages/planes/studio/meta-entity-authoring/src/tenant-learning-extension.test.ts,ts,test_fixture,d6ff9234b88d6dce32838aa72d120c193813530eafab828beb0e24d60d67690b,True,True,False,7
server/packages/planes/studio/meta-entity-authoring/src/tenant-learning-extension.ts,ts,application_source,89a1db6a9766cdd57476eb40faa52bfb592c80e67e91b4dfd010e3095dcb3ce9,True,False,False,1
server/packages/planes/studio/meta-entity-authoring/src/tenant-learning-publication-guard.test.ts,ts,test_fixture,16037157854ecf12a6f90df0972d033e31f6559146555c3d84b973a51d767087,False,False,False,0
server/packages/planes/studio/meta-entity-authoring/src/testing/authoring-graph.ts,ts,test_fixture,153d359cbaab258c684fde0eeff326a83ff21651bfd61a510daf1261aff49f4a,False,True,False,1
server/packages/planes/studio/meta-entity-authoring/vitest.config.ts,ts,tooling_operations,ef37271d6e36a38ac90641cb406afb1ef6e919047e5b09d08b3e0c5108a8ebc8,False,False,False,0
server/packages/planes/studio/onboarding/src/case-lifecycle.test.ts,ts,test_fixture,462b6ab668e622e109ae5ca3e2571322be738e9ff1828b45728d068e2509ee9e,False,False,False,0
server/packages/planes/studio/onboarding/src/case-lifecycle.ts,ts,application_source,ef3176731c20b7e232ea72989a71b52afad979635d43c060139da3b889a5b432,False,False,False,0
server/packages/planes/studio/onboarding/src/index.ts,ts,application_source,96ea07843d892b5eb96ade023c9ac06158878bc678dfbaa1f665385fcc0f9d62,False,False,False,0
server/packages/planes/studio/onboarding/src/kysely-onboarding-saga-repository.ts,ts,application_source,2177996fa7741724bd64a4d36b6cd57671d823fc73f4fb88b807ef6863cef85c,False,False,False,0
server/packages/planes/studio/onboarding/src/maintenance.test.ts,ts,test_fixture,c1f1c2981081c20ab1bc79255a0b7ade22c1c454f059c2157677a04133f5d682,False,False,False,0
server/packages/planes/studio/onboarding/src/maintenance.ts,ts,application_source,7ac29e7f983a54c805096517199cd86c80937349ba64abb0ac2fc9e461a57228,True,False,False,1
server/packages/planes/studio/onboarding/src/repository.test.ts,ts,test_fixture,79db8379a7c176297f9633e6a8f298c2ad61f4ce239ee46860e198881f1a6936,False,False,False,0
server/packages/planes/studio/onboarding/src/routes.test.ts,ts,test_fixture,9165b6e1368bd3c18c34ba058d52ea579073fbe8587d66a5b5f8bac7618768c2,False,False,False,0
server/packages/planes/studio/onboarding/src/routes.ts,ts,application_source,23beb64405404e9ef36eba283e98cadf335a6183b5c5ce8c5431aa6c7bd8f5e0,False,False,False,0
server/packages/planes/studio/onboarding/src/saga.test.ts,ts,test_fixture,002b66a58d51613372db36485860b9a85b7655c0afbb0f71f796d50941aaa540,False,True,False,1
server/packages/planes/studio/onboarding/src/saga.ts,ts,application_source,4073b04caf8544baeaee9c5b8699c8fafd2bbfb8a1446a6c96f7a74ff7e8e765,False,False,False,0
server/packages/planes/studio/onboarding/src/validation.ts,ts,application_source,bd7bca65b201b4809ee62dd1735d91c95b427e8f5bed918b47b1701bb66ad6a4,False,False,False,0
server/packages/planes/studio/onboarding/vitest.config.ts,ts,tooling_operations,ef37271d6e36a38ac90641cb406afb1ef6e919047e5b09d08b3e0c5108a8ebc8,False,False,False,0
server/packages/planes/studio/src/catalog-metadata-reader.ts,ts,application_source,c2f9c9c684734a596d2b7fb17a02b5b7aa786caae22653bac614b547548ed8e9,True,True,False,3
server/packages/planes/studio/src/index.ts,ts,application_source,4b431a26ffaf786b8d0c06f6a17638c9b7fe4b32ec440ecff4e2a047eff3c8b4,False,False,False,0
server/packages/planes/studio/src/metadata-draft-import.test.ts,ts,test_fixture,0cdb8641ac6a5bd9277038260e1f020bf6312a7fe1fc4941db7f2a1dbac68e9e,True,False,False,1
server/packages/planes/studio/src/metadata-draft-import.ts,ts,application_source,40a16e87f87493c6cd982b1aad0a536cb8dc3f0f5c8e13f72ccf3cbf2a7244a7,False,True,False,1
server/packages/planes/studio/src/record-collection-scope.ts,ts,application_source,898b81ff309c858e8c39dc1b3657fbbb99810f7c11e2dffe52e21c2c916a4481,False,True,False,1
server/packages/planes/studio/vitest.config.ts,ts,tooling_operations,587450c69260ec5d5104d600a517aa0afada362319f5f60eb30764adb31ad9ff,False,False,False,0
server/packages/platform/ai/src/__tests__/a2-operations.test.ts,ts,test_fixture,6917a374234f51122798a3ebf764f2d078c4f1d3251d3076ebab1e347494174a,True,False,False,1
server/packages/platform/ai/src/__tests__/admin-contracts.test.ts,ts,test_fixture,04f9e651e392ebb83ad044d8d9f04b5c89281cc2ceaf06b1206e90de25530ee5,True,False,False,1
server/packages/platform/ai/src/__tests__/atlas-experience-runtime-review.test.ts,ts,test_fixture,40c41ad62df65da13fe80bb585c13c53303d45408722a56e96b9f586216663d6,False,False,False,0
server/packages/platform/ai/src/__tests__/atlas-routes.test.ts,ts,test_fixture,6b7a406a1eb1fb146ec4b91933ab6fac694f830bbb0817ba9e2e5c2af138b70c,False,False,False,0
server/packages/platform/ai/src/__tests__/business-context-http.test.ts,ts,test_fixture,1e70c453ce6bc3205c38f66611e1a5c74a5d98e449c5ae2f3a566e6f87f77dd2,False,True,False,1
server/packages/platform/ai/src/__tests__/conversation-composition.test.ts,ts,test_fixture,cbab1b2309db4c72db7e64766035c22d4be8168b8a397ab95d579f29c992d6ab,False,False,False,0
server/packages/platform/ai/src/__tests__/direct-section-selection.test.ts,ts,test_fixture,228a9c1f4a4b749baf10bc3d2942f6ca294ff1980465eff596937e5992a13083,False,True,False,2
server/packages/platform/ai/src/__tests__/entity-section-answer.test.ts,ts,test_fixture,e71bf631fa8b744fe7326af28a1d0951aeefabd6b54efe205c72f608e20a058f,False,False,False,0
server/packages/platform/ai/src/__tests__/entity-section-tool.test.ts,ts,test_fixture,21c91f454bce5f9510b0c0e5731117f027118bfabbfe399123e4b5db30ff3d88,True,True,False,2
server/packages/platform/ai/src/__tests__/experience-configuration.test.ts,ts,test_fixture,40b3ad8639d9cce7ea2a32f5d130c25bc1d1eb515a1d6aa18fa2d6fb179a30bd,True,True,False,2
server/packages/platform/ai/src/__tests__/experience-routes.test.ts,ts,test_fixture,d5febc773361d20e4da6e141313ce19ae217ebf015d7f3af974ccadd955fe306,True,False,False,1
server/packages/platform/ai/src/__tests__/failover.test.ts,ts,test_fixture,20b340c270b84a0fdc77d656712f0f12b861cffb1831156224d2ca5ef006a90b,False,False,False,0
server/packages/platform/ai/src/__tests__/governance.test.ts,ts,test_fixture,e2dda0b8ef1ad0e7842505fecb611b95c0fcd01f013998f4e77a0d99792fcf7e,True,True,False,3
server/packages/platform/ai/src/__tests__/inference-reauthorization.test.ts,ts,test_fixture,ad109a3cff4a3ca12986752006e8d5cb5ad31099296e4b63afbb2a15ba6bcd73,False,False,False,0
server/packages/platform/ai/src/__tests__/insight-disclosure.test.ts,ts,test_fixture,fd6af77830358b2f441b97b84deada909cd51b4bea296ab88bcd6796ba978c7c,False,True,False,4
server/packages/platform/ai/src/__tests__/insight-history.test.ts,ts,test_fixture,d0d41a3c58483af7de42f4eadd437ec39c6d402a9077b91710f8ba5ba01aa89e,False,True,False,1
server/packages/platform/ai/src/__tests__/local-generation.test.ts,ts,test_fixture,d108457c3ac41df114998dd78a3a2c129769ba8d285ebe3111530f3b06919d43,True,False,False,2
server/packages/platform/ai/src/__tests__/local-page-answer-budget.test.ts,ts,test_fixture,0f76fe651573639fec685c97a92b2d62e024c0f7e494d1334d5dbd6a814e090d,False,False,False,0
server/packages/platform/ai/src/__tests__/quota-ddl.test.ts,ts,test_fixture,a5b426d859e1b5d3a41de1bbb078b1f26bb468dd876a1036ec0addcdbef955c5,False,False,False,0
server/packages/platform/ai/src/__tests__/quota.test.ts,ts,test_fixture,f2809297c803ca6e3085efb70ffd0cfdf98d14708e5832078d0bcade573c7bd6,False,False,False,0
server/packages/platform/ai/src/__tests__/record-citation.test.ts,ts,test_fixture,0ade877d0b3540691b06683c2c0a7e0e9a5c4de8fc9bce632c273a08d1030a48,False,True,False,4
server/packages/platform/ai/src/__tests__/redis-insight-cache.test.ts,ts,test_fixture,50a304c161e3eeca90540ddad5a30880581e17e4c9fb700455dc9c0617acc746,False,True,False,4
server/packages/platform/ai/src/__tests__/repository-review.test.ts,ts,test_fixture,ded4e3d098cb7d223708d2590e9e6ac9b5e4c2dabf1c824c9cf073c5b6eee5c8,True,False,False,1
server/packages/platform/ai/src/__tests__/response-feedback.test.ts,ts,test_fixture,1b1f90a7ce7486f1f930f24688045a8817dba6ba23d1f93cc83b048dd92f9bc6,False,False,False,0
server/packages/platform/ai/src/__tests__/retrieval-f5.test.ts,ts,test_fixture,d911c2d29fc0b0072901bc06a4bf7e12b368321769b654f14de49cbb4d489be1,True,False,False,1
server/packages/platform/ai/src/__tests__/review-fixture.ts,ts,test_fixture,8b30c3b5bbdbca07718dc2b09b898c64880d0a12b03193fecc6faa06ed5e2faa,False,False,False,0
server/packages/platform/ai/src/__tests__/route-review.test.ts,ts,test_fixture,e2a3aa1e432ca189aafecac1ab0515ec7be0f68e7346b716812c2d69d2a77794,True,False,False,2
server/packages/platform/ai/src/__tests__/runtime.test.ts,ts,test_fixture,01222a5f9b0c334a2f72cf757d3cae4e06f43d2fcff491d72eca895d1519612d,True,True,False,2
server/packages/platform/ai/src/__tests__/structured-intent.test.ts,ts,test_fixture,51683e959104df802e0eb8e60a16e264f8821a03be6a8f30d28a253ac717d338,False,True,False,2
server/packages/platform/ai/src/__tests__/surface-draft-generation.test.ts,ts,test_fixture,8f1fe8561afff0a86859c3e28ead7b35aeff118bdfe40476ee852e252982db18,False,False,False,0
server/packages/platform/ai/src/__tests__/surface-draft-routes.test.ts,ts,test_fixture,9a2d7bb70cfc33c77add45c37582c350a5d30f5c4d7a6f58fdd3d584ea72e0c8,True,False,False,1
server/packages/platform/ai/src/__tests__/tool-ledger-lifecycle.test.ts,ts,test_fixture,47927611a26fbfae666a686536c1c8311368806b4f07f78edda3bf7fb7216ddf,False,False,False,0
server/packages/platform/ai/src/__tests__/tool-store-fixture.ts,ts,test_fixture,2448490e5b74eb29bfc18b6b24c68f268264c4e5cda82911555c67eb614d9c80,False,False,False,0
server/packages/platform/ai/src/a2-composition.ts,ts,application_source,0b577881e547c9fd68d89c243890661cd66c01f67639265de751fedeb7d3b3b3,False,False,False,0
server/packages/platform/ai/src/admission.ts,ts,application_source,eeb2333813f17c4bc9c4e3f5027693240a38d06ee0f6f046054a41008d289d67,False,False,False,0
server/packages/platform/ai/src/agent-runtime.ts,ts,application_source,599cb0990c8a6018da6657f2b5a9821397c6f33fd2eefd296b9775e501774638,False,False,False,0
server/packages/platform/ai/src/atlas-admin-routes.ts,ts,application_source,b9f40651db94e198f37ac2658507e1acf6b7aea9e3b6b64f70d4455d007c0b74,True,False,False,1
server/packages/platform/ai/src/atlas-experience-routes.ts,ts,application_source,e51681f398713e9430c9f02c39005ebcb204b3fc854c46877ce19337ffcbac4d,True,False,False,1
server/packages/platform/ai/src/atlas-route-schemas.ts,ts,application_source,818505e10c55993371eee8124abd1311b560f96e19a4d0ab06fc720ecc19074a,False,True,False,1
server/packages/platform/ai/src/atlas-routes.ts,ts,application_source,30b909bf4499f3f5a7de05f05407a4eb4791751bd54a54a70ffccd5b33d80e6c,True,False,False,1
server/packages/platform/ai/src/atlas-surface-draft-routes.ts,ts,application_source,e41d96b08582fb7e60e05f361a335aa21a8c6a8bb83b2a3465be781c6cf2c0f9,True,False,False,1
server/packages/platform/ai/src/attachment-context.ts,ts,application_source,370e0ce9f1aab7ce1823be3b326aa526837a49dd400d5c55da2f8f1ab83f5b0a,False,False,False,0
server/packages/platform/ai/src/bindings.ts,ts,application_source,335e87bb3e1136d1c26e38f3e8b091aea99c40c69ccd24c134b49c697f7bfeac,False,False,False,0
server/packages/platform/ai/src/bounded-cache.ts,ts,application_source,ce1026b58dc3533802d16ad32036f8f3e0efa9c25e52b91a8d27cdb463aebcf5,False,False,False,0
server/packages/platform/ai/src/business-context-admission.test.ts,ts,test_fixture,df4de75285b62e153661c40814baa3af8a6a9868a876c78d4b1243ebccfd3666,False,True,True,3
server/packages/platform/ai/src/business-context.ts,ts,application_source,5a45276e8efa7cd1c9b0aafab4068a571bb663e7c7a11e62073cfed951bce1e3,False,True,False,1
server/packages/platform/ai/src/context.ts,ts,application_source,fc1286b877a7d8a84478962e6439f05dd2aed0a163068fa39bdd1a610cc8cff8,False,False,False,0
server/packages/platform/ai/src/conversation-composition.ts,ts,application_source,d489ec7745f14fa7570d07a96334f2c5d6929429171cf39acaf9c0b630b73777,False,False,False,0
server/packages/platform/ai/src/credentials.ts,ts,application_source,eadd6f13ccffc0bc9f78b7db1f439d937c09ca54b27ad5749ef49293291279de,False,False,False,0
server/packages/platform/ai/src/direct-entity-read-completion.test.ts,ts,test_fixture,addb2f2319a441eed5f7e7beb618975e959c35825f58afe48bfdead35773f241,False,False,False,0
server/packages/platform/ai/src/direct-entity-read-completion.ts,ts,application_source,7085031f6ad86ecbf5f69ed3a2a3ebd30d08b001d5c4b57caf4c1ca6bb51921c,False,False,False,0
server/packages/platform/ai/src/entity-context-answer.test.ts,ts,test_fixture,560867c1c32a39bd5e6b5245cc23206628052b85956c3df2ddff2387abb92af9,False,False,False,0
server/packages/platform/ai/src/entity-context-answer.ts,ts,application_source,3dd3b436422bb57751694ee2a0e86d1d3a0ebdd4d8c23d2a77a34f528d2a8245,False,False,False,0
server/packages/platform/ai/src/entity-context-tools.test.ts,ts,test_fixture,8a583ea1c1aec81016a074bd6123ba61da54092c0ad8cdc7cec7d7c040b97a86,True,True,False,9
server/packages/platform/ai/src/entity-context-tools.ts,ts,application_source,b8ff0b9b109ec177e1a7a08b6d3f74573747120cc9c101169db46d6fa1bccb62,False,False,False,0
server/packages/platform/ai/src/entity-discovery-tool-selection.test.ts,ts,test_fixture,d1ce4a7dc31903c991d15c7b6321f99c6e1ac6acf1913e854d2a8bb8f6c07e14,False,False,False,0
server/packages/platform/ai/src/entity-discovery-tool-selection.ts,ts,application_source,f1d3e0ca057f9cba3791525ddc397daba9c3ea18c30b751fa1c5aec695cb42a5,False,False,False,0
server/packages/platform/ai/src/entity-lookup-answer.test.ts,ts,test_fixture,460d7032bab2d6ab69fcc816335e68cea29cfcdda60d851fc5097d9f0908963e,False,False,False,0
server/packages/platform/ai/src/entity-lookup-answer.ts,ts,application_source,0abc655d6aa5a9d6379484a6f757dfe31c23d7cd313dbe17250946cd518f7f2d,False,False,False,0
server/packages/platform/ai/src/entity-lookup-plan.test.ts,ts,test_fixture,19869d80e92efe2d3a440a3768f43dba40d1bfdbb0bab64398aeb2bd1ef9806d,False,False,False,0
server/packages/platform/ai/src/entity-lookup-plan.ts,ts,application_source,8758ab0002bcf8ce068ef11fd064daf416e81749baff69080f778ddcfcdbff2b,False,False,False,0
server/packages/platform/ai/src/entity-lookup-tools.test.ts,ts,test_fixture,93f707a7a64560ccc1c7c16825593b6703731681b95644ce96f8bbd006c2cb64,True,False,False,1
server/packages/platform/ai/src/entity-lookup-tools.ts,ts,application_source,0b3369a6e059c3f016c881027c9f2e4d186c9dd9ea7dd66148bf666a1800d431,False,False,False,0
server/packages/platform/ai/src/entity-parent-scope.test.ts,ts,test_fixture,6671601e1a814602a07517ee3f33f8d9c82c19bb24b7eeda49521ef1a1b7349d,True,True,False,3
server/packages/platform/ai/src/entity-parent-scope.ts,ts,application_source,d6f678b7c41dfef5bd3aa2d3336922bc522bde5e0a23dd24f1e153d186e0a5c1,False,False,False,0
server/packages/platform/ai/src/entity-record-tool.ts,ts,application_source,f2d72a0f4196f5c566fb63f50b4c2a14694ecab39cb85ba7e96f2d612032b204,False,False,False,0
server/packages/platform/ai/src/entity-reference-plan.test.ts,ts,test_fixture,42ad3258768cdd1e09398251a6df669576fa28def3cadff8d4874caf8f7fbf9f,False,False,False,0
server/packages/platform/ai/src/entity-reference-plan.ts,ts,application_source,efdb1751f7dd44efad309e2428c1444b222a197c06339aebde21e038e6969c85,False,False,False,0
server/packages/platform/ai/src/entity-section-answer.ts,ts,application_source,b7fb06091011353124934f64c3aec6ffe2ff7e2fe84b62632a584711fb542b14,False,False,False,0
server/packages/platform/ai/src/entity-section-context.test.ts,ts,test_fixture,a415a1240b9ab49d07d491c743e9708fd13e9c3154e267af0241057c599838cd,False,False,False,0
server/packages/platform/ai/src/entity-section-intent.ts,ts,application_source,4655743d8ff5685de45f3d31ca3a7561797b6da31cd2012403119c7d1ce9ca22,False,False,False,0
server/packages/platform/ai/src/entity-section-tool-selection.test.ts,ts,test_fixture,8597a3a4ac5448ec463aa1dfd63bdf8b4dd512c62b06eca68eb4b4a5c8624b75,False,False,False,0
server/packages/platform/ai/src/entity-section-tool-selection.ts,ts,application_source,5e4c2da1d87bed3f86b040a05d079fc642f1a31ca14a33d7cb7d791a9334f953,False,False,False,0
server/packages/platform/ai/src/entity-section-tool.ts,ts,application_source,0156b3c29fd68d70ed07dd4115821cdb3a38c803a55bed4b952ed4c22de9f2d9,False,False,False,0
server/packages/platform/ai/src/entity-tool-manifest.test.ts,ts,test_fixture,ba0b95a720ae33c9eb845fc43faa986e355e9ba4f32a8dcd4018889d10bd30e2,True,True,False,8
server/packages/platform/ai/src/entity-tool-manifest.ts,ts,application_source,156cf072967431a8fc50cde9dc1a1d1f84db5319c7ea83bf77a3eb15b5163a96,False,False,False,0
server/packages/platform/ai/src/errors.ts,ts,application_source,d918b4cb0c2131577f119512c8ce40d74b90c87e10c0d7357bea847bdc70fd07,False,False,False,0
server/packages/platform/ai/src/experience-configuration.ts,ts,application_source,09ad41397299c9f480f5fc0784dd9ccac7b9411dc5cebcb01ebd643a70a6481e,False,False,False,0
server/packages/platform/ai/src/index.ts,ts,application_source,5ca35ad31f63f26f03a7ed14d23f59cdc34933cc10afbf90eedfee8d949437fd,False,False,False,0
server/packages/platform/ai/src/insight-disclosure.ts,ts,application_source,9d8f7d220e9ba249988554242687f916d6202f6763f20d922a4b8a789ab6be71,False,False,False,0
server/packages/platform/ai/src/insight-reuse-policy.ts,ts,application_source,433735b521f8d2aa17e41b45ce65a696d8f6fe9415a522a9665ef7a08d51a639,False,False,False,0
server/packages/platform/ai/src/invoice-extraction-service.ts,ts,application_source,490a545e3dd849826e341dd5daa283249228fe166a9efe4b2870cb9d673ec1d5,False,False,False,0
server/packages/platform/ai/src/knowledge.ts,ts,application_source,dc525875c4a12ff8931e45df525b1810e00e53763bec3a280e0a5ed90b19c086,False,False,False,0
server/packages/platform/ai/src/kysely-message-lineage.ts,ts,application_source,52964a4409dbc8487ab2b461c770885387a06a47fd2571d804f27c7df41ac973,False,False,False,0
server/packages/platform/ai/src/kysely-run-repository.ts,ts,application_source,ab98a6e43ac238beb3c7e5d404315a89fdc173da49a6a50d46a4e0ccd6a968c7,False,False,False,0
server/packages/platform/ai/src/kysely-thread-repository.ts,ts,application_source,17709c6979e88451120988d8d18d487d5419254e54f80520f46b810b52730985,False,False,False,0
server/packages/platform/ai/src/kysely-tool-proposal-store.ts,ts,application_source,6da81620b072fd2e8c1fcb1ab9303058773752221c84588133e8540602456b81,False,False,False,0
server/packages/platform/ai/src/learning-candidates.ts,ts,application_source,ee11f9eb3ca2dd34e471ba8bd71f49e710c9b954eb9589c526c8e205d282149c,False,False,False,0
server/packages/platform/ai/src/learning-evaluation.test.ts,ts,test_fixture,6227f9a96d8fd0ea0b389bb8839f1b6c3a73404cb2943138d1955858f9c42cb0,False,True,False,6
server/packages/platform/ai/src/learning-evaluation.ts,ts,application_source,8a2bb25942a142d5c2c16c172cc28fbb7e828d5a7683422bf3912327a35077a7,False,False,False,0
server/packages/platform/ai/src/local-generation-composition.ts,ts,application_source,b96f445e320459b3dac45ac5de99cf9430dbd8a99eedb0851e128a9ba3414d67,False,False,False,0
server/packages/platform/ai/src/message-lineage-batch.test.ts,ts,test_fixture,6dcb8ca86212a0898c41a496241a04127f0b8c5c21b8eafec332e3d1c6451545,True,True,False,2
server/packages/platform/ai/src/message-lineage.ts,ts,application_source,ae6476f2e6a5acf7387e89ddf0bd41898ffaa260d91432f8bf2c66439f8865fd,False,False,False,0
server/packages/platform/ai/src/monitoring.ts,ts,application_source,8b64fab061f288ede903362cca1b67e588bb5c0d011d01ab903dae05365c9f89,False,False,False,0
server/packages/platform/ai/src/policy-administration.ts,ts,application_source,f79dc84377ce14073453be2fbccfba0595ab7c725922e2564365e5aa1f20c0d7,False,False,False,0
server/packages/platform/ai/src/production-learning-evaluation.test.ts,ts,test_fixture,47d65d02ce872ad8c7a049aef3b7fd2e0225313790abf6530cb396ca418ae5f4,True,True,False,9
server/packages/platform/ai/src/production-learning-evaluation.ts,ts,application_source,b23c6493632bda290681f1eb78728f8db819ca422bf3c80a2cf6862d91fb8508,False,False,False,0
server/packages/platform/ai/src/quota.ts,ts,application_source,51d5cddeefdb84d14b6d32b8c1873e0401d8e84bb540f8fb4b06e0f9eb3ac2e5,False,False,False,0
server/packages/platform/ai/src/record-data-gateway.test.ts,ts,test_fixture,10c703efd3ee0a96f66dff107d6d710a445f60f1c5faf555924e800233a67e7e,False,True,False,4
server/packages/platform/ai/src/record-data-gateway.ts,ts,application_source,15a249f030b86a3bd3ffcbec80dca3b423a274b289af11d2ffe5c2467fc7e337,False,False,False,0
server/packages/platform/ai/src/redis-insight-cache.ts,ts,application_source,58bc7528201c177198805b3eb76bacf80678059db88ecababdb74f018d0912b2,False,False,False,0
server/packages/platform/ai/src/response-feedback.ts,ts,application_source,ee1c36eaecbd55bbe4613985aa3a94b8152fcb6769b1207fc370d4d0311cbdac,False,False,False,0
server/packages/platform/ai/src/runtime-tool-coordinator.ts,ts,application_source,a11873218a6f44bc7080df669b792a445f105dcc365e5f43d46b26ff56fb0da1,False,False,False,0
server/packages/platform/ai/src/runtime-tool-discovery.ts,ts,application_source,636d0e89d8fe7496d77da3fab0c3c325bd70b4ae9561ada999b4f98287338738,False,False,False,0
server/packages/platform/ai/src/stream.ts,ts,application_source,f9485f1f84c282305b6be410f83f89527e690cf68d3ffae18d278658d6282ba5,False,False,False,0
server/packages/platform/ai/src/structured-intent.ts,ts,application_source,3755c8c000d3d9b55075cbb2b1c5ad2c6ba14c2b617a4ed857ab90e52d48c0e3,False,False,False,0
server/packages/platform/ai/src/surface-draft-generation.ts,ts,application_source,833ed0b347095268b9f384cce16004e9202b10b86ccd02f09a830676032eab5c,True,False,False,1
server/packages/platform/ai/src/thread-disclosure-batch.test.ts,ts,test_fixture,54b3376e0cbdee4e4624cb8e0968e086905625ecbb0c5fbdf35031f5697b767b,False,False,False,0
server/packages/platform/ai/src/thread-service.ts,ts,application_source,0bf9aa3e3fe9c08ad3d48820b930328b5e422d79b3c4293dc5df20e5ae8c7eab,False,False,False,0
server/packages/platform/ai/src/tool-feature-gates.test.ts,ts,test_fixture,df5de89b66022e642e767cd08da2db6b197d26131cd2b34d5ddd5d7c7b0237a4,False,False,False,0
server/packages/platform/ai/src/tool-feature-gates.ts,ts,application_source,fc1c704b8bc9438fa2ca7c8deed3778af75f573ec72e907f81ca172925545827,False,False,False,0
server/packages/platform/ai/src/tool-registry-identity.test.ts,ts,test_fixture,3ce85ce421f514107239900b1fbf95e99c6de9ef524eb37ff5a95ea87d1e9b2e,True,False,False,1
server/packages/platform/ai/src/tool-service.ts,ts,application_source,ef6b5f6193649e463091f8b0e9e421f2130510720009d620e1bae65772f33f44,False,False,False,0
server/packages/platform/ai/vitest.config.ts,ts,tooling_operations,eeae3902657c50d11feaa96776aec248c66b72c1b27458e51ccff524e7175530,False,False,False,0
server/packages/platform/audit/src/__tests__/audit-integrity.test.ts,ts,test_fixture,eae64edf56af4f1e3b5b091a4e63eb7af618b04336b182912360b197dc03a09e,False,False,False,0
server/packages/platform/audit/src/__tests__/audit-routes.test.ts,ts,test_fixture,9713e6fc8af03289c2b5f5276960fda78f8718a42888285b5079c766a05afc76,False,False,False,0
server/packages/platform/audit/src/__tests__/audit-service.test.ts,ts,test_fixture,438b6ebd2211f783d6776f23b6308f9b588f419de07b5eee1139c491e1a66b1f,False,False,False,0
server/packages/platform/audit/src/__tests__/governance.test.ts,ts,test_fixture,0179931b8d2e85c1a5ebb4cd410c53d9ca343c4051c8e42ac93d78ced83ca790,False,False,False,0
server/packages/platform/audit/src/audit-integrity.ts,ts,application_source,0e9ac3b0383f9bd12212a45623e1b7fdbac83952f0adc815fc0e8847f8d3fb8f,False,False,False,0
server/packages/platform/audit/src/audit-routes.ts,ts,application_source,caae94e2896cad1cfbbabc2a6adc3382f5556fb978a6e1c3fe8e8789710d77d5,True,False,False,1
server/packages/platform/audit/src/audit-service.ts,ts,application_source,47871c30c8fb40208e94aea6e50b83d02a4b96232ed3734ade9007714b286d57,False,False,False,0
server/packages/platform/audit/src/export-worker.ts,ts,application_source,242c06813a3a318eef06393d01d9a0517c46f16bbd0159f818a6446133e232fb,False,False,False,0
server/packages/platform/audit/src/governance-service.ts,ts,application_source,7f718dc8018c375c53f3569d7ed651d99ea00ab8edf3eeecb54037e9de5c2d99,False,False,False,0
server/packages/platform/audit/src/index.ts,ts,application_source,e580896cf694f909476c41059d0ebe0fda425cce3a3f2108ed10663ed37513f7,False,False,False,0
server/packages/platform/audit/src/sinks.ts,ts,application_source,67b9fc0b0feefe5172990451a523be65f411636b7c438690e1c1ba0421f68524,False,False,False,0
server/packages/platform/audit/src/transaction-bound-audit-sink.ts,ts,application_source,5118c6c68b37c15900bbdeea8a8cb5c3a8a312fdfb1953d07f4cacafd1c6b616,False,False,False,0
server/packages/platform/audit/vitest.config.ts,ts,tooling_operations,d41e78be6eb331a48fbb85ebbaf4ae3ea4e65260f80f357744e6f42d6049e55f,False,False,False,0
server/packages/platform/classification/src/classification.test.ts,ts,test_fixture,2c89ef36cbb41799996fc5bae18d2c83271cf2a6fb084e4b866768b4ebf9d0c6,False,False,False,0
server/packages/platform/classification/src/index.ts,ts,application_source,2dc5f626534e4136fdd98f15b7d780b22c8478b2fd17c77466d402a2e64b8a50,False,False,False,0
server/packages/platform/classification/vitest.config.ts,ts,tooling_operations,eeae3902657c50d11feaa96776aec248c66b72c1b27458e51ccff524e7175530,False,False,False,0
server/packages/platform/collaboration/src/__tests__/attachment-file-rich-text.test.ts,ts,test_fixture,adcdc40e7828bd508f72cc95e6b43b1d82f90000621547783c7196dcd82787af,False,False,False,0
server/packages/platform/collaboration/src/__tests__/collaboration-repository.test.ts,ts,test_fixture,3e1b9ef9426cebba92139cb9847e361bf95ee3a5465317b56933c2d21c15d7e5,False,True,False,14
server/packages/platform/collaboration/src/__tests__/collaboration-routes.test.ts,ts,test_fixture,e5913f519afbcc441204263b57069a2a190367405e1ed9a3e7df55f9929246f2,False,True,False,1
server/packages/platform/collaboration/src/__tests__/collaboration-service.test.ts,ts,test_fixture,369651068e6f16ea3cad90af837d4aab5559d62870aba9434c7c1b61b7d8867e,False,True,False,9
server/packages/platform/collaboration/src/__tests__/entity-coordinate.test.ts,ts,test_fixture,864645e241ff0298f3ee72ac50cdb3f5b2ae402b7a54773c3c6a2a30391a8a36,False,True,False,4
server/packages/platform/collaboration/src/__tests__/history-admission.test.ts,ts,test_fixture,a4638e1539dfdf578eb67c019abd4e63e39e6c641ec225e0786a362d49c9601a,False,False,False,0
server/packages/platform/collaboration/src/collaboration-routes.ts,ts,application_source,de4fde91ac73e9dd4898ca0956b55e7c8c9542bc595d34700f99a2bcc7c8b6d8,False,False,False,0
server/packages/platform/collaboration/src/collaboration-service.ts,ts,application_source,866ef0204acb4a5434cdc010c83265fd2718cd9b6b7520a5fe529aa0a6667999,True,False,False,9
server/packages/platform/collaboration/src/draft-maintenance.ts,ts,application_source,23fd60b6a1306c88a43d44f5aebfa0210a184947d82a300a01b42a79a60da993,False,False,False,0
server/packages/platform/collaboration/src/entity-coordinate.ts,ts,application_source,c15f769b15d1b1f1a2d7b618cd3a574edf5a8df5562d7345646bb2dc3db9a42d,False,False,False,0
server/packages/platform/collaboration/src/errors.ts,ts,application_source,fc9a01153e8516b0ab8151a88610e7105f2ed75cffaa1dabcd419c3e9982591b,False,False,False,0
server/packages/platform/collaboration/src/in-memory-collaboration-repository.ts,ts,application_source,84970a6b4127b25c09a592d7200d3a368333f830e0a602b0843fb0952b05b02e,False,False,False,0
server/packages/platform/collaboration/src/index.ts,ts,application_source,1797ec061e4b8ae21fac45d7464ca58dfc9b3515d0d46f11ffdc576b58fb2ace,False,False,False,0
server/packages/platform/collaboration/src/kysely-collaboration-repository.ts,ts,application_source,44bc7927614053339c15d37eb5587ddcc7d2362e8f9534b6a34b1b2fe057c815,False,False,False,0
server/packages/platform/collaboration/src/rich-text.ts,ts,application_source,e239af0c53615cd0c5fc149a85f1852608846196b6b39ef5b4abe83b5adae7b8,False,False,False,0
server/packages/platform/collaboration/vitest.config.ts,ts,tooling_operations,d41e78be6eb331a48fbb85ebbaf4ae3ea4e65260f80f357744e6f42d6049e55f,False,False,False,0
server/packages/platform/control-admin/scripts/compare-feature-cohorts.ts,ts,tooling_operations,6147ce199e65bd2f34dca152fdea754682ca8ed6ad66298293dfbbe12bc495d7,False,False,False,0
server/packages/platform/control-admin/src/authorization-governance.postgres.test.ts,ts,test_fixture,14e260b500a03f535181a8c9a1178a91908d1882f7fb6dbe4559f82fcd1e9eaf,False,False,False,0
server/packages/platform/control-admin/src/authorization-management-routes.test.ts,ts,test_fixture,e8634318d3f1434a817ac0aeebd5f31d1aa52fa6d53508e2cf6ea4009d026aa1,False,False,False,0
server/packages/platform/control-admin/src/authorization-management-routes.ts,ts,application_source,a30ca1913b255036f4311b141834524b6a579b29aaeca0b36af83464815bb8f8,True,False,False,2
server/packages/platform/control-admin/src/authorization-management-selection.ts,ts,application_source,383962d3e6867ac12ced6e4845d67af24cc5e4f5a6265583673d5ba52ac8438a,False,False,False,0
server/packages/platform/control-admin/src/authorization-management-service.test.ts,ts,test_fixture,7a42dccdec04b9963f1502c315ddc48c8208673d73c122afaa56c3db55911afe,True,False,False,14
server/packages/platform/control-admin/src/authorization-management-service.ts,ts,application_source,e22432de1bd1136c7930a0a0cf2dcbb21e99136c2124c39f9edf0d52634e2aab,False,False,False,0
server/packages/platform/control-admin/src/authorization-writers.postgres.test.ts,ts,test_fixture,cac1a9d9b128e68b90fd2dfc1e77b40844d4978d5b62fa552ba7ab18d0a90b84,True,True,False,6
server/packages/platform/control-admin/src/bank-validation-routes.test.ts,ts,test_fixture,7b0fc1c83b4678295beb203a522eab462428c7b31404aeafafc7e4ada9bba581,False,False,False,0
server/packages/platform/control-admin/src/bank-validation.test.ts,ts,test_fixture,d1d49cefd663e7bb2a2f2e748b16883c36ee9743b7bd6230646c118da06d8fbe,True,False,False,3
server/packages/platform/control-admin/src/bank-validation.ts,ts,application_source,74f1c4185fe4c97abacec7a190a0edb1fa461bb183c25ef3d04fa45273fd583d,False,False,False,0
server/packages/platform/control-admin/src/connector-control.test.ts,ts,test_fixture,99a57ac1915506807d5ae2e31bf48cf28ad3bc43fc29ded5907ef63aaf08e0ba,False,False,False,0
server/packages/platform/control-admin/src/connector-control.ts,ts,application_source,520e6887d3fa0d64b13402d186e26cce41a7fe51b1cfdaf1a1aefcb622238175,False,False,False,0
server/packages/platform/control-admin/src/connector-routes.test.ts,ts,test_fixture,cb8873e03f77ea6fefb53a42e93e17148ca0296d0eafd9d26506167e9c7140c6,False,False,False,0
server/packages/platform/control-admin/src/control-admin-inventory.test.ts,ts,test_fixture,c564d5a50d3bfd660179373f34798c81a467210ac51041d41dcdff9f555eca2d,False,False,False,0
server/packages/platform/control-admin/src/control-administration-ownership.test.ts,ts,test_fixture,5f67b4bba117e040370465b6efae6e7716408b0f2696b6b5762ab35f7bc13232,False,False,False,0
server/packages/platform/control-admin/src/control-administration-ownership.ts,ts,application_source,ac71da40122687139d083423dca5062bbf6dd58d3a1af486d347201155dadfd6,False,False,False,0
server/packages/platform/control-admin/src/control-repositories.postgres.test.ts,ts,test_fixture,229b501fd5a26eca8d81bedfa8fb5b18327e9c05553db50084a77d71db5dccb0,False,False,False,0
server/packages/platform/control-admin/src/control-repository-db.ts,ts,application_source,3e344b0b2daae370a7f3f2e62b4b1e5637c2640e1062a558549af5c721b82f89,False,False,False,0
server/packages/platform/control-admin/src/control-service-routes.test.ts,ts,test_fixture,c8a6b1ddab9cbe8214652ef8c8761f0df7210f1ac07ba2d984e6e7ee40b7926c,False,False,False,0
server/packages/platform/control-admin/src/control-service-routes.ts,ts,application_source,c99b9444609de9272c809c90daef987d54207fdf00c45a1e5c6bd38309c7a058,True,False,False,15
server/packages/platform/control-admin/src/control-services.test.ts,ts,test_fixture,a0651796a362b7a23ec387ab684d13997d94b3d70f015eb7653559c8bc193ef5,False,False,False,0
server/packages/platform/control-admin/src/control-services.ts,ts,application_source,1fe947a8f81ecfbe9f336136e1ba000c22d6c20a76614d120b6cf7cc327ffb3b,False,False,False,0
server/packages/platform/control-admin/src/cycle/cycle-config-routes.test.ts,ts,test_fixture,b838e922dff6742e900565c6d1b210e54834ae543ea7e22f05661a01d8f7bf7f,True,False,False,2
server/packages/platform/control-admin/src/cycle/cycle-config-routes.ts,ts,application_source,299536d6fcc3e62b8f106978fa6abb20f5b71a67ea9ea8c586d7a6424b476f85,False,False,False,0
server/packages/platform/control-admin/src/cycle/cycle-config-service.test.ts,ts,test_fixture,e74b7905f737699ac62c56450b259bda35c66c598224d3bb515416527bed61fd,True,False,False,2
server/packages/platform/control-admin/src/cycle/cycle-config-service.ts,ts,application_source,0d0dbad74d4685936a24362d2d66b7a6f1982c8594e9bd010a49c4dfb5e3dbce,False,False,False,0
server/packages/platform/control-admin/src/cycle/cycle-config-validation.ts,ts,application_source,717d5651571261bef20dcfb60062c44f9088d93247ad02c2731ed29600b44984,False,False,False,0
server/packages/platform/control-admin/src/cycle/cycle-review.postgres.test.ts,ts,test_fixture,a0e22ad47111a27e39ffb53a6d4237cdfec0b43bf6b63a4bc2b0ecbcf38e6916,False,False,False,0
server/packages/platform/control-admin/src/cycle/cycle-test-fixtures.ts,ts,application_source,eeba66b656f2b0930a2a642db0b3c3f610c7d5803dec6877f3280de311b03d0c,False,True,False,2
server/packages/platform/control-admin/src/cycle/kysely-cycle-template-repository.test.ts,ts,test_fixture,64ac6c2cdcc18d0337720b9170973ffe7d4cfc436a833bdc8136116282dbd151,False,False,False,0
server/packages/platform/control-admin/src/cycle/kysely-cycle-template-repository.ts,ts,application_source,25861c39eee44bc5a5a9009600ccdd3cf960908023af78098d9a53c50c097a08,False,False,False,0
server/packages/platform/control-admin/src/cycle/process-selection-catalog.ts,ts,application_source,f9302021a022099940b4456beb547ea115deb8a7e5d8ff8bfb13a3b29b727d43,False,False,False,0
server/packages/platform/control-admin/src/cycle/process-selection-compiler.test.ts,ts,test_fixture,7739dd36870816c741d444b505f3b7f5ca8e27be9cf11e70956bc8f49e0166ef,False,True,False,1
server/packages/platform/control-admin/src/cycle/process-selection-compiler.ts,ts,application_source,fe6e3732e9109a1883ccb5d39e0f92f20c9388d325696ee55c500bc5e74eb3f5,False,False,False,0
server/packages/platform/control-admin/src/cycle/process-selection-publication.ts,ts,application_source,5ad824708cdba8c70e06b617eee2b23b35307527126927e3399d92d49c6f1aa0,False,False,False,0
server/packages/platform/control-admin/src/entitlement-control.test.ts,ts,test_fixture,f317145471fb509262f98853a1f55ae21230b0f936b5d32dcae869fcc2f04fd9,False,False,False,0
server/packages/platform/control-admin/src/entitlement-control.ts,ts,application_source,4622663ba694ed3d25c171d1e12b5122016b7e0f7a4db6c07a459d43bd8be6cb,False,False,False,0
server/packages/platform/control-admin/src/entitlement-routes.test.ts,ts,test_fixture,188afb0d622177acb28495f0724a32b44b41ab0ef61be463aa0a0006084399ac,False,False,False,0
server/packages/platform/control-admin/src/feature-control.test.ts,ts,test_fixture,87bb8051aa2f8e45db23caab2fa16c2d830cd294d061fa50c934144e7db06303,False,False,False,0
server/packages/platform/control-admin/src/feature-control.ts,ts,application_source,6cdf077fc976a4050b457c7c89eaca44a1321459d517ef999b00544b1c1081e5,False,False,False,0
server/packages/platform/control-admin/src/feature-routes.test.ts,ts,test_fixture,8052c434a36f7621a8b87a6327c182cca1f3e61a8de5b89cc7e947809e52ae69,False,False,False,0
server/packages/platform/control-admin/src/index.ts,ts,application_source,3056d8ea6a8b3204408a64539e9b5fb336de118650196c8a8a8d29570c7276fa,False,False,False,0
server/packages/platform/control-admin/src/kysely-authorization-bindings.ts,ts,application_source,3d216a3bf17b5d77a6f8caf347c8250a3145b20633c684d5900517cce7edc78d,False,False,False,0
server/packages/platform/control-admin/src/kysely-authorization-management-repository.ts,ts,application_source,6991edc0f69018c59dd2715552cc07dc93243cef32e97cc11b7326f43f2c2ff0,True,False,False,3
server/packages/platform/control-admin/src/kysely-authorization-unit-of-work.ts,ts,application_source,77653fda1afea5afa4086feb2239c806c006b6edcafb0ce26e32f04afbadd6f8,False,False,False,0
server/packages/platform/control-admin/src/kysely-bank-validation-repository.ts,ts,application_source,7359a7afc7779b318dffc60d23c47b9ed101eaebe29fbf17282bd5f487615d2a,False,False,False,0
server/packages/platform/control-admin/src/kysely-connector-repository.ts,ts,application_source,ab3d6c55046b9d74e2d172e9e76766b273426ecc53e27ac29e1baf52319182b3,False,False,False,0
server/packages/platform/control-admin/src/kysely-control-repositories.ts,ts,application_source,058fbe845e3ce75475dfc8496884a0d6df3df33d56784658e251fcdbb868502f,False,False,False,0
server/packages/platform/control-admin/src/kysely-entitlement-repository.postgres.test.ts,ts,test_fixture,d3aa0a0038af180b51e3e6f2611dfb14efbf99e39be7ef3cc006853fe9785047,True,False,True,2
server/packages/platform/control-admin/src/kysely-entitlement-repository.ts,ts,application_source,e84725305ca1af9369fe07034749ed68b8be6a1df65ecc4a9cdeb9b3825a477c,False,False,False,0
server/packages/platform/control-admin/src/kysely-feature-flag-repository.ts,ts,application_source,56f4acb933b22ac2d81f67c7a5f0070ae5813a172e1675a308688528e78d7b20,False,False,False,0
server/packages/platform/control-admin/src/kysely-lookup-repository.ts,ts,application_source,028f68a24eee2347c65a8017c2f95ffb94e92392c029175d804e7e81e7dc7a5f,False,False,False,0
server/packages/platform/control-admin/src/kysely-parameter-repository.ts,ts,application_source,1d847b719f2060deabb484be7caeda8247d025ff7e5217832e61d6b1be16e226,False,False,False,0
server/packages/platform/control-admin/src/kysely-rounding-repository.ts,ts,application_source,5b048945009ccfdd83444426d5c6f2fdb0eeb8bb49c1f3e1704b715c60681408,False,False,False,0
server/packages/platform/control-admin/src/kysely-runtime-command-store.test.ts,ts,test_fixture,31d756ce7bbf5ca523f197949c465d84ae66908e349ad973ee209463f780a05d,False,False,False,0
server/packages/platform/control-admin/src/kysely-runtime-command-store.ts,ts,application_source,6adae802f48f648c60470583a73e542294a67caa00c8a5b7e20537065938d25c,False,False,False,0
server/packages/platform/control-admin/src/lookup-control.test.ts,ts,test_fixture,73306ec3b2c7bb18873aa4c0a644314727b3940fb4377899818913190282b9fb,True,False,False,1
server/packages/platform/control-admin/src/lookup-control.ts,ts,application_source,d9ba0fc8175bc0fabb65055ae184e2489bd6df327af60425e462d73f5dd11be8,False,False,False,0
server/packages/platform/control-admin/src/lookup-routes.test.ts,ts,test_fixture,c3e1550247b8b1a4913967eddcd7816dfa0b12059ac6f3554a55d11e89ccfde9,False,False,False,0
server/packages/platform/control-admin/src/parameter-control.test.ts,ts,test_fixture,8ca2e4c6e6432324403756e5b5522e77b55c290afa02f16f5359449b3893ab8a,False,False,False,0
server/packages/platform/control-admin/src/parameter-control.ts,ts,application_source,8b3182ec34cfb035e317b525348bd7db1b3f1aaebecc3172f5d7de980462df0c,False,False,False,0
server/packages/platform/control-admin/src/parameter-routes.test.ts,ts,test_fixture,333ead43240a15729143d037852dfb3160696d91c2161bcbe4a882d85b2ad45c,False,True,False,1
server/packages/platform/control-admin/src/parameter-runtime.ts,ts,application_source,6800821bfa93f16a9282f46e6d623a6e7c832bcca7ff2f6c2ee021cc7c93cfc4,False,False,False,0
server/packages/platform/control-admin/src/parameter-validation.postgres.test.ts,ts,test_fixture,db854794ca44847426fcec8678675b0820293d5d088690b0f7d47566d6a84481,False,False,False,0
server/packages/platform/control-admin/src/parameter-versions.postgres.test.ts,ts,test_fixture,58d1ba70d789a44d1dc6f49e83d9d61db0efbffe78cef96490072d2d586d21c4,False,False,False,0
server/packages/platform/control-admin/src/rounding-control.test.ts,ts,test_fixture,81ac914d3ac6c6daa6f8a8dc1c2eff4bf8566cb805d4bd01ccb39c40c562a285,False,True,False,1
server/packages/platform/control-admin/src/rounding-control.ts,ts,application_source,679c2288a40e64e419662df32bd15c1aa5d61f524c2282fe7d19befe34b760e0,False,False,False,0
server/packages/platform/control-admin/src/rounding-parity.test.ts,ts,test_fixture,056090d2e49a506b965101821f52b036ef710e998adf3e4fc791e58b4a64cc10,False,False,False,0
server/packages/platform/control-admin/src/rounding-routes.test.ts,ts,test_fixture,a4286c4e57f0019f5c1e01ec005758e8ed20413b4b171b927996e319d6e77428,False,True,False,1
server/packages/platform/control-admin/src/runtime-command-routes.test.ts,ts,test_fixture,1734a6f230981c7d0ef2fc42d5f8411ac98c6101952e2a6b1d8e076f17619a01,False,True,False,1
server/packages/platform/control-admin/src/runtime-command-routes.ts,ts,application_source,49a45f7c8278f867c276463bd725ab2020c392f670f125a3bb265ce27d55af3f,True,False,False,4
server/packages/platform/control-admin/src/runtime-command-service.test.ts,ts,test_fixture,58bd26ce9971267e1d71f02c48bbb5e9c4b00d8827d0f2bc8c3045c1669f79b9,False,False,False,0
server/packages/platform/control-admin/src/runtime-command-service.ts,ts,application_source,4529a970e4fa5c0eb70480e2d034438c156c9e1272c792932d83937d8938a3a7,False,False,False,0
server/packages/platform/control-admin/src/runtime-command.postgres.test.ts,ts,test_fixture,2c8d50b8de38a643c7a43927637b38de227d5a01cbd755ac719400a2a663cebc,False,False,False,0
server/packages/platform/control-admin/vitest.config.ts,ts,tooling_operations,ef37271d6e36a38ac90641cb406afb1ef6e919047e5b09d08b3e0c5108a8ebc8,False,False,False,0
server/packages/platform/entitlements/src/entitlements.test.ts,ts,test_fixture,72e5e8e5a60b38d1e0938b812a911ede970ed50f00d65424ef9996bdb94e4d26,False,False,False,0
server/packages/platform/entitlements/src/evaluation.ts,ts,application_source,7fe8907210d0a7c93f32ebbf3fd6ea1f709d62b2afdc1f8558f65ebf60335986,False,False,False,0
server/packages/platform/entitlements/src/index.ts,ts,application_source,040485871296a0d3bcdea29e8237d7cd34a42170860adc0626c04b580c5c8fde,False,False,False,0
server/packages/platform/entitlements/src/runtime.ts,ts,application_source,f4b74b1478c25fc164234580ce5a22e9728d99987aaa0319979933954d7ad764,False,False,False,0
server/packages/platform/entitlements/vitest.config.ts,ts,tooling_operations,eeae3902657c50d11feaa96776aec248c66b72c1b27458e51ccff524e7175530,False,False,False,0
server/packages/platform/experience/src/contracts.ts,ts,application_source,889f76cae20ed2bed128701cf0ac224a25b9a2c7aaf01fc536faefb75402b606,False,True,False,4
server/packages/platform/experience/src/effective-collaboration-controls.test.ts,ts,test_fixture,4e42cadbaf8108f96a4d164d46893309bdf270ff3de2597184d56ded748908c7,False,True,False,3
server/packages/platform/experience/src/effective-collaboration-controls.ts,ts,application_source,fa719a5a43505114f20691d3d74fef5280494fd72a84d39ae28865cb53677d6d,False,False,False,0
server/packages/platform/experience/src/entity-activity-policy.test.ts,ts,test_fixture,f320cd214b17bb67b210bc3a9fa84a1d838c9bccb53153358cd548518a36ef42,True,False,False,6
server/packages/platform/experience/src/entity-activity-policy.ts,ts,application_source,98ba4721136aa770493d268666be78ae38ab92cd25570a0fca854505339d3f17,False,False,False,0
server/packages/platform/experience/src/entity-activity-routes.test.ts,ts,test_fixture,12f85f111cc8ca7756a012a3a4662e8a582f5b00faf7bdfe7cd5e6bb45131e38,False,False,False,0
server/packages/platform/experience/src/entity-activity-routes.ts,ts,application_source,18c1305cbc78ab9379c3206d85cdcf40d62910e70ecf0acab8e20dcda0ed601b,False,False,False,0
server/packages/platform/experience/src/entity-activity-service.test.ts,ts,test_fixture,9a6b5f8fc331481eecebb5464d4dc77e47b85008a88196befcd4d624f87e225c,False,False,False,0
server/packages/platform/experience/src/entity-activity-service.ts,ts,application_source,567713233123dc1c92d874f8b092fe78970f345fb27c63686f7653fe6120b81b,False,False,False,0
server/packages/platform/experience/src/entity-capability-policy.test.ts,ts,test_fixture,ead9f69f9be32871206265d1f510270eff9f3e33172b8abeb9e420cc245bee5d,False,True,False,11
server/packages/platform/experience/src/entity-capability-policy.ts,ts,application_source,ccd414a052560ae356a3bf7eeffc5fcd01072b7c2fc8b03fbe3ffd76b5c5e423,False,False,False,0
server/packages/platform/experience/src/entity-collaboration-service.test.ts,ts,test_fixture,f5e5598d7c747cfa38bbf596dfe5402f95a8014058234987bda2fcebf5ca76dd,False,True,False,1
server/packages/platform/experience/src/entity-collaboration-service.ts,ts,application_source,af7947c04799b9e252049921a3ab8a607dc25bd0cfb2c5f14623b0d6e869bc4c,False,False,False,0
server/packages/platform/experience/src/entity-intake-operation-routes.test.ts,ts,test_fixture,e788abcf48861caaebb26ee79028ea11240d7dcfe17511e1dd154a3c3ad05fea,False,True,False,3
server/packages/platform/experience/src/entity-intake-operation-routes.ts,ts,application_source,44e87c9518397f42166f106328fb5e52d8be9e9c94f9eeecccc20165ec4f1235,False,False,False,0
server/packages/platform/experience/src/entity-operation-admission.test.ts,ts,test_fixture,d86441d12dc5d43a6d17e9ece68e27d2955c2145190e791388a83d57d52685b4,True,True,False,3
server/packages/platform/experience/src/entity-operation-dispatcher.test.ts,ts,test_fixture,8dc85aac6c96be36101545699ca7c12bf11b131a2b4aafdf6de31127b4e6689e,True,True,False,17
server/packages/platform/experience/src/entity-operation-dispatcher.ts,ts,application_source,b3733ebdca90fa91fe84ed60fca2e075de7e881a39dfe500b25df5b4c646ab44,True,False,False,1
server/packages/platform/experience/src/entity-page-planner.test.ts,ts,test_fixture,609b480b35f57449f1ecf61b3c4a8318dbecd2297ad057401ae47248b8204948,True,True,False,6
server/packages/platform/experience/src/entity-page-planner.ts,ts,application_source,dc1840c8609cc8160b2399b5c52365db0d917d13f70bb96faf9e83ce31e85ed5,False,False,False,0
server/packages/platform/experience/src/entity-route-admission.test.ts,ts,test_fixture,115688daddd67b125e3e5d40dedb221b53025f19ece13217cd71829ed18d19bb,False,False,False,0
server/packages/platform/experience/src/entity-route-admission.ts,ts,application_source,39516f3db1180430aee5bec4ad8ed7a7a751ca257ce483ead041744b07d52e21,False,False,False,0
server/packages/platform/experience/src/entity-runtime-collection.ts,ts,application_source,691ec1f8dfe51d2cb7a3bbb5b93994f761b4dff370e5b3949e4993ac83822108,False,False,False,0
server/packages/platform/experience/src/entity-runtime-contracts.ts,ts,application_source,7bc8d33fd5d12f5d7e485794a4d97870418563e617d431c649c11947b5965e68,False,False,False,0
server/packages/platform/experience/src/entity-runtime-pagination.test.ts,ts,test_fixture,0fbec9606994272cc320a4ebe5135afac5f03d98e70dafe5cba6b72696c36660,False,False,False,0
server/packages/platform/experience/src/entity-runtime-routes.ts,ts,application_source,3897f2db9a5fe7d5fb22f4e349697d14136663dec6bb78adefe02428d54612c2,False,False,False,0
server/packages/platform/experience/src/entity-section-service.test.ts,ts,test_fixture,4c6044c31ecaf38961f2104940a32ebd5640cda647584309e5578bbae7b37eed,True,True,False,31
server/packages/platform/experience/src/entity-section-service.ts,ts,application_source,4aa2d5a5cd965abb6e276d4a5d3bb310e23f4501419e77011b8ac7ef91b8f56b,False,False,False,0
server/packages/platform/experience/src/index.ts,ts,application_source,7b7451effff38b6d9c075776832e5f3b5c6eb152d34655d2995ea26232f3b3ff,False,False,False,0
server/packages/platform/experience/src/neon-action-policy-registry.ts,ts,application_source,c5e4e3f1a5a7e5b5ce6c3423d1468d1c3660d962b23430819872b5a064dd007d,True,False,False,1
server/packages/platform/experience/src/ports.ts,ts,application_source,2f63ad1881bda8cda575c41c32ef1b6ab0c61874fad8aefe559413bd9bdeec10,False,False,False,0
server/packages/platform/experience/src/published-summary-service.test.ts,ts,test_fixture,30b516c294256fece860921007573da46f26b2c4ce4f8548b3e8e5d79f3ad316,False,False,False,0
server/packages/platform/experience/src/published-summary-service.ts,ts,application_source,9e3ef58877a580d6c606b6dc42a9c5173e93e19315bb0d988009a6f5f6f5e768,False,False,False,0
server/packages/platform/experience/src/record-participants.test.ts,ts,test_fixture,7074238e461cb53b11f4445bd627067c2c54ef055265c29ea2d94521f22d2974,False,True,False,1
server/packages/platform/experience/src/record-participants.ts,ts,application_source,075ecdef4511b4ae7a6f62538928c45c25cf3ee7101c16eb689c9b3d431597f9,False,False,False,0
server/packages/platform/experience/src/routes.test.ts,ts,test_fixture,61ebc1af2bd879b10c077770900db7ed19782036a6c22a268ed407ea220d81ea,True,False,False,4
server/packages/platform/experience/src/routes.ts,ts,application_source,0de6d92073461b17b20172ab5a0737b02c760caeda5a738944e86f0edf6255a5,True,False,False,6
server/packages/platform/experience/src/service.test.ts,ts,test_fixture,5bb4e12b9781f309b2514f443f0cd0e084f7c406339b5868c67e4f9af98ba78b,True,True,False,13
server/packages/platform/experience/src/service.ts,ts,application_source,1b6ea00cf20c43dfb64d5bcb1c36a06c542eff230485b5e8652f79187f57581c,True,True,False,8
server/packages/platform/experience/vitest.config.ts,ts,tooling_operations,e3a815b8a97d0d78c62856db72e30ccb8c8bbd2d967fb325bcd3f22def5afc49,False,False,False,0
server/packages/platform/features/src/feature-cohort.test.ts,ts,test_fixture,699ccc21024083bb8d8fd1876651c9f5e14cb658d757682c488201e1930a4d7d,False,False,False,0
server/packages/platform/features/src/feature-cohort.ts,ts,application_source,60530aa2c23b9aa0025b9bb4db27635ae19e158f2f38cf73bcacaa89a2be099a,False,False,False,0
server/packages/platform/features/src/features.test.ts,ts,test_fixture,b70577c1f077edc0f5f5f739610b3a6e234d932fd8aa705c3fe89e9a8e61c062,False,False,False,0
server/packages/platform/features/src/index.ts,ts,application_source,0afb29fcd7c9d6aecf88769f65440fcc281b7a7217eef62650002f1da15b7fea,False,False,False,0
server/packages/platform/features/src/semver.d.ts,ts,declaration_generated,5ff676521e1b9f8a54ae4a69e65bf4bb26de0be6a41b9671e34035b211c59886,False,False,False,0
server/packages/platform/features/vitest.config.ts,ts,tooling_operations,eeae3902657c50d11feaa96776aec248c66b72c1b27458e51ccff524e7175530,False,False,False,0
server/packages/platform/governance/src/compliance/kysely-compliance-repositories.test.ts,ts,test_fixture,2c48c9fabe49a3cf3595cb5548d42e3c8828e63f119edb85a459fa803b098e1b,False,True,False,1
server/packages/platform/governance/src/compliance/kysely-compliance-repositories.ts,ts,application_source,3973f454f8b29b4cb60280e58960eef58bb69303d6b8be430acb15e4be700a78,False,False,False,0
server/packages/platform/governance/src/compliance/legal-hold-service.test.ts,ts,test_fixture,1651846269a80135d19e105040f28404529c8f3d73f11b5b8979aafb27bc09a4,False,False,False,0
server/packages/platform/governance/src/compliance/legal-hold-service.ts,ts,application_source,d5bf14a99c54d49e7aa663a7732cc5eda9664978475dac80493e41a1560f9a29,False,False,False,0
server/packages/platform/governance/src/compliance/report-pack-service.test.ts,ts,test_fixture,df958810c7a5bf315e63fc640bb06c29b0ebec18ec719477316af109f9ef1c02,False,True,False,2
server/packages/platform/governance/src/compliance/report-pack-service.ts,ts,application_source,1b11c01ebba6d32ec326d437898777687d71e828e075e94d74ff25da0e37f31c,False,False,False,0
server/packages/platform/governance/src/consent/channel-consent-service.test.ts,ts,test_fixture,d138154783703f0113f77fc21f74723d504b1af1e96eb8a142330611d6803474,False,True,False,4
server/packages/platform/governance/src/consent/channel-consent-service.ts,ts,application_source,2cbcefe0c7333e3614472b657f05d2cffbbbe62342839a4c47ec3b5a268db63d,False,False,False,0
server/packages/platform/governance/src/cycles/cycle-execution-services.test.ts,ts,test_fixture,b0570d74543b0a7020debcc6b62c3a48ad22e3f4b3582d06c683a9d25b0d1481,False,True,False,5
server/packages/platform/governance/src/cycles/cycle-execution-services.ts,ts,application_source,f64b3f871e65b9b8b7d04d7d5c395743ed7e91c18f6d4b25c7140a60a0319e72,False,False,False,0
server/packages/platform/governance/src/cycles/in-memory-cycle-execution-repository.ts,ts,application_source,8a0a57ddb5bec961c34593f40dfa3ec37ea71bb533a4f4e2ae4e9db900c690d7,False,False,False,0
server/packages/platform/governance/src/cycles/kysely-cycle-execution-repository.test.ts,ts,test_fixture,f33d8caeed749f6149a7a4f2b517d5f7762d88182f8af65828b42328ef97e45f,False,True,False,2
server/packages/platform/governance/src/cycles/kysely-cycle-execution-repository.ts,ts,application_source,ba161e7cca9dc18cee9e90c7002303eaf7dcdd793200ad7e292c5cfd403d3cac,False,False,False,0
server/packages/platform/governance/src/index.ts,ts,application_source,9d433b18591e33eda4b5fc2ec978257961208f2494dbe8165e98117959e3ae2d,False,False,False,0
server/packages/platform/governance/src/moderation/moderation-service.test.ts,ts,test_fixture,2ac790a225f7d454df1c0b0b425b7b27865fb8c478bb23786ac76ae3c5e2ad4c,False,False,False,0
server/packages/platform/governance/src/moderation/moderation-service.ts,ts,application_source,ad3ece8c1de802e762dc010ade7b2066ddb501a6e996ce4a77d024c72940f6a6,False,False,False,0
server/packages/platform/governance/src/process-selection/fixture.test-helper.ts,ts,test_fixture,4589bfd62da16398e48a1b80251f28dcc34467e274a33eeea82da16ea5e04a63,False,True,False,1
server/packages/platform/governance/src/process-selection/kysely-process-document-intent.ts,ts,application_source,1ccb64c6d43a20437dfa62764e47a39485d51b0491b58aecedea0c678fc44133,False,False,False,0
server/packages/platform/governance/src/process-selection/kysely-process-selection-evidence.ts,ts,application_source,e7e7254fb9433ec1c276e598043d42d03e72830ad5cdf732fe831db536224f2f,False,False,False,0
server/packages/platform/governance/src/process-selection/process-selection-service.test.ts,ts,test_fixture,0feacaf628c5e6834c18f9fef33ce159fb7c07d8c6d1c457c15b5d839db68bd7,False,False,False,0
server/packages/platform/governance/src/process-selection/process-selection-service.ts,ts,application_source,24b1f2d22b0950789215c372c1ee80e5d0f8851d95d1ab7c0fed3c6d83ba5012,False,False,False,0
server/packages/platform/governance/src/process-selection/setup.test-helper.ts,ts,test_fixture,1aa9f05a0279d14c4a5c9829e4b9a0b209bcbba6643f653be99e37953f117e4f,False,False,False,0
server/packages/platform/governance/src/repositories/kysely-governance-repository.test.ts,ts,test_fixture,0303f93773b858bccab512e157a051b1dc54d45b792b10473d244eb2e4074234,False,True,False,2
server/packages/platform/governance/src/repositories/kysely-governance-repository.ts,ts,application_source,4fb647a8f5096bd8f68c0aa4f5b2a58cc7ed28e1d87be35edbf8bcabb3370d85,False,False,False,0
server/packages/platform/governance/src/routes/compliance-routes.ts,ts,application_source,a4721138cc6f0c4277e950e777331803407423f0114a84be21b7ebe4f482a83a,False,False,False,0
server/packages/platform/governance/src/routes/governance-http.test.ts,ts,test_fixture,6a78d3bcabe9976688baf74331e8deedd01e86c832e082df175146f8b0d962a4,False,True,False,1
server/packages/platform/governance/src/routes/governance-routes.test.ts,ts,test_fixture,305e1d1bab0dc69b44a07bc69f1e95264a9c4f34c402ed3fab0f1fbe539ca91e,True,True,False,3
server/packages/platform/governance/src/routes/governance-routes.ts,ts,application_source,543b1ae9a585bd20dac3869972dca949a0dbf2094b8977e6bcc841cb7afcc59b,True,False,False,5
server/packages/platform/governance/src/routes/process-selection-routes.test.ts,ts,test_fixture,d02b2e905d793c836c7749beb9b950760f9f5f77ed8227a1533b751cf5fab4d3,False,False,False,0
server/packages/platform/governance/src/routes/process-selection-routes.ts,ts,application_source,85bd03ad3c2f9953714d7b8e80125fc08c5a18a86a16f57adb45e500e429c474,False,False,False,0
server/packages/platform/governance/src/routes/route-validation.ts,ts,application_source,afe5566b572be7a716f823063efb62c51a400c42d37da0627f5700b872fcf20d,False,False,False,0
server/packages/platform/governance/vitest.config.ts,ts,tooling_operations,ef37271d6e36a38ac90641cb406afb1ef6e919047e5b09d08b3e0c5108a8ebc8,False,False,False,0
server/packages/platform/iam/src/__tests__/authorization-golden-corpus.test.ts,ts,test_fixture,bd7fcbd55c76e4f623a671532d238a4be04fbc93b698a6544f2066b9e4fcfe9c,False,False,False,0
server/packages/platform/iam/src/__tests__/customer-portal-delivery.test.ts,ts,test_fixture,070ba151b2e5422e1668027bb8f0a190af5a9147a9b5217aa59f0d8600a110af,False,True,False,3
server/packages/platform/iam/src/__tests__/external-worker-identity-delivery.test.ts,ts,test_fixture,3edb8ea720325779e0e19b6a16aa4ff39f81df22c1efa23ce36fcce3325364ac,False,False,False,0
server/packages/platform/iam/src/__tests__/external-worker-identity-intent.test.ts,ts,test_fixture,3dcf59e11a82c66294458f2fb69e87ebf0d6943fb08e7cb5003eaaf53a5751f2,False,True,False,3
server/packages/platform/iam/src/__tests__/iam-foundation.test.ts,ts,test_fixture,5e338e1487d8998648730262fe17ba2c899d237201bd44b4596bcc207c35f943,False,False,False,0
server/packages/platform/iam/src/__tests__/iam-service.test.ts,ts,test_fixture,363db9bee945e19513c61a5c3430ed7e587643566f6bff49775e57b59f7b28c2,True,False,False,2
server/packages/platform/iam/src/__tests__/identity-provisioning-lifecycle.test.ts,ts,test_fixture,f0c48db12b7cccd73923d8b4592a4faa51be175446fdcd9f1d803ec59ffcca96,False,False,False,0
server/packages/platform/iam/src/__tests__/identity-replay-approval.test.ts,ts,test_fixture,2b7c5f79f6dafef2e92e884b86366cfaf264d8e766fd05bc362782028dd01b43,False,False,True,5
server/packages/platform/iam/src/__tests__/identity-replay-repository.test.ts,ts,test_fixture,082eccfe930ab12a35c6673406215c917ad40278df2fadd9d2a6f9bb0bab1bc3,False,False,False,0
server/packages/platform/iam/src/__tests__/identity-replay-routes.test.ts,ts,test_fixture,e9f1b9b6b5253dccfba4cfc8cfb0d4d90c9260f09fbb133058e4d297799eb862,False,False,True,7
server/packages/platform/iam/src/__tests__/identity-saga.test.ts,ts,test_fixture,d791e00ae45783ac1cd8bcb843ecacc70949f078e1c76b8836f66612ea8b904d,False,True,False,2
server/packages/platform/iam/src/__tests__/keycloak-identity-provider.test.ts,ts,test_fixture,851e4080752bb1c5ac289b9b6851c739beea18fa89cb945fa5cdf929c81b0e2d,False,True,False,1
server/packages/platform/iam/src/__tests__/legacy-compatibility.test.ts,ts,test_fixture,e9434824d152410764b5585c1a2667dee6dc2943bccc00e97dc3a552c37f94b3,False,False,False,0
server/packages/platform/iam/src/__tests__/permission-authorizer.test.ts,ts,test_fixture,3f8ba580fad47a8f122a788858e5cfcb6c7233e6719993b7496accdf0e666ce0,True,False,True,32
server/packages/platform/iam/src/__tests__/projection-reconciliation.test.ts,ts,test_fixture,ddb26d7432048655ad307caf49127f03de658ce5d7373b14af5a43be45225951,False,False,False,0
server/packages/platform/iam/src/__tests__/provisioning-repository.test.ts,ts,test_fixture,a95f79735bf76339506a62cad2438cf7c2b696c9066e35d8d4f9c24e062cc115,False,False,False,0
server/packages/platform/iam/src/__tests__/provisioning-routes.test.ts,ts,test_fixture,f8f59181f81dab980329ee296ea5228ca0dae092e926b3facccb72f617e5f5e3,False,True,False,1
server/packages/platform/iam/src/__tests__/provisioning-vertical.test.ts,ts,test_fixture,614e1210b7724eefdafff2561ffa28e8523aefebfecd01d661a3b319542a7a25,True,False,False,3
server/packages/platform/iam/src/__tests__/shadow-authorizer.test.ts,ts,test_fixture,445f6ed6d3c7a4ebdd707bb0045c80f3ebe4994e622b89c016e703776f11fa80,False,True,False,3
server/packages/platform/iam/src/__tests__/source-permission-constraints.test.ts,ts,test_fixture,a1de0c4eb1860e0f2acfb51165f408cc8f984fa6553e2c3ae30be69c10123e01,False,True,True,10
server/packages/platform/iam/src/__tests__/trustiam-authority.test.ts,ts,test_fixture,5e868cab71608cc0fad84e818fe7046548cbe7d1e552aad0168677fec108369a,False,False,False,0
server/packages/platform/iam/src/customer-portal-delivery.ts,ts,application_source,41df77c264073ea3e75761db03134db5f4404eaa0ac518274d9c1282f67feb28,False,False,False,0
server/packages/platform/iam/src/external-worker-identity-delivery.ts,ts,application_source,8f54471871926c927bd9911ce91eae5c5c1caa166cb30457b7a67243f608cf8d,False,False,False,0
server/packages/platform/iam/src/external-worker-identity-intent.ts,ts,application_source,b6bee5d9203120267142af6712ef5b69fecd34fa10765ca17ffc66f09efb45c7,False,True,False,2
server/packages/platform/iam/src/gateway-envelope.ts,ts,application_source,d6a8589fe3240742ef09eb741ba5d2949c976eb70432407152f14ed921925cc8,False,False,False,0
server/packages/platform/iam/src/iam-config.ts,ts,application_source,103e52e2185c66f3ff353e65becde490af10ba502b7927112fe3d284cb13859d,False,False,False,0
server/packages/platform/iam/src/iam-contracts.ts,ts,application_source,aff8684495f2bed8f594057816a5e56b93a33dcdea880b2159f27459a1240d87,False,False,False,0
server/packages/platform/iam/src/iam-plane-selection.test.ts,ts,test_fixture,b0e581b206ab0005157f98ec545d708b24398c94595195d3fe3519ef469f749c,False,True,False,3
server/packages/platform/iam/src/iam-routes.ts,ts,application_source,10088e6576b45c7e812a663b872e16432fc5ea33249fe16bfad54ddea5dc8924,True,False,False,2
server/packages/platform/iam/src/iam-service.ts,ts,application_source,4b74714ade1a19d4b2f1424138c28f7a7b2cab889773123612cb7857e7662da9,False,False,True,5
server/packages/platform/iam/src/identity-provisioning-service.ts,ts,application_source,62e022d21a60c904cc23e6e322d87c9024bc87c410645d50ce1ed0082fada313,True,False,False,1
server/packages/platform/iam/src/identity-replay-approval.ts,ts,application_source,1d8e6b69ea64e5e5bf3611b407653c93d74f12f0409437380da2737bca90fead,True,False,True,4
server/packages/platform/iam/src/identity-replay-routes.ts,ts,application_source,8db1f78bc40d3a764f6fd7e5e22de736ef3245de7b557506c06680b57c4fa4c8,True,False,True,2
server/packages/platform/iam/src/identity-saga.ts,ts,application_source,498038b0ee2a8a64cf50f1d9c3d445844177f998df4886a07b4df890e0ac2d45,False,True,False,3
server/packages/platform/iam/src/index.ts,ts,application_source,c886e408e8ff6d04a5f2ea9080482b2460669555afb99a937466ab480489cd64,False,False,False,0
server/packages/platform/iam/src/keycloak-identity-provider.ts,ts,application_source,94034a6cace2457c33dbf47d815edc3ae68f69112e5c12d8c14b1f4b98dbbff6,False,False,False,0
server/packages/platform/iam/src/kysely-context-refresh.ts,ts,application_source,26797d43d7326ab669be4dda231eaed1d3c676dc229b6d69c25bd7894e308071,False,False,False,0
server/packages/platform/iam/src/kysely-identity-context-resolver.ts,ts,application_source,4b08bd2901614120a33ec844bcb7b17ee71f5b642ba439fbb7cea17d8a80f9e9,False,False,False,0
server/packages/platform/iam/src/kysely-identity-provisioning-attempt-repository.ts,ts,application_source,2588e07e8a06520ab3384d74a920dfa804b759feafb6eeef6d3e39e47c336171,False,False,False,0
server/packages/platform/iam/src/kysely-identity-replay-approval.ts,ts,application_source,656837da99bc45700f9d20a519f04a002e5ecb39b8c954d3553e5f27222cfec9,False,False,False,0
server/packages/platform/iam/src/kysely-identity-saga.ts,ts,application_source,dbc38dbfa840e247c7c15bee2d4036a06d0bdfe6f7f3e087051e4157a0ab7f20,False,False,False,0
server/packages/platform/iam/src/kysely-identity-source-coordinate.test.ts,ts,test_fixture,dcd557b7456f0b9b0b7879bdb3b88cc87f43070146de3f554d33a4bc89fd5251,False,True,False,4
server/packages/platform/iam/src/kysely-permission-resolver.ts,ts,application_source,d33f0fdf6f6823739785239702b8111b9e0026bc8a0bd162974840fb403a6d23,False,True,True,5
server/packages/platform/iam/src/kysely-projection-reconciliation.ts,ts,application_source,96616d781458790b1cfd755a413e78390ecb36a932eca856a900b52f42783c96,False,False,False,0
server/packages/platform/iam/src/kysely-provisioning-repository.ts,ts,application_source,113cd8d6e4dbe1ebdd51813b4beda237976953b2fedef631e5f7acf3b3a5827f,False,False,False,0
server/packages/platform/iam/src/kysely-trustiam-authority-repository.ts,ts,application_source,412ca11278c50617cd28fa2d02c4585916a0eb798d496fe5de1db03b033dcc54,False,False,False,0
server/packages/platform/iam/src/legacy-compatibility.ts,ts,application_source,61008341dc26f312f69b14f2200c23890f6f783e17fca2b0678686ac53d68a48,False,False,False,0
server/packages/platform/iam/src/local-graph-bindings.ts,ts,application_source,85b9b4668fb2a492c7555a3979ec1604906e89d4bb59dbbd4b8cf380e5f22e89,False,False,False,0
server/packages/platform/iam/src/organization-reconciliation.ts,ts,application_source,48bd41082f32d29c8d0262a9057503fd7dbe90ec695fa0f54ad6a5ce120f644c,False,False,False,0
server/packages/platform/iam/src/permission-authorizer.ts,ts,application_source,f24bc64e111ef9d2a3d47523605453f540617c0919901306b07bd0949969814f,False,False,True,8
server/packages/platform/iam/src/projection-reconciliation.ts,ts,application_source,5542cf642bf9e849bfe2a2480ec3430ef5c6f138571017b00467e3ff8c1c2578,False,False,False,0
server/packages/platform/iam/src/provisioning-vertical.ts,ts,application_source,d98e4032cad654f2c830c6d41bedc613dd6793acf6bad84afb56b27737c3d7b2,True,False,False,1
server/packages/platform/iam/src/provisioning.ts,ts,application_source,a513ccd74dd769fb7987586255baa960290cc46e7e3a3f7c2e6009446664346e,False,False,False,0
server/packages/platform/iam/src/required-actions.ts,ts,application_source,2f699778a59630c47057505e4f7605eacabe32028c8e723e215a462ca15e5297,False,False,False,0
server/packages/platform/iam/src/shadow-authorizer.ts,ts,application_source,8cadc666c8352901588b55f7e2d23e4f0e486c6b64141823cc2b9f2ba3575671,False,False,False,0
server/packages/platform/iam/src/trustiam-authority.ts,ts,application_source,11d40dddee2a584bcf91731240013550806df70fa4767ca790d336ab185674d0,False,True,False,1
server/packages/platform/iam/vitest.config.ts,ts,tooling_operations,d41e78be6eb331a48fbb85ebbaf4ae3ea4e65260f80f357744e6f42d6049e55f,False,False,False,0
server/packages/platform/jobs/src/__tests__/invalidation-worker.test.ts,ts,test_fixture,56b5c018f90124ea7fbb1d506d6eea52f330b6ffb61fa8c770a2da39bfab1a13,False,False,False,0
server/packages/platform/jobs/src/__tests__/job-admin-routes.test.ts,ts,test_fixture,9bf72c53ec2101102dca0773b42a789b1ef9bb28df80a2d7046dd20dae110569,False,False,False,0
server/packages/platform/jobs/src/__tests__/webhook-delivery.handler.test.ts,ts,test_fixture,77a8d9eedc42f650d4370fb1dc9fd18c37ac0e5fdfc7732b76c760385351e284,False,False,False,0
server/packages/platform/jobs/src/index.ts,ts,application_source,38030d865d3665ed5c3005d4dd33c36335f80c1108e2cc749963d13b28a0f887,False,False,False,0
server/packages/platform/jobs/src/invalidation-worker.ts,ts,application_source,b2b3cd1b847e5616d664c72669d13557a327fccb6331ef2ee108c6d39286f85c,False,False,False,0
server/packages/platform/jobs/src/job-admin-routes.ts,ts,application_source,7244106e08c9022ae98c6e586cdbbc1b7ec257495b865edd155b2ed17f4b14f4,True,True,False,12
server/packages/platform/jobs/src/webhook-delivery.handler.ts,ts,application_source,fc4c2aca5e9f076142b00f94da5e752847d7e8066eda5ecf1c2743e4d0757832,False,False,False,0
server/packages/platform/jobs/vitest.config.ts,ts,tooling_operations,1082cfad91eabf2cb5d81174edc0c9c15aba7cfa0a9dd82657d6a125f15a1af3,False,False,False,0
server/packages/platform/metadata/src/__tests__/activity-reader.test.ts,ts,test_fixture,178d4dfa8cfa5329d40ca803657c43584c7f1d594fac1da6347270b67414c73e,False,True,False,1
server/packages/platform/metadata/src/__tests__/authorized-browser-projection.test.ts,ts,test_fixture,a5309f0e925a921e8d8caf75f9502e54c53c7c7a1cf3f8b1db85eafa0bde5513,False,True,False,2
server/packages/platform/metadata/src/__tests__/capability-profile-reader.test.ts,ts,test_fixture,5916ce08ce42983707f87ea93102da08a9e87b725e5dd9f956c52e4c972359bc,False,True,False,1
server/packages/platform/metadata/src/__tests__/collection-relationship.test.ts,ts,test_fixture,a024030008a6926a71aea26471cf0e0522ecea51209f796265da3527286eefe9,False,True,False,5
server/packages/platform/metadata/src/__tests__/compiled-entity-flow-reader.test.ts,ts,test_fixture,f88006d136b1d7d59500fc49422031e67691e29ad65a33d2a541020ee6d7dcec,False,True,False,4
server/packages/platform/metadata/src/__tests__/compiled-entity-reader.test.ts,ts,test_fixture,13ad8be7a7f56e3efdb0a6dc7a7b085ff1fe127f5109feb35f64d7f83e3ff57c,False,True,False,2
server/packages/platform/metadata/src/__tests__/compiled-runtime-contract.test.ts,ts,test_fixture,4afa280bf7687b096fc7affa4f945d489cd60830956266bc3eac071d41af9f8c,True,False,False,1
server/packages/platform/metadata/src/__tests__/compiled-source-tenant.test.ts,ts,test_fixture,83090c89dc14f123acea12dcccc777583a9dd8492b8aa02829a7f80b6505a71c,False,True,False,7
server/packages/platform/metadata/src/__tests__/dev-publication-resolution.test.ts,ts,test_fixture,4798e6330545b0c2e1611a53b00366e64e0a7e2c44a791c3acd63f2fd7149aef,False,True,False,4
server/packages/platform/metadata/src/__tests__/directory-scope.test.ts,ts,test_fixture,a90d5f1ecb641d73c72431961519a3d1072882cd9e72f87637394fd9191951c3,False,True,False,1
server/packages/platform/metadata/src/__tests__/entity-ai.test.ts,ts,test_fixture,a426a92c6f29cddb2a7ea0fbc2ef1956a0a19a4d8ba9bd2dd5fd7d043c05cfe3,True,True,False,6
server/packages/platform/metadata/src/__tests__/entity-authorization.test.ts,ts,test_fixture,b43e650070b07ffb980beddd5512426afa87f6cb8af0fad9cfdd1aa533ec9363,True,False,False,2
server/packages/platform/metadata/src/__tests__/intake-projection.test.ts,ts,test_fixture,5b43a5d3a087b1aaaeadb772a2216a800deef345ec459b49286f899371a028de,False,True,False,4
server/packages/platform/metadata/src/__tests__/invalidation.test.ts,ts,test_fixture,64d501f72ea55563cc28bb17b370a9646035458c2aaf31ba2ca84430e79f49b3,False,False,False,0
server/packages/platform/metadata/src/__tests__/metadata-service.test.ts,ts,test_fixture,1784ef810015db508932751d2ca8dcf2c2e22d07505874ec45a7feb747a0c592,True,True,False,5
server/packages/platform/metadata/src/__tests__/native-field-writes.test.ts,ts,test_fixture,040f3e8205211be5acdce66071d9fc23b57fcbef2ef670692acbe977e4fa325d,False,False,False,0
server/packages/platform/metadata/src/__tests__/native-list-application.test.ts,ts,test_fixture,071796603c9dcebbabf34f9d0c1ab0b0ce662d9d163a0db81294f4413dd3b347,True,True,False,3
server/packages/platform/metadata/src/__tests__/query-access.test.ts,ts,test_fixture,4c0ecaf207ff8e0fb8fb3aec56c97fdbe50a544111c08a367ed9d3fc4854cc7e,False,False,False,0
server/packages/platform/metadata/src/artifact-resolution.ts,ts,application_source,709ddd6fb6bd64e1640adea91df9dcb9ec0c6aa5925acb04094a112ca21095e7,False,False,False,0
server/packages/platform/metadata/src/authorized-browser-projection.ts,ts,application_source,0ada94241d794601a8243ac6cbcf77115b48462ea5d15bb5cbad3d2b14d9a29d,False,False,False,0
server/packages/platform/metadata/src/compiled-entity-flow-reader.ts,ts,application_source,ed4b1d1306d7fef2fe482f15cbb018940b804ab82e17755dc7e355c88d5f35b9,False,True,False,4
server/packages/platform/metadata/src/compiled-entity-reader-concurrency.test.ts,ts,test_fixture,b857519f3f1a1c384cd1fafa76ac4f11064684a3a52d2e63a12056d80d5622af,False,True,False,2
server/packages/platform/metadata/src/compiled-entity-reader.ts,ts,application_source,25e1e19132202a6f3c747e4227668135894f16beb9cad14726374708f316c7b8,False,False,False,0
server/packages/platform/metadata/src/compiled-runtime-contract.ts,ts,application_source,faf08f477d83902fe7283c736da8b5db686e02c945f6efbabf748cab4cb102ad,False,False,False,0
server/packages/platform/metadata/src/descriptor-parser.test.ts,ts,test_fixture,b930fedfc87ebed17de205b061b59623b5e466100c5abcf31a3f46483e0a0bac,True,True,False,6
server/packages/platform/metadata/src/descriptor-parser.ts,ts,application_source,6453c020eba443190de3a546a47faa76c06eb5755e8f9b245d33bc2f7ac6228e,True,False,False,3
server/packages/platform/metadata/src/distributed-descriptor-cache.test.ts,ts,test_fixture,993d4110714c669f39bc94c8f63d1642bed1079c0e0fce870008ac0cec66044a,True,True,False,5
server/packages/platform/metadata/src/distributed-descriptor-cache.ts,ts,application_source,cf938098b1064b378b74c4ea19fc9e7b6e883243d9fc5d8ba73f6db9a67d46fa,False,False,False,0
server/packages/platform/metadata/src/entity-deployment-support.test.ts,ts,test_fixture,323381481eb5b9ead7c4d039f99d35881e0d7790bd61fbf7dd696cd77075d646,False,False,False,0
server/packages/platform/metadata/src/entity-deployment-support.ts,ts,application_source,687f5e1e3451da9b622c1cac4db3adb844a2bff8cd81d992fe1baef0b3718eac,False,False,False,0
server/packages/platform/metadata/src/entity-readiness-declaration.test.ts,ts,test_fixture,ab309773e6dff66887586e78d43081313da5c4b8fc9bdd4e75b1c3d454b1d327,True,True,False,4
server/packages/platform/metadata/src/entity-readiness-inventory.fixtures.ts,ts,test_fixture,7a1d120b611238928cac8220b5367dbbda901d80e7f4df46167c3e21e06ce0fb,True,True,False,4
server/packages/platform/metadata/src/entity-readiness-inventory.postgres.test.ts,ts,test_fixture,0723d7fa7ddeaeab78162e10477fedb3a66faceead21b2fb174e36fcbc717b4a,False,True,False,3
server/packages/platform/metadata/src/entity-readiness-inventory.test.ts,ts,test_fixture,ee1eb45ef75b44e5555f5edadfa3549af63d660bb49fdd81a60dc85c21f711b8,False,True,False,4
server/packages/platform/metadata/src/entity-readiness-inventory.ts,ts,application_source,b08f270e9327f7c29929b06e450eec02a8d9e5d2f892e8fda1c9f7c4ba264006,False,False,False,0
server/packages/platform/metadata/src/entity-support-qualification.test.ts,ts,test_fixture,b9c846d928f406f93cb2d9a6d7a59e4d1041e35eb4e7715262de5e5f5bc39b46,False,False,False,0
server/packages/platform/metadata/src/entity-support-qualification.ts,ts,application_source,4a82c9c15aeb411bf3b44f4dfc7641015726207d7a866d5871cb30a6b9e39ef6,False,False,False,0
server/packages/platform/metadata/src/form-presentation.test.ts,ts,test_fixture,abefb69d9b9b4811b0be5ef28977d522c22d21e702e0cc7e4504f0fd428a9a6e,True,True,False,4
server/packages/platform/metadata/src/index.ts,ts,application_source,fbaf55c0fd92c90a15d6e3a62c22e89553595d037b3f9a6879ab7067b1b52c93,False,False,False,0
server/packages/platform/metadata/src/intake-projection.ts,ts,application_source,7bc5dc6c6309944aebd10c62b95993bbabeef47995760f28041ac0b0a438bb8f,False,False,False,0
server/packages/platform/metadata/src/intake-surface-projection.ts,ts,application_source,ab64e3f67ad358937f9694f02dda7b2747c05919c381c4cab0794035511778fa,False,False,False,0
server/packages/platform/metadata/src/invalidation.ts,ts,application_source,16e9beade6a71151f9bd22054181356953d8bf6c5e000ed3165669b4db602561,False,False,False,0
server/packages/platform/metadata/src/local-graph-preview.test.ts,ts,test_fixture,f01b34085aa045252d1a236a0882b30e4b6fd3b494a6d9226e1ac66c98aeeb45,False,False,False,0
server/packages/platform/metadata/src/local-graph-preview.ts,ts,application_source,ee7f27264b3daac359ab6b43b40d902bf3b6d88e5c46164607b13ebba3f9b8d4,False,False,False,0
server/packages/platform/metadata/src/metadata-service.ts,ts,application_source,e0b66c90924abb246be2e39ba5a9366ff5be89e132d8aeeca5e4e48cded9bc98,False,False,False,0
server/packages/platform/metadata/src/native-runtime-projection.ts,ts,application_source,982131886f0846a71d3bc5f6890c4398a3ec45064934f8ce1fe7621017e13f69,True,False,False,1
server/packages/platform/metadata/src/reference-status-projection.test.ts,ts,test_fixture,50d9afa533940836698a9d00aeebce23c9ed63a0cd2fcedd349d84303804cbe8,False,False,False,0
server/packages/platform/metadata/src/runtime-descriptor-repository.ts,ts,application_source,f787c3782437df42112c7bed425966b9e5de066870c5d221eed675569f6935bd,False,False,False,0
server/packages/platform/metadata/vitest.config.ts,ts,tooling_operations,d41e78be6eb331a48fbb85ebbaf4ae3ea4e65260f80f357744e6f42d6049e55f,False,False,False,0
server/packages/platform/notifications/src/__tests__/activity-collection-query.test.ts,ts,test_fixture,7bbe85e0f97b52a52deb36da14ec0e348908c8a082750e44ff0ce0e2c7b78a2e,False,False,False,0
server/packages/platform/notifications/src/__tests__/activity-query-route.test.ts,ts,test_fixture,79793a499b09314ab0466ee6172ed78bd7a0910bb7ff2dec8c9b24106f5958e6,False,False,False,0
server/packages/platform/notifications/src/__tests__/activity-query.test.ts,ts,test_fixture,e29e06e1f84c204d207c4b1473e1e239e4dc6d615d44bd02bc3dffab24205aeb,False,True,False,1
server/packages/platform/notifications/src/__tests__/durable-notification-jobs.test.ts,ts,test_fixture,273def8f643e55ac9fe6d65dbc9528ae3044d8b116cafa75ebad79d18a307d52,False,False,False,0
server/packages/platform/notifications/src/__tests__/email-canary.test.ts,ts,test_fixture,783c9d3ed123b587e0604e6e6d1e5c4630e8a18be1a43c88dacd8d7fcc99a81d,False,False,False,0
server/packages/platform/notifications/src/__tests__/email-provider-tenancy.test.ts,ts,test_fixture,2ae1f97a4f69dcf5b2a2d7f5d9814197d9f6f5cfdc5af05b5f7840dacfc7f699,False,False,False,0
server/packages/platform/notifications/src/__tests__/entity-notification-delivery.test.ts,ts,test_fixture,66ccb9323e6aff0fe7be2493b65756c289df2b83d2e8a73543764da51478f5be,False,True,False,2
server/packages/platform/notifications/src/__tests__/entity-notification-planner.test.ts,ts,test_fixture,1c8c332f06b8360addec01399aa4d3b83faf23583ca6bf5dfc27b31aef618688,False,True,False,4
server/packages/platform/notifications/src/__tests__/entity-notification-routing.test.ts,ts,test_fixture,4e904504a2af1f14ef1327e3dddc14050770b328f56b2351995fcab683d460cd,False,True,False,3
server/packages/platform/notifications/src/__tests__/notification-operations-repository.test.ts,ts,test_fixture,6e9557dc567d744cf49b7a175cc1f55d43624e38f4c10e93cd56cb73ad040599,False,False,False,0
server/packages/platform/notifications/src/__tests__/notification-operations.test.ts,ts,test_fixture,7ce8149566c0edf013a81a841cf4f9aa407112300e619caed0e839b1ff5e5577,False,False,False,0
server/packages/platform/notifications/src/__tests__/notification-planning-support.test.ts,ts,test_fixture,a3522a62a9eeb58da90eb846d0f31146e578dcf1c78826ec814cea4d7812e9db,False,False,False,0
server/packages/platform/notifications/src/__tests__/notification-platform.test.ts,ts,test_fixture,2b856134f04d5e9bd81c5d32bbee302e29efa8d9163fb34369d07127d64437f8,False,False,False,0
server/packages/platform/notifications/src/__tests__/notification-preferences.test.ts,ts,test_fixture,4f8d03f296cf50a3fc1218af7d37c174a68557e9b0945de3bc36f06e5ddfe1c6,False,False,False,0
server/packages/platform/notifications/src/__tests__/notification-record-policy.test.ts,ts,test_fixture,935808404cef5689fb8f5a6e5aab5ee6b3cbd37a376b2fa7470dd4931491103f,False,True,False,1
server/packages/platform/notifications/src/__tests__/preference-outbox.test.ts,ts,test_fixture,67fcaba31e0736d083e89cbf3acc4a3df8157389f3a8b07f253c044424052de2,False,False,False,0
server/packages/platform/notifications/src/__tests__/provider-status.test.ts,ts,test_fixture,1ad3ceb90fae74626dd617fa7fb3596555cdcf6a342f757a527f66faaeab3377,False,False,False,0
server/packages/platform/notifications/src/__tests__/ses-activity-events.test.ts,ts,test_fixture,62130492fafa7989da95d2fc83ba244769f073cf06919afa978f679074ce95fd,False,False,False,0
server/packages/platform/notifications/src/__tests__/ses-delivery-events.test.ts,ts,test_fixture,6e8193597b1436b0993b661dfd785259592b3034e3689d6312dd9c0f143e3d92,False,False,False,0
server/packages/platform/notifications/src/__tests__/ses-event-message-handler.test.ts,ts,test_fixture,e45a92f318a894ccc2b7d2642378ee4d7168ef0dd6869093d8c0289b68ae260e,False,False,False,0
server/packages/platform/notifications/src/__tests__/suppression-aware-email.test.ts,ts,test_fixture,986608545d0e906c57f7d3311fff0b2326d6764db815a02205ab899c7efe6be1,False,False,False,0
server/packages/platform/notifications/src/activity-presentation.ts,ts,application_source,cd932516dbf626e7464fb6ad9cd947e400e3c4e113ba083ccace7f18396dba42,False,False,False,0
server/packages/platform/notifications/src/collaboration-notification-policy.ts,ts,application_source,63654f6d40cf8f786771bd5c3bc7a84272dc0a544a386f7ef87c0746e429da54,False,False,False,0
server/packages/platform/notifications/src/digest.ts,ts,application_source,86cb99f9a747c739e9cfb2464a46f24a5b90bc0e3bc6f8f22badd337ad36274a,False,False,False,0
server/packages/platform/notifications/src/durable-delivery.ts,ts,application_source,e68216aad2784fe1889db86215b120a80cc88e55dbc7c78fde57c2b7932a3678,False,False,False,0
server/packages/platform/notifications/src/email-canary.ts,ts,application_source,d7b2e0a623c368db1933ca04333ba00a6fc7e6e2035385aae855e2c11b53ad13,False,False,False,0
server/packages/platform/notifications/src/email-provider-tenancy.ts,ts,application_source,a11ea19cbbd47b732941246a5723177869a344384a50510f3322807596eed16e,False,False,False,0
server/packages/platform/notifications/src/entity-notification-delivery.ts,ts,application_source,61f51693e65a708de9776203f1de78bf654a186936843e098cc029ae6b8501a3,False,True,False,1
server/packages/platform/notifications/src/entity-notification-routing.ts,ts,application_source,1e6918aa39725a7e054636878d514fb09d0604759300c652d1ed648dd29765ad,False,False,False,0
server/packages/platform/notifications/src/in-app.handler.ts,ts,application_source,192553476d56c6bc45c1b1d6e8a8b6551f1fec1445c62137a9bdb4bbd5ff0ecb,False,False,False,0
server/packages/platform/notifications/src/index.ts,ts,application_source,0059ea49c4bad9bda1a7cd44648c1d8c5cfc053e4ae7258526c613eab9e0e21c,False,False,False,0
server/packages/platform/notifications/src/kysely-notification-preferences.ts,ts,application_source,4f386bc25d83603ee667ad01472f89ffcd2b16a9d6f0156ae88c9ceb678cffa5,False,True,False,1
server/packages/platform/notifications/src/kysely-notification-repositories.ts,ts,application_source,1b9a379f35ebc15a15a791dea9751fb30bd18759d89f211e7502018883190092,False,False,False,0
server/packages/platform/notifications/src/kysely-ses-delivery-event-repository.ts,ts,application_source,4de757a53f60d3fae4e861d8436a0d9201246b19df4dd4270623b0ee02681c24,False,False,False,0
server/packages/platform/notifications/src/kysely-webhook-repository.ts,ts,application_source,1c36eeedf4616b514d5d45e874e3560dadafec0f7ffa17cc5955abbfce6d66e8,False,False,False,0
server/packages/platform/notifications/src/notification-coordinator.ts,ts,application_source,fa366cd6062c96963849e327ceb48819882c195c1e5a5c36aa095071674b295e,False,False,False,0
server/packages/platform/notifications/src/notification-event-bus.ts,ts,application_source,b7d4b4f075dd542cbcc2275ed12c6c1c72be715cecf77c994f95a4e75c7049b0,False,False,False,0
server/packages/platform/notifications/src/notification-jobs.ts,ts,application_source,e4c1e01b6d23aeaef3957495be3031818487f8fe3f5c66ab8053ee7ffb22b298,False,False,False,0
server/packages/platform/notifications/src/notification-operations.ts,ts,application_source,ea61d8c55c4a604280c7eaf531bcfb58aa670d9383cd3756badc6b3d437f73c7,True,False,False,3
server/packages/platform/notifications/src/notification-orchestrator.ts,ts,application_source,416b7c4fbe716d9b9cacf06396ca427e508ef3984bf22a6629af924a544f8bc4,False,False,False,0
server/packages/platform/notifications/src/notification-planner.ts,ts,application_source,c349123f0ce7942aa449901274d8c35a5daf4bd36f2c40a3380f23cbfef0ef21,False,True,False,1
server/packages/platform/notifications/src/notification-planning-support.ts,ts,application_source,f6fe7b375cfd3da06ff4c88e0fd7e45533befea3175b0641ddd2afeb1e5205bc,False,False,False,0
server/packages/platform/notifications/src/notification-preferences.ts,ts,application_source,28932b5d03933c383041d024e7d70dd650e5666634d0736866977002ebfa7dcb,False,False,False,0
server/packages/platform/notifications/src/notification-routes.test.ts,ts,test_fixture,6152dc09c7de12ef36cf2196d557f2709fe8d4ee5934ca07405551e1bb1be603,False,False,False,0
server/packages/platform/notifications/src/notification-routes.ts,ts,application_source,31cf87c0d51f122cc1bd36d037c4155c25032be3b9187fac0c3f18f5b2ae6596,False,False,False,0
server/packages/platform/notifications/src/outbox-planning.ts,ts,application_source,6459d6139768e33adbf9afcf54337320d04ad62b180df9d2be70dcdfd48b4441,False,False,False,0
server/packages/platform/notifications/src/provider-status.ts,ts,application_source,65658a2a7d5677f500e92fcf60eacdc680752eb268aa7dc56411039844b43cde,False,False,False,0
server/packages/platform/notifications/src/push.handler.ts,ts,application_source,0faa262edea2bf936d9d1949fffd99a90d4785df5d3bc7b641cbcc9b2290e5df,False,False,False,0
server/packages/platform/notifications/src/recipient-resolver.ts,ts,application_source,5c5f80940aa7d38ed48041c346db33a5c0e1a799dca8d4e9071674332575c7b0,False,False,False,0
server/packages/platform/notifications/src/ses-activity-events.ts,ts,application_source,429b254d2bbb3b58aed0fdeba535453e90fdbb102ac79a3a65323421ed242286,False,False,False,0
server/packages/platform/notifications/src/ses-delivery-events.ts,ts,application_source,ce51121c19b6f90631db3fdc06dba1aa61d435d5fb49a1a064b11b6bed78d1ba,False,False,False,0
server/packages/platform/notifications/src/ses-event-message-handler.ts,ts,application_source,1ae920a0251e7682c800125c6f23e5e35e0d43aaafaf6aaab465e00e74424080,False,False,False,0
server/packages/platform/notifications/src/suppression-aware-email.ts,ts,application_source,21be9159a6e3e79615243105ebfab41ff4be928288715f87d15989063e5b7824,False,False,False,0
server/packages/platform/notifications/vitest.config.ts,ts,tooling_operations,eeae3902657c50d11feaa96776aec248c66b72c1b27458e51ccff524e7175530,False,False,False,0
server/packages/platform/policy/src/__tests__/exact-policy.test.ts,ts,test_fixture,27a7dc6955f801981179c65328c37b695d242138d88a54ff63be65d9d9323191,False,False,False,0
server/packages/platform/policy/src/__tests__/json-rule-evaluator.test.ts,ts,test_fixture,e3be523dbf630766ee25d72edcfeeae4e27ddd1ac22a875125750eaae8a454e1,False,False,False,0
server/packages/platform/policy/src/__tests__/kysely-policy-repository.test.ts,ts,test_fixture,fda90388072c5a79d4313f2f1889787832f35007f3fe7522fcbc47a6a4847d71,False,False,False,0
server/packages/platform/policy/src/__tests__/policy-routes.test.ts,ts,test_fixture,8c3d3385ece86891afa3f08faa8aef15914e4b35ddaa284c8256f733ac4fa36a,True,True,False,2
server/packages/platform/policy/src/__tests__/policy-service.test.ts,ts,test_fixture,359861824b8d6f82333fc1fbcc7719889239185043f2543817badba8a1188473,False,False,False,0
server/packages/platform/policy/src/__tests__/task-edit-policy.test.ts,ts,test_fixture,d38e3771d36f4511e3a0279e5e6a02b0d9e31e8e4d3a85509c81005260d77061,False,True,False,2
server/packages/platform/policy/src/cached-policy-repository.ts,ts,application_source,9096124998cf5dd77f106f8ab6220ed30b71df765a6184a23f97dba1f98b679f,False,False,False,0
server/packages/platform/policy/src/errors.ts,ts,application_source,b69752d78ea0cb6e7660840abfb2e5c52f147839f87fae710ced6a0d09c0f6b0,False,False,False,0
server/packages/platform/policy/src/index.ts,ts,application_source,16bafc990cc5413b1261a820d2dcf7736f45ef5f8ba97457b51d5979fd2e17e9,False,False,False,0
server/packages/platform/policy/src/json-rule-evaluator.ts,ts,application_source,33a9a2659dc7b88dfd39714e865d90c340e19a10b8a96259baf5b79adb773289,False,False,False,0
server/packages/platform/policy/src/kysely-policy-authoring-repository.ts,ts,application_source,80791a5a6e0352fda5a7b24d07c0e43f6637cbbf1c148337316be3cc062165f2,False,False,False,0
server/packages/platform/policy/src/kysely-policy-repository.ts,ts,application_source,c55ae2a80a59471ae9607e9f5b404cdaa813917e1c9a1790779fea54a1d8edb2,False,False,False,0
server/packages/platform/policy/src/policy-authoring-service.ts,ts,application_source,254f2e210e01cf30214f8412a90db23f83966ea0b59f9bfae0ec68e78bcdb1df,False,False,False,0
server/packages/platform/policy/src/policy-route-contracts.ts,ts,application_source,e42a4296e5fd6725360d29af39790350ddbbbd5b8d413bc1b68b264956a05688,True,False,False,1
server/packages/platform/policy/src/policy-routes.ts,ts,application_source,95ad31e66cbd037297215fdf287c4fde54e8662dd73f4bdc710b299ae1b89362,True,False,False,1
server/packages/platform/policy/src/policy-service.ts,ts,application_source,07f10ca8c6620d4e22a4d1cb65463b31bfe730031669e6ce6d8a240e99b0a15a,False,False,False,0
server/packages/platform/policy/src/task-edit-policy.ts,ts,application_source,b5e11cf553eba90dc23227e36a9c781d608fa278f42195f102f231691da00169,False,False,False,0
server/packages/platform/policy/vitest.config.ts,ts,tooling_operations,d41e78be6eb331a48fbb85ebbaf4ae3ea4e65260f80f357744e6f42d6049e55f,False,False,False,0
server/packages/platform/preferences/src/collection-views-routes.test.ts,ts,test_fixture,40f4077d06de09b2adca1e44e352b6633b60d73823c6ff08d3bcd3429f822185,False,False,False,0
server/packages/platform/preferences/src/entity-views-routes.test.ts,ts,test_fixture,0f0e0c7db219403d0c62316e6e0b483b46b2169691e5a59c73a1afe993eb7063,False,True,False,2
server/packages/platform/preferences/src/entity-views-routes.ts,ts,application_source,57f0d90d37f554f4c42843daa502316298cf328805d63a6d84bd80a46a66feff,False,False,False,0
server/packages/platform/preferences/src/entity-views.test.ts,ts,test_fixture,fd877a2d6c3336dbddfb3352acc155b870b34a2f3ec5cb020ad42f5fa63ae47e,False,False,False,0
server/packages/platform/preferences/src/index.ts,ts,application_source,6be85e1fb881172fba8a07e319e3f8fba9398ff23e01084e967c37e441a44166,False,False,False,0
server/packages/platform/preferences/src/kysely-saved-view-repository.test.ts,ts,test_fixture,f3578dc1c5dfd10b1384dd3ec0b21e9fb67d3922fcf88c247a8ae2ae29162225,False,True,False,1
server/packages/platform/preferences/src/kysely-saved-view-repository.ts,ts,application_source,0032b69a1e9e82cd644727dc2b1b653478cdefa7febb6bfec83b9def6eb409a3,False,False,False,0
server/packages/platform/preferences/src/preferences.test.ts,ts,test_fixture,7659d0a7af4021d5066c30a7c3f0124ffde35969c472f84736bcff51896b617e,False,True,False,5
server/packages/platform/preferences/src/reference-choice-routes.test.ts,ts,test_fixture,9a9b40640c698a72eb0f10195b1124f4012021d71532cff3768ce3c9a6ef3a26,False,True,False,1
server/packages/platform/preferences/src/reference-choice-routes.ts,ts,application_source,7c3640479449f046913dd3031feeb16387c9d5aa0815b3be8bb764019cce977e,False,False,False,0
server/packages/platform/preferences/src/saved-view-routes.compatibility.test.ts,ts,test_fixture,d18d0ba3d47d168f9cb5794062054e8c86f0c729af9ac4e33661070db1f6655b,False,False,False,0
server/packages/platform/preferences/src/saved-view-routes.test.ts,ts,test_fixture,7952126f73197f3e42146870f2f413abf251c4220e7461f989834d032cf860c1,False,True,False,7
server/packages/platform/preferences/src/saved-view-routes.ts,ts,application_source,921797a1839c5899e9986551a02a75589a0aa7f9beba4e15396bb585b1a6e2f6,False,False,False,0
server/packages/platform/preferences/vitest.config.ts,ts,tooling_operations,d41e78be6eb331a48fbb85ebbaf4ae3ea4e65260f80f357744e6f42d6049e55f,False,False,False,0
server/packages/platform/reference-data/src/index.ts,ts,application_source,cd8b5938fbeb0cd9c80c78bf821228a27bbb15bb6f7e137d2bb2dad52b292523,False,True,False,4
server/packages/platform/reference-data/src/reference-data.test.ts,ts,test_fixture,8c5198c838de038ad93a694a8a6ea02e2e6254fd73eebd9ee5642d972c67b9cd,False,True,False,1
server/packages/platform/reference-data/vitest.config.ts,ts,tooling_operations,eeae3902657c50d11feaa96776aec248c66b72c1b27458e51ccff524e7175530,False,False,False,0
server/packages/platform/rendering/src/__tests__/rendering-service.test.ts,ts,test_fixture,739968576c6f90eb111c62c44c10dc2d1b82a8b7b4487d627c8e96904be2643b,False,False,False,0
server/packages/platform/rendering/src/index.ts,ts,application_source,ce89e9850c3aeedf31be3026acc6a6ac6f946a8dea1c29522e8a247145977e74,False,False,False,0
server/packages/platform/rendering/src/rendering-service.ts,ts,application_source,0d7e4516af8257646833ed14fc02f7fae37e6a591034879bae362b1d202108d9,False,False,False,0
server/packages/platform/rendering/vitest.config.ts,ts,tooling_operations,1082cfad91eabf2cb5d81174edc0c9c15aba7cfa0a9dd82657d6a125f15a1af3,False,False,False,0
server/packages/platform/search/src/__tests__/document-search-routes.test.ts,ts,test_fixture,3a2679182a0caf638501979d65590eae6efb365dd9082c515efa88364c3e4161,False,False,False,0
server/packages/platform/search/src/__tests__/document-search-service.test.ts,ts,test_fixture,9e94cb8702f25bb3b6e36bdd996ffae9a1e4f8af71bc4db860f9082d97d747e3,True,False,False,3
server/packages/platform/search/src/__tests__/fixtures.ts,ts,test_fixture,6b6cd55ea530377cf4126eb32c90614293770d3dfb21167a5bb61716ed571dd5,False,False,False,0
server/packages/platform/search/src/document-search-routes.ts,ts,application_source,55d1ce67ca0e79ff31a142299b4a01256a3097cabfa77a2cd5809b1337157f94,False,False,False,0
server/packages/platform/search/src/document-search-service.ts,ts,application_source,121c63adddcb5e5abd95fe4914a2f4d43c3066c0139c6d3440f9b0270bbad45a,True,False,False,2
server/packages/platform/search/src/index.ts,ts,application_source,95397ab03ba9dcccd947f91e3ee89c87ab60cb0ac4f37fbbcfbeb22a309239b4,False,False,False,0
server/packages/platform/search/vitest.config.ts,ts,tooling_operations,cced89e21f8f69fd8176b8e5251af00a06a49636ec2ce82d6f0f4b4f1a94a22e,False,False,False,0
server/packages/platform/taxonomy/src/index.ts,ts,application_source,c1938943a02f9b1f0ed5dd517872aca199478bbcc61c307861372c033d8b324a,False,False,False,0
server/packages/platform/taxonomy/src/taxonomy.test.ts,ts,test_fixture,7b898df33e4821cf8e7853a4fd25db272144cdd23c7232a0095a57249d6642d6,False,False,False,0
server/packages/platform/taxonomy/vitest.config.ts,ts,tooling_operations,eeae3902657c50d11feaa96776aec248c66b72c1b27458e51ccff524e7175530,False,False,False,0
server/packages/platform/verification/src/index.ts,ts,application_source,65750903ebf668fcd489019801878fe0d7226de52796081a0eae10906b45c7b7,False,False,False,0
server/packages/platform/workflow/src/__tests__/sla-automation.test.ts,ts,test_fixture,ab0e34a9a3b6e3219f348415d90baa6a9d8315686e41164b6b2a95737ec7f717,False,False,False,0
server/packages/platform/workflow/src/__tests__/task-approval-runner.test.ts,ts,test_fixture,07be206c73fa0848fa1b1d61bc888a860541036d6d8f11d7950ae67b0f06005d,False,False,False,0
server/packages/platform/workflow/src/__tests__/task-edit-rules.test.ts,ts,test_fixture,aed283a94487ebaa7537c3620822cfc8d3411ae50c4cde88422ebb8a3672165d,False,False,False,0
server/packages/platform/workflow/src/__tests__/task-governance.test.ts,ts,test_fixture,e412f9e847b820ccee6f72fe3ab483fcfc4d3da568c00f21be48671be5187c94,False,False,True,1
server/packages/platform/workflow/src/__tests__/workflow-jobs.test.ts,ts,test_fixture,a1e9742186dab4748bb2613c14ca1b25bf911e563a78461b4ef27d496bf99cd3,False,False,False,0
server/packages/platform/workflow/src/__tests__/workflow-modules.test.ts,ts,test_fixture,cb2472f4c341084f44fda2aa3d8b6f819b77af222cf6c7d62058bf42298a8fea,False,False,False,0
server/packages/platform/workflow/src/__tests__/workflow-repository.test.ts,ts,test_fixture,692ad0b4d346c8b1769e11e9090d7853859c59cd976451a10304cc33a3ed679f,False,True,False,2
server/packages/platform/workflow/src/__tests__/workflow-routes.test.ts,ts,test_fixture,8bc51a379c394848e26ab7fbae1048657112189f69df02274c2eeb47d9a863d1,False,True,False,1
server/packages/platform/workflow/src/__tests__/workflow-service.test.ts,ts,test_fixture,55ba41fca39fbb760b42508bbfd491e2acb3fef21086ea6abdd02db69e5d7f59,True,True,False,11
server/packages/platform/workflow/src/approvals.ts,ts,application_source,ec672ac4256798b3d6aefeb572a8c19ffa1e145f95b79bd1128034e079275acd,False,False,False,0
server/packages/platform/workflow/src/approver-resolution.ts,ts,application_source,7a8f9f7f59692dacbda41450b2369012e9d6abf70d33d0cf22bb391fa9ab60e5,False,False,False,0
server/packages/platform/workflow/src/authoring.ts,ts,application_source,4e076bffa53181e74a163abc84af140e079a52a46e94a0a2cafb322dcacb8560,False,False,False,0
server/packages/platform/workflow/src/domain-commands.ts,ts,application_source,f24dbb74659d137dbc2431422f98c7de786874eba846837240d6c734ff6a9551,False,False,False,0
server/packages/platform/workflow/src/errors.ts,ts,application_source,20c0fe6b7de439ac16efb58657e04324696b6d9bd598100a788336de26d09485,False,False,False,0
server/packages/platform/workflow/src/in-memory-workflow-repository.ts,ts,application_source,e1e2cb706fc571fd42c58abe0b2c3521b614563cd5e014764f082156c03ca8b9,False,False,False,0
server/packages/platform/workflow/src/inbox-cursor.ts,ts,application_source,4d6e55f5c86fa2f7314ef01540edaa6f8a382df789e5f8f102f80e90e763b3a8,False,False,False,0
server/packages/platform/workflow/src/index.ts,ts,application_source,763f38a13e256ddb6484b02ac51799bbbec119679a416d08c62edfdefd4bf403,False,False,False,0
server/packages/platform/workflow/src/kysely-workflow-repository.ts,ts,application_source,993e1e39a883edc0427f319692226676ed90a7f0a4178dbed2ab4e765f1fd391,False,False,False,0
server/packages/platform/workflow/src/recovery.ts,ts,application_source,7884a3dee42b4c2552c04f5b920f495881217ac8e8178c5f6d47556006a9458e,False,False,False,0
server/packages/platform/workflow/src/sla-automation.ts,ts,application_source,e39b05f67a4208b504e21781450b0c7afdb28f4ef4b11f5e8eb327393fdf6a56,True,False,False,1
server/packages/platform/workflow/src/sla.ts,ts,application_source,c63989ac7b7c94e5d62c3eea2cfa49906cf9ba1a2203a03a0448248bf2d5f6fa,False,False,False,0
server/packages/platform/workflow/src/task-approval-runner.ts,ts,application_source,8a2d6f562ed88de70d3a53d8b96ea66903ef9a28405b37850565435c04b46511,False,False,False,0
server/packages/platform/workflow/src/task-edit-rules.ts,ts,application_source,d479d5a2556a0b7f5cddac57730bb79b92fa8c3eeb4109c266b92808f9e2ca12,False,False,False,0
server/packages/platform/workflow/src/task-governance.ts,ts,application_source,84b0b0555234286b1fb92ff33020e5919deb3a2f0ab79d9d295d18769d886fc6,False,False,False,0
server/packages/platform/workflow/src/work-item-eligibility-sql.ts,ts,application_source,06f82ce1fdaf17f39aabe316bc6d83a2975e1486c2dacdce9d53316558291e97,False,False,False,0
server/packages/platform/workflow/src/workflow-jobs.ts,ts,application_source,3d41a64b517993dd913595c7a5eb0d1158f731abe40f3f460d4453dbb5e25721,False,False,False,0
server/packages/platform/workflow/src/workflow-routes.ts,ts,application_source,0cf0426edc2e218f099e155da6e49f81a41337bb747c76874ec605d8cbf7c428,False,False,False,0
server/packages/platform/workflow/src/workflow-service.ts,ts,application_source,48b2c48500c95562e3f7ab123178933791542b6826d2cfc3b9828d354664d80f,True,False,False,6
server/packages/platform/workflow/vitest.config.ts,ts,tooling_operations,d41e78be6eb331a48fbb85ebbaf4ae3ea4e65260f80f357744e6f42d6049e55f,False,False,False,0
server/packages/runtime/http/src/__tests__/http-runtime.test.ts,ts,test_fixture,61df2a48febc377a0b2998311cad6c768a75f954ae8c9fde2c357a437191d423,True,True,False,7
server/packages/runtime/http/src/__tests__/json-route-limits.test.ts,ts,test_fixture,dfec70a10940ec52c28e3149b4f4356e7054447800d74a8c562ca7685d72c436,False,False,False,0
server/packages/runtime/http/src/__tests__/middleware-contract-review.test.ts,ts,test_fixture,dd42295f2770bcd591111e9e40f58a448dfb50067a353f96344dd06c527b01c4,False,False,False,0
server/packages/runtime/http/src/__tests__/openapi-coverage.test.ts,ts,test_fixture,b3ccf970ace80f1d04e87a16e3306c1f182e1be3a3b73eea5b4cadfd94f1e637,False,False,False,0
server/packages/runtime/http/src/http-error.ts,ts,application_source,2b75d8e310494d8f69f89d0fce6882870a1438b675774921947470090a65ae28,False,False,False,0
server/packages/runtime/http/src/http-runtime.ts,ts,application_source,0a6247cd33953eaf75f60a01e8090c18c8a763de856946ec1eecb338e77b8d20,True,False,False,1
server/packages/runtime/http/src/index.ts,ts,application_source,bb938dbf8c927bb53fdba8d64a7b1d61722a54c88ae559228b151f2bfc14b5db,False,False,False,0
server/packages/runtime/http/src/problem-details.ts,ts,application_source,1832c12c71e9079b841c2cbedd9d9c661b4cebeaa7b98d4794003d1042ba5714,False,False,False,0
server/packages/runtime/http/src/route-contract.ts,ts,application_source,f5036b5d8d9c043298bbb077ed5e82553203c2a84419ef0a19057ba4bc39e578,False,False,False,0
server/packages/runtime/http/vitest.config.ts,ts,tooling_operations,1082cfad91eabf2cb5d81174edc0c9c15aba7cfa0a9dd82657d6a125f15a1af3,False,False,False,0
server/packages/runtime/jobs/src/__tests__/bullmq-job-runtime.test.ts,ts,test_fixture,d8afdcff4175a463987cad868dac95901e86d631f32af68ce97222319b691c11,False,False,False,0
server/packages/runtime/jobs/src/__tests__/job-cancellation.test.ts,ts,test_fixture,f93da005cbfcd3a7098df6035abde778ed8a1c7b4d9fa83977c8fb48b18789ab,False,False,False,0
server/packages/runtime/jobs/src/__tests__/job-retention.test.ts,ts,test_fixture,a009caf4dbccf97e8a1b04308b162454dd08ebf18a729b3e37b499e6bfaf6099,False,False,False,0
server/packages/runtime/jobs/src/bullmq-connection.ts,ts,application_source,6af128a3d3d5daca86a4ada4ec43ac3a5be477d9bcfddbc72a8610dc416c103f,False,False,False,0
server/packages/runtime/jobs/src/bullmq-job-runtime.ts,ts,application_source,62eaa800609b51e5004253214196105fbc56b4f991e0180786f83cf7099e2bcd,False,False,False,0
server/packages/runtime/jobs/src/deployment-boundary.ts,ts,application_source,53fbd8253c978005a693f76e93ec1d08719188744aa4dce7af54404fbf0abf27,False,False,False,0
server/packages/runtime/jobs/src/index.ts,ts,application_source,2b316f48b61f29cbe80db86e131a8660d25ea04347ddec6cd2930a7388228653,False,False,False,0
server/packages/runtime/jobs/src/job-cancellation.ts,ts,application_source,15d1da75a56192f1781435ba9422326952288a8a3ccb604cb9342501051bf61a,False,False,False,0
server/packages/runtime/jobs/src/job-retention.ts,ts,application_source,07bbc2c752446b06e55641f755aaa41023dbf256debb1addcfffced40bb874ae,False,False,False,0
server/packages/runtime/jobs/src/queue-maintenance.ts,ts,application_source,fd27db3a76089c4c2b043a8cfe8b33b72ccaba2a9a4cb46f68de80c38dd417a5,False,False,False,0
server/packages/runtime/jobs/vitest.config.ts,ts,tooling_operations,4f49d01f0120eff8b5bac0c9abc9bf6263c8da9834d288ff884c1e397436209f,False,False,False,0
server/packages/runtime/scheduling/src/__tests__/bullmq-job-scheduler.test.ts,ts,test_fixture,b09367e3cf08735f88094fce629bfd7e826139aedd5b300d3f6d8ac74be49e71,False,False,False,0
server/packages/runtime/scheduling/src/__tests__/schedule-owner-registry.test.ts,ts,test_fixture,ce65b6bcdf3a9a068464985cfb5a1dbbb5c0705a27405c8a29112e92ccb40a21,False,False,False,0
server/packages/runtime/scheduling/src/bullmq-job-scheduler.ts,ts,application_source,3d176179cbf465e271ccf2857954d4c66664372822cd9d5f64304410e07862ee,False,False,False,0
server/packages/runtime/scheduling/src/index.ts,ts,application_source,7f7f60c2ca378fd4de4fb1d8076da2111f9e967353d204be20bc9a1dcdde975b,False,False,False,0
server/packages/runtime/scheduling/src/schedule-owner-registry.ts,ts,application_source,a1f82a376a86214bdf35265575cd9e0ea73ec13f1c60cd57475304efb95fd85f,False,False,False,0
server/packages/runtime/scheduling/src/scheduler-leader-lease.ts,ts,application_source,0d3c2b1a38068052de93c91581e78c32446ef5297d5a5265bbbc70654e3fdcdb,False,False,False,0
server/packages/runtime/scheduling/src/scheduling-runtime.ts,ts,application_source,d9aaf7abda84cc304b939b83839619b262a817c18c8e37ad068740dd3b431863,False,False,False,0
server/packages/runtime/scheduling/vitest.config.ts,ts,tooling_operations,4f49d01f0120eff8b5bac0c9abc9bf6263c8da9834d288ff884c1e397436209f,False,False,False,0
server/packages/services/attachments/src/attachment-discovery-routes.ts,ts,application_source,be1d173f5a37c8956f3c676ff7ad6e7574db3a9709882defca27cde58a23a9fc,False,False,False,0
server/packages/services/attachments/src/attachment-discovery.test.ts,ts,test_fixture,d76f731b4cfe0f7d95b9d481302206fe1ba61e216159296123643ec545a86f7e,False,True,False,20
server/packages/services/attachments/src/attachment-lifecycle.test.ts,ts,test_fixture,37ddb182ead897a99ec9ce9c590ac339deff7efd82396171ae9bb88d89f0580a,False,True,False,1
server/packages/services/attachments/src/attachment-lifecycle.ts,ts,application_source,575fefbbeb132cc6634af3533322f28f94465587472392f867c725f00ef618eb,False,False,False,0
server/packages/services/attachments/src/attachment-routes.test.ts,ts,test_fixture,376f57fe5a638c83b89b878b3d81f989c0d6f0ac9e5c85887f25fc9c5019240d,True,True,False,24
server/packages/services/attachments/src/attachment-routes.ts,ts,application_source,8021030de7f040b51e67a9476bef1d9b83e64e0e09b37299f3f261dd5fa3739e,True,True,True,8
server/packages/services/attachments/src/attachment-security.test.ts,ts,test_fixture,7e54612fef77adc8013ec7b54925a516394fd7c61474194729b8337b8bcf2e68,False,True,False,4
server/packages/services/attachments/src/folder-scope.test.ts,ts,test_fixture,8749203f1ac82abe65ec9384aee2809ae4d11a783c287de1fd5f2a590818a607,False,True,False,4
server/packages/services/attachments/src/index.ts,ts,application_source,8e538f7c21baf23aaa1042cc9ff858c27b7a0d1a6477dc3ac76bbab33a5bdeef,False,False,False,0
server/packages/services/attachments/src/kysely-attachment-quota-ledger.ts,ts,application_source,6bc7c7a29fbd172147dd4a0ae1187ecd3f66bcf0a281b07db1d8a616b380df7f,False,False,False,0
server/packages/services/attachments/src/kysely-attachment-repository.ts,ts,application_source,390948710f4afd562a899a532bf7d6786757e3ec2df65d02436ca3e2842bd4fa,False,False,False,0
server/packages/services/attachments/src/quota-concurrency.test.ts,ts,test_fixture,e852163d87d6c6a1244c98fa08f3959f80dbf6e32d6dec4efee40b311af2f1dc,False,False,False,0
server/packages/services/attachments/src/quota-recovery.test.ts,ts,test_fixture,ba3c5dde20e5972f2939bacc7beedf874eb033b56dc58c90e48855dba7683abc,False,False,False,0
server/packages/services/attachments/src/quota-recovery.ts,ts,application_source,495449fdc2d78e705aaac20f6ff851f01d5f722a852e98305b06562c5b266539,False,False,False,0
server/packages/services/attachments/src/quota.ts,ts,application_source,5b23e28c7ebeaeb63491fff642e603134fc817693cdb36bb50690d188c1a3530,False,False,False,0
server/packages/services/attachments/src/retrieval-admission.test.ts,ts,test_fixture,3e42cbdb6b2af96c277686b24a05e60b210ed68ec75c4a78567ae75bdcde2e16,True,True,False,5
server/packages/services/attachments/src/retrieval-admission.ts,ts,application_source,1a444c62d240ca81d8f2c4ce79910f20dcab653eea3f1d75fa6de3fe5cda7002,True,False,False,1
server/packages/services/attachments/vitest.config.ts,ts,tooling_operations,e3a815b8a97d0d78c62856db72e30ccb8c8bbd2d967fb325bcd3f22def5afc49,False,False,False,0
server/packages/services/content/src/content-maintenance.ts,ts,application_source,9114a8bd6267b9757194d74e82526e507b8adf6bf2c2774aa3e4b700cb44cb23,False,False,False,0
server/packages/services/content/src/content-resource-service.ts,ts,application_source,1f4b340a066983e55d85cf74d66f2fc67694008f54afdaa2eee6d91f90526eb2,False,False,False,0
server/packages/services/content/src/content-routes.compatibility.test.ts,ts,test_fixture,63b6be87c97f2824039b181d892f0287d88d97e4d882fb28394741be0c3d495d,False,False,False,0
server/packages/services/content/src/content-routes.ts,ts,application_source,53dc385c0897d616db8b3208105310289da2bebd8a89e46fb2bc9acc7e7b4997,False,False,False,0
server/packages/services/content/src/content-service.test.ts,ts,test_fixture,e822595c174b6b37ecbe8654253f0ecfc08a463154517932ba7d65861aba6e7a,False,False,False,0
server/packages/services/content/src/content-service.ts,ts,application_source,0b1f52c72e8f3ea257478b050d78a08fcf7a987f05cca08468d9ed024335f5c5,True,True,False,3
server/packages/services/content/src/errors.ts,ts,application_source,9ca0b3e7561dfda94f91d680a31d5de16e4415fd07687561773166fcbcde5db1,False,False,False,0
server/packages/services/content/src/index.ts,ts,application_source,4aaaff89ba4573bb08be15c0f872acda57e7656f7d673ec532b45618fa54af3a,False,False,False,0
server/packages/services/content/src/kysely-content-acl.ts,ts,application_source,35ffe40d6f6c1b104b6c32b42568e1540a8de0c4f4382d6829bd7f5293de9a69,False,True,False,2
server/packages/services/content/src/kysely-content-quota.ts,ts,application_source,25fb858204622259218a25902b8cfe390b350cab70631e4eed516ab083e711eb,False,False,False,0
server/packages/services/content/src/kysely-content-repository.ts,ts,application_source,ab7b300cffcdf912dbfa87a909abb3cf0dd5cc45dc9833dc79b8469f5874c2cd,False,False,False,0
server/packages/services/content/src/kysely-content-resources.ts,ts,application_source,03398c8767b6cc838cf0ae01e005e55274655aec073fda700f73f12278357deb,False,False,False,0
server/packages/services/content/src/kysely-content-subjects.ts,ts,application_source,240ee56db54ed1548411912cee140a3acf76ff6ad826e3e62b44f12235f0b648,False,True,False,1
server/packages/services/content/src/ports.ts,ts,application_source,42215b2d71e9900c31d3f5b8ccd646441285736b87effb0b67888e8578d05a6a,False,True,False,2
server/packages/services/content/vitest.config.ts,ts,tooling_operations,82558b36ab6db283a8acd672c2d67d6db8ab4117bf5727321926311a554119cb,False,False,False,0
server/packages/services/document-derivatives/src/derivative-scan-backfill.test.ts,ts,test_fixture,cd2923cbd0d2a9609eaf371efb807247d5524aaf92782ffff44893416f4a07b3,False,False,False,0
server/packages/services/document-derivatives/src/derivative-scan-backfill.ts,ts,application_source,20652e33eda8eb923f16748bb44ce442c48b7b3767ab356bca9918458dfe46a6,False,False,False,0
server/packages/services/document-derivatives/src/document-derivatives.test.ts,ts,test_fixture,034ea60a4d9624a0412bcda3119eecb386556cbfe3bdeb0a0515177afc5b6330,False,False,False,0
server/packages/services/document-derivatives/src/document-derivatives.ts,ts,application_source,bcc4a3c6963b47e425646dada3f0aa6e7fd5f6a92b007cf3ac7ad4915499d70b,False,False,False,0
server/packages/services/document-derivatives/src/draft-source.test.ts,ts,test_fixture,1250ce19dc17dbb62aaa52761ef4936f3031ef9cf89783f36c688622150eaedc,False,False,False,0
server/packages/services/document-derivatives/src/index.ts,ts,application_source,51fb576a1ea7b9aa21236007ae186f9d669326540e7eb67318857969b93c76dd,False,False,False,0
server/packages/services/document-derivatives/vitest.config.ts,ts,tooling_operations,e3a815b8a97d0d78c62856db72e30ccb8c8bbd2d967fb325bcd3f22def5afc49,False,False,False,0
server/packages/services/document-processing/src/__tests__/bounded-download.test.ts,ts,test_fixture,b859a4acbec9500b533cf297e1f5f68a037f06d2d40c719055bade00098187b4,False,False,False,0
server/packages/services/document-processing/src/__tests__/document-processing.test.ts,ts,test_fixture,00b2867becb10ff6d827b569fc2eef884b1753c272f21752bf33e90cbd60ca4c,False,False,False,0
server/packages/services/document-processing/src/__tests__/extraction-scheduling.test.ts,ts,test_fixture,af1a599097dea9939f2218972b96f1ec57a7bb64eb768f86dfef3b8be02716dd,False,False,False,0
server/packages/services/document-processing/src/__tests__/search-backfill.test.ts,ts,test_fixture,f25ea874bcb782923d2598d2d2ab0874ae64fc8028c5785011a579f87ac5e2ab,False,True,False,1
server/packages/services/document-processing/src/bounded-download.ts,ts,application_source,ec672628c847e0ece80324c58b9992c39543eb105256c419a6427b817fde986b,False,False,False,0
server/packages/services/document-processing/src/document-processing.ts,ts,application_source,268e1f9d4001f03735495dd31c0562d4cf256f82108d832106d5999618a354f8,False,False,False,0
server/packages/services/document-processing/src/index.ts,ts,application_source,6157ee58f95748524ae5d4e246da3335f1ea096867f53fb9d3e1ec40e4074415,False,False,False,0
server/packages/services/document-processing/src/kysely-document-processing-repository.ts,ts,application_source,a8ade6b6366cb670e725e2d634c86fab765203b4212609aa12b8ed0c03aa069b,False,False,False,0
server/packages/services/document-processing/src/recovery.ts,ts,application_source,645d1a349012681ccd1ff22432a2ced61272739e7460679e6e487b68c21397ba,False,False,False,0
server/packages/services/document-processing/src/search-backfill.ts,ts,application_source,c251aa0a4c746573b6f0df42e1eec89ac10880dab8179bea1ffebe4063444ece,False,False,False,0
server/packages/services/document-processing/vitest.config.ts,ts,tooling_operations,cced89e21f8f69fd8176b8e5251af00a06a49636ec2ce82d6f0f4b4f1a94a22e,False,False,False,0
server/packages/services/documents/src/__tests__/document-repositories.test.ts,ts,test_fixture,5da9a5b6bcb44bda8ff6669405962a252c713ccc01b44898c10f411c705d6971,False,True,False,1
server/packages/services/documents/src/__tests__/document-routes.test.ts,ts,test_fixture,44dca04060d963ffd6efd17b238c2aadc662da1ae254e81c2fbb8f6f19e1be1d,False,True,False,1
server/packages/services/documents/src/__tests__/document-service.test.ts,ts,test_fixture,ed323b9146de7dd7f751ec01a2293a34ec475b760d46fa49f9a7424e2a647586,True,True,False,3
server/packages/services/documents/src/__tests__/notification-attachment-resolver.test.ts,ts,test_fixture,2301fd66e32a64cba8881f9b1f4273694dba75c8aaf09ec49a91983b2823144b,False,False,False,0
server/packages/services/documents/src/document-routes.ts,ts,application_source,8b78b4cdd9fc6ccd60e21486573baa03aee42e2bfc14fb7b7a98fef7c9cfa83f,False,True,False,1
server/packages/services/documents/src/document-service.ts,ts,application_source,6294f4371754f2014b600869746558269838841ff51678fe081bac0c12b5151c,True,False,False,1
server/packages/services/documents/src/errors.ts,ts,application_source,9c6b7dfd7f7513e467110ab1bdca9b4194edf5153aea01a5237cdf6468533bc6,False,False,False,0
server/packages/services/documents/src/index.ts,ts,application_source,8c74713ab1799b96b1b5fe15815e0cdff5335b7cf487cb2fd0b3406b22d66dd5,False,False,False,0
server/packages/services/documents/src/kysely-document-repositories.ts,ts,application_source,53121bf2252ecacf7fe6439ef66981e657f0c193522756644f51e84d6d9f1ed2,False,False,False,0
server/packages/services/documents/src/notification-attachment-resolver.ts,ts,application_source,2a3bb13d0804b124f58bf5cffd97e268a76da9f56f96afb55ad87cbcccafd5d2,False,False,False,0
server/packages/services/documents/src/strict-template-renderer.ts,ts,application_source,90e5397de270d65a703fb9e4f5310af4c3db9f0367b74e8c72f36a88a7353074,False,False,False,0
server/packages/services/documents/vitest.config.ts,ts,tooling_operations,ef37271d6e36a38ac90641cb406afb1ef6e919047e5b09d08b3e0c5108a8ebc8,False,False,False,0
server/packages/services/entity-governance/src/entity-change-case-service.ts,ts,application_source,c5432c7d0938f6ccf8ee933add02980674c25a8f388bd551052af431ea75c083,False,False,False,0
server/packages/services/entity-governance/src/index.ts,ts,application_source,b59b769fa111c59ef2c54573e5b7375394e60f4c4b1582ac9f8879bd5c317f4f,False,False,False,0
server/packages/services/finance/src/budget/budget-service.test.ts,ts,test_fixture,301905ae3f9cdd33d92d56786ffae55adfa9c47300d44daa373c613aead2ff98,False,False,False,0
server/packages/services/finance/src/budget/budget-service.ts,ts,application_source,a72705228e6c0c32ab9ede586f8c0778157350935fc77a71f49bc0af5280dc61,False,False,False,0
server/packages/services/finance/src/budget/kysely-budget-repository.ts,ts,application_source,894f00649a639a88b39b8efa71c4dc390fd9a49ef48d812dc7031ec9d715d221,False,False,False,0
server/packages/services/finance/src/closing/closing-services.test.ts,ts,test_fixture,3c9de7399d59886e8186207c5f07ec7158130bc0cee1f03eda63d60f6801efdd,False,True,False,1
server/packages/services/finance/src/closing/closing-services.ts,ts,application_source,8d78819dee30797046572dc189c0a0aa6254025605fd33ec0204141631853079,False,False,False,0
server/packages/services/finance/src/closing/kysely-closing-repositories.ts,ts,application_source,e713d4396dedf946d776d02f2b775ad8c5fe098b6798c63d4ba27a503336318b,False,False,False,0
server/packages/services/finance/src/external-workforce/kysely-service-sheet-source-repository.ts,ts,application_source,f3a30877cc15681b9eddb9eb7d00409b3874699849ecdf4effab300898539f9e,False,False,False,0
server/packages/services/finance/src/external-workforce/service-sheet-source-service.test.ts,ts,test_fixture,eb8a4cc270a0f9d847c2023b883e094de327ed7acba4b9ff7505f38fe0509054,False,False,False,0
server/packages/services/finance/src/external-workforce/service-sheet-source-service.ts,ts,application_source,e4a30e2fb662d84383c4b6da84b428e9b4e80fa9f632c167d5ea5b5c397a552a,False,False,False,0
server/packages/services/finance/src/index.ts,ts,application_source,1089a0cc89548ce74d37ee4e572773e02f75072c7d421aec81b6bd80131d0ffa,False,False,False,0
server/packages/services/finance/src/inventory/f4-acceptance.test.ts,ts,test_fixture,16947f7167999b64b5499d973385fb02eda16f24ba0c5768c0b0d6b3ee34db2f,True,True,False,2
server/packages/services/finance/src/inventory/inventory-service.test.ts,ts,test_fixture,f34879362426fd9da15b5f1ffc032bfdb330ea7000f653bfcf52a195e96c1c6c,False,False,False,0
server/packages/services/finance/src/inventory/inventory-service.ts,ts,application_source,8509d4d21cab40c2a430eea55db6a22c351d5f1ed690c93cfcc6a345d2beaec8,False,False,False,0
server/packages/services/finance/src/inventory/kysely-inventory-repository.ts,ts,application_source,3c70516c33e0facc47e05e00b61f8d0e5badcc84d74787f84e7b3557e50748a4,False,False,False,0
server/packages/services/finance/src/ledger/commitment-service.ts,ts,application_source,f64b2590e029a98ac49bdddf1dd9fc9ce36908883f1e2e8e8d7031ffd17096e2,False,False,False,0
server/packages/services/finance/src/ledger/cross-book-posting-service.ts,ts,application_source,e93e7b788512ab825ab423a4cf9208d8b0804c8e4180017a4f38fa5e0ff72907,False,False,False,0
server/packages/services/finance/src/ledger/f3-acceptance.test.ts,ts,test_fixture,a87dd3d7ab62dfefbd23dcd262f148e87ef714193e77d326c899cae148ca18cc,False,True,False,1
server/packages/services/finance/src/ledger/gl-posting-service.ts,ts,application_source,73afd4b4f96838cef57a7ae7784d1266ba309743b481ab59817946b774d4074f,False,False,False,0
server/packages/services/finance/src/ledger/kysely-commitment-repository.ts,ts,application_source,7cbb95f624bf367b239c6d8f6c70b665ed278ef9b2c65d137888e4fed5a3d34c,False,False,False,0
server/packages/services/finance/src/ledger/kysely-cross-book-repository.ts,ts,application_source,9ff38c1aaec2b6d3bf010bb8f072a20bbf15cd6ec3064bef0e84f913bba6a294,False,False,False,0
server/packages/services/finance/src/ledger/kysely-gl-balance-repository.ts,ts,application_source,8ebb9060447bb65464ce70aff4b93ace1893bb8877ae01f13f9c53975cbcb092,False,False,False,0
server/packages/services/finance/src/numbering/kysely-numbering-repository.ts,ts,application_source,7a254bf98124c388e9ec9c3629cf3a998db4f9b9d201a6c370f95b09fc2d47f8,False,False,False,0
server/packages/services/finance/src/numbering/numbering-service.test.ts,ts,test_fixture,bbab92ec5f1d35b95e7bcda2d47788832436657f718c2628288f48137c4715e0,False,False,False,0
server/packages/services/finance/src/numbering/numbering-service.ts,ts,application_source,d64bec1856b8d4835805fbab6c5b879baec42ca5062592bb549b868a514730f3,False,False,False,0
server/packages/services/finance/src/planning/kysely-planning-repository.ts,ts,application_source,644b6f1d8eaf5820cdfbe3f46d0136c6098707eb33f0ad0f53348827d3fbe924,False,False,False,0
server/packages/services/finance/src/planning/planning-service.test.ts,ts,test_fixture,ef830f12ed9957567d6e45fe8db09773770ef13fc7c1949cea72e70b3e005a77,False,False,False,0
server/packages/services/finance/src/planning/planning-service.ts,ts,application_source,a33d15cf153e4992d52492076ba567e70b97222dad21925a791d0f16becff43a,False,False,False,0
server/packages/services/finance/src/shared/book-period-service.ts,ts,application_source,3f38ac4b0545f51bc94f10a948161e86b5a5ad940c18edd2e150a27182fbb325,False,False,False,0
server/packages/services/finance/src/shared/canonical.ts,ts,application_source,df768c0d62291467265552a2a9e0cb975a6c599213d2e80cb0db09ee44bcaf51,False,False,False,0
server/packages/services/finance/src/shared/decimal.ts,ts,application_source,fd25189b371f2a3ae23cefec4e029efdacc5b49b42af89b9a5f79586fb6e4621,False,False,False,0
server/packages/services/finance/src/shared/evidence.ts,ts,application_source,f277226b04d6379b6e00b6ec13819f1a60afd16d25d5734db7519734f7c1a4f6,False,False,False,0
server/packages/services/finance/src/shared/finance-foundation.test.ts,ts,test_fixture,efd42e9d9b434d3b2503c261fd2ce6b4068f902ef6d872966d9ccb356d6bb463,True,True,False,2
server/packages/services/finance/src/shared/generated-column-contract.test.ts,ts,test_fixture,596a34e3b7439aa04d2af2ac998ad728b5faca06b0c8f4fd3f1f71bcb6176410,False,False,False,0
server/packages/services/finance/src/shared/in-memory-command-repository.ts,ts,application_source,6b1912ad59a72a752800aac6d3c95bb84aad0d1f2fe72d6cd684910b462b96f4,False,False,False,0
server/packages/services/finance/src/shared/kysely-command-repository.postgres.test.ts,ts,test_fixture,81635a6d865bfa0df91e3d0cff21d860e5aa30988550f69616cf3737728ed157,False,False,False,0
server/packages/services/finance/src/shared/kysely-command-repository.ts,ts,application_source,751807b53f98acbdc0a9cfde654671c4be47a9ebf4cc7e349dc2ee35ea499d48,False,False,False,0
server/packages/services/finance/src/shared/kysely-finance-foundation.ts,ts,application_source,1b9fcefe5adca854a8c07676b8f04e258ede49fb5e6d6406db2139ea367774e7,False,False,False,0
server/packages/services/finance/src/shared/period-closure-contract.test.ts,ts,test_fixture,1351bbf3b06c3498ab0dee9f2006e498e77f13b60a99ee4a0e646d5a05d36155,False,False,False,0
server/packages/services/finance/src/shared/permission-checker.ts,ts,application_source,36a00c449e40eb504b516aa83a0ea7819396d698ccfb91c0f228372aaca46888,False,False,False,0
server/packages/services/finance/src/shared/posting-context.test.ts,ts,test_fixture,8c5ecba08ad7de6dbd78ee77f669d4bd6f50f1d84ce90cdd28b0db2a196c0521,False,False,False,0
server/packages/services/finance/src/shared/posting-context.ts,ts,application_source,1df9096b402fb1fffa9c3c05c1c270dc43dc66200b1abf92e39a7a0eac79067a,False,False,False,0
server/packages/services/finance/src/shared/posting-guard.ts,ts,application_source,95cec46166108626ad5e8010b5ce31b0dc5dccd26838984b22b25bde94861fa8,False,False,False,0
server/packages/services/finance/src/shared/rounding-resolver.ts,ts,application_source,90a6bb7adb363d9d23c577dd8ceb3a0d509bb430acdaf26361b8d81b03f7ccef,False,False,False,0
server/packages/services/finance/src/tax/kysely-tax-configuration.ts,ts,application_source,e934d47180486c704b891bcb4be64c18be2f229034894dff43aefc2f5b881018,False,False,False,0
server/packages/services/finance/src/tax/kysely-tax-repositories.ts,ts,application_source,62054712eb945a5c4484a40f10fb7eb52bb14ea2c556886b0cc5296fb271ff33,False,False,False,0
server/packages/services/finance/src/tax/tax-calculation-service.ts,ts,application_source,32ab35488efaabd10f3d9900a2d5c86c8a33841fce1304d5e657fcaf163f446d,False,False,False,0
server/packages/services/finance/src/tax/tax-credit-service.ts,ts,application_source,a652cc467801eccf327d167c9ced09bb462dc635625da6dcfa7243f348784550,False,False,False,0
server/packages/services/finance/src/tax/tax-services.test.ts,ts,test_fixture,470dea5ab5bb29d6253a66f124792feacb8c8dea36ed9616ef182d29e8defbe1,True,True,False,2
server/packages/services/finance/vitest.config.ts,ts,tooling_operations,ef37271d6e36a38ac90641cb406afb1ef6e919047e5b09d08b3e0c5108a8ebc8,False,False,False,0
server/packages/services/integration/src/__tests__/delivery-evidence.test.ts,ts,test_fixture,76c9d197e3be8a1c05ba04c184f2ac3c6b100f45c741bc6c8ecc0332818e57ad,False,False,False,0
server/packages/services/integration/src/__tests__/inbound-repository.test.ts,ts,test_fixture,91747ba052eb0f732338eeb7ef9b76fb670bf00c685ab39b22bdb2cb37290a29,False,False,False,0
server/packages/services/integration/src/__tests__/inbound-webhook.test.ts,ts,test_fixture,2381c6bcaa39082f05d87dd5442b3fbe09d578caffb8429883eabf7c5c24848f,False,False,False,0
server/packages/services/integration/src/__tests__/integration-repository.test.ts,ts,test_fixture,9c19d4078b42735029a459df160ec186b09775505c8f9e05892aca0b01cc5472,False,False,False,0
server/packages/services/integration/src/__tests__/integration-routes.test.ts,ts,test_fixture,32d0e2fbe4ffee5f645bf1f9b09d507251f9dea4e9937f705f6cc8a1c27ff85e,False,True,False,1
server/packages/services/integration/src/delivery-jobs.ts,ts,application_source,17c6177c97135a757bddb8a65e3b6df0dd11b03cb01f51fb0f1889ffec03459d,False,False,False,0
server/packages/services/integration/src/inbound-webhook.ts,ts,application_source,c7b3667617ae104eedd89a94b0463b5fdffa06ccf33145576f64aa447f17cdb9,False,False,False,0
server/packages/services/integration/src/index.ts,ts,application_source,9fe746e28c1e26e8c9dc57338e320a47d430bf27ab9647fd866ca04e6ed0355d,False,False,False,0
server/packages/services/integration/src/integration-routes.ts,ts,application_source,d7569393d1a1daf4d4099ddd3bc2ed639ba7050d8eb1e429600d328354f2f9d2,False,False,False,0
server/packages/services/integration/src/integration-service.ts,ts,application_source,4618ac03a3816818a3ddd3b6e2981ff46f16b80a71e40c0148feb44bd40af2b0,False,False,False,0
server/packages/services/integration/src/kysely-inbound-webhook-policy.ts,ts,application_source,95cf2ad9431325ba842aee49735d9343d9689b35e6bfc369354a9ff783572152,False,False,False,0
server/packages/services/integration/src/kysely-integration-repository.ts,ts,application_source,3ac88129bc1190da5c48bf947030c23b2c2d5e4de3963d99b5f5d5cb2a6d01de,False,False,False,0
server/packages/services/integration/src/provisioning-command.ts,ts,application_source,1d8b8438988dfcb0634018588c88a8baf483c985903c7a362701e580690f32fa,False,False,False,0
server/packages/services/integration/vitest.config.ts,ts,tooling_operations,eeae3902657c50d11feaa96776aec248c66b72c1b27458e51ccff524e7175530,False,False,False,0
server/packages/services/jobs/src/__tests__/cron-preview.test.ts,ts,test_fixture,fda1132fb5c0c9438ba8758ef931f576f0ccf594e2cd38d0391515ab566489e3,False,False,False,0
server/packages/services/jobs/src/__tests__/governance-service.test.ts,ts,test_fixture,cb3c50fdcda1f224c2efd15690526b85670f38e4c54466a617b53ef58affe48e,False,False,False,0
server/packages/services/jobs/src/__tests__/jobs-service.test.ts,ts,test_fixture,62b445a6b3ccf28fcc88607d3ac068f260879e1f9af6e4d700c4ab35c9fd33ca,False,False,False,0
server/packages/services/jobs/src/__tests__/kysely-job-repositories.test.ts,ts,test_fixture,72015242ee33fa0282b28233f7c92cd1233b10a31280987bc1e2d8d113d40e09,False,False,False,0
server/packages/services/jobs/src/__tests__/schedule-reconciler.test.ts,ts,test_fixture,71e48824fd4f1616b469c2d56623515f50e9ee16a343e3b79b7da3a3efe95c91,False,False,False,0
server/packages/services/jobs/src/administration.ts,ts,application_source,35b7a64775a4026d55388185eae66334eb40d3127566dadb7c1bb41f3c14992e,False,False,False,0
server/packages/services/jobs/src/cron-preview.ts,ts,application_source,e43b8f84102c51f7da5753b665d851a479cd94a71aaa162a791c0bf3474cc404,False,False,False,0
server/packages/services/jobs/src/definition-catalog.ts,ts,application_source,16ba8d8f57a9d99e6594c3dc239ebfea039787b67a31947bb725bac92106854c,False,False,False,0
server/packages/services/jobs/src/execution-lifecycle.ts,ts,application_source,60e2a7c342ffacf1c7e20833de937ff1ae21dfe022971dbc44483113260c59e7,False,False,False,0
server/packages/services/jobs/src/governance-service.ts,ts,application_source,2315a97e9c90c8d9e85c71f765aa80cfa6d49af71a88ff163b3a2f8add9e9483,False,False,False,0
server/packages/services/jobs/src/index.ts,ts,application_source,9283dc177105b22df75f3a7a38b5ffe935e75077d6dddeeaab11f51097db581a,False,False,False,0
server/packages/services/jobs/src/kysely-job-repositories.ts,ts,application_source,215c63acc548fb90448b715fe0256057b5ba569f6eecef4b159d3e681a78fc03,False,True,False,2
server/packages/services/jobs/src/onboarding-definitions.ts,ts,application_source,aa193912f60edb1f30e3b0b5f605e3e27016c233bc804434149860cca6c3f7c5,False,False,False,0
server/packages/services/jobs/src/schedule-reconciler.ts,ts,application_source,a3f0947c671c747f301ced00e1ca689d44de8fa22a06a905e6e6c1000786fc7c,False,False,False,0
server/packages/services/jobs/vitest.config.ts,ts,tooling_operations,7934d727fcbf0b50acf5341336dc4e749f9f80e8fb38084247984d198c1bcd4e,False,False,False,0
server/packages/services/master-data/src/business-partner/collaboration-coordinates.ts,ts,application_source,277e31f64cc1802f8eafc40173eeec141cf5a0ced2f2408ade82c1eb9acc9190,False,True,False,2
server/packages/services/master-data/src/index.ts,ts,application_source,ebf4d0db5b7047a985207f375b0d14b10c66284b238392a77857c564b7863e1d,False,False,False,0
server/packages/services/master-data/vitest.config.ts,ts,tooling_operations,6faada07ab446131970b6edcd7d39e5d000d973eb4502e9d050ed86be7cb8952,False,False,False,0
server/packages/services/numbering/src/__tests__/numbering-counter-regression.test.ts,ts,test_fixture,299b7035b6d24f02691a30829b0f2c951bc38574a07d8212c92dc50fe8816829,False,False,False,0
server/packages/services/numbering/src/__tests__/numbering-service.test.ts,ts,test_fixture,53277df49207d7ed7318139bfd506b92a490eea2b6034814cc3c0d34b33824cb,False,False,False,0
server/packages/services/numbering/src/index.ts,ts,application_source,a6711eea2a0063c5b4b7cf81f82cd44ad31745c9d104b94d40fa6a2f9be4e5ab,False,False,False,0
server/packages/services/numbering/src/kysely-numbering-repository.ts,ts,application_source,70968c88f0486195141e553c18df3f8a29c67a663be96253504ed737abc518d8,False,False,False,0
server/packages/services/numbering/src/numbering-service.ts,ts,application_source,5fd8e257c372ad7e4048d710a3873ed8000771aefcf8cc5ef06fa2bd8885e3ca,False,False,False,0
server/packages/services/numbering/vitest.config.ts,ts,tooling_operations,ef37271d6e36a38ac90641cb406afb1ef6e919047e5b09d08b3e0c5108a8ebc8,False,False,False,0
server/packages/services/publication/src/__tests__/activity-publication.test.ts,ts,test_fixture,bfbf78f620f7e9046c85f5235123ed4409784c2aa860c84506287ebb55ae6d18,True,False,False,1
server/packages/services/publication/src/__tests__/authenticated-entity-release-review.test.ts,ts,test_fixture,c432c13aa2072bcad38711af3f3ac8b06462b39d69e78301561fe37fede4bcf0,False,True,True,5
server/packages/services/publication/src/__tests__/authority-api.test.ts,ts,test_fixture,4f6114d1b19bbf5fe2bc3af6b496a16c3e1463a75f3bf4328f96d046f33ca1d1,False,False,False,0
server/packages/services/publication/src/__tests__/authorization-activation-hold.test.ts,ts,test_fixture,f0dc1663204b7be15f85ce92f2903f831c316c5fe86f8bac3566ffebc7507cbd,False,True,False,1
server/packages/services/publication/src/__tests__/baseline-artifact.test.ts,ts,test_fixture,b5f3ba160bee612519cf8fe61446817a7bc4b79c52b02111bba868e389d0538a,False,False,False,0
server/packages/services/publication/src/__tests__/bp2-source-admission.test.ts,ts,test_fixture,e0278be364316662d0c1f81dd29b949523b4f38c36e94a64ca68644955498d57,True,True,False,4
server/packages/services/publication/src/__tests__/canonical-read-catalog.test.ts,ts,test_fixture,123a58dc570b04c256dc768ba7a1990e19c6ddac1c66911be1ab48aaaab44a24,True,True,False,3
server/packages/services/publication/src/__tests__/capability-profile-compilation.test.ts,ts,test_fixture,472bae547b6263e21bc9f9566507bbd4d8da7fdacbb491427839101c44b0fa54,False,True,False,1
server/packages/services/publication/src/__tests__/characterization/publication-characterization.test.ts,ts,test_fixture,fd0dc3d302e21a7be17fcdaf81d5afd734542bde67ee2778fd2a8bcf654ff323,False,False,False,0
server/packages/services/publication/src/__tests__/characterization/temporary-interfaces.ts,ts,test_fixture,523dbf53c4aa94b98e6171217f8b74830c2f3b0f46e345d60f7adecb0b3ee2c3,False,False,False,0
server/packages/services/publication/src/__tests__/collection-artifact.test.ts,ts,test_fixture,0a527587130280175c52bbb6eb5452e09f7f9cdd709b51d2912d39af2faf8198,False,False,False,0
server/packages/services/publication/src/__tests__/compiled-entity-artifact-compiler.test.ts,ts,test_fixture,05847c0f681e15d544a96e30c0dc5171ef921b5ec5ce487888d9bbbe8b176f88,False,False,False,0
server/packages/services/publication/src/__tests__/compiled-entity-collection-compiler.test.ts,ts,test_fixture,2c38f1552f8f341bfc28f4daa67a8fd1438a484e5ad6b58399ca23a808f5678e,True,True,False,14
server/packages/services/publication/src/__tests__/compiled-publication-scope.test.ts,ts,test_fixture,f6688a0c51907df8aea0b3711d06068bcaee0edf8e841453e01d4334a1aef57b,False,True,False,7
server/packages/services/publication/src/__tests__/compiled-runtime-publication.test.ts,ts,test_fixture,2e33b13b185a9b7e4b48c9af622afe55cea9226b56744172dde98b6d1161e4c4,False,False,False,0
server/packages/services/publication/src/__tests__/compiled-runtime-worker.test.ts,ts,test_fixture,c809f434bf040b1a9d9e8d9d8934032317a977b097c8f99cb4d208889e853dc2,False,False,False,0
server/packages/services/publication/src/__tests__/coordinated-entity-adoption.test.ts,ts,test_fixture,ad5d83b91b6a3a7e8bc5400e235b464459e63bb02ccee0d11014a3accd8ba55b,False,True,False,3
server/packages/services/publication/src/__tests__/dev-publication-boundaries.test.ts,ts,test_fixture,5a25163acf1f98375eee520c82f362b1840eae9bc1a85c7a255dbd5f5f363c0d,False,True,False,3
server/packages/services/publication/src/__tests__/dev-publication-classifier.test.ts,ts,test_fixture,4c94b66c773d4b171c33bf3ee890c583aec5530d8bde97b9f37c63bb9bbdaac9,True,False,False,3
server/packages/services/publication/src/__tests__/entity-adoption-plan.test.ts,ts,test_fixture,70bde3b84a0904c1de59b5793bc5716e851fe09d1bb3e5ad77f94ef8957b36eb,False,True,False,3
server/packages/services/publication/src/__tests__/entity-authorization-compiler.test.ts,ts,test_fixture,7aaf91f8a9723514c0f969a87e8fe38543d3e9eb8756223e3a7770b12f00ee11,True,True,False,9
server/packages/services/publication/src/__tests__/entity-authorization-publication-review.test.ts,ts,test_fixture,0de9b1225f08d476c7a091f95ffa8befe9b551b08ce6c9824dfc2a9e0dd76c3e,False,True,False,3
server/packages/services/publication/src/__tests__/entity-case-contract-routes.test.ts,ts,test_fixture,abae31ad473dcea35215a3d714c19116a0a0f68193a79acd58e258b52f065114,False,False,False,0
server/packages/services/publication/src/__tests__/entity-case-contract.test.ts,ts,test_fixture,d22f058601068d57d2dccaa5f7ca0567a82433084786a0edc46fdaf329135a85,False,True,False,2
server/packages/services/publication/src/__tests__/entity-definition-routes.test.ts,ts,test_fixture,550c82fa00b7ed4a24dbbf3b1d864f31f983b2e9744d7154ea77c862c25ee1a9,False,False,False,0
server/packages/services/publication/src/__tests__/entity-definition.test.ts,ts,test_fixture,3641895aae977c5dc9dd79bc9e2cae13b6a8c20ec9850df078e96398b6b83b6f,False,True,False,5
server/packages/services/publication/src/__tests__/entity-operation-binding-compiler.test.ts,ts,test_fixture,c36147cccc8d7efc361bbb386984bb99cb5e5be9b3f720cc0d7f2d3d7ecb3804,False,True,False,1
server/packages/services/publication/src/__tests__/file-entity-release-review-store.test.ts,ts,test_fixture,d9b0a211b312106d56d18877e11d8981f2cb1a5a088d297f806a4ae9a5b5de2c,False,False,False,0
server/packages/services/publication/src/__tests__/integration/entity-case-contract-publication.ts,ts,test_fixture,7ee3de34c50bdaf32bd3fe8c24ebe9f3da73448957715093a2afa46f622d8ad4,False,False,False,0
server/packages/services/publication/src/__tests__/local-definition-preview.test.ts,ts,test_fixture,891f5c81d99efcd2edaaf29f3aff00456c7908299e7b68ea084d4045b2f901fd,False,True,False,4
server/packages/services/publication/src/__tests__/notification-artifact.test.ts,ts,test_fixture,f0942d40d600a81c79eaa8c1ab29a8408e0ed604136f4cc242fe323392de78a7,False,True,False,4
server/packages/services/publication/src/__tests__/operation-projection.test.ts,ts,test_fixture,fd5a2da517d043a1cc40a00b61c49e64c40dc0801c0e53cf13ad8badbdb936e4,True,False,False,4
server/packages/services/publication/src/__tests__/publication-artifact-store.test.ts,ts,test_fixture,945485791d3453e9c2414cb2ce6f3fdaa31579cb49291bc284a3ac61fb04f014,False,False,False,0
server/packages/services/publication/src/__tests__/publication-jobs.test.ts,ts,test_fixture,a091def5192a929611e5bdff5089d25fc4d9f251c146f247b354a45f9f56003b,False,False,False,0
server/packages/services/publication/src/__tests__/publication-operations.test.ts,ts,test_fixture,b118824be4cb60ae0214a620d03a7876f586f7df5b51ddd2938249ed4fccbcdc,False,False,False,0
server/packages/services/publication/src/__tests__/publication-orchestrator.test.ts,ts,test_fixture,0dd03358a06822a295727cc1f68746db1a23d5e679202da4ef3668ebf8e168c7,False,False,False,0
server/packages/services/publication/src/__tests__/publication-runtime-review.test.ts,ts,test_fixture,3a4d6bde547c4ad995b86f1e696e6d8c32e2a082ab026b5f3493a1d468b75a86,False,False,False,0
server/packages/services/publication/src/__tests__/release-promotion.test.ts,ts,test_fixture,b54808be5bb766d73e3f78fbce04680d463a1a2565a800c3ce8a5d80888941f3,False,False,False,0
server/packages/services/publication/src/__tests__/shared-publication-boundaries.test.ts,ts,test_fixture,497ab1a31c5e0ab392e4457e18d47e104af5971c1ca0f8072a44ff9ccbdd4ea2,False,False,False,0
server/packages/services/publication/src/__tests__/studio-authority-ddl.test.ts,ts,test_fixture,3e4ec5061e0363a2f118131ce593067e76c237686034bf461f1064bb04d4fae4,True,False,False,3
server/packages/services/publication/src/__tests__/target-projection-ddl.test.ts,ts,test_fixture,b846c45d072f0fa70a3caee277f6905316770085370111e99e9858894adbea71,False,False,False,0
server/packages/services/publication/src/authenticated-entity-release-review.ts,ts,application_source,0e1284a4199c39f498f84ccfd65e53d2a33cc9a67eebef76f0919ef2ace2c890,False,False,True,2
server/packages/services/publication/src/canonical-read-catalog.ts,ts,application_source,1d743af84a9b69d4614daa8406eb59d8aa074a3c3ed247d602823fb5ad1b1edf,False,False,False,0
server/packages/services/publication/src/collection-configuration-source.ts,ts,application_source,ade53894deac96cefd5c49704f16487772bccd86aeb5855e9e8184cc7f53c7f9,False,False,False,0
server/packages/services/publication/src/compilation/compiled-runtime.ts,ts,application_source,6aedcc22f3ca80e516e1dd509fc5d97f5e3f4be3217c546d3a2e8016f91ee4f9,False,False,False,0
server/packages/services/publication/src/compilation/native-runtime.ts,ts,application_source,ef7158bdced9004228ca54c82102734bb8eaabc1000270dc542616ec6e33843b,False,False,False,0
server/packages/services/publication/src/compiled-entity-artifact-compiler.ts,ts,application_source,77d667f65807468f5a7418459ae566d6755765db980f59ae308741643ab175c1,False,False,False,0
server/packages/services/publication/src/compiled-entity-collection-compiler.ts,ts,application_source,707f8a90a390ab00aa154b98519174c57aa679b74d6f61394951fbdc92b96c2a,False,False,False,0
server/packages/services/publication/src/coordinated-entity-adoption.ts,ts,application_source,c1a2cbd67a2b93bd85fd7fd22b4072803ed981193280229ab1ca0cd3ae8f17ee,False,False,True,1
server/packages/services/publication/src/coordinated-product-activation.test.ts,ts,test_fixture,d4567346ed5751247a68e99b71888fd74e343f72b98f55d29ded46df7011cc96,False,True,False,3
server/packages/services/publication/src/entity-adoption-plan.ts,ts,application_source,9efdcf4f30f853ba69c61731f27844b88192331c4cbfe10dc249be132a666f28,False,False,False,0
server/packages/services/publication/src/entity-ai-manifest-compiler.test.ts,ts,test_fixture,6d395da6bcbdb783fefd3d9a458f8266b9fa37ddd19fbfbc97d40258649feb3f,False,False,False,0
server/packages/services/publication/src/entity-ai-manifest-compiler.ts,ts,application_source,143162054c076ffbce13bd0d2ce40cfeaa4a22c606fd79f51344d64b9fa9081a,False,False,False,0
server/packages/services/publication/src/entity-authorization-compiler.ts,ts,application_source,ca19a9decd8d40a007d96570120d5222ec25e2661d50f48622ea412651eb3b3b,True,True,False,3
server/packages/services/publication/src/entity-authorization-publication-review.ts,ts,application_source,cd72c539d79286691254ee98e4790f8adcd088e31fe43048a60a1887cf9e18bd,False,False,False,0
server/packages/services/publication/src/entity-case-contract-routes.ts,ts,application_source,f61f9c50aeb2d1bb186cef2da9b40db34aae5fadd515a8a60a55dc112b90bca5,True,False,False,9
server/packages/services/publication/src/entity-case-contract-service.ts,ts,application_source,351058624302d4e68588ce115a4511156f75339470031596050a1193ab887270,False,False,False,0
server/packages/services/publication/src/entity-definition-compiler.ts,ts,application_source,01d4e8c6158d90544d58f372cc8ecfe00a7610396e580d6c9ab1ed80a8afd4e1,False,True,False,2
server/packages/services/publication/src/entity-definition-consumer.ts,ts,application_source,bf9fdb5761606f7eb0a193e04ef31cf4dcd66ab2792be4b0dc619f90005ef788,False,True,False,6
server/packages/services/publication/src/entity-definition-routes.ts,ts,application_source,c12c370c1530cec6e44257b4597bd2eafde8e6e8172e26493070d39afe462d9e,True,False,False,11
server/packages/services/publication/src/entity-definition-service.ts,ts,application_source,c829ad1fcd11090b1dd011dbe35c64c9ca26c805622f53ab2faf0279a11c43c1,False,False,False,0
server/packages/services/publication/src/entity-definition-source.ts,ts,application_source,3730cd7ca0d269bc13c86b93db00c4dc3eb5aae0fdb00c06ecfa7f412f99fc25,False,False,False,0
server/packages/services/publication/src/entity-foundation-definition.ts,ts,application_source,fd328cd4735f54095ab424027fe5a5a333cd07459846831725b9e8a244a56e7e,True,True,True,44
server/packages/services/publication/src/entity-initial-case-schema.ts,ts,application_source,2b4e7aa734201f762a0088d218554c46f041c3c94a5e9357b964a06ed5ee98dd,False,True,False,2
server/packages/services/publication/src/entity-operation-binding-compiler.ts,ts,application_source,38751dd9175319a4d47a43aefafe9628d212a99af8a9f1edfd081a2085d0efe9,True,True,False,2
server/packages/services/publication/src/file-entity-release-review-store.ts,ts,application_source,0dc3312eb676622a54b1982346bd35aad9016f3de576b01c266a4241226d4fc6,False,False,False,0
server/packages/services/publication/src/index.ts,ts,application_source,c962e828fb4c37443e143eb257bb0a2b7a13a381116ffb0f159651cfada09dc5,False,False,False,0
server/packages/services/publication/src/kysely-authority-repository.ts,ts,application_source,6a24e7a96ea597dbc62bf94d9e306f83966cf2ecede6c1559f3cf7b53f089944,False,False,False,0
server/packages/services/publication/src/kysely-local-projection-repository.ts,ts,application_source,da3b32a3f69a467dd992602f449c37e0c83d6a1b5c1097e7f213f71ee07cbce8,False,False,False,0
server/packages/services/publication/src/kysely-publication-authority-work.ts,ts,application_source,cebfb3dfa9ef9961e3c0837dd9c58206ce9bec22c4ad6fa701babe76fbdf4670,False,False,False,0
server/packages/services/publication/src/kysely-publication-operations-repository.ts,ts,application_source,390cd5da8b6b44ededc5606302836d122d8247c8bd6d580a19fa2314b88e6898,False,False,False,0
server/packages/services/publication/src/kysely-recovery-discovery.ts,ts,application_source,efc5b998add33d7d912ae4288fae000276983fb5f4ea9df45065ad028f546150,False,False,False,0
server/packages/services/publication/src/local-definition-preview-policy.ts,ts,application_source,cf8c607f842e0887de372b210975d2a6d18b8f832f0d6caef9693d6b0bf2def0,False,False,False,0
server/packages/services/publication/src/local-definition-preview.ts,ts,application_source,00791459487ee0e4eaf6b3d0b2088e5356d89385f6d26f6188a42d4ac293e67d,False,False,False,0
server/packages/services/publication/src/notification-configuration-source.ts,ts,application_source,20a5a58bae4d329d10369302b319ac4f7c68f5477d69449aed7343a537e6c404,False,False,False,0
server/packages/services/publication/src/publication-artifact-loader.ts,ts,application_source,ad3e952d57e3ec7daff078343f9731b07e1ad6063f13e59e72933e8281742dd1,False,False,False,0
server/packages/services/publication/src/publication-artifact-store.ts,ts,application_source,34fe9cc045b3c366d8f56a2f314372961c2b182258cb5dbbe04acc1fac75c618,False,False,False,0
server/packages/services/publication/src/publication-failure-classification.test.ts,ts,test_fixture,5579b5df5c58e82ebf39ebe406b60b89f73867c8075ae245b01464bcae0332ab,False,False,False,0
server/packages/services/publication/src/publication-jobs.ts,ts,application_source,28f75c20894d6e0df032d33c2aea2d935bd07f70168f47119a60123c1d86f1d6,False,False,False,0
server/packages/services/publication/src/publication-operations.ts,ts,application_source,5090cbd24e3dca078cce9a349cee7ad931c0cb73fe0da702d3a30887376e9841,False,False,False,0
server/packages/services/publication/src/publication-orchestrator.ts,ts,application_source,3108a866978c80119fdbed96dc5ea1cab60ec7ce1673846f82b3ceab67cc00f2,False,False,False,0
server/packages/services/publication/src/publication-recovery.test.ts,ts,test_fixture,6b549d09d066fa6c6f660daae61d397544a295d49372547b0e440ca2faa6b416,False,False,False,0
server/packages/services/publication/src/publication-rollback.test.ts,ts,test_fixture,7ea1c83beed0d89426056f8b16e18855f686effb898feb2b62cc4114c2bb9e51,False,True,False,1
server/packages/services/publication/src/publication-routes.ts,ts,application_source,6b65b4e3f55c7beea11513514379fe2f80f7926fcaf6528b225adf6c3174243a,True,False,False,13
server/packages/services/publication/src/release-promotion.ts,ts,application_source,63f4706afb13fe5ed7d000cc285af12bfdef90a5eef658bf09a9cde7e266130c,False,False,False,0
server/packages/services/publication/src/runtime-version.ts,ts,application_source,465915aa5a37a3c5c018b50bf0079e11a4e4e7627b4d5294bc938d6328c14d13,False,False,False,0
server/packages/services/publication/src/shared/authorization/operation-projection.ts,ts,application_source,f16734baa58c8b5a2300d73233c2491bf4d4626c2733baf54b6e0b1b6ddf8719,False,True,False,1
server/packages/services/publication/src/shared/case-contract/model.ts,ts,application_source,fabeb42bb61cd0b77a1c9b9c1c7fe0214fc1e196f61a4a28136f0520007f3848,False,False,False,0
server/packages/services/publication/src/shared/collections/compiler.ts,ts,application_source,d1ea4f3e8b6e15b916fb0feb1043f0c9e9561f991e353b77c36aa3c2cb5598dc,False,False,False,0
server/packages/services/publication/src/shared/policy/classify-change.ts,ts,application_source,6b0f894d524da92511d4761240625ece59ab48168d5a3c12adf538c8100802a4,False,False,False,0
server/packages/services/publication/src/shared/preview/environment.ts,ts,application_source,f38584c749521410b6745b13ec2f2f6bb6b1f69270f1bc5c9960ac0ce54952d8,False,False,False,0
server/packages/services/publication/vitest.config.ts,ts,tooling_operations,eeae3902657c50d11feaa96776aec248c66b72c1b27458e51ccff524e7175530,False,False,False,0
server/packages/services/records/src/__tests__/activity-snapshot.postgres.test.ts,ts,test_fixture,6a283ccf03cd14423ad7e4ea2f769c23d3e00a2be37c9a1ff4195f0e2a75b77d,False,False,False,0
server/packages/services/records/src/__tests__/advanced-records.test.ts,ts,test_fixture,d47568d6ca9e5dae4bbeb35a0cbe15d4465f9ef6740f7a2785fcf65834c089d6,True,True,False,11
server/packages/services/records/src/__tests__/authorized-aggregate.test.ts,ts,test_fixture,7922444d693c87c3766e267028d929d8b0c4ccc45a8c160181a87cf3e1c1a689,False,True,False,1
server/packages/services/records/src/__tests__/canonical-read-backend.test.ts,ts,test_fixture,f1a6ce4c8143c4610573002202ddd94a277bf3380a172d6892c4dd5a25651165,True,True,False,9
server/packages/services/records/src/__tests__/canonical-read-diagnostics.test.ts,ts,test_fixture,2149e0cdadb342a0738d7cfce08344d9608ffbee125ab14764a33bbad2375de2,True,True,False,11
server/packages/services/records/src/__tests__/collection-comparison.test.ts,ts,test_fixture,a171890f385d92e0acaa3c82bacc262e4873de06aaa803a91bef767b85c8038b,False,True,False,1
server/packages/services/records/src/__tests__/collection-scope-sql.test.ts,ts,test_fixture,0503cb23deb8767f7200e8441e286e2805444f9d01a9bb2209e3ab3989d88efd,False,True,False,6
server/packages/services/records/src/__tests__/document-collection-read.test.ts,ts,test_fixture,327c3cd4c0783e4cc9c556ea4775e3b2b651be3fd96198b14d66971165a712da,True,True,False,6
server/packages/services/records/src/__tests__/entity-application-unavailable.test.ts,ts,test_fixture,c3d6268c42f644cc73bbc1e327bd2d064a08c7ea3b88fe849d71841aeb13af16,False,False,False,0
server/packages/services/records/src/__tests__/entity-authorization.test.ts,ts,test_fixture,f622efd8f813b6cbd481c44a57324718d6e2d7b0d6e769f2be33339e6d45ac6a,False,True,False,4
server/packages/services/records/src/__tests__/entity-backend-authorizer.test.ts,ts,test_fixture,e5b7269cd5dbda18508c48bb84f1f2705b86332945ecdf5454d96ad3184df8f2,True,True,False,27
server/packages/services/records/src/__tests__/entity-backend-isolated-execution.test.ts,ts,test_fixture,d0524b5b5504a4ba9ef5265d60ddf9aaf65980228974f46ce5a5655b3b40ddd2,True,True,False,7
server/packages/services/records/src/__tests__/entity-list-read-routes.test.ts,ts,test_fixture,50f34c93c1ecea508d1c27550279ee3333940219d849e0d96a47b5b0203cbf1c,False,True,False,2
server/packages/services/records/src/__tests__/entity-list-service.test.ts,ts,test_fixture,372b23c0f57e06fee82ffce82c0166a69592d330251a5b2f7d15f884a53840c6,True,True,False,29
server/packages/services/records/src/__tests__/entity-scope-adapter.test.ts,ts,test_fixture,a176ef9b0e2d323c51a9a37416faf50d1bfd49d3f0b67944c5177cbc961f67a6,False,False,False,0
server/packages/services/records/src/__tests__/export-scope.test.ts,ts,test_fixture,2c00292212d20b806809a179b0fc3e408d29ca96881011113afec39fc5bc6e38,False,False,False,0
server/packages/services/records/src/__tests__/filter-value-validation.test.ts,ts,test_fixture,5ff885d3b9083674bc07c0a8a4557c757e8934fe0e9da409b8cb0c4925998ed6,False,False,False,0
server/packages/services/records/src/__tests__/intake-form-choices.test.ts,ts,test_fixture,d7a1c9195778329124cb6baf56ae2ab874ceb8baea9e7f1a59435d8ab9c2e0f8,False,True,False,2
server/packages/services/records/src/__tests__/list-context-discovery.test.ts,ts,test_fixture,27ee884d34fcd1ad5c4e1d9e58dff5e3629e789b43a51d4999efe72cf0aecef9,True,True,False,5
server/packages/services/records/src/__tests__/list-experience.test.ts,ts,test_fixture,f276d1c201d98af08913d096332f0995cd954d3f443aac2d1a79c18497d2e56f,True,False,False,4
server/packages/services/records/src/__tests__/localized-error-routes.test.ts,ts,test_fixture,402ff8fcd01f661e120fd9aee08b44ed4609093dfdafc4ea1048f9ad9eead81d,False,False,False,0
server/packages/services/records/src/__tests__/masked-record-projection.test.ts,ts,test_fixture,58960d90681706bd5f0222905d9745363e29bd335aa392df3f7e97e31c5a3551,True,False,False,3
server/packages/services/records/src/__tests__/multi-scope-query.test.ts,ts,test_fixture,e0abb9008929ef1c068a5833a88997185c7ecdce3127a4d8ee97c1f1a128df34,False,False,False,0
server/packages/services/records/src/__tests__/navigation-context-discovery.test.ts,ts,test_fixture,e5444dc6b0f5dcfc6f6b4b83c4ba387f8d40384b36e817f56cbdf6a148d50594,True,True,False,7
server/packages/services/records/src/__tests__/parent-collection-scope.test.ts,ts,test_fixture,9c6f9be74053e91c6ae6984f2dd6807f75354966c221319dd62f2fb839e6654c,True,False,False,1
server/packages/services/records/src/__tests__/record-bookmark-routes.test.ts,ts,test_fixture,73cb8b2e5724de7acf460486bdfc531189710552eaa0f304e73ac21b58415030,False,True,False,5
server/packages/services/records/src/__tests__/record-bookmark-service.test.ts,ts,test_fixture,42dd0a40104497095aa64752fd4e310eac1fdf589e3d9c018dd820cb23071cd5,False,True,False,22
server/packages/services/records/src/__tests__/record-history.postgres-case.ts,ts,test_fixture,008c68339bd59d82f682c273dcfc8ebb3db350692b445c810873e7c13dc188ae,True,False,False,5
server/packages/services/records/src/__tests__/record-input-hardening.test.ts,ts,test_fixture,238aa5c64c685539f0dce80af83dbca41e0a859a02869f2989e5f1ea37149925,False,False,False,0
server/packages/services/records/src/__tests__/record-owner-access.test.ts,ts,test_fixture,e522f1da53fd9cc248b999452a1fee38946dcc6a4cdbe856af007e27a4712f68,False,False,False,0
server/packages/services/records/src/__tests__/record-read-access.test.ts,ts,test_fixture,c5e0367d7915517663bf8f9f5f9f8504efbf274942466cf757b3ecb4c30755cf,True,True,False,7
server/packages/services/records/src/__tests__/records-query-contract.test.ts,ts,test_fixture,2ccbda66286f17750e1dbee000be5453dea0c148e4f83252afbc0264a824df8c,False,False,False,0
server/packages/services/records/src/__tests__/records-response-review.test.ts,ts,test_fixture,f0c3eded2d8b88c3e04985c11e69519aac5c95bf006d8c09a749bc59cb2ea483,False,False,False,0
server/packages/services/records/src/__tests__/records-vertical.test.ts,ts,test_fixture,23569fbcd94f0fcc7b96bb483ff4fd1681edfe1e9a0d0814ea8849a48fe68659,True,True,False,24
server/packages/services/records/src/__tests__/relative-date-parity.test.ts,ts,test_fixture,98c04ad908b42a2c3d0c007fcd9ea5c79966399da174b9f402df6c1255f8a331,False,False,False,0
server/packages/services/records/src/__tests__/shared-reference-directory-routes.test.ts,ts,test_fixture,776d1718bb32dd598646d6f4460696011b860f78ebea8a10c6dd8ef5a6bedfea,False,False,False,0
server/packages/services/records/src/__tests__/shared-reference-directory.test.ts,ts,test_fixture,6bbe82e38a27abff4d81d26ec0487667b01e47052a33c7d4bbd41131826448a9,False,False,False,0
server/packages/services/records/src/__tests__/snapshot-concurrency.postgres.test.ts,ts,test_fixture,c87311403c9238bf96f93bba9f4ac5244e34019d45085923abaf8ade561aaa47,False,False,False,0
server/packages/services/records/src/__tests__/snapshot-repository.test.ts,ts,test_fixture,72ca30ba899e8e5b6c94ae93495317db7564f76ceaf30687a62d16df7d6a8578,False,True,False,4
server/packages/services/records/src/__tests__/snapshot-routes.test.ts,ts,test_fixture,29bee06a11e8d70e05cc28e81012fde087e1b28ac73f998e11b1b391dd244ec2,False,False,False,0
server/packages/services/records/src/__tests__/snapshot-service.test.ts,ts,test_fixture,60c1361be1775b6fa77abada48b5b721b7cd07696b6ae8ffc7dca67026a5366c,True,True,False,5
server/packages/services/records/src/__tests__/standard-views.postgres.test.ts,ts,test_fixture,2c429c433b297b875996ad8f2e315db9b3b92194c1d8392563e2f246fb8f2fef,False,True,False,2
server/packages/services/records/src/__tests__/standard-views.test.ts,ts,test_fixture,19badce3add041c30c67de56e0efd1cad063345c9be05bc90b96c96a5f05361e,False,True,False,5
server/packages/services/records/src/__tests__/transfer-ddl.test.ts,ts,test_fixture,404196c62f1815b15f7610773e252d80b84e32209aa233105d496e81805b46e6,False,False,False,0
server/packages/services/records/src/__tests__/transfer-jobs.test.ts,ts,test_fixture,9970f553a4bd409b1f516f3e283327529c1cf51e272d5d42260f9f8703a61c48,True,False,False,4
server/packages/services/records/src/actions/action-service.ts,ts,application_source,61f957b6935a51ac21993feb0cd91a02c64b5a0a2157ca51b9226b4690f82b11,False,False,False,0
server/packages/services/records/src/actions/transactional-action-service.test.ts,ts,test_fixture,a02d9d33e8d6db9dbfe14eb1c3a3844b191b4f2d605a2a7ef2dd210788c929eb,True,True,False,14
server/packages/services/records/src/actions/transactional-action-service.ts,ts,application_source,a36da81b0738b49b1c9baa7830fdccb9a35cf39c24ed46f77f49f0417a43a75c,False,False,False,0
server/packages/services/records/src/address-form-choices.ts,ts,application_source,74ef4e323c9037ac1b204de0cf6523817e244e8ea11720e2e1558d30f1eda2cd,False,False,False,0
server/packages/services/records/src/authorized-aggregate.test.ts,ts,test_fixture,58d01c57adffe16c8b43b997c5171a29b8e322afdd7d371ed07f5892be6d0eab,False,True,False,1
server/packages/services/records/src/authorized-aggregate.ts,ts,application_source,90c37159566ac569337b96aa7c6562f2326fd4b212ebcf11935ced9b810b91a1,False,False,False,0
server/packages/services/records/src/bank-form-choices.ts,ts,application_source,b6f41d2722ad8cdb929271f4eac8538742e7dfd86d85110f618aa150bb8dbc9d,False,False,False,0
server/packages/services/records/src/bookmarks/record-bookmark-routes.ts,ts,application_source,afe816b3be59180ba32f51fdf848269ace82e99d3bad3721ff9d7b97ed8acbb5,False,True,False,4
server/packages/services/records/src/bookmarks/record-bookmark-service.ts,ts,application_source,5b3b4484a52a5f04db9abcaefdb4d9757ad4cd3ffee8a198d4e27293b9c4ce6a,False,False,False,0
server/packages/services/records/src/bulk/bulk-service.ts,ts,application_source,0536c7733d1568d009e52e8b6d2328d11068b28c7b4e771b0821055ab9a41e16,False,False,False,0
server/packages/services/records/src/choice-disclosure.test.ts,ts,test_fixture,4b313f45fcc3297249b052ae3a591a5c4857313f33d39a4c1a8027903bed6ddb,True,True,False,8
server/packages/services/records/src/core/index.ts,ts,application_source,6c8795f2c1069c3a967428ed490f4aa6561b7bd2cf55dbdd6db9e64b4a2998f7,False,False,False,0
server/packages/services/records/src/entity-authorization-rollout.ts,ts,application_source,e6aa1b64e00661e7633e2e2e5ee30c39f6d659c0aa92e2f9aa94667841086fa9,False,False,False,0
server/packages/services/records/src/entity-authorization.ts,ts,application_source,126bf993ac8a0527874b79a27c9a9caef577c0a8b3a3f101ee8541d41623b160,False,True,True,4
server/packages/services/records/src/entity-backend-authorizer.ts,ts,application_source,61a463535c7981843992735ced6675b3678bf99451b13244b5fa8324dca28c35,False,False,True,3
server/packages/services/records/src/entity-detail-read.test.ts,ts,test_fixture,e8885db2dae91422ed9da0440adfdec2ab0a6fbab50a9330fff2a9327cbdf067,True,False,False,7
server/packages/services/records/src/entity-directory.test.ts,ts,test_fixture,be22cba1d4acd988fa425164cbf8e9e7969c35e145779686b9c931957e4097ed,False,True,False,13
server/packages/services/records/src/entity-list-parent-scope-routes.test.ts,ts,test_fixture,96a88ba9d12d4259c24951d2a2f33ebcee079da96eeb25414145d6bcbfa6ba91,False,True,False,2
server/packages/services/records/src/entity-list-routes.ts,ts,application_source,59cbd53783b676b6bec425cae453b8196c043b3eee1c29dcb63a4a4fbf2ff005,False,True,False,2
server/packages/services/records/src/entity-list-service.ts,ts,application_source,0c8ccb6a006f8d8e4b22b9850dd372ee5a2eed2340c10028b44fdd98611a7504,True,False,False,1
server/packages/services/records/src/entity-list-view-read.test.ts,ts,test_fixture,237dc125a5a5e2c4fdc8ee2ccd6854603ad4a5e280d5786b2b5a608a0168b8a3,False,True,False,2
server/packages/services/records/src/entity-reference-reader.test.ts,ts,test_fixture,2d71735c880c21cbf5044d13d3f20cd1aecee15e9978c3bb8e79fd1370dee4dd,True,False,False,5
server/packages/services/records/src/entity-reference-reader.ts,ts,application_source,cf50dfd48c669812e7c56a37c6cb09ec17760f91f679880e546d0881f4e8c197,False,False,False,0
server/packages/services/records/src/entity-scope-adapter.ts,ts,application_source,92473e9e1a45935893fb5af055abccf62c57c5976c7c80908c1b78a33e7e24e4,False,False,False,0
server/packages/services/records/src/entity-section-component.test.ts,ts,test_fixture,975cbf8d830e146c35ae62dfdd852d4b4c1029c86e8bf2b260b06c02210f2fe8,True,True,False,5
server/packages/services/records/src/errors.ts,ts,application_source,569cc98197a2f2b66ab9103db20b10af9059bef9317e31cd4a8cb3a57f0191a9,False,False,False,0
server/packages/services/records/src/field-validation.ts,ts,application_source,49f61d19ca0ce45ef671f349f24800dbc0624459dfe3adeae28ae078d96a85bb,True,False,False,1
server/packages/services/records/src/filter-value-validation.ts,ts,application_source,cca14b0b325dc58b6ca41c33569d92762184064e5d2e55fbf8c314ba0effbe85,False,False,False,0
server/packages/services/records/src/in-memory-command-execution-store.ts,ts,application_source,3496acfbc7b407788da576fa7ba2fbb05ea481df88ba96fba0e60633b51c6ec8,False,False,False,0
server/packages/services/records/src/in-memory-record-repository.ts,ts,application_source,d858ea78d8e4ef469e497ba476dc14aee088cee8a108e2f0d2bcb537d73020f8,False,True,False,2
server/packages/services/records/src/index.ts,ts,application_source,a37a6e4f477fd2db7700828dc470ab9c7eacf4444a60e949962f528ee4cb9c58,False,False,False,0
server/packages/services/records/src/intake-form-choices.ts,ts,application_source,ce93f2186926d8148b41c4d28dcb5960b144b78b09666ff34d7c324f12552a79,False,False,False,0
server/packages/services/records/src/kysely-command-execution-store.test.ts,ts,test_fixture,9b8d71ff3c79fb7ba5ba8d4feb7d5060f643e13b27cf52a448927a68abcf330d,False,False,False,0
server/packages/services/records/src/kysely-command-execution-store.ts,ts,application_source,367c02d8bd52b8b146c1ca454f31d9f4cccb867c3224840202681c4663bd68cb,False,False,False,0
server/packages/services/records/src/kysely-record-repository.test.ts,ts,test_fixture,e53322363246360f331dfc3fc937defdf0f37a626cb5c7907dc3628f2b7c25e1,False,True,False,4
server/packages/services/records/src/kysely-record-repository.ts,ts,application_source,0439a003fc8355582023ddef9520b44dcc74ff0add8defadf5860ae3f71d525b,False,False,False,0
server/packages/services/records/src/lifecycle-service.ts,ts,application_source,ac22161f0978a43348db265425265ef85f9e2c5ca12d8af7592a4b3e693e1957,False,False,False,0
server/packages/services/records/src/list-context-discovery.ts,ts,application_source,80b3de50d38cde3ff7b339e5f6c1f8411e15563eb24d0bd962d0e5ce6a011930,True,False,False,1
server/packages/services/records/src/list-experience.ts,ts,application_source,0761075406ba1a102208c36c5b248a18e619a4ac2feff32034fc9a2f346779d8,False,False,False,0
server/packages/services/records/src/list-limits.ts,ts,application_source,3ebdd8c2b763f85aff26865cd6f430ca4357c1058bbb956ce9c0bb6250f1395c,False,False,False,0
server/packages/services/records/src/list-query-policy.ts,ts,application_source,83c794f94968104ec41be3b737fca1698dcdd83592d2301379999a703d5e9e49,False,False,False,0
server/packages/services/records/src/list-scope-coordinate.ts,ts,application_source,ba75d47dac6a6cb5021aab0b9beccd5f3eb9d8035717bbfa2bf230e932d9e689,False,True,False,4
server/packages/services/records/src/locking/lock-service.ts,ts,application_source,73deecee978f296e984d17f6b4d16be1c22977721a392f9065b632d76d3e2c35,False,False,False,0
server/packages/services/records/src/masked-disclosure.test.ts,ts,test_fixture,6c98d293494d19b2f2ad2fb8bf5d9347682efd2a47135798a682cd0650be5453,True,True,False,18
server/packages/services/records/src/mutation-service.test.ts,ts,test_fixture,5ffe0c2cbbaedae6c62fb669f1f55eda4aa43c34591f264f4a367fd5b8a2fdac,True,True,False,17
server/packages/services/records/src/mutation-service.ts,ts,application_source,759ec6d5a89400e5e8671dd512438f61e732d59a7cc0eafdf691ebcd4f2ca29b,True,False,False,1
server/packages/services/records/src/navigation-context-discovery.ts,ts,application_source,5077d8b3d39c0b2c1dd9054516c40a38a9d465b8623851a4eafbbc6da86e74c3,False,False,False,0
server/packages/services/records/src/own-record.test.ts,ts,test_fixture,ce7223f43b89095c19d877cbb557e4eb104127cbd644c0152d20b72ed663c68c,True,True,False,18
server/packages/services/records/src/owned-history-adapter.ts,ts,application_source,969991beeef2905e30e6c8fcf1b00c10c4f4e6a7234762d0db97d7c2f7886912,False,False,False,0
server/packages/services/records/src/parent-collection-scope.ts,ts,application_source,2761c3739640e78b972a57745d87305364f1de490fce5c6939e9b8d0589a6086,False,False,False,0
server/packages/services/records/src/parent-scope.test.ts,ts,test_fixture,b91d2b087c42606358a6bc51ca8fc254382d508e53ab1a22b908fdb4b8ce2a2b,True,True,False,5
server/packages/services/records/src/published-tenant-authorizer.ts,ts,application_source,ba719a4c45a16478ff0ad5876a0719591950ab5399bc54e48f503b444fc0eb88,True,False,False,1
server/packages/services/records/src/query-service.ts,ts,application_source,e511045170acc6772bdfb66afad6f3144b72914a0400e1a27512fb3a8ab23fea,True,False,False,1
server/packages/services/records/src/record-cursor.ts,ts,application_source,15b7b78d0b9167c5e05387f3975d7e2603258681eb45fd169750a65aa37191e2,False,False,False,0
server/packages/services/records/src/record-execution.ts,ts,application_source,551c962970fd7d64274dd5674f472e6af12c0155484af561723c2d5647a03826,False,False,False,0
server/packages/services/records/src/record-history.ts,ts,application_source,b5a0eb513fcdc116edf9b1a2ae50cc083d8b792f6d60dea9f09356e8de140939,False,False,False,0
server/packages/services/records/src/record-identity.test.ts,ts,test_fixture,89ec0da168f58ce165897a564ef4d43b9ea2872213bfe833477107336f07064f,False,False,False,0
server/packages/services/records/src/record-mutation-policy.ts,ts,application_source,52ccdd10f92b5a6fcacb1e51d9c491b3ec8a10cbba65a20a5027a0c72e7a467c,False,False,False,0
server/packages/services/records/src/record-owner-access.ts,ts,application_source,775d8a7c7c8a4e0f1863f2b6396f08ee063a2258fe2b193b12d7c029aedb9dbc,False,False,False,0
server/packages/services/records/src/record-read-access.ts,ts,application_source,4ede95dde09b629361fb0bff351ba88de80e017114e99efd40dff15247277a14,True,False,True,5
server/packages/services/records/src/record-source-authority.test.ts,ts,test_fixture,410130fe1cd6b45d670ebe6f4887e7479d3646b9453daba7b4c3c000dea28844,False,False,False,0
server/packages/services/records/src/record-source-authority.ts,ts,application_source,1a17ee943125c87b6553be9a47b16062d882e9b1cfd812ebd3f49f93a91349a7,False,False,False,0
server/packages/services/records/src/records-parent-create-routes.test.ts,ts,test_fixture,95cfc5436175df83b3ba54ee1eea5d38529a151b4f99c97d45fd4d1de9c23b7f,False,True,False,1
server/packages/services/records/src/records-routes.ts,ts,application_source,6d2fa26dc3f13f168e69b42c5b4983f92ee993c98f4983d233ed3e681e70cd36,False,False,False,0
server/packages/services/records/src/shared-reference-directory-routes.ts,ts,application_source,058469da24e1125f902e0ad6ee9e34747cda53d343cfc2aa1c87cbb02bd4062a,False,False,False,0
server/packages/services/records/src/shared-reference-directory.test.ts,ts,test_fixture,41e4a48d08fd59c0f957dcc8098f401bef36ad9af5468a921c9e57e60481f5fd,False,False,False,0
server/packages/services/records/src/shared-reference-directory.ts,ts,application_source,cc7446a252406a7886ff5a84f6db3a87f36265b60735417968d92285da05518d,False,False,False,0
server/packages/services/records/src/snapshots/activity-snapshot-repository.ts,ts,application_source,f0cd9056d36b7975f43447e38cc9d27a0cb452c52423606619c72ee10c2010a9,False,False,False,0
server/packages/services/records/src/snapshots/collection-capture.ts,ts,application_source,e8ef390e6e124e505c8f130df42de1d2d5ec6cfd3462e7ab79e7155f554b85c4,False,False,False,0
server/packages/services/records/src/snapshots/collection-comparison.ts,ts,application_source,b924fc2e81e5c511498c330cc4856bcd985f1a5d3ef8bbf48436ae33f4bbed68,False,False,False,0
server/packages/services/records/src/snapshots/kysely-snapshot-repository.ts,ts,application_source,29e3303bfd3698b9e3823fe16d12ce4ba98c9d27c80f8a8828a787b996ea9dbe,False,False,False,0
server/packages/services/records/src/snapshots/snapshot-routes.ts,ts,application_source,ce6f88e30bf96b098674b38667bae0d5e73fec6f181aaa2d97849ca52511d826,True,False,False,2
server/packages/services/records/src/snapshots/snapshot-service.ts,ts,application_source,03e5a85aad4ae3b32e5db37b4bb8b3e410743a2d3ba20b834e4ebd49e1ea4fbf,False,False,False,0
server/packages/services/records/src/source-aware-read.test.ts,ts,test_fixture,7880c152fbe9e4a7081142d6a26aefb8b94dcb424f39c01b999007774a95955d,True,True,False,10
server/packages/services/records/src/standard-view-relationship-sql.ts,ts,application_source,5246634f60c1dc0e71e36b56a52091f2b37621f49867035d3807bd2c622e1e74,False,True,False,1
server/packages/services/records/src/standard-views.ts,ts,application_source,f3503d9259d45fc5f8e8ae0708a1008aabac9bb2508a854aacc681624486c0cd,False,True,False,1
server/packages/services/records/src/transfer/export-admission.test.ts,ts,test_fixture,a38e5bdd37d11e5f9c46b76ffd8204eb11d96da28c5fa4470de578aaf802bdc0,False,False,False,0
server/packages/services/records/src/transfer/export-admission.ts,ts,application_source,53b17acf8603df12bf588350e43b3c36ee9f077a1a9c043ace39389275228c85,False,False,False,0
server/packages/services/records/src/transfer/export-preflight.test.ts,ts,test_fixture,fbeb5bcc05580de65e5de4469be979f9a6eb9b2a289baf3f6d285d9e5c8d971c,True,True,False,9
server/packages/services/records/src/transfer/export-scope.ts,ts,application_source,6aa31f814d1f67683b094351ca703a4ee0a6c938a78d87c8eb465de0aac48af8,False,False,False,0
server/packages/services/records/src/transfer/import-adapter-registry.ts,ts,application_source,7b02e247f60e138be3d9adb225ffbd2c5410d7e1a3d08ad0aab20d199a491a87,False,False,False,0
server/packages/services/records/src/transfer/in-memory-transfer-store.ts,ts,application_source,cf16f87c38a622e7c346a7a9ff61e946025ee3769df757554d66cfed23b38137,False,False,False,0
server/packages/services/records/src/transfer/kysely-transfer-store.ts,ts,application_source,b8efaabb334765743c6c46b87a676bc9a66b224692559a349ecf1765732768de,False,False,False,0
server/packages/services/records/src/transfer/parent-export-scope.test.ts,ts,test_fixture,d4bdf82d92d11382673dccb6b94f750ef352250a145eb3c7e83ac643c1645da6,True,False,False,2
server/packages/services/records/src/transfer/structured-import-file-codec.test.ts,ts,test_fixture,3deec1e366e51e7ad9d20c217118ce98de0f8127f430f02b90230f8a28263698,False,False,False,0
server/packages/services/records/src/transfer/structured-import-file-codec.ts,ts,application_source,dea61abad2206e8983a9787178fb30ffd1087499385723d7f06310699f4a9dca,False,False,False,0
server/packages/services/records/src/transfer/transfer-adapters.test.ts,ts,test_fixture,0c8a80a20363c4f246e4233de7a0649e2b2bf9d1361ae8ace8e1b14a1b7d07f7,False,False,False,0
server/packages/services/records/src/transfer/transfer-adapters.ts,ts,application_source,21bbd03c933a218d4a165e6839d9b495ddc2b5a2577e298b6db1c18906b10f61,False,False,False,0
server/packages/services/records/src/transfer/transfer-jobs.ts,ts,application_source,0a4ea47c6dc1b0e2242e7fb3dfebae87213cc7c8fe429af2124503a4cac35748,True,False,False,1
server/packages/services/records/src/transfer/transfer-maintenance.ts,ts,application_source,68f188d08c35b82f7e349dc1f41da721986b5cf8397d6f055e4da794fd0ac2d0,False,False,False,0
server/packages/services/records/src/transfer/transfer-routes.test.ts,ts,test_fixture,510f53fa1cedc7541427e5b52943d4e0fd954278b2f6638b70a04abea3ff3181,False,False,False,0
server/packages/services/records/src/transfer/transfer-routes.ts,ts,application_source,bd5ae0759a36f1a0368010e926e3eddc0716f489d4fdee6fefcdba29be561dbc,False,False,False,0
server/packages/services/records/src/transfer/transfer-runtime-review.test.ts,ts,test_fixture,e274289e111f927bd568cc85f5620af2fad583455ba37d237f2a36cfe21d570f,False,False,False,0
server/packages/services/records/src/transfer/transfer-service.ts,ts,application_source,b8a3ec6493bf3cffed6b621543d234bf5393e68ed49711826396976058ec6fc0,True,False,False,1
server/packages/services/records/src/transfer/xlsx-workbook-codec.test.ts,ts,test_fixture,5d02a2a0c425c97ba7deffde2e23e30accd4a1636dcbf9ae5f91919f9e0446fd,False,True,False,1
server/packages/services/records/src/transfer/xlsx-workbook-codec.ts,ts,application_source,e1833124832f8e8cec1880eaf7e078e867bc7d9a12271782de5b5652d09e7a7d,False,False,False,0
server/packages/services/records/vitest.config.ts,ts,tooling_operations,d41e78be6eb331a48fbb85ebbaf4ae3ea4e65260f80f357744e6f42d6049e55f,False,False,False,0
server/packages/services/workforce/src/adapters/kysely-profile-source-reader.test.ts,ts,test_fixture,b0b0011a428306623fce0b5c6cf48daf6e954cf013fba40ddbab2772bd73ca46,False,True,False,1
server/packages/services/workforce/src/adapters/kysely-profile-source-reader.ts,ts,application_source,a9dcd9c3bac3d1d39e8c2251c677203835d19ffb87f651ef3666d34902d1554f,False,False,False,0
server/packages/services/workforce/src/identity/principal-person-link-action.test.ts,ts,test_fixture,087275632c20c4307cb956d85f49ef52ec4220f89280c150d7a2b2bfddcbf008,True,True,False,5
server/packages/services/workforce/src/identity/principal-person-link-action.ts,ts,application_source,ac558c6d4c39ed9d7c1d8f940ecc3cb1ebaa5735df2d13baa05b295d4fbd9e15,True,True,False,8
server/packages/services/workforce/src/identity/verified-profile-source.test.ts,ts,test_fixture,83f7646eb15890bde8d0b9d3992e952d72dbafd95c078c5c6fd2ab4b22f2398c,False,True,False,2
server/packages/services/workforce/src/identity/verified-profile-source.ts,ts,application_source,c6b44dad1a232f01bf9081eb1dbf4c96e4f551b79076dcaab0c024c13c7e0951,False,False,False,0
server/packages/services/workforce/src/identity/workforce-read-policy.ts,ts,application_source,595f66ea087a959e5d4ad44334d4c628c0727d910005ade938f4dee04376f372,True,True,True,8
server/packages/services/workforce/src/index.ts,ts,application_source,1f7f22eef8fafe9bd176e864fdda7c1953291f1d9704994bb78cdcdc666ca54b,False,False,False,0
server/packages/services/workforce/src/publication/principal-link-qualification.ts,ts,application_source,9860283bad16fb40e29c9be1df6eba07924a5932e47c4eefbf96a658e6500686,False,False,False,0
server/packages/services/workforce/src/publication/profile-source-qualification.ts,ts,application_source,65f4cdd36f5098344298fa1c323184b7eca971965c298b541c297b4db8373347,False,False,False,0
server/packages/services/workforce/vitest.config.ts,ts,tooling_operations,d41e78be6eb331a48fbb85ebbaf4ae3ea4e65260f80f357744e6f42d6049e55f,False,False,False,0
server/packages/test-utils/src/authz-epoch.postgres.test.ts,ts,test_fixture,26078475fe2e65dac084a6ed787407d82c13b59ea7a7ee7ca60ac8d5a4d5abc6,False,False,False,0
server/packages/test-utils/src/governance-plane-isolation.postgres.test.ts,ts,test_fixture,0c35a24aee45b6913c7042b5ca7ff51518e2b6c9bde4b61c368442aeef1ca995,False,False,False,0
server/packages/test-utils/src/index.ts,ts,test_fixture,8ba98ba68f634a8be1c1734c82a4e68ab596c81560996ca219d4365c90656b4b,False,False,False,0
server/packages/test-utils/src/no-skipped-postgres-reporter.ts,ts,test_fixture,0342b4cf504048c9a1c3cf35617c14a365b5e8b4031fd68215a5f672a45f31fd,False,False,False,0
server/packages/test-utils/src/postgres-global-setup.ts,ts,test_fixture,deff43c643eeff3dbe2f96e6953049c58ee715d1abf886891b5e46f2da5c157c,False,False,False,0
server/packages/test-utils/src/postgres-service-harness.postgres.test.ts,ts,test_fixture,48affa109d5b80c794957a6563dc6cb3f000582f13eba5d5358c9b8a94ab1e18,False,False,False,0
server/packages/test-utils/src/postgres-service-harness.ts,ts,test_fixture,454b7c4ab3d9b4588446722a81a05cb08a53f0ab9adc090b535efc91367977a6,False,False,False,0
server/packages/test-utils/vitest.integration.config.ts,ts,test_fixture,b1d201f432d75b4c85ba6fc3007d0760d648ca8f8f3eaa772e6e55db0a002081,False,False,False,0
server/vitest.config.ts,ts,tooling_operations,d4caf61a49c4c6f2ba96104fbc0c14bf2ffa8bfea5077d681bf52b9ea3749497,False,False,False,0
tests/contracts/access-consumption-phase9.test.ts,ts,test_fixture,fe6b93f8defc8ad169d139b93d5ce0baa1032d3c8890ec91e8784f3956ed6c4d,True,False,False,2
tests/contracts/activity-center-client-contract.test.ts,ts,test_fixture,173afb19be51ee6272ccd33c4f9a00187bc4195b4504ba3b861cac372b21a62e,False,False,False,0
tests/contracts/api-client-transport.test.ts,ts,test_fixture,ae41c3c62960a9561221da545b32db43c2df7b1a0c7195b891d2ae51c88bc7d3,False,False,False,0
tests/contracts/app-composition-phase10.test.ts,ts,test_fixture,109e61caa1f82372e42d6021390e81aba76a02e6ee8a3de9ad51b50c02712f8f,False,False,False,0
tests/contracts/app-relay-composition.test.ts,ts,test_fixture,db243195d8612ae09a2d3791b7dcfb659e426028bcbccc80d62cb988d31582ea,False,True,False,6
tests/contracts/atlas-answer-envelope.test.ts,ts,test_fixture,7b255a028ecacbf23e44008130f8f4bf9c593ec69fcb176e12cef714e3d88b4c,False,True,False,2
tests/contracts/atlas-grounded-answer.test.ts,ts,test_fixture,286da6b3a5b3f8f2abd7b3a8d2efd624a41984c4d26d81e7898641131aacb3eb,False,True,False,8
tests/contracts/atlas-relay-startup.test.ts,ts,test_fixture,b1d6967244d79f746298f5169754ed871dc9c43c8045786ab3c80d969433bbc5,False,True,False,1
tests/contracts/auth-deep-link.test.ts,ts,test_fixture,4df8236f2fac3158b261a13b9ad5b758743e1e872bfa7b66c7f2a0d93a05e523,False,False,True,2
tests/contracts/auth-session-foundation.test.ts,ts,test_fixture,f4cccf9c85f3eaf5a25f405f18e3e8e9463c97ee9757ec9e53653e602e8f43b7,False,False,True,41
tests/contracts/backchannel-logout-retry.test.ts,ts,test_fixture,c9d5a3083cd7c87945841a9be7d03bcf9a1e84632a443ab62a3fab5e06aa05d1,False,False,True,2
tests/contracts/bff-relay-security.test.ts,ts,test_fixture,9d7b2680152c99fe38622e65ead7b94785721f99b7511c47759c9528244bb0e6,False,True,False,4
tests/contracts/bff-runtime-configuration.test.ts,ts,test_fixture,bd00ebe7f2101fe044b40b3e145ee44ac8aa865b5947db948c6ecc84dd9cc828,False,True,False,6
tests/contracts/bp-intake-protection-relay.test.ts,ts,test_fixture,8bb5c8a7c7393698b2bce70d5abc3391c4d71eb295306a48d6588d9b25d5bd38,False,False,False,0
tests/contracts/browser-csrf.test.ts,ts,test_fixture,cc829ac3206030e38fb89e0f198d54b89caec2b195fa4e5aa4c6dd14568db1fc,False,False,False,0
tests/contracts/context-refresh-race.test.ts,ts,test_fixture,c896d0c4568d28cf5582e4b6457c33bab2f397f0026a91077310f80c2289aa3a,False,False,True,2
tests/contracts/detail-navigation.test.ts,ts,test_fixture,131236bf1efe38373fc7d29577c132dbb7082102c49a805ebdec96d2fde3d759,False,False,False,0
tests/contracts/e2e-auth-state.test.ts,ts,test_fixture,67ad1d03b1e4ff27add01f640091d02cc3e5d4eff7da499b88f902409121fc8c,False,False,True,1
tests/contracts/entity-identity.test.ts,ts,test_fixture,1a70fa0584164f62fcf555b80bc63e249d29962927a83899850269a135039230,False,True,False,20
tests/contracts/entity-list-contract.test.ts,ts,test_fixture,cee96f3831276b887d853978bf132a6a0aeaf254626d0776d2013fc7aec9e0b5,True,True,False,4
tests/contracts/entity-reference-preview.test.ts,ts,test_fixture,484fdf4a8350a0376ee993952ff727bca793e4cf3d78cce35cb453455816b2ce,False,True,False,1
tests/contracts/entity-runtime-descriptor-validation.test.ts,ts,test_fixture,109bf5ef3e53e9219193b151474566a1070af53fcecd9f4fed4edcdf3d1c6fed,False,False,False,0
tests/contracts/first-business-module-readiness.test.ts,ts,test_fixture,f2d90877630c806536c2af1efc2c6dd042d8d2308baf15198259a754abcd901c,False,False,False,0
tests/contracts/frontend-spine-browser-contracts.test.ts,ts,test_fixture,ae71fd9a6e0cf4501da0a32b6deecdac719a8b8d1853adb39cb9f88912183610,True,False,False,1
tests/contracts/frontend-spine-server-contracts.test.ts,ts,test_fixture,2e5fbd132aec7487a6f0795300886f27af1c30d175639df4954eaaa6a7d37f47,False,False,False,0
tests/contracts/home-personalization-phase3.test.ts,ts,test_fixture,34a7b9b20e867b67475387432ddbe3e5053b33e15b5c8b090bb3cd7df64cf6e4,True,False,False,6
tests/contracts/mesh-network-account-contract.test.ts,ts,test_fixture,f394d8ab84e573e9d39f5c69d700d376d808bc64ad5c15413609f728e83e7fd1,False,True,False,1
tests/contracts/mesh-url-review.test.ts,ts,test_fixture,41195bec6fdd9a70f8d81ec08f5ff3bac1f1d1fad70c472b9599d2e9236832a5,False,True,False,1
tests/contracts/neon-application-url-review.test.ts,ts,test_fixture,a33fb8843a87bad2bcc1e06e82513e53f48982e4d2fb49a35e8701cf64579c8f,False,True,False,7
tests/contracts/neon-operating-organization-contract.test.ts,ts,test_fixture,922300b524ee32252177de5c06131ea6229b00375c83d1e6ce05ea42be4a3cd6,False,False,False,0
tests/contracts/neon-work-context-contract.test.ts,ts,test_fixture,18e294256313f9f1755f1190d49cf4f75cdbf16f7f4554b744eb1d83db88983b,True,False,False,1
tests/contracts/notification-authoring-relay.test.ts,ts,test_fixture,005c073c0917c18920d367ddb4e64d8a6e3c0f9c6269141aefc10653ea07b092,False,False,False,0
tests/contracts/platform-catalog-experience.test.ts,ts,test_fixture,36c3b89eda4ee8fb457ffae2a5fb7d3afe76a1f4fadf3dec1e149cba78a94d71,False,True,False,3
tests/contracts/profile-preferences.test.ts,ts,test_fixture,cbaed8d09c5342386b15fc3a372cbbefc1544abda38881eed2354793393b3c67,False,True,False,4
tests/contracts/query-provider-lifecycle.test.ts,ts,test_fixture,072d2d2b40d1784c51d339279530edb836f6d10ae760a8fd67995154a6467bb6,False,True,True,6
tests/contracts/refresh-touch-race.test.ts,ts,test_fixture,5ec129fd5fd4db0f6bb9d386e0719f6568c2ae2a59648dd94ba8620ccd021eef,False,False,True,2
tests/contracts/relay-common-plane-operations.test.ts,ts,test_fixture,1ce40861e0d17a3ffb32458e0654a4f92ab14bd342ae28f29a6bcfe41e3dae15,False,False,False,0
tests/contracts/server-plane-composition.test.ts,ts,test_fixture,2c4193d47982ca28d25b25d9c5b5b6f6c6c5577d8e70674dbf429554e668b84d,False,False,False,0
tests/contracts/session-store-index-expiry.test.ts,ts,test_fixture,95fb2fa236d53b6fa437b303a6e77d55d2c07c4b4a2f367f8df51f93a2809a08,False,False,True,4
tests/contracts/session-store-rotation.test.ts,ts,test_fixture,97e47a73fb6a38e48f09314b731e998be580ac43859ff48b1543cf8cb8f55b71,False,False,True,2
tests/contracts/shared-shell-navigation.test.ts,ts,test_fixture,f5d907123865a5786ab3a72d555ddf8382ffe9b158415af1af938e717cb0ea52,True,True,False,9
tests/contracts/studio-activation-inspection.test.ts,ts,test_fixture,802d2eb32822de19e7ce7f26f29be9f8d03dc40c67ceecaff0fc58c3c70f459b,False,False,False,0
tests/contracts/studio-authoring-relay.test.ts,ts,test_fixture,c0ed4ef1ffd6a4295b78f7f7124d7e59366e380c9086797db39b80cd034f9c6d,False,False,False,0
tests/contracts/studio-inspection-scoped-repository.test.ts,ts,test_fixture,a35477b44fcdba19eced7a5f08eed8bb55cd18cb3852f0d8602aa7c29cf46604,False,False,False,0
tests/contracts/studio-publication-navigation.test.ts,ts,test_fixture,5624ce168c2ab92c9149951871a42655992ff87ff02fa896f153abd53e20e782,True,False,False,1
tests/contracts/studio-url-review.test.ts,ts,test_fixture,3a07f7c2ff20730fb0d534d6b7e9d747c2829236439513ae09255badf491cfec,False,False,False,0
tests/contracts/three-plane-list-scope.test.ts,ts,test_fixture,d3147acf3435cf575c80d1d7e18ed7f65212174daafd468cb06d3210874882d0,True,True,False,5
tests/contracts/trusted-device-authentication.test.ts,ts,test_fixture,1ed54644a55b665163d1e41ef83058b41f344228816ed47e99dd9c6954089e69,False,False,True,11
tests/e2e/auth-state.ts,ts,test_fixture,76e455fa1c8ff404191a50bc71289a056d82c8763c081d2b519050688f32ac54,False,False,False,0
tests/e2e/authenticate-browser.ts,ts,test_fixture,8b0fe4d039cde52bbad2b93abe9a9eb8a4e662cdadf1bc12e8d24e0d91414c66,False,False,False,0
tests/e2e/global-setup.ts,ts,test_fixture,8bda6e2f0785eed4dc42c6248726f748b5d1eeaa5dd5503cab54f5752bc77178,False,False,True,1
tests/e2e/mesh-review/authenticated.spec.ts,ts,test_fixture,3741da64421d654ab71320bf791c09e53a60652355d4b267e18d253c25d1183c,False,False,False,0
tests/e2e/mesh-review/setup.ts,ts,test_fixture,d7fdcf8c9672c6dcd06347905d2b3391a22128633de77957d97a51a7da6dedfb,False,False,False,0
tests/e2e/neon-review/authenticated.spec.ts,ts,test_fixture,10b27dac0519eba5a0c1539a3352aa212986e13000ac0d08a551ae8bdbe19bfd,False,False,False,0
tests/e2e/neon-review/preflight.ts,ts,test_fixture,2db6c3733e87111d4138df65b96470c8eb40f7eefcf6470eca53b5a836298f54,False,False,False,0
tests/e2e/production/customer-onboarding.spec.ts,ts,test_fixture,b4ef4823165a071e0fdede0aa5b66830cc394e4040e6312e10c06ec43458701c,False,True,False,2
tests/e2e/production/fixtures.ts,ts,test_fixture,6fab1f77f210da3c27bfcc48fe34d9f28cef881dc4fe59fe7063687374f32917,False,False,True,3
tests/e2e/production/operational-journeys.spec.ts,ts,test_fixture,1db5d2fdfc99ce4623d1e9506decbffaceab8c1784d8a7fce1108c3e30a90e2d,False,False,False,0
tests/e2e/production/surface-matrix.spec.ts,ts,test_fixture,2707d151b6271af92cf28226f61f7ebdcb17bf520fa7549fd74c7cd2ae4ba6b5,False,False,True,2
tests/e2e/session/session-lifecycle.spec.ts,ts,test_fixture,f6a60755013098a5af956ecd120bacce0c08091cdacd6987bc59c0b5701faac8,False,False,False,0
tests/e2e/visual/pi-fixture.spec.ts,ts,test_fixture,a014d45961c34b53215c72c3b930f224dc427da71ae463b483da39697d42351c,False,False,False,0
tests/foundation-browser/activity-collection-fixtures.ts,ts,test_fixture,7138336b46c0c0b93ae68432a3ea8126daf8afd20ab3e2d65d2f247284986067,False,False,False,0
tests/foundation-browser/activity-header-switch.spec.ts,ts,test_fixture,e59c4b3ff629ca9725343f36b20d4cb8366da2bed357127954ef312a0c5c5168,False,False,False,0
tests/foundation-browser/activity-hydration.spec.ts,ts,test_fixture,d5b250125f1838094a5f4f907e05a3473a1175622dc415399d1ba5a6ec3c0d46,False,True,False,2
tests/foundation-browser/activity-query.spec.ts,ts,test_fixture,67efef02c22b86f64d60e96be9e4476f2a9adf1cbeb8fb4ae479381469a04435,False,True,False,1
tests/foundation-browser/activity-rows.spec.ts,ts,test_fixture,fa97138b1b34f11aa1a81740289b8b47ec64ed930176d52e1517fb7f2cb0dbdf,False,False,False,0
tests/foundation-browser/applied-filters.spec.ts,ts,test_fixture,4030f09e4e84fb5dfd8fef51a41287a1fb1a7fc99de779a9fbb4d881bd3cc04e,False,False,False,0
tests/foundation-browser/atlas-composer.spec.ts,ts,test_fixture,5f93ff687cd1a8e3fec18f0c59844eeeed798b0d630deecadf4aa2f81e90073d,False,False,False,0
tests/foundation-browser/atlas-header.spec.ts,ts,test_fixture,71af9b36a5b624e72312a8b7d07c7f249410e6ff1ecae9304a185b662cb2a898,False,False,False,0
tests/foundation-browser/bank-country-rules.spec.ts,ts,test_fixture,ef577a30db13ffe98596538a2bb7667c830c21e2269c394043df5219e0e33f0d,False,True,False,1
tests/foundation-browser/bank-editor.spec.ts,ts,test_fixture,d565b2f505b30154624f461c08da82e3cc4736c0f8425598f1ffb9796a98bdc4,False,True,False,1
tests/foundation-browser/choice-select.spec.ts,ts,test_fixture,025455bf0fa2410c07de498bd5baa3684628ed8d5ad2640341e371a5c340ac93,False,False,False,0
tests/foundation-browser/clipboard-spacing.spec.ts,ts,test_fixture,de0bd0775e5065e8a2090ab4542542ec44bea4e18fa51666a46170fe48ac0793,False,False,False,0
tests/foundation-browser/collaboration-entity-wiring.spec.ts,ts,test_fixture,d62a7b6cbafeb695fdc0249a11940f0e91bf369947da327a54e5d08a23a620ba,False,False,False,0
tests/foundation-browser/collaboration-pagination.spec.ts,ts,test_fixture,9bed9ba509973d4e07222939d32723da2da21b30eb11f20b9c9bed371491728c,False,False,False,0
tests/foundation-browser/collaboration-panel.spec.ts,ts,test_fixture,0992f2a6039fa161606182dff8effd0143f34c2d7d6fcff94034e58ad2e26781,False,False,False,0
tests/foundation-browser/collection-presentations.spec.ts,ts,test_fixture,56671805fbcf156302f031b26238f69af3a272cb154d1445bd4ad18ba1f5c4d9,False,False,False,0
tests/foundation-browser/comment-actions.spec.ts,ts,test_fixture,9e529461fc035ace02834f23f6be44fe0d3168da16ccf37509d496c219dbcf9e,False,False,False,0
tests/foundation-browser/comment-composer-effects.spec.ts,ts,test_fixture,ef3e781257faf226ed41bd9ae078f056ec29553a225c71992fb05737d4ba1557,False,False,False,0
tests/foundation-browser/company-filter-groups.spec.ts,ts,test_fixture,fcd80dd5f92786a36a893b4d47abb1304d52824b1f98168bb4f7445864a62622,False,False,False,0
tests/foundation-browser/context-panel-attention.spec.ts,ts,test_fixture,97b921dd127ee733a591db5824f98a0f917d4a2eb6ff2b6d8f83f8866dadadbc,False,False,False,0
tests/foundation-browser/country-change-confirmation.spec.ts,ts,test_fixture,3a7668e6d5d4f6a14b82eef408a1a6096e6c7eb61a61c6a29a305cc1961572b0,False,False,False,0
tests/foundation-browser/country-filter-layout.spec.ts,ts,test_fixture,c2df9733797e683a29b1da860429876263ac9fc484948220a7fc45e068047cb6,False,False,False,0
tests/foundation-browser/detail-collaboration.spec.ts,ts,test_fixture,59d170be7fccaab6c4c6a9a41105bef536056200dc38307ea84880b9df8e5a89,False,False,False,0
tests/foundation-browser/dynamic-reference.spec.ts,ts,test_fixture,5170eb97fb996f17ef7a04ae860f332cc184bd0f2fe638551f648c674279a71c,False,False,False,0
tests/foundation-browser/entity-activity.spec.ts,ts,test_fixture,1e6753840d58688cb2118856638407726b1e100dd6b93e6aede1e905de6e9bee,False,False,False,0
tests/foundation-browser/entity-audit-regressions.spec.ts,ts,test_fixture,9de74402e2d0c6a79d33800e932a10933ad3feac4967524a12cc7af818e0a600,False,True,False,1
tests/foundation-browser/entity-drawer-selector.spec.ts,ts,test_fixture,8ff2c58106f1d5efffb8b5f9b6cf5105fc9d64775a017e91e677120eed30d908,False,False,False,0
tests/foundation-browser/entity-edit-collaboration.spec.ts,ts,test_fixture,17e87fad4ed5e0fc958f060ab5561e1714e5d8d2161579e7ac31d635755b326f,False,False,False,0
tests/foundation-browser/entity-edit-reference.spec.ts,ts,test_fixture,632d5717ce288f8b9702503cb0eac696c60cd69201d204bd8bd4c5807bf7e3d8,False,False,False,0
tests/foundation-browser/entity-list-mobile-cards.spec.ts,ts,test_fixture,91eb1bf35853758d0e8b53b1f7422ddc6559077e298a0257822bdff7ce88ea3d,False,False,False,0
tests/foundation-browser/entity-list-plane-parity.spec.ts,ts,test_fixture,bfdd2aef18a89b367f46fbbdce67e7110fbaf2fd8dee2cb44cfab902951184cd,False,False,False,0
tests/foundation-browser/entity-list-refresh-navigation.spec.ts,ts,test_fixture,cfaf9303f3b98ac628e38a155b4873f9cec35242733a11744387ce87e0d20b5e,False,True,False,4
tests/foundation-browser/entity-list-sticky-heading.spec.ts,ts,test_fixture,500996e05776e59cb827c906acbe4aa401ae5d075af4218ffdd61dfcdb15e67c,False,False,False,0
tests/foundation-browser/entity-onboarding-followup.spec.ts,ts,test_fixture,32d60e083d4e5a40b321b71c1c290f82cc4250a2f1ae4712c13dba7fbf55a0ef,False,False,False,0
tests/foundation-browser/entity-overview.spec.ts,ts,test_fixture,45486cf923b5b785aa68865b0da80a5af3bbcc32f895baca7038bcb086f5abb3,False,False,False,0
tests/foundation-browser/entity-parent-atlas-context.spec.ts,ts,test_fixture,154c616caec4f70e1a5842607e32a8e1e88c96f463bf3509efc8adb3e8d320db,False,False,False,0
tests/foundation-browser/entity-read-route-adapter.spec.ts,ts,test_fixture,89b3292237e0e08de54da81128740d8da7b65f119e8130eaddb63146e11f615a,False,True,False,5
tests/foundation-browser/entity-record-footer.spec.ts,ts,test_fixture,d66802a1104d2d886f57c28e691d9cbfbc71472ce436a4f8ca66801817729592,False,False,False,0
tests/foundation-browser/entity-record-header.spec.ts,ts,test_fixture,a822e673898cbed4f48e46849eb18054145c1999383f88b76fc226ce618af60e,False,False,False,0
tests/foundation-browser/entity-reference-preview.spec.ts,ts,test_fixture,a3d4323d0be9555de9abbb2d1981987e729be79afeb800c6b56cea77b19554c9,False,True,False,4
tests/foundation-browser/entity-rtl.spec.ts,ts,test_fixture,cc1781e35c3d8921091542cc0be148db7dc8275a6663b0db3ad5e0da935b2c85,False,False,False,0
tests/foundation-browser/entity-runtime-tab-return.spec.ts,ts,test_fixture,a684c7746a5ae066cf56784f854b014eb699f35a284577edd842b2a2bd6f7d49,False,False,False,0
tests/foundation-browser/entity-surface-hardening.spec.ts,ts,test_fixture,b9a821b67ca271f5c14b3597f7d4cdfb1b1ba4b1bfde206be39e32e03d62db56,False,False,False,0
tests/foundation-browser/entity-thumbnail-performance.spec.ts,ts,test_fixture,25233c9a33b37ec7ce2d4c44c8f1ccb6c812318002451f190f00497a90ab8819,False,False,False,0
tests/foundation-browser/error-boundaries.spec.ts,ts,test_fixture,0fefcdb6bb0c2fcebc394dd2bd9a6f446b253cca9c9c73087e832830c973ffc4,False,False,False,0
tests/foundation-browser/file-discovery.spec.ts,ts,test_fixture,4bbab1b2170aa62c57f27bcc83819c9fe978371d5e51c314318cbe378b4bd5d1,False,False,False,0
tests/foundation-browser/file-search-feedback.spec.ts,ts,test_fixture,0dd4f21096a538b74d72c3edb533d59ce1fa90631ad0f2dc803679e16c974de7,False,False,False,0
tests/foundation-browser/fixtures/activity-data.ts,ts,test_fixture,fd6c9efbc3d3c51709b099520545280795548de8bd60cc3fe98b32ec5797b974,False,True,False,9
tests/foundation-browser/fixtures/app-styles.ts,ts,test_fixture,efd50d31f713e8d1f2ea83d26ca23e42c7900205b2dfb88451fe97f940c9de77,False,False,False,0
tests/foundation-browser/fixtures/bp-shared-record.tsx,tsx,test_fixture,82458e0bc2b70b8483b55c8335d256daff63fb429c2568878a91768b5232849d,False,True,False,3
tests/foundation-browser/fixtures/choice.ts,ts,test_fixture,c27e3e07f0a891c3af4fad5b21659e1629ebc46ecfd0ae8a07312f2627ce39e1,False,False,False,0
tests/foundation-browser/fixtures/session-stub.ts,ts,test_fixture,328bb3d17d920c3188fc7e4ee905cf23c7a19ca3e0c81541f0833951380bc49f,False,False,False,0
tests/foundation-browser/foundation.spec.tsx,tsx,test_fixture,194e39e8a86799266bb0b824028c67585f7757153493482de73ea7a8b9231bec,False,False,False,0
tests/foundation-browser/global-field-controls.spec.ts,ts,test_fixture,a1ae302184662ed9ab62939df62b5e0800cbfc58e7a5ab742470ec7a59b76cfc,False,False,False,0
tests/foundation-browser/iam-showcase.spec.ts,ts,test_fixture,205befd7d5296a720646777f708f01280b8fdb6fd7625079a56f732c115ec452,False,False,False,0
tests/foundation-browser/metadata-detail-navigation.spec.ts,ts,test_fixture,9c8ab5bc51b90561b1031ae4a225eec77df71c1992d018718170dac603e7cf32,False,True,False,1
tests/foundation-browser/neon-context.spec.ts,ts,test_fixture,6430413bd297e6e728de19967fd933509ce5b29aa0e5c7edfe221ab906f436b7,False,True,False,6
tests/foundation-browser/notification-controls.spec.ts,ts,test_fixture,79190db675f2ba207324919eddabd9532478142dd065451a4862cde5ccb9da05,False,False,False,0
tests/foundation-browser/page-header-supporting-row.spec.ts,ts,test_fixture,e00161e2f7863ff2b5a11e9c86ad96d7aaa0efd393b534451087be8121e10642,False,False,False,0
tests/foundation-browser/page-navigation-scroll-linked-tab.spec.ts,ts,test_fixture,98394539d3d3a3ebd9ffd7e365e0602fbb92df77196c6832e46001440ead56db,False,False,False,0
tests/foundation-browser/page-workspace.spec.ts,ts,test_fixture,ee9a3e788d320e48b7841985c14f07511dbf72761285f6a41d2767f85781895c,False,False,False,0
tests/foundation-browser/panel-header-controls.spec.ts,ts,test_fixture,3ebbae9b7b3f424365ce6b3f80fed95ddbd40f00facc5b2d3622edf202fdb9b6,False,False,False,0
tests/foundation-browser/record-navigation-fit.spec.ts,ts,test_fixture,649ed1937f5238c3958f74277e02fa027c6aab92b34be94fb739e2e3f11b5aea,False,False,False,0
tests/foundation-browser/reference-select.spec.ts,ts,test_fixture,abdbc4584b4d98374453b9118b2267f024392fd70a7292d54a077eb3165f284f,False,False,False,0
tests/foundation-browser/reference-status-choices.spec.ts,ts,test_fixture,aca9b412c306c15cbf9bd0daff1e1214e3771f28c5d1248a22d05ce74f305f8f,False,False,False,0
tests/foundation-browser/related-section.spec.ts,ts,test_fixture,bdc600aaa366eb77ef408f9167e9fbb6aa1e9ed7967254655594a51f950ed574,False,False,False,0
tests/foundation-browser/shared-record-navigation.spec.ts,ts,test_fixture,8e280711ed63c3843b5db342405caae0e205cec46bf098a02acb2c9d99331f6f,False,False,False,0
tests/foundation-browser/shared-shell.spec.ts,ts,test_fixture,c02f19e4e45dd2f7960a9379f346531c67cb470f58f15e47fa95d6049c289d42,False,True,False,4
tests/foundation-browser/shell-appearance.spec.ts,ts,test_fixture,2e8352d1ff59145acb6e871e183d1e3cdec2dbf0904314de4bccd1c5970870a9,False,False,False,0
tests/foundation-browser/toasts.spec.ts,ts,test_fixture,fb10a5bc79258cff1631e86357c268d2c334372b02eb2398c0e0c18b347e5806,False,False,False,0
tests/foundation-browser/tooltip-behavior.spec.ts,ts,test_fixture,a72c9e2ed34905055029e6ce2cf68a42c20d2ffe0df3bb33dc573c5a0c2aa60c,False,False,False,0
tests/foundation-browser/ui-baseline.spec.ts,ts,test_fixture,616a05591ffe7f7e9c788a578be8abb04ba82f4dde1d516932f7cef32d297e3f,False,True,False,5
tests/foundation-browser/unified-form-layout.spec.ts,ts,test_fixture,6b6bddc7888d56b60869597f0a7996984a879badaafeacad3ac96f184c908260,False,False,False,0
tests/foundation/access-gates-phase9.test.tsx,tsx,test_fixture,81eb0930ad607d02dfdb54573839cbf6a2df1e33319b198918d869a8d31f443a,False,False,False,0
tests/foundation/activity-center-interactions.test.tsx,tsx,test_fixture,a6c7fe847cbacb1e272ccaa718db8821e74e43ffb80ff5360b425948ea97e7fb,False,False,False,0
tests/foundation/activity-comparison-model.test.ts,ts,test_fixture,c6ed0cc676ce44af58c56d3deaec6fe26748fde907c981b2a16aa9effd4d31a4,False,False,False,0
tests/foundation/activity-date-range.test.ts,ts,test_fixture,ff0f22ccfe431cc53ada19d52613349463f2509e7b208326ade669d17c7a3209,False,False,False,0
tests/foundation/application-fallbacks.test.tsx,tsx,test_fixture,a57f2aceabee9d3e80f579a4bc0cbfe0a9e68ff67dd742d1d9a137a574618695,False,False,False,0
tests/foundation/atlas-answer.test.tsx,tsx,test_fixture,def2ae959c48143c8de23a13380f2ce053e39a8893d1143e483694b2dd069bb2,False,True,False,6
tests/foundation/atlas-business-context.test.tsx,tsx,test_fixture,9d55a0287b80534e909e3f7d25d1007d872fbbcc16db12dbc35eccc55db4e617,False,True,False,3
tests/foundation/atlas-composer-interactions.test.tsx,tsx,test_fixture,00c453ada27314736adf412ef4d7443fbe089da72d0de5def3f6aec4a7a6db1f,False,False,False,0
tests/foundation/atlas-history-interactions.test.tsx,tsx,test_fixture,68392a74dd0da2f94a29e9da9a8dc856b425d8386072baf86ec3796a015a7269,False,True,False,2
tests/foundation/atlas-prompt-rich-content.test.ts,ts,test_fixture,4cce3a5d6242acd3e27e064d2da153d772f205d4a24986f53b265b9392cbc38e,False,False,False,0
tests/foundation/atlas-record-question.test.ts,ts,test_fixture,4779a9b3c0143a79c4db43f0b5711d2d6fb2e4366df576ab34fab25ea56957f4,False,False,False,0
tests/foundation/attachment-browse-lifecycle.test.tsx,tsx,test_fixture,3357fcdfa1376780827ca864fa81fe6f7d0916d5623d4e3b38b56c7a31e86f0d,False,True,False,1
tests/foundation/attachment-client-coordinate.test.ts,ts,test_fixture,c090b18dafe5560c882da2129a48e3dac9ccc8fe2d2097dc5062d557b7d57a8a,False,True,False,3
tests/foundation/bank-country-rules.test.ts,ts,test_fixture,6eeb9307fbe30546834ceb8f7f7dd520de2f755ba54fbc1e9c65dec287e0ea86,False,True,False,4
tests/foundation/bank-editor.test.ts,ts,test_fixture,17ab618a7fa730dd12a2f07ffc542963b81c581932f1bec9ba52b4b47773d0e9,False,True,False,2
tests/foundation/brand-icons.test.tsx,tsx,test_fixture,493640ef5435a8ea4500f0e20f4e8b5b19cc83d59a8ef1194c10b779fd482133,False,False,False,0
tests/foundation/collaboration-content-safety.test.ts,ts,test_fixture,8ac8bac173dab72b03c367ee47231cc3ecc311b81ac223f948113231c5248177,False,False,False,0
tests/foundation/collaboration-route.test.ts,ts,test_fixture,c7216c4b320b8ec602933b25c31baca8c0d32e530b65c3f2b38c5e88ff1afe6b,False,False,False,0
tests/foundation/collaboration-theme.test.ts,ts,test_fixture,335c89718c921b08d3c3848d65968e7ca66c89c2b1f8007e3e33f8ac71b51cd2,False,False,False,0
tests/foundation/collaboration-upload-reliability.test.ts,ts,test_fixture,39a392ef6d5b2c9590297be56d492389bd262efa8205c20af6afd267679eb575,False,False,False,0
tests/foundation/collection-presentation.test.ts,ts,test_fixture,d16c62e08c74317f8c9bf84a7e8ce03d2f763aa6d6e7fea2273ffa94ee8a020b,False,False,False,0
tests/foundation/content-header.test.tsx,tsx,test_fixture,1e770c612986ac522af613bc533b0ca9fb3b861678b3da27b16076b298e88635,False,False,False,0
tests/foundation/country-detail-read.test.ts,ts,test_fixture,f3ab0c6948f97275ac4082c24a6892ab8f0ef66073f2311cb7b9c00c091be8de,False,True,False,2
tests/foundation/directory-filter-dependencies.test.ts,ts,test_fixture,f1e0d5983d4519fd66089a6b1324db801ed1c2acd0c36e0966a2c55d6451dd9c,False,False,False,0
tests/foundation/entity-breadcrumbs.test.tsx,tsx,test_fixture,e724bd0099890589ef4fd11813be9e348d821207a975a1d6a1ae2e9e591baed1,False,False,False,0
tests/foundation/entity-decision-presentation.test.tsx,tsx,test_fixture,0833f306d0711180304b55e786165ecaa218b6c76d5a24bd16d81a92d7c29460,False,False,False,0
tests/foundation/entity-descriptor-error.test.ts,ts,test_fixture,ce3228b1ce736862c7adb8ad5a91bae34914a3dea68c5c0ca04bf4a1dd54d87a,False,False,False,0
tests/foundation/entity-form-values.test.ts,ts,test_fixture,d1209e67799316999267ad0f6ddfb826b8ae12ce082a421d1ec421d37bd2378f,False,False,False,0
tests/foundation/entity-intake-state.test.ts,ts,test_fixture,147fba2ab8433da116f940a3c0a9b816d977df8d41293a1bb819dff2f4833dc6,False,False,False,0
tests/foundation/entity-list-audit.test.tsx,tsx,test_fixture,6f0c3d2b5148a8f8baaad8ab78b83c7ffd33b75f0c6be8d964115f2814a16b05,False,False,False,0
tests/foundation/entity-list-columns.test.ts,ts,test_fixture,aa7d81b39e80582efdb2a4ac8d58bbb2b586c0a7a14079aafad3bdf7c421739c,False,True,False,1
tests/foundation/entity-list-grouping.test.ts,ts,test_fixture,58b285ff0abc6a949e202d88613bba7ef3827c9dc3a970a27cc309bf16cfca32,False,False,False,0
tests/foundation/entity-list-phase1a.test.tsx,tsx,test_fixture,28479e2c1cd5632f437b8ee8249b311c2fdbc49df7fbd4ef171c26995895797f,False,True,False,26
tests/foundation/entity-list-record-card.test.ts,ts,test_fixture,19bc0a88f01e16f3f7c18329e97f83047a120a9e7775c93027a8416d4188bf13,False,False,False,0
tests/foundation/entity-list-scope-control.test.tsx,tsx,test_fixture,42f6c1dc63ce567086621df30c47fdba8868f8f0a0745517b6cc0a7f140ce5c9,False,False,False,0
tests/foundation/entity-list-sort-direction.test.ts,ts,test_fixture,dc1425d8bee480086674b99efd2bb01f518dfe50c002d35b9285e067996f706c,False,False,False,0
tests/foundation/entity-localization.test.ts,ts,test_fixture,ada0e385a2493b7c9919b53048ba43c555a9c7abfb732e975d85bd752c18b8e8,False,True,False,4
tests/foundation/entity-overview-favourites.test.tsx,tsx,test_fixture,9e3db982c1fe2364a719537ffdee144c04d9dc30055f340ec828a78ae11f1a9c,False,False,False,0
tests/foundation/entity-overview.test.tsx,tsx,test_fixture,31b22326b81ba400a203866a8da61521ae7c314fcb8f79621b69b9dd032c0cc2,False,False,False,0
tests/foundation/entity-record-audit.test.ts,ts,test_fixture,cc3bbb99c101c0634201a048e12679a56763065e3c46dc70b576e0ce49de0fd6,False,False,False,0
tests/foundation/entity-record-header.test.tsx,tsx,test_fixture,b74e717f020e327a67e15490aabd48c0945a8f45a4e583de0233936f74666316,False,False,False,0
tests/foundation/entity-related-presentation.test.tsx,tsx,test_fixture,3f67d63e222d204fa004603dca827ab31878f46b68014601e6b948f48f2c58b7,False,False,False,0
tests/foundation/entity-relationships.test.ts,ts,test_fixture,80d67f267a9176cf48dbf6d77adadf164176d934aaa7c29b134c8684434d9c94,False,True,False,1
tests/foundation/entity-request-lifecycle.test.ts,ts,test_fixture,7b9d90a69ed29d2ecfeee9065827c7a16061fb00578b3e0de8b70950d73bc92f,False,True,False,3
tests/foundation/entity-resource-loading.test.tsx,tsx,test_fixture,34504d86fb91b3081e1100022eec387a448cc3b4423b0ed57cd235558b5b3a23,False,False,False,0
tests/foundation/entity-work-context.test.ts,ts,test_fixture,1e801681c1cbacf35ff18fb4d02ca5d2e72fdfb9e0cf2309dd32178d69c1d9fa,False,True,False,1
tests/foundation/error-boundaries.test.tsx,tsx,test_fixture,ea361a44b676241f08f03b70c8412a8dfb7c1e76f785267037b2a738e2c890b9,False,False,True,1
tests/foundation/foundation-render.test.tsx,tsx,test_fixture,11bc61a1ebe2c3bc72702e2dd65e08dfbeb9b663d148b265e9b4f2c7f21e6509,False,False,False,0
tests/foundation/foundation-snapshot.test.tsx,tsx,test_fixture,0f8f26161c7092ab7b8bf60ef063ac1f8d75bcf11389dba7e5fa914b0b6831f4,False,False,False,0
tests/foundation/header-context-identity.test.tsx,tsx,test_fixture,f9a825322dfad7fd356b2f36d3121e9350bc88dabf2a844b8be6030113b05d74,False,False,False,0
tests/foundation/i18n-foundation.test.ts,ts,test_fixture,a4423cd06f01b996bb0f83f3d0446b38ae93b58ef28cbc41a6925130542c1eee,False,True,False,1
tests/foundation/intake-validation.test.ts,ts,test_fixture,f20f2bbd0764a2c58dc36d537b965d95c927a64ed7e5f4f50caa11375d0768e2,False,False,False,0
tests/foundation/neon-scope-adapters.test.ts,ts,test_fixture,cb7afd4e407df15d3e93b5509bf86c1939533d35b3f1f93bf87766a743c788eb,False,True,False,5
tests/foundation/neon-work-context-state.test.ts,ts,test_fixture,76e4bd115e02f4e982d287f1adb60c8f91b2eb6189b2b1058f4b51ce5fb89a7d,False,True,False,1
tests/foundation/page-foundation.test.tsx,tsx,test_fixture,8c85e76d6060ac78da5d49cc0aa5904b7e68cc628e7b5e0d6eacb0559a7d8c44,False,False,False,0
tests/foundation/primitive-interactions.test.tsx,tsx,test_fixture,3db688b082d2980200eec67009d995bdc2fcae6507f8506771f267d0c47cd69d,False,False,False,0
tests/foundation/public-auth-surface.test.tsx,tsx,test_fixture,3ab3dfbed34e3a39e370c2c1530ff1af60d9b48f4ae04dce377be8a524f00563,False,False,False,0
tests/foundation/quick-access-interactions.test.tsx,tsx,test_fixture,cf0e11cc924872631ddcb02f59bf62b11da96a7acab6e5b1bf4c2e53a27c306f,False,False,False,0
tests/foundation/record-footer-registration.test.tsx,tsx,test_fixture,f3db96371bb704b0de0646208e2800fb182ecf63a2334ca7a939d522417dd92c,False,False,False,0
tests/foundation/reference-choice-policy.test.ts,ts,test_fixture,cc2a634cde337e9a8062aaab5d866050d4988555b0de00cffc5ca01e6903a4f2,False,True,False,3
tests/foundation/reference-history-store.test.ts,ts,test_fixture,249bc3a706eebe7863b567e56319d906088621e41c64f1876de59855b76e67d1,False,True,False,2
tests/foundation/second-entity-reuse-currency.test.tsx,tsx,test_fixture,5688bcb5896485d59b14a387fbe930a392c01061708499e7340138831b1acbe4,False,False,False,0
tests/foundation/shell-overlay-state.test.ts,ts,test_fixture,6420796bc20f1a1f29f1090a622453c1beb8af52bde31a950cde391fa8c6e6db,False,False,False,0
tests/foundation/shell-surface-boundary.test.tsx,tsx,test_fixture,94e6bd1771c4fd7883c8eed4f9dab3b4990a7d401c03ba0e946d939f6c4025e0,False,False,False,0
tests/foundation/shell-surfaces.test.ts,ts,test_fixture,e2dbf2e68b6a59138a03d1c2e0de5ab861e235dfff2a24c58443868e49f7a57d,False,False,False,0
tests/foundation/surface-stack.test.ts,ts,test_fixture,c5522603e44b555b4ef4f6c6d5ef778e75a3c80edded2695a2ef453079ec947f,False,False,False,0
tests/foundation/theme-contract.test.tsx,tsx,test_fixture,960c8369d288fd77f1c81a89699ec285a4c00c09ecf11bd4d32fa9ef6812a032,False,False,False,0
tooling/config/playwright.config.ts,ts,tooling_operations,0b6405e632092fee9d21583c065d630a8b53c01d7fbe133da109535f717766e5,False,False,True,2
tooling/config/playwright.foundation.config.ts,ts,tooling_operations,43ca6cc0efed6ab8c02be9a4b9d88d41590c0deb3773f2c573e6122f16e3e80e,False,False,False,0
tooling/config/playwright.mesh-review.config.ts,ts,tooling_operations,61f3f0a22f1e371f5eb7e41cd1d179e6f45a44a6b29c3aa7d14594a806774663,False,False,False,0
tooling/config/playwright.neon-review.config.ts,ts,tooling_operations,1a3a6a63db1d6ea8ef210126f4d649b85adcc9a6d998672ab5ccb014b3337781,False,False,False,0
tooling/scripts/brand/keycloak-showcase.ts,ts,tooling_operations,083e1c4c879fe59b5a0658e9869842e0b06937567b1a7f5ec590f01885cb385a,False,False,False,0
tooling/scripts/brand/sync-app-brand.ts,ts,tooling_operations,c29d8468f52ba8ca48ae67948fedc74f991386b04498820204c21afb681a9323,False,False,False,0
tooling/scripts/brand/sync-gateway-brand.ts,ts,tooling_operations,998b8d1c96aa59b99e34b0dc5beccc48e8387c913b3d8b1586ca0aada867806d,False,False,False,0
tooling/scripts/brand/sync-keycloak.ts,ts,tooling_operations,7c1f46307b2d517089576ad7dbab68125009db1a780dbf4029b4015772865b33,False,False,False,0
tooling/scripts/brand/verify-brand-sync.ts,ts,tooling_operations,d4176b1150a128b78b956d4861b6d992acffe4dcfac045e4509ae4a79f052a3e,False,False,False,0
tooling/scripts/iam/verify-federated-assurance.ts,ts,tooling_operations,6aff82b3b8e6fe1e53cc617177c3d06473a5f8b53be726917390fc464e43ceb9,False,False,True,6
tooling/scripts/iam/verify-identity-first.ts,ts,tooling_operations,1f0c825eebacd5b9878d677b317f6d59e37261adaf89f88eb2d2cb46f830a135,False,False,False,0
tooling/scripts/iam/verify-mfa-authority.ts,ts,tooling_operations,9a4088f3012fdcad53a71f0567ee6223aad72546c9fe6d17e995be6e57d072c8,False,False,True,38
tooling/scripts/iam/verify-provider-foundation.ts,ts,tooling_operations,4b6f713fa04ac51692b1d3457950e2edbf42b4f49518460854f738571d73bb65,False,False,False,0
tooling/scripts/iam/verify-testing-foundation.ts,ts,tooling_operations,dc8018a60c8a71af853dcb4faf5849813dd583dc9d02826661235fd37afcea38,False,False,True,16
tooling/scripts/iam/verify-unified-shell.ts,ts,tooling_operations,6963892d1671709bf148284b7200c98043fd418d3cadae9c38b15832c3cb561f,False,False,False,0
tooling/scripts/policy/audit-style-tokens.test.ts,ts,test_fixture,2674d7743aab4cfbefd03fbe1eda86e530d48f2d9739853f4d720a01293a870c,False,False,False,0
tooling/scripts/policy/audit-style-tokens.ts,ts,tooling_operations,a9540b22bdf1f5f737122b468727dac7405eb166174b4dd959050d8604c07a4b,False,False,False,0
tooling/scripts/policy/authorization-inventory.test.ts,ts,test_fixture,0353de6ac377e6698be2148226f322f6b625575978570f8ef09152dc67717064,False,False,False,0
tooling/scripts/policy/authorization-inventory.ts,ts,tooling_operations,bc2fff63fda906fac96a4adb7a692890af650151541e6200e973032228217b86,False,False,False,0
tooling/scripts/policy/authorization-legacy-freeze.ts,ts,tooling_operations,d756d210cd7016718597af418e4cc437797dff2f5ffabf286d698766c8acc554,False,False,False,0
tooling/scripts/policy/meta-entity-certification.test.ts,ts,test_fixture,e4b38b1cd4b64ec44cbbf4cc9f9cc83b5dc2b045513a9e84fbfbef08f32e59d3,False,False,False,0
tooling/scripts/policy/meta-entity-certification.ts,ts,tooling_operations,5c112f65026ab972b1e251b99200076d37d00379239b7775d5ea39693ce688ef,False,False,False,0
tooling/scripts/policy/meta-entity-rollout-gate.test.ts,ts,test_fixture,b698c89f2fdbbabf1d2908e21aa25bfb5faa8487d10da4604f7cba886ef1c335,False,False,False,0
tooling/scripts/policy/meta-entity-rollout-gate.ts,ts,tooling_operations,77af226b981cac8a0fd9079f3fd591d1d18ef58a62f6e43bf95ba7e177bb417b,False,False,False,0
tooling/scripts/policy/verify-authorization-inventory.ts,ts,tooling_operations,f5fbca072265b48c3cacbd4384e992cf914c56e871d31cdcc0b44a6da04ec860,False,False,False,0
tooling/scripts/policy/verify-mesh-boundaries.ts,ts,tooling_operations,aa2f5b193ef7816d1fd35f77887ebbd3d6861a2b55e2cb6175818aeeefc3ee54,False,False,False,0
tooling/scripts/policy/verify-meta-entity-certification.ts,ts,tooling_operations,44ac221f9e6fe78f1c6e6e02cad91a9f0d62d00e54e04844805beb446d7849dd,False,False,False,0
tooling/scripts/policy/verify-meta-entity-rollout.ts,ts,tooling_operations,d8e66aa9db1415c2e49d986fc84e8534e2dfd375c7262dc0584cd6462a92b337,False,False,False,0
tooling/scripts/policy/verify-peer-ranges.ts,ts,tooling_operations,746537590702d28451a6e8f09a71b903822eb11f38ba2a4998a447a73cf69155,False,False,False,0
tooling/scripts/policy/verify-plane-boundaries.ts,ts,tooling_operations,38fc917ba65966d8b86877afd816a278b1ecb7746e09ce964de61b47c543a4e4,False,False,False,0
tooling/scripts/policy/verify-runtime-api-paths.ts,ts,tooling_operations,972d805ec6f1094d49c499a5b3b8ca0fbde34008ac7df6f91bc6e353cf398a95,False,False,False,0
tooling/scripts/policy/verify-temporal-discipline.ts,ts,tooling_operations,4fcb18420361e984e93e257fac4f7b66cea07bacee66ea914900f2132d6082a7,False,False,False,0
tooling/scripts/policy/verify-tsconfig.ts,ts,tooling_operations,57bf8310500439f0c207a046705514bc4bc9b9bd8a6a736b13a6796248bb924d,False,False,False,0
tooling/scripts/verification/activity-hydration-fixture.tsx,tsx,tooling_operations,7ce2cb664365345d77962d7a10e51a1aaf2a2fd18bc39c0d778dd2e0f7cbecdf,False,False,False,0
tooling/scripts/verification/activity-query-fixture.tsx,tsx,tooling_operations,57164a001a8ba0a121458543e22b1e09c1a9e2d1506457bf8300be31e69bbbaf,False,False,False,0
tooling/scripts/verification/activity-rows-fixture.tsx,tsx,tooling_operations,03f21c0d72fef301710110f4822d8625ec6fab5f6e07d6165d5c80e5caf0d5ed,False,False,False,0
tooling/scripts/verification/appearance-browser-entry.tsx,tsx,tooling_operations,646a185d8d6a35578b069dab6a5ae9fd7dd2f61fad6fd92b0c1e39a9f72e2daa,False,False,True,2
tooling/scripts/verification/atlas-composer-browser-entry.tsx,tsx,tooling_operations,67210534631d9df25cf527ac68e0e14b2f3b278936a5c6d8923d434bcb4781ef,False,False,False,0
tooling/scripts/verification/collaboration-entity-wiring-fixture.tsx,tsx,tooling_operations,24d081096e70c5ee7cb3e0adb09209d48c56ee1a7030046f19b9428508ec5382,False,False,False,0
tooling/scripts/verification/collaboration-pagination-fixture.tsx,tsx,tooling_operations,bb7f2a06e63d66c82b41b806aa86ef8d9fd98dea810b5ee35131cde30892b930,False,False,False,0
tooling/scripts/verification/comment-actions-browser-fixture.tsx,tsx,tooling_operations,17fd3cdb41824b3183ad1bd6e435e60c64888bfe1dfdf04a1a4224f777cdefd0,False,False,False,0
tooling/scripts/verification/entity-edit-collaboration-fixture.tsx,tsx,tooling_operations,e660766c495bd4eea859595200439978240b90d7773ccef383b1dd5188bb1b86,False,False,False,0
tooling/scripts/verification/entity-form-errors.test.ts,ts,test_fixture,1675ba395bff30146380db79dbfcd26f5286b3b3a9cb12e3e39f9b441e2740c2,False,False,False,0
tooling/scripts/verification/entity-form-presentation.test.ts,ts,test_fixture,fd9c92f7e84a8bcb870aef7d2d23f9b21681bd9dc0ca1e0cfdfa3033e406da57,False,False,False,0
tooling/scripts/verification/entity-form-submission.test.ts,ts,test_fixture,aba056a390122059bb7bd99c62243b9e57d5bff3882c70ffacb57866a28d9e56,False,False,False,0
tooling/scripts/verification/entity-route-admission.test.ts,ts,test_fixture,4902f1caa35fd9d3ec800316f66f70c37d3833fb763180ee1e6795afbe28de06,True,False,False,1
tooling/scripts/verification/entity-section-component.test.ts,ts,test_fixture,b6da4270a43b744ebb30f2f019eaa6a390bed57c08251bcb204e5ed50cba158a,False,True,False,2
tooling/scripts/verification/file-discovery-browser-fixture.tsx,tsx,tooling_operations,8756a8e010b62c37ce766f136fc47f5416f6eb42c7604626a4d227687f4ae122,False,False,False,0
tooling/scripts/verification/localized-reference-fixture.ts,ts,tooling_operations,9f597b4633346d630df9279c546c02305995abaaef84582a4a23c57cebfd02a8,False,True,False,2
tooling/scripts/verification/neon-context-browser-entry.tsx,tsx,tooling_operations,ca32d3f6dd05668d89c247fe5bb19a951440787f417f67d55a0aef7d42441e68,False,False,True,2
tooling/scripts/verification/notification-activity-source-fixture.tsx,tsx,tooling_operations,f8a018fc11f2495aa0c951e1b1c2b497bea0e17a0ef36375d68a30d03259734d,False,False,False,0
tooling/scripts/verification/notification-controls-fixture.tsx,tsx,tooling_operations,5e3d91d0b00ca3dc92684228354f7fb180dbe1fc2c5257157832acbfca74c1a9,True,False,False,2
tooling/scripts/verification/prepare-atlas-controlled-benchmark.test.ts,ts,test_fixture,6ba14068dad23b5b77b0943ee52fb4c103172af4a12bb8cae4bccd8da9439825,False,True,False,1
tooling/scripts/verification/prepare-atlas-controlled-benchmark.ts,ts,tooling_operations,f12612432a8becdf92398bdd36350d2f62364a6e27c62f9f5a16d4099751e7b5,False,False,False,0
tooling/scripts/verification/render-boundary-fixture.tsx,tsx,tooling_operations,200543a9daf994e34cad236d04679da01eec5ecb8190d6415d16ae42f34fa2ba,False,False,True,1
tooling/scripts/verification/render-foundation-fixture.tsx,tsx,tooling_operations,e946c8fc1869e9ee6e00f8376524b36453660aeaba4a652bfaf8940c34c673bb,False,False,False,0
tooling/scripts/verification/shell-browser-entry.tsx,tsx,tooling_operations,e52744aa79ee6bfc1c92f83fd5b6b2a9749e469832797fa35c22d133da19caec,False,True,False,2
tooling/scripts/verification/toasts-browser-fixture.tsx,tsx,tooling_operations,62b0558983bd2f08373c7b1f4f863f3344bbf239cad52d7cd97a7fbee491e480,False,False,False,0
tooling/scripts/verification/ui-baseline-entry.tsx,tsx,tooling_operations,faea15a699316986af407a33a3a77b458db11b2b08a4f227efb656365455b822,True,True,False,15
