delivery_track,area,table,field,declared_type,explicit_not_null,generated,column_declaration,ddl_path,line
Shared,Shared identity and contact,master.address,id,uuid,yes,no,id uuid NOT NULL DEFAULT shared.uuidv7(),server/db/ddl/common/master/03_platform_tables.sql,274
Shared,Shared identity and contact,master.address,tenant_id,uuid,yes,no,tenant_id uuid NOT NULL,server/db/ddl/common/master/03_platform_tables.sql,275
Shared,Shared identity and contact,master.address,address_type,text,no,no,address_type text,server/db/ddl/common/master/03_platform_tables.sql,276
Shared,Shared identity and contact,master.address,address_kind,text,yes,no,address_kind text NOT NULL DEFAULT 'street',server/db/ddl/common/master/03_platform_tables.sql,277
Shared,Shared identity and contact,master.address,street_name,text,no,no,street_name text,server/db/ddl/common/master/03_platform_tables.sql,278
Shared,Shared identity and contact,master.address,house_number,text,no,no,house_number text,server/db/ddl/common/master/03_platform_tables.sql,279
Shared,Shared identity and contact,master.address,house_number_suffix,text,no,no,house_number_suffix text,server/db/ddl/common/master/03_platform_tables.sql,280
Shared,Shared identity and contact,master.address,building_name,text,no,no,building_name text,server/db/ddl/common/master/03_platform_tables.sql,281
Shared,Shared identity and contact,master.address,floor,text,no,no,floor text,server/db/ddl/common/master/03_platform_tables.sql,282
Shared,Shared identity and contact,master.address,room,text,no,no,room text,server/db/ddl/common/master/03_platform_tables.sql,283
Shared,Shared identity and contact,master.address,entrance,text,no,no,entrance text,server/db/ddl/common/master/03_platform_tables.sql,284
Shared,Shared identity and contact,master.address,unit,text,no,no,unit text,server/db/ddl/common/master/03_platform_tables.sql,285
Shared,Shared identity and contact,master.address,line1,text,no,no,line1 text,server/db/ddl/common/master/03_platform_tables.sql,286
Shared,Shared identity and contact,master.address,line2,text,no,no,line2 text,server/db/ddl/common/master/03_platform_tables.sql,287
Shared,Shared identity and contact,master.address,line3,text,no,no,line3 text,server/db/ddl/common/master/03_platform_tables.sql,288
Shared,Shared identity and contact,master.address,city,text,no,no,city text,server/db/ddl/common/master/03_platform_tables.sql,289
Shared,Shared identity and contact,master.address,dependent_locality,text,no,no,dependent_locality text,server/db/ddl/common/master/03_platform_tables.sql,290
Shared,Shared identity and contact,master.address,region,text,no,no,region text,server/db/ddl/common/master/03_platform_tables.sql,291
Shared,Shared identity and contact,master.address,state_region_code,text,no,no,state_region_code text,server/db/ddl/common/master/03_platform_tables.sql,292
Shared,Shared identity and contact,master.address,postal_code,text,no,no,postal_code text,server/db/ddl/common/master/03_platform_tables.sql,293
Shared,Shared identity and contact,master.address,po_box,text,no,no,po_box text,server/db/ddl/common/master/03_platform_tables.sql,294
Shared,Shared identity and contact,master.address,po_box_postal_code,text,no,no,po_box_postal_code text,server/db/ddl/common/master/03_platform_tables.sql,295
Shared,Shared identity and contact,master.address,po_box_city,text,no,no,po_box_city text,server/db/ddl/common/master/03_platform_tables.sql,296
Shared,Shared identity and contact,master.address,delivery_service_type,text,no,no,delivery_service_type text,server/db/ddl/common/master/03_platform_tables.sql,297
Shared,Shared identity and contact,master.address,delivery_service_number,text,no,no,delivery_service_number text,server/db/ddl/common/master/03_platform_tables.sql,298
Shared,Shared identity and contact,master.address,country_code,character(2),yes,no,country_code character(2) NOT NULL,server/db/ddl/common/master/03_platform_tables.sql,299
Shared,Shared identity and contact,master.address,timezone_code,text,no,no,timezone_code text,server/db/ddl/common/master/03_platform_tables.sql,300
Shared,Shared identity and contact,master.address,latitude,"numeric(9,6)",no,no,"latitude numeric(9,6)",server/db/ddl/common/master/03_platform_tables.sql,301
Shared,Shared identity and contact,master.address,longitude,"numeric(9,6)",no,no,"longitude numeric(9,6)",server/db/ddl/common/master/03_platform_tables.sql,302
Shared,Shared identity and contact,master.address,normalized_hash,char(64),yes,no,normalized_hash char(64) NOT NULL,server/db/ddl/common/master/03_platform_tables.sql,303
Shared,Shared identity and contact,master.address,normalization_version,text,yes,no,normalization_version text NOT NULL DEFAULT 'v1',server/db/ddl/common/master/03_platform_tables.sql,304
Shared,Shared identity and contact,master.address,formatted_address,text,no,no,formatted_address text,server/db/ddl/common/master/03_platform_tables.sql,305
Shared,Shared identity and contact,master.address,format_version,text,yes,no,format_version text NOT NULL DEFAULT 'v1',server/db/ddl/common/master/03_platform_tables.sql,306
Shared,Shared identity and contact,master.address,validation_status,text,yes,no,validation_status text NOT NULL DEFAULT 'unverified',server/db/ddl/common/master/03_platform_tables.sql,307
Shared,Shared identity and contact,master.address,validation_provider,text,no,no,validation_provider text,server/db/ddl/common/master/03_platform_tables.sql,308
Shared,Shared identity and contact,master.address,validation_confidence,"numeric(5,2)",no,no,"validation_confidence numeric(5,2)",server/db/ddl/common/master/03_platform_tables.sql,309
Shared,Shared identity and contact,master.address,validated_at,timestamptz,no,no,validated_at timestamptz,server/db/ddl/common/master/03_platform_tables.sql,310
Shared,Shared identity and contact,master.address,current_validation_event_id,uuid,no,no,current_validation_event_id uuid,server/db/ddl/common/master/03_platform_tables.sql,311
Shared,Shared identity and contact,master.address,metadata,jsonb,yes,no,metadata jsonb NOT NULL DEFAULT '{}'::jsonb,server/db/ddl/common/master/03_platform_tables.sql,312
Shared,Shared identity and contact,master.address,status,text,yes,no,status text NOT NULL DEFAULT 'draft',server/db/ddl/common/master/03_platform_tables.sql,313
Shared,Shared identity and contact,master.address,is_active,boolean,no,yes,is_active boolean GENERATED ALWAYS AS (status = 'active') STORED,server/db/ddl/common/master/03_platform_tables.sql,314
Shared,Shared identity and contact,master.address,status_changed_at,timestamptz,no,no,status_changed_at timestamptz,server/db/ddl/common/master/03_platform_tables.sql,315
Shared,Shared identity and contact,master.address,status_changed_by,uuid,no,no,status_changed_by uuid,server/db/ddl/common/master/03_platform_tables.sql,316
Shared,Shared identity and contact,master.address,created_at,timestamptz,yes,no,created_at timestamptz NOT NULL DEFAULT now(),server/db/ddl/common/master/03_platform_tables.sql,317
Shared,Shared identity and contact,master.address,created_by,uuid,yes,no,created_by uuid NOT NULL,server/db/ddl/common/master/03_platform_tables.sql,318
Shared,Shared identity and contact,master.address,updated_at,timestamptz,no,no,updated_at timestamptz,server/db/ddl/common/master/03_platform_tables.sql,319
Shared,Shared identity and contact,master.address,updated_by,uuid,no,no,updated_by uuid,server/db/ddl/common/master/03_platform_tables.sql,320
Shared,Shared identity and contact,master.address_link,id,uuid,yes,no,id uuid NOT NULL DEFAULT shared.uuidv7(),server/db/ddl/common/master/03_platform_tables.sql,386
Shared,Shared identity and contact,master.address_link,tenant_id,uuid,yes,no,tenant_id uuid NOT NULL,server/db/ddl/common/master/03_platform_tables.sql,387
Shared,Shared identity and contact,master.address_link,owner_type_id,uuid,yes,no,owner_type_id uuid NOT NULL,server/db/ddl/common/master/03_platform_tables.sql,388
Shared,Shared identity and contact,master.address_link,owner_id,uuid,yes,no,owner_id uuid NOT NULL,server/db/ddl/common/master/03_platform_tables.sql,389
Shared,Shared identity and contact,master.address_link,address_id,uuid,yes,no,address_id uuid NOT NULL,server/db/ddl/common/master/03_platform_tables.sql,390
Shared,Shared identity and contact,master.address_link,purpose,text,yes,no,purpose text NOT NULL DEFAULT 'default',server/db/ddl/common/master/03_platform_tables.sql,391
Shared,Shared identity and contact,master.address_link,role_qualifier,text,no,no,role_qualifier text,server/db/ddl/common/master/03_platform_tables.sql,392
Shared,Shared identity and contact,master.address_link,usage_status,text,yes,no,usage_status text NOT NULL DEFAULT 'active',server/db/ddl/common/master/03_platform_tables.sql,393
Shared,Shared identity and contact,master.address_link,usage_denied_reason_code,text,no,no,usage_denied_reason_code text,server/db/ddl/common/master/03_platform_tables.sql,394
Shared,Shared identity and contact,master.address_link,usage_denied_at,timestamptz,no,no,usage_denied_at timestamptz,server/db/ddl/common/master/03_platform_tables.sql,395
Shared,Shared identity and contact,master.address_link,usage_denied_by,uuid,no,no,usage_denied_by uuid,server/db/ddl/common/master/03_platform_tables.sql,396
Shared,Shared identity and contact,master.address_link,attention_line,text,no,no,attention_line text,server/db/ddl/common/master/03_platform_tables.sql,397
Shared,Shared identity and contact,master.address_link,is_primary,boolean,yes,no,is_primary boolean NOT NULL DEFAULT false,server/db/ddl/common/master/03_platform_tables.sql,398
Shared,Shared identity and contact,master.address_link,effective_from,date,yes,no,effective_from date NOT NULL DEFAULT CURRENT_DATE,server/db/ddl/common/master/03_platform_tables.sql,399
Shared,Shared identity and contact,master.address_link,effective_until,date,no,no,effective_until date,server/db/ddl/common/master/03_platform_tables.sql,400
Shared,Shared identity and contact,master.address_link,metadata,jsonb,yes,no,metadata jsonb NOT NULL DEFAULT '{}'::jsonb,server/db/ddl/common/master/03_platform_tables.sql,401
Shared,Shared identity and contact,master.address_link,created_at,timestamptz,yes,no,created_at timestamptz NOT NULL DEFAULT now(),server/db/ddl/common/master/03_platform_tables.sql,402
Shared,Shared identity and contact,master.address_link,created_by,uuid,yes,no,created_by uuid NOT NULL,server/db/ddl/common/master/03_platform_tables.sql,403
Shared,Shared identity and contact,master.address_link,updated_at,timestamptz,no,no,updated_at timestamptz,server/db/ddl/common/master/03_platform_tables.sql,404
Shared,Shared identity and contact,master.address_link,updated_by,uuid,no,no,updated_by uuid,server/db/ddl/common/master/03_platform_tables.sql,405
Shared,Shared identity and contact,master.contact_link,id,uuid,yes,no,id uuid NOT NULL DEFAULT shared.uuidv7(),server/db/ddl/common/master/03_platform_tables.sql,493
Shared,Shared identity and contact,master.contact_link,tenant_id,uuid,yes,no,tenant_id uuid NOT NULL,server/db/ddl/common/master/03_platform_tables.sql,494
Shared,Shared identity and contact,master.contact_link,owner_type_id,uuid,yes,no,owner_type_id uuid NOT NULL,server/db/ddl/common/master/03_platform_tables.sql,495
Shared,Shared identity and contact,master.contact_link,owner_id,uuid,yes,no,owner_id uuid NOT NULL,server/db/ddl/common/master/03_platform_tables.sql,496
Shared,Shared identity and contact,master.contact_link,channel_type,text,yes,no,channel_type text NOT NULL,server/db/ddl/common/master/03_platform_tables.sql,497
Shared,Shared identity and contact,master.contact_link,value,text,yes,no,value text NOT NULL,server/db/ddl/common/master/03_platform_tables.sql,498
Shared,Shared identity and contact,master.contact_link,purpose,text,yes,no,purpose text NOT NULL DEFAULT 'default',server/db/ddl/common/master/03_platform_tables.sql,499
Shared,Shared identity and contact,master.contact_link,role_qualifier,text,no,no,role_qualifier text,server/db/ddl/common/master/03_platform_tables.sql,500
Shared,Shared identity and contact,master.contact_link,is_primary,boolean,yes,no,is_primary boolean NOT NULL DEFAULT false,server/db/ddl/common/master/03_platform_tables.sql,501
Shared,Shared identity and contact,master.contact_link,is_verified,boolean,yes,no,is_verified boolean NOT NULL DEFAULT false,server/db/ddl/common/master/03_platform_tables.sql,502
Shared,Shared identity and contact,master.contact_link,verified_at,timestamptz,no,no,verified_at timestamptz,server/db/ddl/common/master/03_platform_tables.sql,503
Shared,Shared identity and contact,master.contact_link,verification_provider,text,no,no,verification_provider text,server/db/ddl/common/master/03_platform_tables.sql,504
Shared,Shared identity and contact,master.contact_link,verification_evidence,jsonb,yes,no,verification_evidence jsonb NOT NULL DEFAULT '{}'::jsonb,server/db/ddl/common/master/03_platform_tables.sql,505
Shared,Shared identity and contact,master.contact_link,verification_signature,text,no,no,verification_signature text,server/db/ddl/common/master/03_platform_tables.sql,506
Shared,Shared identity and contact,master.contact_link,effective_from,timestamptz,yes,no,effective_from timestamptz NOT NULL DEFAULT now(),server/db/ddl/common/master/03_platform_tables.sql,507
Shared,Shared identity and contact,master.contact_link,effective_until,timestamptz,no,no,effective_until timestamptz,server/db/ddl/common/master/03_platform_tables.sql,508
Shared,Shared identity and contact,master.contact_link,metadata,jsonb,yes,no,metadata jsonb NOT NULL DEFAULT '{}'::jsonb,server/db/ddl/common/master/03_platform_tables.sql,509
Shared,Shared identity and contact,master.contact_link,status,text,yes,no,status text NOT NULL DEFAULT 'active',server/db/ddl/common/master/03_platform_tables.sql,510
Shared,Shared identity and contact,master.contact_link,is_active,boolean,no,yes,is_active boolean GENERATED ALWAYS AS (status = 'active') STORED,server/db/ddl/common/master/03_platform_tables.sql,511
Shared,Shared identity and contact,master.contact_link,status_changed_at,timestamptz,no,no,status_changed_at timestamptz,server/db/ddl/common/master/03_platform_tables.sql,512
Shared,Shared identity and contact,master.contact_link,status_changed_by,uuid,no,no,status_changed_by uuid,server/db/ddl/common/master/03_platform_tables.sql,513
Shared,Shared identity and contact,master.contact_link,created_at,timestamptz,yes,no,created_at timestamptz NOT NULL DEFAULT now(),server/db/ddl/common/master/03_platform_tables.sql,514
Shared,Shared identity and contact,master.contact_link,created_by,uuid,yes,no,created_by uuid NOT NULL,server/db/ddl/common/master/03_platform_tables.sql,515
Shared,Shared identity and contact,master.contact_link,updated_at,timestamptz,no,no,updated_at timestamptz,server/db/ddl/common/master/03_platform_tables.sql,516
Shared,Shared identity and contact,master.contact_link,updated_by,uuid,no,no,updated_by uuid,server/db/ddl/common/master/03_platform_tables.sql,517
Shared,Shared identity and contact,master.contact_email,contact_link_id,uuid,yes,no,contact_link_id uuid NOT NULL,server/db/ddl/common/master/03_platform_tables.sql,559
Shared,Shared identity and contact,master.contact_email,tenant_id,uuid,yes,no,tenant_id uuid NOT NULL,server/db/ddl/common/master/03_platform_tables.sql,560
Shared,Shared identity and contact,master.contact_email,is_disposable,boolean,yes,no,is_disposable boolean NOT NULL DEFAULT false,server/db/ddl/common/master/03_platform_tables.sql,561
Shared,Shared identity and contact,master.contact_email,mx_checked_at,timestamptz,no,no,mx_checked_at timestamptz,server/db/ddl/common/master/03_platform_tables.sql,562
Shared,Shared identity and contact,master.contact_email,mx_valid,boolean,no,no,mx_valid boolean,server/db/ddl/common/master/03_platform_tables.sql,563
Shared,Shared identity and contact,master.contact_email,bounce_count,integer,yes,no,bounce_count integer NOT NULL DEFAULT 0,server/db/ddl/common/master/03_platform_tables.sql,564
Shared,Shared identity and contact,master.contact_email,last_bounce_at,timestamptz,no,no,last_bounce_at timestamptz,server/db/ddl/common/master/03_platform_tables.sql,565
Shared,Shared identity and contact,master.contact_email,last_bounce_reason,text,no,no,last_bounce_reason text,server/db/ddl/common/master/03_platform_tables.sql,566
Shared,Shared identity and contact,master.contact_email,metadata,jsonb,yes,no,metadata jsonb NOT NULL DEFAULT '{}'::jsonb,server/db/ddl/common/master/03_platform_tables.sql,567
Shared,Shared identity and contact,master.contact_email,created_at,timestamptz,yes,no,created_at timestamptz NOT NULL DEFAULT now(),server/db/ddl/common/master/03_platform_tables.sql,568
Shared,Shared identity and contact,master.contact_email,created_by,uuid,yes,no,created_by uuid NOT NULL,server/db/ddl/common/master/03_platform_tables.sql,569
Shared,Shared identity and contact,master.contact_email,updated_at,timestamptz,no,no,updated_at timestamptz,server/db/ddl/common/master/03_platform_tables.sql,570
Shared,Shared identity and contact,master.contact_email,updated_by,uuid,no,no,updated_by uuid,server/db/ddl/common/master/03_platform_tables.sql,571
Shared,Shared identity and contact,master.contact_phone,contact_link_id,uuid,yes,no,contact_link_id uuid NOT NULL,server/db/ddl/common/master/03_platform_tables.sql,605
Shared,Shared identity and contact,master.contact_phone,tenant_id,uuid,yes,no,tenant_id uuid NOT NULL,server/db/ddl/common/master/03_platform_tables.sql,606
Shared,Shared identity and contact,master.contact_phone,carrier_hint,text,no,no,carrier_hint text,server/db/ddl/common/master/03_platform_tables.sql,607
Shared,Shared identity and contact,master.contact_phone,line_type,text,no,no,line_type text,server/db/ddl/common/master/03_platform_tables.sql,608
Shared,Shared identity and contact,master.contact_phone,metadata,jsonb,yes,no,metadata jsonb NOT NULL DEFAULT '{}'::jsonb,server/db/ddl/common/master/03_platform_tables.sql,609
Shared,Shared identity and contact,master.contact_phone,created_at,timestamptz,yes,no,created_at timestamptz NOT NULL DEFAULT now(),server/db/ddl/common/master/03_platform_tables.sql,610
Shared,Shared identity and contact,master.contact_phone,created_by,uuid,yes,no,created_by uuid NOT NULL,server/db/ddl/common/master/03_platform_tables.sql,611
Shared,Shared identity and contact,master.contact_phone,updated_at,timestamptz,no,no,updated_at timestamptz,server/db/ddl/common/master/03_platform_tables.sql,612
Shared,Shared identity and contact,master.contact_phone,updated_by,uuid,no,no,updated_by uuid,server/db/ddl/common/master/03_platform_tables.sql,613
Shared,User and access,master.principal,id,uuid,yes,no,id uuid NOT NULL DEFAULT shared.uuidv7(),server/db/ddl/common/master/03_platform_tables.sql,637
Shared,User and access,master.principal,tenant_id,uuid,yes,no,tenant_id uuid NOT NULL,server/db/ddl/common/master/03_platform_tables.sql,638
Shared,User and access,master.principal,code,text,yes,no,code text NOT NULL,server/db/ddl/common/master/03_platform_tables.sql,639
Shared,User and access,master.principal,name,text,yes,no,name text NOT NULL,server/db/ddl/common/master/03_platform_tables.sql,640
Shared,User and access,master.principal,principal_type,master.principal_type_d,yes,no,principal_type master.principal_type_d NOT NULL,server/db/ddl/common/master/03_platform_tables.sql,641
Shared,User and access,master.principal,auth_epoch,integer,yes,no,auth_epoch integer NOT NULL DEFAULT 0,server/db/ddl/common/master/03_platform_tables.sql,642
Shared,User and access,master.principal,external_ref,text,no,no,external_ref text,server/db/ddl/common/master/03_platform_tables.sql,643
Shared,User and access,master.principal,provisioning_source,master.principal_provisioning_source_d,yes,no,provisioning_source master.principal_provisioning_source_d NOT NULL DEFAULT 'internal',server/db/ddl/common/master/03_platform_tables.sql,644
Shared,User and access,master.principal,metadata,jsonb,yes,no,metadata jsonb NOT NULL DEFAULT '{}'::jsonb,server/db/ddl/common/master/03_platform_tables.sql,645
Shared,User and access,master.principal,status,master.principal_status_d,yes,no,status master.principal_status_d NOT NULL DEFAULT 'active',server/db/ddl/common/master/03_platform_tables.sql,646
Shared,User and access,master.principal,is_active,boolean,no,yes,is_active boolean GENERATED ALWAYS AS (status = 'active') STORED,server/db/ddl/common/master/03_platform_tables.sql,647
Shared,User and access,master.principal,status_changed_at,timestamptz,no,no,status_changed_at timestamptz,server/db/ddl/common/master/03_platform_tables.sql,648
Shared,User and access,master.principal,status_changed_by,uuid,no,no,status_changed_by uuid,server/db/ddl/common/master/03_platform_tables.sql,649
Shared,User and access,master.principal,created_at,timestamptz,yes,no,created_at timestamptz NOT NULL DEFAULT now(),server/db/ddl/common/master/03_platform_tables.sql,650
Shared,User and access,master.principal,created_by,uuid,yes,no,created_by uuid NOT NULL,server/db/ddl/common/master/03_platform_tables.sql,651
Shared,User and access,master.principal,updated_at,timestamptz,no,no,updated_at timestamptz,server/db/ddl/common/master/03_platform_tables.sql,652
Shared,User and access,master.principal,updated_by,uuid,no,no,updated_by uuid,server/db/ddl/common/master/03_platform_tables.sql,653
Shared,User and access,master.principal_profile,id,uuid,yes,no,id uuid NOT NULL DEFAULT shared.uuidv7(),server/db/ddl/common/master/03_platform_tables.sql,686
Shared,User and access,master.principal_profile,tenant_id,uuid,yes,no,tenant_id uuid NOT NULL,server/db/ddl/common/master/03_platform_tables.sql,687
Shared,User and access,master.principal_profile,principal_id,uuid,yes,no,principal_id uuid NOT NULL,server/db/ddl/common/master/03_platform_tables.sql,688
Shared,User and access,master.principal_profile,given_name,text,no,no,given_name text,server/db/ddl/common/master/03_platform_tables.sql,689
Shared,User and access,master.principal_profile,family_name,text,no,no,family_name text,server/db/ddl/common/master/03_platform_tables.sql,690
Shared,User and access,master.principal_profile,preferred_name,text,no,no,preferred_name text,server/db/ddl/common/master/03_platform_tables.sql,691
Shared,User and access,master.principal_profile,display_name,text,no,no,display_name text,server/db/ddl/common/master/03_platform_tables.sql,692
Shared,User and access,master.principal_profile,avatar_url,text,no,no,avatar_url text,server/db/ddl/common/master/03_platform_tables.sql,693
Shared,User and access,master.principal_profile,attributes,jsonb,yes,no,attributes jsonb NOT NULL DEFAULT '{}'::jsonb,server/db/ddl/common/master/03_platform_tables.sql,694
Shared,User and access,master.principal_profile,metadata,jsonb,yes,no,metadata jsonb NOT NULL DEFAULT '{}'::jsonb,server/db/ddl/common/master/03_platform_tables.sql,695
Shared,User and access,master.principal_profile,created_at,timestamptz,yes,no,created_at timestamptz NOT NULL DEFAULT now(),server/db/ddl/common/master/03_platform_tables.sql,696
Shared,User and access,master.principal_profile,created_by,uuid,yes,no,created_by uuid NOT NULL,server/db/ddl/common/master/03_platform_tables.sql,697
Shared,User and access,master.principal_profile,updated_at,timestamptz,no,no,updated_at timestamptz,server/db/ddl/common/master/03_platform_tables.sql,698
Shared,User and access,master.principal_profile,updated_by,uuid,no,no,updated_by uuid,server/db/ddl/common/master/03_platform_tables.sql,699
Shared,User and access,master.principal_identity_binding,id,uuid,yes,no,id uuid NOT NULL DEFAULT shared.uuidv7(),server/db/ddl/common/master/03_platform_tables.sql,732
Shared,User and access,master.principal_identity_binding,tenant_id,uuid,yes,no,tenant_id uuid NOT NULL,server/db/ddl/common/master/03_platform_tables.sql,733
Shared,User and access,master.principal_identity_binding,principal_id,uuid,yes,no,principal_id uuid NOT NULL,server/db/ddl/common/master/03_platform_tables.sql,734
Shared,User and access,master.principal_identity_binding,provider_code,master.identity_provider_d,yes,no,provider_code master.identity_provider_d NOT NULL DEFAULT 'keycloak',server/db/ddl/common/master/03_platform_tables.sql,735
Shared,User and access,master.principal_identity_binding,realm_key,text,yes,no,realm_key text NOT NULL,server/db/ddl/common/master/03_platform_tables.sql,736
Shared,User and access,master.principal_identity_binding,subject_id,text,yes,no,subject_id text NOT NULL,server/db/ddl/common/master/03_platform_tables.sql,737
Shared,User and access,master.principal_identity_binding,issuer,text,no,no,issuer text,server/db/ddl/common/master/03_platform_tables.sql,738
Shared,User and access,master.principal_identity_binding,audience,text,no,no,audience text,server/db/ddl/common/master/03_platform_tables.sql,739
Shared,User and access,master.principal_identity_binding,username,text,no,no,username text,server/db/ddl/common/master/03_platform_tables.sql,740
Shared,User and access,master.principal_identity_binding,service_client_id,text,no,no,service_client_id text,server/db/ddl/common/master/03_platform_tables.sql,741
Shared,User and access,master.principal_identity_binding,is_primary,boolean,yes,no,is_primary boolean NOT NULL DEFAULT true,server/db/ddl/common/master/03_platform_tables.sql,742
Shared,User and access,master.principal_identity_binding,status,master.identity_binding_status_d,yes,no,status master.identity_binding_status_d NOT NULL DEFAULT 'active',server/db/ddl/common/master/03_platform_tables.sql,743
Shared,User and access,master.principal_identity_binding,is_active,boolean,no,yes,is_active boolean GENERATED ALWAYS AS (status = 'active') STORED,server/db/ddl/common/master/03_platform_tables.sql,744
Shared,User and access,master.principal_identity_binding,last_verified_at,timestamptz,no,no,last_verified_at timestamptz,server/db/ddl/common/master/03_platform_tables.sql,745
Shared,User and access,master.principal_identity_binding,synced_at,timestamptz,no,no,synced_at timestamptz,server/db/ddl/common/master/03_platform_tables.sql,746
Shared,User and access,master.principal_identity_binding,sync_status,shared.idp_sync_status_d,yes,no,sync_status shared.idp_sync_status_d NOT NULL DEFAULT 'pending',server/db/ddl/common/master/03_platform_tables.sql,747
Shared,User and access,master.principal_identity_binding,sync_error_message,text,no,no,sync_error_message text,server/db/ddl/common/master/03_platform_tables.sql,748
Shared,User and access,master.principal_identity_binding,sync_retry_count,integer,yes,no,sync_retry_count integer NOT NULL DEFAULT 0,server/db/ddl/common/master/03_platform_tables.sql,749
Shared,User and access,master.principal_identity_binding,provider_attributes,jsonb,yes,no,provider_attributes jsonb NOT NULL DEFAULT '{}'::jsonb,server/db/ddl/common/master/03_platform_tables.sql,750
Shared,User and access,master.principal_identity_binding,metadata,jsonb,yes,no,metadata jsonb NOT NULL DEFAULT '{}'::jsonb,server/db/ddl/common/master/03_platform_tables.sql,751
Shared,User and access,master.principal_identity_binding,status_changed_at,timestamptz,no,no,status_changed_at timestamptz,server/db/ddl/common/master/03_platform_tables.sql,752
Shared,User and access,master.principal_identity_binding,status_changed_by,uuid,no,no,status_changed_by uuid,server/db/ddl/common/master/03_platform_tables.sql,753
Shared,User and access,master.principal_identity_binding,created_at,timestamptz,yes,no,created_at timestamptz NOT NULL DEFAULT now(),server/db/ddl/common/master/03_platform_tables.sql,754
Shared,User and access,master.principal_identity_binding,created_by,uuid,yes,no,created_by uuid NOT NULL,server/db/ddl/common/master/03_platform_tables.sql,755
Shared,User and access,master.principal_identity_binding,updated_at,timestamptz,no,no,updated_at timestamptz,server/db/ddl/common/master/03_platform_tables.sql,756
Shared,User and access,master.principal_identity_binding,updated_by,uuid,no,no,updated_by uuid,server/db/ddl/common/master/03_platform_tables.sql,757
Shared,User and access,master.principal_ui_profile,id,uuid,yes,no,id uuid NOT NULL DEFAULT shared.uuidv7(),server/db/ddl/common/master/03_platform_tables.sql,813
Shared,User and access,master.principal_ui_profile,tenant_id,uuid,yes,no,tenant_id uuid NOT NULL,server/db/ddl/common/master/03_platform_tables.sql,814
Shared,User and access,master.principal_ui_profile,principal_id,uuid,yes,no,principal_id uuid NOT NULL,server/db/ddl/common/master/03_platform_tables.sql,815
Shared,User and access,master.principal_ui_profile,locale_code,text,no,no,locale_code text,server/db/ddl/common/master/03_platform_tables.sql,816
Shared,User and access,master.principal_ui_profile,language_code,text,no,no,language_code text,server/db/ddl/common/master/03_platform_tables.sql,817
Shared,User and access,master.principal_ui_profile,timezone_code,text,no,no,timezone_code text,server/db/ddl/common/master/03_platform_tables.sql,818
Shared,User and access,master.principal_ui_profile,date_format,text,no,no,date_format text,server/db/ddl/common/master/03_platform_tables.sql,819
Shared,User and access,master.principal_ui_profile,number_format,text,no,no,number_format text,server/db/ddl/common/master/03_platform_tables.sql,820
Shared,User and access,master.principal_ui_profile,week_start,smallint,no,no,week_start smallint,server/db/ddl/common/master/03_platform_tables.sql,821
Shared,User and access,master.principal_ui_profile,appearance_mode,master.ui_appearance_mode_d,no,no,appearance_mode master.ui_appearance_mode_d,server/db/ddl/common/master/03_platform_tables.sql,822
Shared,User and access,master.principal_ui_profile,density_code,master.ui_density_d,no,no,density_code master.ui_density_d,server/db/ddl/common/master/03_platform_tables.sql,823
Shared,User and access,master.principal_ui_profile,metadata,jsonb,yes,no,metadata jsonb NOT NULL DEFAULT '{}'::jsonb,server/db/ddl/common/master/03_platform_tables.sql,824
Shared,User and access,master.principal_ui_profile,created_at,timestamptz,yes,no,created_at timestamptz NOT NULL DEFAULT now(),server/db/ddl/common/master/03_platform_tables.sql,825
Shared,User and access,master.principal_ui_profile,created_by,uuid,yes,no,created_by uuid NOT NULL,server/db/ddl/common/master/03_platform_tables.sql,826
Shared,User and access,master.principal_ui_profile,updated_at,timestamptz,no,no,updated_at timestamptz,server/db/ddl/common/master/03_platform_tables.sql,827
Shared,User and access,master.principal_ui_profile,updated_by,uuid,no,no,updated_by uuid,server/db/ddl/common/master/03_platform_tables.sql,828
Shared,User and access,master.principal_ui_preference,id,uuid,yes,no,id uuid NOT NULL DEFAULT shared.uuidv7(),server/db/ddl/common/master/03_platform_tables.sql,855
Shared,User and access,master.principal_ui_preference,tenant_id,uuid,yes,no,tenant_id uuid NOT NULL,server/db/ddl/common/master/03_platform_tables.sql,856
Shared,User and access,master.principal_ui_preference,principal_id,uuid,yes,no,principal_id uuid NOT NULL,server/db/ddl/common/master/03_platform_tables.sql,857
Shared,User and access,master.principal_ui_preference,preference_code,text,yes,no,preference_code text NOT NULL,server/db/ddl/common/master/03_platform_tables.sql,858
Shared,User and access,master.principal_ui_preference,surface_code,text,no,no,surface_code text,server/db/ddl/common/master/03_platform_tables.sql,859
Shared,User and access,master.principal_ui_preference,preference_value,jsonb,yes,no,preference_value jsonb NOT NULL,server/db/ddl/common/master/03_platform_tables.sql,860
Shared,User and access,master.principal_ui_preference,metadata,jsonb,yes,no,metadata jsonb NOT NULL DEFAULT '{}'::jsonb,server/db/ddl/common/master/03_platform_tables.sql,861
Shared,User and access,master.principal_ui_preference,created_at,timestamptz,yes,no,created_at timestamptz NOT NULL DEFAULT now(),server/db/ddl/common/master/03_platform_tables.sql,862
Shared,User and access,master.principal_ui_preference,created_by,uuid,yes,no,created_by uuid NOT NULL,server/db/ddl/common/master/03_platform_tables.sql,863
Shared,User and access,master.principal_ui_preference,updated_at,timestamptz,no,no,updated_at timestamptz,server/db/ddl/common/master/03_platform_tables.sql,864
Shared,User and access,master.principal_ui_preference,updated_by,uuid,no,no,updated_by uuid,server/db/ddl/common/master/03_platform_tables.sql,865
Shared,User and access,master.principal_notification_preference,id,uuid,yes,no,id uuid NOT NULL DEFAULT shared.uuidv7(),server/db/ddl/common/master/03_platform_tables.sql,888
Shared,User and access,master.principal_notification_preference,tenant_id,uuid,yes,no,tenant_id uuid NOT NULL,server/db/ddl/common/master/03_platform_tables.sql,889
Shared,User and access,master.principal_notification_preference,principal_id,uuid,yes,no,principal_id uuid NOT NULL,server/db/ddl/common/master/03_platform_tables.sql,890
Shared,User and access,master.principal_notification_preference,event_code,text,yes,no,event_code text NOT NULL,server/db/ddl/common/master/03_platform_tables.sql,891
Shared,User and access,master.principal_notification_preference,channel,master.notification_channel_d,yes,no,channel master.notification_channel_d NOT NULL,server/db/ddl/common/master/03_platform_tables.sql,892
Shared,User and access,master.principal_notification_preference,is_enabled,boolean,no,no,is_enabled boolean,server/db/ddl/common/master/03_platform_tables.sql,893
Shared,User and access,master.principal_notification_preference,frequency_code,master.notification_digest_frequency_d,no,no,frequency_code master.notification_digest_frequency_d,server/db/ddl/common/master/03_platform_tables.sql,894
Shared,User and access,master.principal_notification_preference,metadata,jsonb,yes,no,metadata jsonb NOT NULL DEFAULT '{}'::jsonb,server/db/ddl/common/master/03_platform_tables.sql,895
Shared,User and access,master.principal_notification_preference,status,shared.ref_status_d,yes,no,status shared.ref_status_d NOT NULL DEFAULT 'active',server/db/ddl/common/master/03_platform_tables.sql,896
Shared,User and access,master.principal_notification_preference,is_active,boolean,no,yes,is_active boolean GENERATED ALWAYS AS (status = 'active') STORED,server/db/ddl/common/master/03_platform_tables.sql,897
Shared,User and access,master.principal_notification_preference,status_changed_at,timestamptz,no,no,status_changed_at timestamptz,server/db/ddl/common/master/03_platform_tables.sql,898
Shared,User and access,master.principal_notification_preference,status_changed_by,uuid,no,no,status_changed_by uuid,server/db/ddl/common/master/03_platform_tables.sql,899
Shared,User and access,master.principal_notification_preference,created_at,timestamptz,yes,no,created_at timestamptz NOT NULL DEFAULT now(),server/db/ddl/common/master/03_platform_tables.sql,900
Shared,User and access,master.principal_notification_preference,created_by,uuid,yes,no,created_by uuid NOT NULL,server/db/ddl/common/master/03_platform_tables.sql,901
Shared,User and access,master.principal_notification_preference,updated_at,timestamptz,no,no,updated_at timestamptz,server/db/ddl/common/master/03_platform_tables.sql,902
Shared,User and access,master.principal_notification_preference,updated_by,uuid,no,no,updated_by uuid,server/db/ddl/common/master/03_platform_tables.sql,903
Shared,Shared identity and contact,master.external_reference,id,uuid,yes,no,id uuid NOT NULL DEFAULT shared.uuidv7(),server/db/ddl/common/master/03_platform_tables.sql,1013
Shared,Shared identity and contact,master.external_reference,tenant_id,uuid,yes,no,tenant_id uuid NOT NULL,server/db/ddl/common/master/03_platform_tables.sql,1014
Shared,Shared identity and contact,master.external_reference,owner_type_id,uuid,yes,no,owner_type_id uuid NOT NULL,server/db/ddl/common/master/03_platform_tables.sql,1015
Shared,Shared identity and contact,master.external_reference,owner_id,uuid,yes,no,owner_id uuid NOT NULL,server/db/ddl/common/master/03_platform_tables.sql,1016
Shared,Shared identity and contact,master.external_reference,source_system_code,text,yes,no,source_system_code text NOT NULL,server/db/ddl/common/master/03_platform_tables.sql,1017
Shared,Shared identity and contact,master.external_reference,external_entity_code,text,yes,no,external_entity_code text NOT NULL,server/db/ddl/common/master/03_platform_tables.sql,1018
Shared,Shared identity and contact,master.external_reference,external_id,text,yes,no,external_id text NOT NULL,server/db/ddl/common/master/03_platform_tables.sql,1019
Shared,Shared identity and contact,master.external_reference,external_code,text,no,no,external_code text,server/db/ddl/common/master/03_platform_tables.sql,1020
Shared,Shared identity and contact,master.external_reference,metadata,jsonb,yes,no,metadata jsonb NOT NULL DEFAULT '{}'::jsonb,server/db/ddl/common/master/03_platform_tables.sql,1021
Shared,Shared identity and contact,master.external_reference,status,text,yes,no,status text NOT NULL DEFAULT 'active',server/db/ddl/common/master/03_platform_tables.sql,1022
Shared,Shared identity and contact,master.external_reference,is_active,boolean,no,yes,is_active boolean GENERATED ALWAYS AS (status = 'active') STORED,server/db/ddl/common/master/03_platform_tables.sql,1023
Shared,Shared identity and contact,master.external_reference,status_changed_at,timestamptz,no,no,status_changed_at timestamptz,server/db/ddl/common/master/03_platform_tables.sql,1024
Shared,Shared identity and contact,master.external_reference,status_changed_by,uuid,no,no,status_changed_by uuid,server/db/ddl/common/master/03_platform_tables.sql,1025
Shared,Shared identity and contact,master.external_reference,created_at,timestamptz,yes,no,created_at timestamptz NOT NULL DEFAULT now(),server/db/ddl/common/master/03_platform_tables.sql,1026
Shared,Shared identity and contact,master.external_reference,created_by,uuid,yes,no,created_by uuid NOT NULL,server/db/ddl/common/master/03_platform_tables.sql,1027
Shared,Shared identity and contact,master.external_reference,updated_at,timestamptz,no,no,updated_at timestamptz,server/db/ddl/common/master/03_platform_tables.sql,1028
Shared,Shared identity and contact,master.external_reference,updated_by,uuid,no,no,updated_by uuid,server/db/ddl/common/master/03_platform_tables.sql,1029
Shared,Shared banking and output,master.bank_account,id,uuid,yes,no,id uuid NOT NULL DEFAULT shared.uuidv7(),server/db/ddl/planes/neon/master/03_tables.sql,1259
Shared,Shared banking and output,master.bank_account,tenant_id,uuid,yes,no,tenant_id uuid NOT NULL,server/db/ddl/planes/neon/master/03_tables.sql,1260
Shared,Shared banking and output,master.bank_account,code,text,no,no,code text,server/db/ddl/planes/neon/master/03_tables.sql,1261
Shared,Shared banking and output,master.bank_account,name,text,no,no,name text,server/db/ddl/planes/neon/master/03_tables.sql,1262
Shared,Shared banking and output,master.bank_account,bank_institution_id,uuid,no,no,bank_institution_id uuid,server/db/ddl/planes/neon/master/03_tables.sql,1263
Shared,Shared banking and output,master.bank_account,bank_branch_id,uuid,no,no,bank_branch_id uuid,server/db/ddl/planes/neon/master/03_tables.sql,1264
Shared,Shared banking and output,master.bank_account,provisional_bank_reference_id,uuid,no,no,provisional_bank_reference_id uuid,server/db/ddl/planes/neon/master/03_tables.sql,1265
Shared,Shared banking and output,master.bank_account,account_holder_name,text,yes,no,account_holder_name text NOT NULL,server/db/ddl/planes/neon/master/03_tables.sql,1266
Shared,Shared banking and output,master.bank_account,account_id_type,master.bank_account_id_type_d,yes,no,account_id_type master.bank_account_id_type_d NOT NULL,server/db/ddl/planes/neon/master/03_tables.sql,1267
Shared,Shared banking and output,master.bank_account,account_id_value,text,yes,no,account_id_value text NOT NULL,server/db/ddl/planes/neon/master/03_tables.sql,1268
Shared,Shared banking and output,master.bank_account,account_last4,text,yes,no,account_last4 text NOT NULL,server/db/ddl/planes/neon/master/03_tables.sql,1269
Shared,Shared banking and output,master.bank_account,currency_code,character(3),yes,no,currency_code character(3) NOT NULL,server/db/ddl/planes/neon/master/03_tables.sql,1270
Shared,Shared banking and output,master.bank_account,bic_override,text,no,no,bic_override text,server/db/ddl/planes/neon/master/03_tables.sql,1271
Shared,Shared banking and output,master.bank_account,bank_name_override,text,no,no,bank_name_override text,server/db/ddl/planes/neon/master/03_tables.sql,1272
Shared,Shared banking and output,master.bank_account,bank_country_override,character(2),no,no,bank_country_override character(2),server/db/ddl/planes/neon/master/03_tables.sql,1273
Shared,Shared banking and output,master.bank_account,account_nature,master.bank_account_nature_d,yes,no,account_nature master.bank_account_nature_d NOT NULL DEFAULT 'direct',server/db/ddl/planes/neon/master/03_tables.sql,1274
Shared,Shared banking and output,master.bank_account,provider_account_ref,text,no,no,provider_account_ref text,server/db/ddl/planes/neon/master/03_tables.sql,1275
Shared,Shared banking and output,master.bank_account,correspondent_bank_institution_id,uuid,no,no,correspondent_bank_institution_id uuid,server/db/ddl/planes/neon/master/03_tables.sql,1276
Shared,Shared banking and output,master.bank_account,is_verified,boolean,yes,no,is_verified boolean NOT NULL DEFAULT false,server/db/ddl/planes/neon/master/03_tables.sql,1277
Shared,Shared banking and output,master.bank_account,verified_at,timestamptz,no,no,verified_at timestamptz,server/db/ddl/planes/neon/master/03_tables.sql,1278
Shared,Shared banking and output,master.bank_account,verified_by,uuid,no,no,verified_by uuid,server/db/ddl/planes/neon/master/03_tables.sql,1279
Shared,Shared banking and output,master.bank_account,verification_method,master.bank_verification_method_d,no,no,verification_method master.bank_verification_method_d,server/db/ddl/planes/neon/master/03_tables.sql,1280
Shared,Shared banking and output,master.bank_account,metadata,jsonb,yes,no,metadata jsonb NOT NULL DEFAULT '{}'::jsonb,server/db/ddl/planes/neon/master/03_tables.sql,1281
Shared,Shared banking and output,master.bank_account,status,master.bank_account_status_d,yes,no,status master.bank_account_status_d NOT NULL DEFAULT 'pending_verification',server/db/ddl/planes/neon/master/03_tables.sql,1282
Shared,Shared banking and output,master.bank_account,is_active,boolean,no,yes,is_active boolean GENERATED ALWAYS AS (status = 'active') STORED,server/db/ddl/planes/neon/master/03_tables.sql,1283
Shared,Shared banking and output,master.bank_account,status_changed_at,timestamptz,no,no,status_changed_at timestamptz,server/db/ddl/planes/neon/master/03_tables.sql,1284
Shared,Shared banking and output,master.bank_account,status_changed_by,uuid,no,no,status_changed_by uuid,server/db/ddl/planes/neon/master/03_tables.sql,1285
Shared,Shared banking and output,master.bank_account,created_at,timestamptz,yes,no,created_at timestamptz NOT NULL DEFAULT now(),server/db/ddl/planes/neon/master/03_tables.sql,1286
Shared,Shared banking and output,master.bank_account,created_by,uuid,yes,no,created_by uuid NOT NULL,server/db/ddl/planes/neon/master/03_tables.sql,1287
Shared,Shared banking and output,master.bank_account,updated_at,timestamptz,no,no,updated_at timestamptz,server/db/ddl/planes/neon/master/03_tables.sql,1288
Shared,Shared banking and output,master.bank_account,updated_by,uuid,no,no,updated_by uuid,server/db/ddl/planes/neon/master/03_tables.sql,1289
Shared,Shared banking and output,master.bank_account_link,id,uuid,yes,no,id uuid NOT NULL DEFAULT shared.uuidv7(),server/db/ddl/planes/neon/master/03_tables.sql,1362
Shared,Shared banking and output,master.bank_account_link,tenant_id,uuid,yes,no,tenant_id uuid NOT NULL,server/db/ddl/planes/neon/master/03_tables.sql,1363
Shared,Shared banking and output,master.bank_account_link,owner_type_id,uuid,yes,no,owner_type_id uuid NOT NULL,server/db/ddl/planes/neon/master/03_tables.sql,1364
Shared,Shared banking and output,master.bank_account_link,owner_type,text,yes,no,owner_type text NOT NULL,server/db/ddl/planes/neon/master/03_tables.sql,1365
Shared,Shared banking and output,master.bank_account_link,owner_id,uuid,yes,no,owner_id uuid NOT NULL,server/db/ddl/planes/neon/master/03_tables.sql,1366
Shared,Shared banking and output,master.bank_account_link,relationship_role,master.bank_relationship_role_d,yes,no,relationship_role master.bank_relationship_role_d NOT NULL,server/db/ddl/planes/neon/master/03_tables.sql,1367
Shared,Shared banking and output,master.bank_account_link,bank_account_id,uuid,yes,no,bank_account_id uuid NOT NULL,server/db/ddl/planes/neon/master/03_tables.sql,1368
Shared,Shared banking and output,master.bank_account_link,company_code_id,uuid,no,no,company_code_id uuid,server/db/ddl/planes/neon/master/03_tables.sql,1369
Shared,Shared banking and output,master.bank_account_link,purpose,text,yes,no,purpose text NOT NULL DEFAULT 'default',server/db/ddl/planes/neon/master/03_tables.sql,1370
Shared,Shared banking and output,master.bank_account_link,is_primary,boolean,yes,no,is_primary boolean NOT NULL DEFAULT false,server/db/ddl/planes/neon/master/03_tables.sql,1371
Shared,Shared banking and output,master.bank_account_link,effective_from,date,yes,no,effective_from date NOT NULL DEFAULT CURRENT_DATE,server/db/ddl/planes/neon/master/03_tables.sql,1372
Shared,Shared banking and output,master.bank_account_link,effective_until,date,no,no,effective_until date,server/db/ddl/planes/neon/master/03_tables.sql,1373
Shared,Shared banking and output,master.bank_account_link,metadata,jsonb,yes,no,metadata jsonb NOT NULL DEFAULT '{}'::jsonb,server/db/ddl/planes/neon/master/03_tables.sql,1374
Shared,Shared banking and output,master.bank_account_link,created_at,timestamptz,yes,no,created_at timestamptz NOT NULL DEFAULT now(),server/db/ddl/planes/neon/master/03_tables.sql,1375
Shared,Shared banking and output,master.bank_account_link,created_by,uuid,yes,no,created_by uuid NOT NULL,server/db/ddl/planes/neon/master/03_tables.sql,1376
Shared,Shared banking and output,master.bank_account_link,updated_at,timestamptz,no,no,updated_at timestamptz,server/db/ddl/planes/neon/master/03_tables.sql,1377
Shared,Shared banking and output,master.bank_account_link,updated_by,uuid,no,no,updated_by uuid,server/db/ddl/planes/neon/master/03_tables.sql,1378
Shared,Core HR,master.person,id,uuid,yes,no,id uuid NOT NULL DEFAULT shared.uuidv7(),server/db/ddl/planes/neon/master/03_tables.sql,2399
Shared,Core HR,master.person,tenant_id,uuid,yes,no,tenant_id uuid NOT NULL,server/db/ddl/planes/neon/master/03_tables.sql,2400
Shared,Core HR,master.person,code,text,yes,no,code text NOT NULL,server/db/ddl/planes/neon/master/03_tables.sql,2401
Shared,Core HR,master.person,name,text,yes,no,name text NOT NULL,server/db/ddl/planes/neon/master/03_tables.sql,2402
Shared,Core HR,master.person,person_number,text,no,no,person_number text,server/db/ddl/planes/neon/master/03_tables.sql,2403
Shared,Core HR,master.person,first_name,text,yes,no,first_name text NOT NULL,server/db/ddl/planes/neon/master/03_tables.sql,2404
Shared,Core HR,master.person,middle_name,text,no,no,middle_name text,server/db/ddl/planes/neon/master/03_tables.sql,2405
Shared,Core HR,master.person,last_name,text,yes,no,last_name text NOT NULL,server/db/ddl/planes/neon/master/03_tables.sql,2406
Shared,Core HR,master.person,display_name,text,no,no,display_name text,server/db/ddl/planes/neon/master/03_tables.sql,2407
Shared,Core HR,master.person,preferred_name,text,no,no,preferred_name text,server/db/ddl/planes/neon/master/03_tables.sql,2408
Shared,Core HR,master.person,primary_email,text,no,no,primary_email text,server/db/ddl/planes/neon/master/03_tables.sql,2409
Shared,Core HR,master.person,primary_phone,text,no,no,primary_phone text,server/db/ddl/planes/neon/master/03_tables.sql,2410
Shared,Core HR,master.person,country_code,character(2),no,no,country_code character(2),server/db/ddl/planes/neon/master/03_tables.sql,2411
Shared,Core HR,master.person,metadata,jsonb,yes,no,metadata jsonb NOT NULL DEFAULT '{}'::jsonb,server/db/ddl/planes/neon/master/03_tables.sql,2412
Shared,Core HR,master.person,status,text,yes,no,status text NOT NULL DEFAULT 'active',server/db/ddl/planes/neon/master/03_tables.sql,2413
Shared,Core HR,master.person,is_active,boolean,no,yes,is_active boolean GENERATED ALWAYS AS (status = 'active') STORED,server/db/ddl/planes/neon/master/03_tables.sql,2414
Shared,Core HR,master.person,status_changed_at,timestamptz,no,no,status_changed_at timestamptz,server/db/ddl/planes/neon/master/03_tables.sql,2415
Shared,Core HR,master.person,status_changed_by,uuid,no,no,status_changed_by uuid,server/db/ddl/planes/neon/master/03_tables.sql,2416
Shared,Core HR,master.person,created_at,timestamptz,yes,no,created_at timestamptz NOT NULL DEFAULT now(),server/db/ddl/planes/neon/master/03_tables.sql,2417
Shared,Core HR,master.person,created_by,uuid,yes,no,created_by uuid NOT NULL,server/db/ddl/planes/neon/master/03_tables.sql,2418
Shared,Core HR,master.person,updated_at,timestamptz,no,no,updated_at timestamptz,server/db/ddl/planes/neon/master/03_tables.sql,2419
Shared,Core HR,master.person,updated_by,uuid,no,no,updated_by uuid,server/db/ddl/planes/neon/master/03_tables.sql,2420
Shared,Core HR,master.person_sensitive_profile,id,uuid,yes,no,id uuid NOT NULL DEFAULT shared.uuidv7(),server/db/ddl/planes/neon/master/03_tables.sql,2443
Shared,Core HR,master.person_sensitive_profile,tenant_id,uuid,yes,no,tenant_id uuid NOT NULL,server/db/ddl/planes/neon/master/03_tables.sql,2444
Shared,Core HR,master.person_sensitive_profile,person_id,uuid,yes,no,person_id uuid NOT NULL,server/db/ddl/planes/neon/master/03_tables.sql,2445
Shared,Core HR,master.person_sensitive_profile,date_of_birth,date,no,no,date_of_birth date,server/db/ddl/planes/neon/master/03_tables.sql,2446
Shared,Core HR,master.person_sensitive_profile,gender,text,no,no,gender text,server/db/ddl/planes/neon/master/03_tables.sql,2447
Shared,Core HR,master.person_sensitive_profile,marital_status,text,no,no,marital_status text,server/db/ddl/planes/neon/master/03_tables.sql,2448
Shared,Core HR,master.person_sensitive_profile,nationality_country_code,character(2),no,no,nationality_country_code character(2),server/db/ddl/planes/neon/master/03_tables.sql,2449
Shared,Core HR,master.person_sensitive_profile,national_id_type,text,no,no,national_id_type text,server/db/ddl/planes/neon/master/03_tables.sql,2450
Shared,Core HR,master.person_sensitive_profile,national_id_token,text,no,no,national_id_token text,server/db/ddl/planes/neon/master/03_tables.sql,2451
Shared,Core HR,master.person_sensitive_profile,tax_identifier_token,text,no,no,tax_identifier_token text,server/db/ddl/planes/neon/master/03_tables.sql,2452
Shared,Core HR,master.person_sensitive_profile,passport_number_token,text,no,no,passport_number_token text,server/db/ddl/planes/neon/master/03_tables.sql,2453
Shared,Core HR,master.person_sensitive_profile,emergency_contact,jsonb,yes,no,emergency_contact jsonb NOT NULL DEFAULT '{}'::jsonb,server/db/ddl/planes/neon/master/03_tables.sql,2454
Shared,Core HR,master.person_sensitive_profile,protected_attributes,jsonb,yes,no,protected_attributes jsonb NOT NULL DEFAULT '{}'::jsonb,server/db/ddl/planes/neon/master/03_tables.sql,2455
Shared,Core HR,master.person_sensitive_profile,metadata,jsonb,yes,no,metadata jsonb NOT NULL DEFAULT '{}'::jsonb,server/db/ddl/planes/neon/master/03_tables.sql,2456
Shared,Core HR,master.person_sensitive_profile,created_at,timestamptz,yes,no,created_at timestamptz NOT NULL DEFAULT now(),server/db/ddl/planes/neon/master/03_tables.sql,2457
Shared,Core HR,master.person_sensitive_profile,created_by,uuid,yes,no,created_by uuid NOT NULL,server/db/ddl/planes/neon/master/03_tables.sql,2458
Shared,Core HR,master.person_sensitive_profile,updated_at,timestamptz,no,no,updated_at timestamptz,server/db/ddl/planes/neon/master/03_tables.sql,2459
Shared,Core HR,master.person_sensitive_profile,updated_by,uuid,no,no,updated_by uuid,server/db/ddl/planes/neon/master/03_tables.sql,2460
Stage 1 Internal,Core HR,master.job_family,id,uuid,yes,no,id uuid NOT NULL DEFAULT shared.uuidv7(),server/db/ddl/planes/neon/master/03_tables.sql,2592
Stage 1 Internal,Core HR,master.job_family,tenant_id,uuid,yes,no,tenant_id uuid NOT NULL,server/db/ddl/planes/neon/master/03_tables.sql,2593
Stage 1 Internal,Core HR,master.job_family,code,text,yes,no,code text NOT NULL,server/db/ddl/planes/neon/master/03_tables.sql,2594
Stage 1 Internal,Core HR,master.job_family,name,text,yes,no,name text NOT NULL,server/db/ddl/planes/neon/master/03_tables.sql,2595
Stage 1 Internal,Core HR,master.job_family,description,text,no,no,description text,server/db/ddl/planes/neon/master/03_tables.sql,2596
Stage 1 Internal,Core HR,master.job_family,status,text,yes,no,status text NOT NULL DEFAULT 'active',server/db/ddl/planes/neon/master/03_tables.sql,2597
Stage 1 Internal,Core HR,master.job_family,is_active,boolean,no,yes,is_active boolean GENERATED ALWAYS AS (status = 'active') STORED,server/db/ddl/planes/neon/master/03_tables.sql,2598
Stage 1 Internal,Core HR,master.job_family,created_at,timestamptz,yes,no,created_at timestamptz NOT NULL DEFAULT now(),server/db/ddl/planes/neon/master/03_tables.sql,2599
Stage 1 Internal,Core HR,master.job_family,created_by,uuid,yes,no,created_by uuid NOT NULL,server/db/ddl/planes/neon/master/03_tables.sql,2600
Stage 1 Internal,Core HR,master.job_family,updated_at,timestamptz,no,no,updated_at timestamptz,server/db/ddl/planes/neon/master/03_tables.sql,2601
Stage 1 Internal,Core HR,master.job_family,updated_by,uuid,no,no,updated_by uuid,server/db/ddl/planes/neon/master/03_tables.sql,2602
Stage 1 Internal,Core HR,master.job_function,id,uuid,yes,no,id uuid NOT NULL DEFAULT shared.uuidv7(),server/db/ddl/planes/neon/master/03_tables.sql,2612
Stage 1 Internal,Core HR,master.job_function,tenant_id,uuid,yes,no,tenant_id uuid NOT NULL,server/db/ddl/planes/neon/master/03_tables.sql,2613
Stage 1 Internal,Core HR,master.job_function,code,text,yes,no,code text NOT NULL,server/db/ddl/planes/neon/master/03_tables.sql,2614
Stage 1 Internal,Core HR,master.job_function,name,text,yes,no,name text NOT NULL,server/db/ddl/planes/neon/master/03_tables.sql,2615
Stage 1 Internal,Core HR,master.job_function,job_family_id,uuid,no,no,job_family_id uuid,server/db/ddl/planes/neon/master/03_tables.sql,2616
Stage 1 Internal,Core HR,master.job_function,description,text,no,no,description text,server/db/ddl/planes/neon/master/03_tables.sql,2617
Stage 1 Internal,Core HR,master.job_function,status,text,yes,no,status text NOT NULL DEFAULT 'active',server/db/ddl/planes/neon/master/03_tables.sql,2618
Stage 1 Internal,Core HR,master.job_function,is_active,boolean,no,yes,is_active boolean GENERATED ALWAYS AS (status = 'active') STORED,server/db/ddl/planes/neon/master/03_tables.sql,2619
Stage 1 Internal,Core HR,master.job_function,created_at,timestamptz,yes,no,created_at timestamptz NOT NULL DEFAULT now(),server/db/ddl/planes/neon/master/03_tables.sql,2620
Stage 1 Internal,Core HR,master.job_function,created_by,uuid,yes,no,created_by uuid NOT NULL,server/db/ddl/planes/neon/master/03_tables.sql,2621
Stage 1 Internal,Core HR,master.job_function,updated_at,timestamptz,no,no,updated_at timestamptz,server/db/ddl/planes/neon/master/03_tables.sql,2622
Stage 1 Internal,Core HR,master.job_function,updated_by,uuid,no,no,updated_by uuid,server/db/ddl/planes/neon/master/03_tables.sql,2623
Stage 1 Internal,Core HR,master.pay_grade,id,uuid,yes,no,id uuid NOT NULL DEFAULT shared.uuidv7(),server/db/ddl/planes/neon/master/03_tables.sql,2633
Stage 1 Internal,Core HR,master.pay_grade,tenant_id,uuid,yes,no,tenant_id uuid NOT NULL,server/db/ddl/planes/neon/master/03_tables.sql,2634
Stage 1 Internal,Core HR,master.pay_grade,code,text,yes,no,code text NOT NULL,server/db/ddl/planes/neon/master/03_tables.sql,2635
Stage 1 Internal,Core HR,master.pay_grade,name,text,yes,no,name text NOT NULL,server/db/ddl/planes/neon/master/03_tables.sql,2636
Stage 1 Internal,Core HR,master.pay_grade,grade_set,text,no,no,grade_set text,server/db/ddl/planes/neon/master/03_tables.sql,2637
Stage 1 Internal,Core HR,master.pay_grade,min_amount,"numeric(18,4)",no,no,"min_amount numeric(18,4)",server/db/ddl/planes/neon/master/03_tables.sql,2638
Stage 1 Internal,Core HR,master.pay_grade,midpoint_amount,"numeric(18,4)",no,no,"midpoint_amount numeric(18,4)",server/db/ddl/planes/neon/master/03_tables.sql,2639
Stage 1 Internal,Core HR,master.pay_grade,max_amount,"numeric(18,4)",no,no,"max_amount numeric(18,4)",server/db/ddl/planes/neon/master/03_tables.sql,2640
Stage 1 Internal,Core HR,master.pay_grade,currency_code,character(3),no,no,currency_code character(3),server/db/ddl/planes/neon/master/03_tables.sql,2641
Stage 1 Internal,Core HR,master.pay_grade,status,text,yes,no,status text NOT NULL DEFAULT 'active',server/db/ddl/planes/neon/master/03_tables.sql,2642
Stage 1 Internal,Core HR,master.pay_grade,is_active,boolean,no,yes,is_active boolean GENERATED ALWAYS AS (status = 'active') STORED,server/db/ddl/planes/neon/master/03_tables.sql,2643
Stage 1 Internal,Core HR,master.pay_grade,created_at,timestamptz,yes,no,created_at timestamptz NOT NULL DEFAULT now(),server/db/ddl/planes/neon/master/03_tables.sql,2644
Stage 1 Internal,Core HR,master.pay_grade,created_by,uuid,yes,no,created_by uuid NOT NULL,server/db/ddl/planes/neon/master/03_tables.sql,2645
Stage 1 Internal,Core HR,master.pay_grade,updated_at,timestamptz,no,no,updated_at timestamptz,server/db/ddl/planes/neon/master/03_tables.sql,2646
Stage 1 Internal,Core HR,master.pay_grade,updated_by,uuid,no,no,updated_by uuid,server/db/ddl/planes/neon/master/03_tables.sql,2647
Stage 1 Internal,Core HR,master.job,id,uuid,yes,no,id uuid NOT NULL DEFAULT shared.uuidv7(),server/db/ddl/planes/neon/master/03_tables.sql,2669
Stage 1 Internal,Core HR,master.job,tenant_id,uuid,yes,no,tenant_id uuid NOT NULL,server/db/ddl/planes/neon/master/03_tables.sql,2670
Stage 1 Internal,Core HR,master.job,code,text,yes,no,code text NOT NULL,server/db/ddl/planes/neon/master/03_tables.sql,2671
Stage 1 Internal,Core HR,master.job,name,text,yes,no,name text NOT NULL,server/db/ddl/planes/neon/master/03_tables.sql,2672
Stage 1 Internal,Core HR,master.job,job_family_id,uuid,no,no,job_family_id uuid,server/db/ddl/planes/neon/master/03_tables.sql,2673
Stage 1 Internal,Core HR,master.job,job_function_id,uuid,no,no,job_function_id uuid,server/db/ddl/planes/neon/master/03_tables.sql,2674
Stage 1 Internal,Core HR,master.job,career_band_id,uuid,no,no,career_band_id uuid,server/db/ddl/planes/neon/master/03_tables.sql,2675
Stage 1 Internal,Core HR,master.job,career_level_id,uuid,no,no,career_level_id uuid,server/db/ddl/planes/neon/master/03_tables.sql,2676
Stage 1 Internal,Core HR,master.job,pay_grade_id,uuid,no,no,pay_grade_id uuid,server/db/ddl/planes/neon/master/03_tables.sql,2677
Stage 1 Internal,Core HR,master.job,designation_id,uuid,no,no,designation_id uuid,server/db/ddl/planes/neon/master/03_tables.sql,2678
Stage 1 Internal,Core HR,master.job,description,text,no,no,description text,server/db/ddl/planes/neon/master/03_tables.sql,2679
Stage 1 Internal,Core HR,master.job,status,text,yes,no,status text NOT NULL DEFAULT 'draft',server/db/ddl/planes/neon/master/03_tables.sql,2680
Stage 1 Internal,Core HR,master.job,is_active,boolean,no,yes,is_active boolean GENERATED ALWAYS AS (status = 'active') STORED,server/db/ddl/planes/neon/master/03_tables.sql,2681
Stage 1 Internal,Core HR,master.job,created_at,timestamptz,yes,no,created_at timestamptz NOT NULL DEFAULT now(),server/db/ddl/planes/neon/master/03_tables.sql,2682
Stage 1 Internal,Core HR,master.job,created_by,uuid,yes,no,created_by uuid NOT NULL,server/db/ddl/planes/neon/master/03_tables.sql,2683
Stage 1 Internal,Core HR,master.job,updated_at,timestamptz,no,no,updated_at timestamptz,server/db/ddl/planes/neon/master/03_tables.sql,2684
Stage 1 Internal,Core HR,master.job,updated_by,uuid,no,no,updated_by uuid,server/db/ddl/planes/neon/master/03_tables.sql,2685
Stage 1 Internal,Calendar and time,master.holiday_calendar,id,uuid,yes,no,id uuid NOT NULL DEFAULT shared.uuidv7(),server/db/ddl/planes/neon/master/03_tables.sql,2696
Stage 1 Internal,Calendar and time,master.holiday_calendar,tenant_id,uuid,yes,no,tenant_id uuid NOT NULL,server/db/ddl/planes/neon/master/03_tables.sql,2697
Stage 1 Internal,Calendar and time,master.holiday_calendar,code,text,yes,no,code text NOT NULL,server/db/ddl/planes/neon/master/03_tables.sql,2698
Stage 1 Internal,Calendar and time,master.holiday_calendar,name,text,yes,no,name text NOT NULL,server/db/ddl/planes/neon/master/03_tables.sql,2699
Stage 1 Internal,Calendar and time,master.holiday_calendar,country_code,character(2),no,no,country_code character(2),server/db/ddl/planes/neon/master/03_tables.sql,2700
Stage 1 Internal,Calendar and time,master.holiday_calendar,company_code_id,uuid,no,no,company_code_id uuid,server/db/ddl/planes/neon/master/03_tables.sql,2701
Stage 1 Internal,Calendar and time,master.holiday_calendar,legal_entity_id,uuid,no,no,legal_entity_id uuid,server/db/ddl/planes/neon/master/03_tables.sql,2702
Stage 1 Internal,Calendar and time,master.holiday_calendar,site_id,uuid,no,no,site_id uuid,server/db/ddl/planes/neon/master/03_tables.sql,2703
Stage 1 Internal,Calendar and time,master.holiday_calendar,weekend_pattern,text,yes,no,weekend_pattern text NOT NULL DEFAULT 'SAT_SUN',server/db/ddl/planes/neon/master/03_tables.sql,2704
Stage 1 Internal,Calendar and time,master.holiday_calendar,weekend_days,smallint[],no,no,weekend_days smallint[],server/db/ddl/planes/neon/master/03_tables.sql,2705
Stage 1 Internal,Calendar and time,master.holiday_calendar,description,text,no,no,description text,server/db/ddl/planes/neon/master/03_tables.sql,2706
Stage 1 Internal,Calendar and time,master.holiday_calendar,is_default,boolean,yes,no,is_default boolean NOT NULL DEFAULT false,server/db/ddl/planes/neon/master/03_tables.sql,2707
Stage 1 Internal,Calendar and time,master.holiday_calendar,sort_order,smallint,yes,no,sort_order smallint NOT NULL DEFAULT 0,server/db/ddl/planes/neon/master/03_tables.sql,2708
Stage 1 Internal,Calendar and time,master.holiday_calendar,metadata,jsonb,yes,no,metadata jsonb NOT NULL DEFAULT '{}'::jsonb,server/db/ddl/planes/neon/master/03_tables.sql,2709
Stage 1 Internal,Calendar and time,master.holiday_calendar,status,text,yes,no,status text NOT NULL DEFAULT 'active',server/db/ddl/planes/neon/master/03_tables.sql,2710
Stage 1 Internal,Calendar and time,master.holiday_calendar,is_active,boolean,no,yes,is_active boolean GENERATED ALWAYS AS (status = 'active') STORED,server/db/ddl/planes/neon/master/03_tables.sql,2711
Stage 1 Internal,Calendar and time,master.holiday_calendar,status_changed_at,timestamptz,no,no,status_changed_at timestamptz,server/db/ddl/planes/neon/master/03_tables.sql,2712
Stage 1 Internal,Calendar and time,master.holiday_calendar,status_changed_by,uuid,no,no,status_changed_by uuid,server/db/ddl/planes/neon/master/03_tables.sql,2713
Stage 1 Internal,Calendar and time,master.holiday_calendar,created_at,timestamptz,yes,no,created_at timestamptz NOT NULL DEFAULT now(),server/db/ddl/planes/neon/master/03_tables.sql,2714
Stage 1 Internal,Calendar and time,master.holiday_calendar,created_by,uuid,yes,no,created_by uuid NOT NULL,server/db/ddl/planes/neon/master/03_tables.sql,2715
Stage 1 Internal,Calendar and time,master.holiday_calendar,updated_at,timestamptz,no,no,updated_at timestamptz,server/db/ddl/planes/neon/master/03_tables.sql,2716
Stage 1 Internal,Calendar and time,master.holiday_calendar,updated_by,uuid,no,no,updated_by uuid,server/db/ddl/planes/neon/master/03_tables.sql,2717
Stage 1 Internal,Calendar and time,master.holiday_calendar_day,id,uuid,yes,no,id uuid NOT NULL DEFAULT shared.uuidv7(),server/db/ddl/planes/neon/master/03_tables.sql,2739
Stage 1 Internal,Calendar and time,master.holiday_calendar_day,tenant_id,uuid,yes,no,tenant_id uuid NOT NULL,server/db/ddl/planes/neon/master/03_tables.sql,2740
Stage 1 Internal,Calendar and time,master.holiday_calendar_day,holiday_calendar_id,uuid,yes,no,holiday_calendar_id uuid NOT NULL,server/db/ddl/planes/neon/master/03_tables.sql,2741
Stage 1 Internal,Calendar and time,master.holiday_calendar_day,calendar_year,smallint,yes,no,calendar_year smallint NOT NULL,server/db/ddl/planes/neon/master/03_tables.sql,2742
Stage 1 Internal,Calendar and time,master.holiday_calendar_day,holiday_date,date,yes,no,holiday_date date NOT NULL,server/db/ddl/planes/neon/master/03_tables.sql,2743
Stage 1 Internal,Calendar and time,master.holiday_calendar_day,name,text,yes,no,name text NOT NULL,server/db/ddl/planes/neon/master/03_tables.sql,2744
Stage 1 Internal,Calendar and time,master.holiday_calendar_day,day_type,text,yes,no,day_type text NOT NULL DEFAULT 'HOLIDAY',server/db/ddl/planes/neon/master/03_tables.sql,2745
Stage 1 Internal,Calendar and time,master.holiday_calendar_day,observance_type,text,yes,no,observance_type text NOT NULL DEFAULT 'MANDATORY',server/db/ddl/planes/neon/master/03_tables.sql,2746
Stage 1 Internal,Calendar and time,master.holiday_calendar_day,is_half_day,boolean,yes,no,is_half_day boolean NOT NULL DEFAULT false,server/db/ddl/planes/neon/master/03_tables.sql,2747
Stage 1 Internal,Calendar and time,master.holiday_calendar_day,metadata,jsonb,yes,no,metadata jsonb NOT NULL DEFAULT '{}'::jsonb,server/db/ddl/planes/neon/master/03_tables.sql,2748
Stage 1 Internal,Calendar and time,master.holiday_calendar_day,created_at,timestamptz,yes,no,created_at timestamptz NOT NULL DEFAULT now(),server/db/ddl/planes/neon/master/03_tables.sql,2749
Stage 1 Internal,Calendar and time,master.holiday_calendar_day,created_by,uuid,yes,no,created_by uuid NOT NULL,server/db/ddl/planes/neon/master/03_tables.sql,2750
Stage 1 Internal,Calendar and time,master.holiday_calendar_day,updated_at,timestamptz,no,no,updated_at timestamptz,server/db/ddl/planes/neon/master/03_tables.sql,2751
Stage 1 Internal,Calendar and time,master.holiday_calendar_day,updated_by,uuid,no,no,updated_by uuid,server/db/ddl/planes/neon/master/03_tables.sql,2752
Stage 1 Internal,Calendar and time,master.shift_type,id,uuid,yes,no,id uuid NOT NULL DEFAULT shared.uuidv7(),server/db/ddl/planes/neon/master/03_tables.sql,2768
Stage 1 Internal,Calendar and time,master.shift_type,tenant_id,uuid,yes,no,tenant_id uuid NOT NULL,server/db/ddl/planes/neon/master/03_tables.sql,2769
Stage 1 Internal,Calendar and time,master.shift_type,code,text,yes,no,code text NOT NULL,server/db/ddl/planes/neon/master/03_tables.sql,2770
Stage 1 Internal,Calendar and time,master.shift_type,name,text,yes,no,name text NOT NULL,server/db/ddl/planes/neon/master/03_tables.sql,2771
Stage 1 Internal,Calendar and time,master.shift_type,start_time,time,yes,no,start_time time NOT NULL,server/db/ddl/planes/neon/master/03_tables.sql,2772
Stage 1 Internal,Calendar and time,master.shift_type,end_time,time,yes,no,end_time time NOT NULL,server/db/ddl/planes/neon/master/03_tables.sql,2773
Stage 1 Internal,Calendar and time,master.shift_type,break_minutes,smallint,yes,no,break_minutes smallint NOT NULL DEFAULT 0,server/db/ddl/planes/neon/master/03_tables.sql,2774
Stage 1 Internal,Calendar and time,master.shift_type,paid_minutes,smallint,no,no,paid_minutes smallint,server/db/ddl/planes/neon/master/03_tables.sql,2775
Stage 1 Internal,Calendar and time,master.shift_type,is_overnight,boolean,yes,no,is_overnight boolean NOT NULL DEFAULT false,server/db/ddl/planes/neon/master/03_tables.sql,2776
Stage 1 Internal,Calendar and time,master.shift_type,status,text,yes,no,status text NOT NULL DEFAULT 'active',server/db/ddl/planes/neon/master/03_tables.sql,2777
Stage 1 Internal,Calendar and time,master.shift_type,is_active,boolean,no,yes,is_active boolean GENERATED ALWAYS AS (status = 'active') STORED,server/db/ddl/planes/neon/master/03_tables.sql,2778
Stage 1 Internal,Calendar and time,master.shift_type,created_at,timestamptz,yes,no,created_at timestamptz NOT NULL DEFAULT now(),server/db/ddl/planes/neon/master/03_tables.sql,2779
Stage 1 Internal,Calendar and time,master.shift_type,created_by,uuid,yes,no,created_by uuid NOT NULL,server/db/ddl/planes/neon/master/03_tables.sql,2780
Stage 1 Internal,Calendar and time,master.shift_type,updated_at,timestamptz,no,no,updated_at timestamptz,server/db/ddl/planes/neon/master/03_tables.sql,2781
Stage 1 Internal,Calendar and time,master.shift_type,updated_by,uuid,no,no,updated_by uuid,server/db/ddl/planes/neon/master/03_tables.sql,2782
Stage 1 Internal,Calendar and time,master.work_pattern,id,uuid,yes,no,id uuid NOT NULL DEFAULT shared.uuidv7(),server/db/ddl/planes/neon/master/03_tables.sql,2794
Stage 1 Internal,Calendar and time,master.work_pattern,tenant_id,uuid,yes,no,tenant_id uuid NOT NULL,server/db/ddl/planes/neon/master/03_tables.sql,2795
Stage 1 Internal,Calendar and time,master.work_pattern,code,text,yes,no,code text NOT NULL,server/db/ddl/planes/neon/master/03_tables.sql,2796
Stage 1 Internal,Calendar and time,master.work_pattern,name,text,yes,no,name text NOT NULL,server/db/ddl/planes/neon/master/03_tables.sql,2797
Stage 1 Internal,Calendar and time,master.work_pattern,pattern_type,text,yes,no,pattern_type text NOT NULL DEFAULT 'weekly',server/db/ddl/planes/neon/master/03_tables.sql,2798
Stage 1 Internal,Calendar and time,master.work_pattern,cycle_length_days,smallint,yes,no,cycle_length_days smallint NOT NULL DEFAULT 7,server/db/ddl/planes/neon/master/03_tables.sql,2799
Stage 1 Internal,Calendar and time,master.work_pattern,weekly_hours,"numeric(8,2)",no,no,"weekly_hours numeric(8,2)",server/db/ddl/planes/neon/master/03_tables.sql,2800
Stage 1 Internal,Calendar and time,master.work_pattern,metadata,jsonb,yes,no,metadata jsonb NOT NULL DEFAULT '{}'::jsonb,server/db/ddl/planes/neon/master/03_tables.sql,2801
Stage 1 Internal,Calendar and time,master.work_pattern,status,text,yes,no,status text NOT NULL DEFAULT 'active',server/db/ddl/planes/neon/master/03_tables.sql,2802
Stage 1 Internal,Calendar and time,master.work_pattern,is_active,boolean,no,yes,is_active boolean GENERATED ALWAYS AS (status = 'active') STORED,server/db/ddl/planes/neon/master/03_tables.sql,2803
Stage 1 Internal,Calendar and time,master.work_pattern,created_at,timestamptz,yes,no,created_at timestamptz NOT NULL DEFAULT now(),server/db/ddl/planes/neon/master/03_tables.sql,2804
Stage 1 Internal,Calendar and time,master.work_pattern,created_by,uuid,yes,no,created_by uuid NOT NULL,server/db/ddl/planes/neon/master/03_tables.sql,2805
Stage 1 Internal,Calendar and time,master.work_pattern,updated_at,timestamptz,no,no,updated_at timestamptz,server/db/ddl/planes/neon/master/03_tables.sql,2806
Stage 1 Internal,Calendar and time,master.work_pattern,updated_by,uuid,no,no,updated_by uuid,server/db/ddl/planes/neon/master/03_tables.sql,2807
Stage 1 Internal,Calendar and time,master.work_pattern_day,id,uuid,yes,no,id uuid NOT NULL DEFAULT shared.uuidv7(),server/db/ddl/planes/neon/master/03_tables.sql,2822
Stage 1 Internal,Calendar and time,master.work_pattern_day,tenant_id,uuid,yes,no,tenant_id uuid NOT NULL,server/db/ddl/planes/neon/master/03_tables.sql,2823
Stage 1 Internal,Calendar and time,master.work_pattern_day,work_pattern_id,uuid,yes,no,work_pattern_id uuid NOT NULL,server/db/ddl/planes/neon/master/03_tables.sql,2824
Stage 1 Internal,Calendar and time,master.work_pattern_day,day_no,smallint,yes,no,day_no smallint NOT NULL,server/db/ddl/planes/neon/master/03_tables.sql,2825
Stage 1 Internal,Calendar and time,master.work_pattern_day,is_working_day,boolean,yes,no,is_working_day boolean NOT NULL DEFAULT true,server/db/ddl/planes/neon/master/03_tables.sql,2826
Stage 1 Internal,Calendar and time,master.work_pattern_day,start_time,time,no,no,start_time time,server/db/ddl/planes/neon/master/03_tables.sql,2827
Stage 1 Internal,Calendar and time,master.work_pattern_day,end_time,time,no,no,end_time time,server/db/ddl/planes/neon/master/03_tables.sql,2828
Stage 1 Internal,Calendar and time,master.work_pattern_day,break_minutes,smallint,yes,no,break_minutes smallint NOT NULL DEFAULT 0,server/db/ddl/planes/neon/master/03_tables.sql,2829
Stage 1 Internal,Calendar and time,master.work_pattern_day,planned_minutes,smallint,yes,no,planned_minutes smallint NOT NULL DEFAULT 0,server/db/ddl/planes/neon/master/03_tables.sql,2830
Stage 1 Internal,Calendar and time,master.work_pattern_day,metadata,jsonb,yes,no,metadata jsonb NOT NULL DEFAULT '{}'::jsonb,server/db/ddl/planes/neon/master/03_tables.sql,2831
Stage 1 Internal,Calendar and time,master.work_pattern_day,created_at,timestamptz,yes,no,created_at timestamptz NOT NULL DEFAULT now(),server/db/ddl/planes/neon/master/03_tables.sql,2832
Stage 1 Internal,Calendar and time,master.work_pattern_day,created_by,uuid,yes,no,created_by uuid NOT NULL,server/db/ddl/planes/neon/master/03_tables.sql,2833
Stage 1 Internal,Calendar and time,master.work_pattern_day,updated_at,timestamptz,no,no,updated_at timestamptz,server/db/ddl/planes/neon/master/03_tables.sql,2834
Stage 1 Internal,Calendar and time,master.work_pattern_day,updated_by,uuid,no,no,updated_by uuid,server/db/ddl/planes/neon/master/03_tables.sql,2835
Stage 1 Internal,Payroll,master.pay_component,id,uuid,yes,no,id uuid NOT NULL DEFAULT shared.uuidv7(),server/db/ddl/planes/neon/master/03_tables.sql,2857
Stage 1 Internal,Payroll,master.pay_component,tenant_id,uuid,yes,no,tenant_id uuid NOT NULL,server/db/ddl/planes/neon/master/03_tables.sql,2858
Stage 1 Internal,Payroll,master.pay_component,code,text,yes,no,code text NOT NULL,server/db/ddl/planes/neon/master/03_tables.sql,2859
Stage 1 Internal,Payroll,master.pay_component,name,text,yes,no,name text NOT NULL,server/db/ddl/planes/neon/master/03_tables.sql,2860
Stage 1 Internal,Payroll,master.pay_component,component_type,text,yes,no,component_type text NOT NULL,server/db/ddl/planes/neon/master/03_tables.sql,2861
Stage 1 Internal,Payroll,master.pay_component,value_type,text,yes,no,value_type text NOT NULL DEFAULT 'amount',server/db/ddl/planes/neon/master/03_tables.sql,2862
Stage 1 Internal,Payroll,master.pay_component,taxable_behavior,text,yes,no,taxable_behavior text NOT NULL DEFAULT 'taxable',server/db/ddl/planes/neon/master/03_tables.sql,2863
Stage 1 Internal,Payroll,master.pay_component,is_recurring,boolean,yes,no,is_recurring boolean NOT NULL DEFAULT true,server/db/ddl/planes/neon/master/03_tables.sql,2864
Stage 1 Internal,Payroll,master.pay_component,is_employer_cost,boolean,yes,no,is_employer_cost boolean NOT NULL DEFAULT false,server/db/ddl/planes/neon/master/03_tables.sql,2865
Stage 1 Internal,Payroll,master.pay_component,formula_expression_id,uuid,no,no,formula_expression_id uuid,server/db/ddl/planes/neon/master/03_tables.sql,2866
Stage 1 Internal,Payroll,master.pay_component,default_gl_role,text,no,no,default_gl_role text,server/db/ddl/planes/neon/master/03_tables.sql,2867
Stage 1 Internal,Payroll,master.pay_component,metadata,jsonb,yes,no,metadata jsonb NOT NULL DEFAULT '{}'::jsonb,server/db/ddl/planes/neon/master/03_tables.sql,2868
Stage 1 Internal,Payroll,master.pay_component,status,text,yes,no,status text NOT NULL DEFAULT 'draft',server/db/ddl/planes/neon/master/03_tables.sql,2869
Stage 1 Internal,Payroll,master.pay_component,is_active,boolean,no,yes,is_active boolean GENERATED ALWAYS AS (status = 'active') STORED,server/db/ddl/planes/neon/master/03_tables.sql,2870
Stage 1 Internal,Payroll,master.pay_component,created_at,timestamptz,yes,no,created_at timestamptz NOT NULL DEFAULT now(),server/db/ddl/planes/neon/master/03_tables.sql,2871
Stage 1 Internal,Payroll,master.pay_component,created_by,uuid,yes,no,created_by uuid NOT NULL,server/db/ddl/planes/neon/master/03_tables.sql,2872
Stage 1 Internal,Payroll,master.pay_component,updated_at,timestamptz,no,no,updated_at timestamptz,server/db/ddl/planes/neon/master/03_tables.sql,2873
Stage 1 Internal,Payroll,master.pay_component,updated_by,uuid,no,no,updated_by uuid,server/db/ddl/planes/neon/master/03_tables.sql,2874
Stage 1 Internal,Payroll,master.pay_group,id,uuid,yes,no,id uuid NOT NULL DEFAULT shared.uuidv7(),server/db/ddl/planes/neon/master/03_tables.sql,2888
Stage 1 Internal,Payroll,master.pay_group,tenant_id,uuid,yes,no,tenant_id uuid NOT NULL,server/db/ddl/planes/neon/master/03_tables.sql,2889
Stage 1 Internal,Payroll,master.pay_group,code,text,yes,no,code text NOT NULL,server/db/ddl/planes/neon/master/03_tables.sql,2890
Stage 1 Internal,Payroll,master.pay_group,name,text,yes,no,name text NOT NULL,server/db/ddl/planes/neon/master/03_tables.sql,2891
Stage 1 Internal,Payroll,master.pay_group,legal_entity_id,uuid,no,no,legal_entity_id uuid,server/db/ddl/planes/neon/master/03_tables.sql,2892
Stage 1 Internal,Payroll,master.pay_group,company_code_id,uuid,yes,no,company_code_id uuid NOT NULL,server/db/ddl/planes/neon/master/03_tables.sql,2893
Stage 1 Internal,Payroll,master.pay_group,pay_frequency,text,yes,no,pay_frequency text NOT NULL DEFAULT 'monthly',server/db/ddl/planes/neon/master/03_tables.sql,2894
Stage 1 Internal,Payroll,master.pay_group,currency_code,character(3),yes,no,currency_code character(3) NOT NULL,server/db/ddl/planes/neon/master/03_tables.sql,2895
Stage 1 Internal,Payroll,master.pay_group,country_code,character(2),no,no,country_code character(2),server/db/ddl/planes/neon/master/03_tables.sql,2896
Stage 1 Internal,Payroll,master.pay_group,calendar_id,uuid,no,no,calendar_id uuid,server/db/ddl/planes/neon/master/03_tables.sql,2897
Stage 1 Internal,Payroll,master.pay_group,status,text,yes,no,status text NOT NULL DEFAULT 'active',server/db/ddl/planes/neon/master/03_tables.sql,2898
Stage 1 Internal,Payroll,master.pay_group,is_active,boolean,no,yes,is_active boolean GENERATED ALWAYS AS (status = 'active') STORED,server/db/ddl/planes/neon/master/03_tables.sql,2899
Stage 1 Internal,Payroll,master.pay_group,created_at,timestamptz,yes,no,created_at timestamptz NOT NULL DEFAULT now(),server/db/ddl/planes/neon/master/03_tables.sql,2900
Stage 1 Internal,Payroll,master.pay_group,created_by,uuid,yes,no,created_by uuid NOT NULL,server/db/ddl/planes/neon/master/03_tables.sql,2901
Stage 1 Internal,Payroll,master.pay_group,updated_at,timestamptz,no,no,updated_at timestamptz,server/db/ddl/planes/neon/master/03_tables.sql,2902
Stage 1 Internal,Payroll,master.pay_group,updated_by,uuid,no,no,updated_by uuid,server/db/ddl/planes/neon/master/03_tables.sql,2903
Stage 1 Internal,Payroll,master.pay_structure,id,uuid,yes,no,id uuid NOT NULL DEFAULT shared.uuidv7(),server/db/ddl/planes/neon/master/03_tables.sql,2915
Stage 1 Internal,Payroll,master.pay_structure,tenant_id,uuid,yes,no,tenant_id uuid NOT NULL,server/db/ddl/planes/neon/master/03_tables.sql,2916
Stage 1 Internal,Payroll,master.pay_structure,code,text,yes,no,code text NOT NULL,server/db/ddl/planes/neon/master/03_tables.sql,2917
Stage 1 Internal,Payroll,master.pay_structure,name,text,yes,no,name text NOT NULL,server/db/ddl/planes/neon/master/03_tables.sql,2918
Stage 1 Internal,Payroll,master.pay_structure,pay_group_id,uuid,no,no,pay_group_id uuid,server/db/ddl/planes/neon/master/03_tables.sql,2919
Stage 1 Internal,Payroll,master.pay_structure,currency_code,character(3),yes,no,currency_code character(3) NOT NULL,server/db/ddl/planes/neon/master/03_tables.sql,2920
Stage 1 Internal,Payroll,master.pay_structure,effective_from,date,yes,no,effective_from date NOT NULL DEFAULT CURRENT_DATE,server/db/ddl/planes/neon/master/03_tables.sql,2921
Stage 1 Internal,Payroll,master.pay_structure,effective_until,date,no,no,effective_until date,server/db/ddl/planes/neon/master/03_tables.sql,2922
Stage 1 Internal,Payroll,master.pay_structure,status,text,yes,no,status text NOT NULL DEFAULT 'draft',server/db/ddl/planes/neon/master/03_tables.sql,2923
Stage 1 Internal,Payroll,master.pay_structure,is_active,boolean,no,yes,is_active boolean GENERATED ALWAYS AS (status = 'active') STORED,server/db/ddl/planes/neon/master/03_tables.sql,2924
Stage 1 Internal,Payroll,master.pay_structure,created_at,timestamptz,yes,no,created_at timestamptz NOT NULL DEFAULT now(),server/db/ddl/planes/neon/master/03_tables.sql,2925
Stage 1 Internal,Payroll,master.pay_structure,created_by,uuid,yes,no,created_by uuid NOT NULL,server/db/ddl/planes/neon/master/03_tables.sql,2926
Stage 1 Internal,Payroll,master.pay_structure,updated_at,timestamptz,no,no,updated_at timestamptz,server/db/ddl/planes/neon/master/03_tables.sql,2927
Stage 1 Internal,Payroll,master.pay_structure,updated_by,uuid,no,no,updated_by uuid,server/db/ddl/planes/neon/master/03_tables.sql,2928
Stage 1 Internal,Payroll,master.pay_structure_line,id,uuid,yes,no,id uuid NOT NULL DEFAULT shared.uuidv7(),server/db/ddl/planes/neon/master/03_tables.sql,2940
Stage 1 Internal,Payroll,master.pay_structure_line,tenant_id,uuid,yes,no,tenant_id uuid NOT NULL,server/db/ddl/planes/neon/master/03_tables.sql,2941
Stage 1 Internal,Payroll,master.pay_structure_line,pay_structure_id,uuid,yes,no,pay_structure_id uuid NOT NULL,server/db/ddl/planes/neon/master/03_tables.sql,2942
Stage 1 Internal,Payroll,master.pay_structure_line,pay_component_id,uuid,yes,no,pay_component_id uuid NOT NULL,server/db/ddl/planes/neon/master/03_tables.sql,2943
Stage 1 Internal,Payroll,master.pay_structure_line,line_no,smallint,yes,no,line_no smallint NOT NULL,server/db/ddl/planes/neon/master/03_tables.sql,2944
Stage 1 Internal,Payroll,master.pay_structure_line,default_amount,"numeric(18,4)",no,no,"default_amount numeric(18,4)",server/db/ddl/planes/neon/master/03_tables.sql,2945
Stage 1 Internal,Payroll,master.pay_structure_line,default_rate,"numeric(18,8)",no,no,"default_rate numeric(18,8)",server/db/ddl/planes/neon/master/03_tables.sql,2946
Stage 1 Internal,Payroll,master.pay_structure_line,formula_expression_id,uuid,no,no,formula_expression_id uuid,server/db/ddl/planes/neon/master/03_tables.sql,2947
Stage 1 Internal,Payroll,master.pay_structure_line,metadata,jsonb,yes,no,metadata jsonb NOT NULL DEFAULT '{}'::jsonb,server/db/ddl/planes/neon/master/03_tables.sql,2948
Stage 1 Internal,Payroll,master.pay_structure_line,created_at,timestamptz,yes,no,created_at timestamptz NOT NULL DEFAULT now(),server/db/ddl/planes/neon/master/03_tables.sql,2949
Stage 1 Internal,Payroll,master.pay_structure_line,created_by,uuid,yes,no,created_by uuid NOT NULL,server/db/ddl/planes/neon/master/03_tables.sql,2950
Stage 1 Internal,Payroll,master.pay_structure_line,updated_at,timestamptz,no,no,updated_at timestamptz,server/db/ddl/planes/neon/master/03_tables.sql,2951
Stage 1 Internal,Payroll,master.pay_structure_line,updated_by,uuid,no,no,updated_by uuid,server/db/ddl/planes/neon/master/03_tables.sql,2952
Stage 1 Internal,Payroll,master.statutory_scheme,id,uuid,yes,no,id uuid NOT NULL DEFAULT shared.uuidv7(),server/db/ddl/planes/neon/master/03_tables.sql,2963
Stage 1 Internal,Payroll,master.statutory_scheme,tenant_id,uuid,yes,no,tenant_id uuid NOT NULL,server/db/ddl/planes/neon/master/03_tables.sql,2964
Stage 1 Internal,Payroll,master.statutory_scheme,code,text,yes,no,code text NOT NULL,server/db/ddl/planes/neon/master/03_tables.sql,2965
Stage 1 Internal,Payroll,master.statutory_scheme,name,text,yes,no,name text NOT NULL,server/db/ddl/planes/neon/master/03_tables.sql,2966
Stage 1 Internal,Payroll,master.statutory_scheme,country_code,character(2),yes,no,country_code character(2) NOT NULL,server/db/ddl/planes/neon/master/03_tables.sql,2967
Stage 1 Internal,Payroll,master.statutory_scheme,scheme_type,text,yes,no,scheme_type text NOT NULL,server/db/ddl/planes/neon/master/03_tables.sql,2968
Stage 1 Internal,Payroll,master.statutory_scheme,employee_component_id,uuid,no,no,employee_component_id uuid,server/db/ddl/planes/neon/master/03_tables.sql,2969
Stage 1 Internal,Payroll,master.statutory_scheme,employer_component_id,uuid,no,no,employer_component_id uuid,server/db/ddl/planes/neon/master/03_tables.sql,2970
Stage 1 Internal,Payroll,master.statutory_scheme,rate_table_id,uuid,no,no,rate_table_id uuid,server/db/ddl/planes/neon/master/03_tables.sql,2971
Stage 1 Internal,Payroll,master.statutory_scheme,formula_expression_id,uuid,no,no,formula_expression_id uuid,server/db/ddl/planes/neon/master/03_tables.sql,2972
Stage 1 Internal,Payroll,master.statutory_scheme,status,text,yes,no,status text NOT NULL DEFAULT 'active',server/db/ddl/planes/neon/master/03_tables.sql,2973
Stage 1 Internal,Payroll,master.statutory_scheme,is_active,boolean,no,yes,is_active boolean GENERATED ALWAYS AS (status = 'active') STORED,server/db/ddl/planes/neon/master/03_tables.sql,2974
Stage 1 Internal,Payroll,master.statutory_scheme,created_at,timestamptz,yes,no,created_at timestamptz NOT NULL DEFAULT now(),server/db/ddl/planes/neon/master/03_tables.sql,2975
Stage 1 Internal,Payroll,master.statutory_scheme,created_by,uuid,yes,no,created_by uuid NOT NULL,server/db/ddl/planes/neon/master/03_tables.sql,2976
Stage 1 Internal,Payroll,master.statutory_scheme,updated_at,timestamptz,no,no,updated_at timestamptz,server/db/ddl/planes/neon/master/03_tables.sql,2977
Stage 1 Internal,Payroll,master.statutory_scheme,updated_by,uuid,no,no,updated_by uuid,server/db/ddl/planes/neon/master/03_tables.sql,2978
Stage 1 Internal,Leave,master.leave_type,id,uuid,yes,no,id uuid NOT NULL DEFAULT shared.uuidv7(),server/db/ddl/planes/neon/master/03_tables.sql,2989
Stage 1 Internal,Leave,master.leave_type,tenant_id,uuid,yes,no,tenant_id uuid NOT NULL,server/db/ddl/planes/neon/master/03_tables.sql,2990
Stage 1 Internal,Leave,master.leave_type,code,text,yes,no,code text NOT NULL,server/db/ddl/planes/neon/master/03_tables.sql,2991
Stage 1 Internal,Leave,master.leave_type,name,text,yes,no,name text NOT NULL,server/db/ddl/planes/neon/master/03_tables.sql,2992
Stage 1 Internal,Leave,master.leave_type,leave_category,text,yes,no,leave_category text NOT NULL DEFAULT 'annual',server/db/ddl/planes/neon/master/03_tables.sql,2993
Stage 1 Internal,Leave,master.leave_type,unit,text,yes,no,unit text NOT NULL DEFAULT 'day',server/db/ddl/planes/neon/master/03_tables.sql,2994
Stage 1 Internal,Leave,master.leave_type,is_paid,boolean,yes,no,is_paid boolean NOT NULL DEFAULT true,server/db/ddl/planes/neon/master/03_tables.sql,2995
Stage 1 Internal,Leave,master.leave_type,requires_attachment,boolean,yes,no,requires_attachment boolean NOT NULL DEFAULT false,server/db/ddl/planes/neon/master/03_tables.sql,2996
Stage 1 Internal,Leave,master.leave_type,status,text,yes,no,status text NOT NULL DEFAULT 'active',server/db/ddl/planes/neon/master/03_tables.sql,2997
Stage 1 Internal,Leave,master.leave_type,is_active,boolean,no,yes,is_active boolean GENERATED ALWAYS AS (status = 'active') STORED,server/db/ddl/planes/neon/master/03_tables.sql,2998
Stage 1 Internal,Leave,master.leave_type,created_at,timestamptz,yes,no,created_at timestamptz NOT NULL DEFAULT now(),server/db/ddl/planes/neon/master/03_tables.sql,2999
Stage 1 Internal,Leave,master.leave_type,created_by,uuid,yes,no,created_by uuid NOT NULL,server/db/ddl/planes/neon/master/03_tables.sql,3000
Stage 1 Internal,Leave,master.leave_type,updated_at,timestamptz,no,no,updated_at timestamptz,server/db/ddl/planes/neon/master/03_tables.sql,3001
Stage 1 Internal,Leave,master.leave_type,updated_by,uuid,no,no,updated_by uuid,server/db/ddl/planes/neon/master/03_tables.sql,3002
Stage 1 Internal,Leave,master.leave_plan,id,uuid,yes,no,id uuid NOT NULL DEFAULT shared.uuidv7(),server/db/ddl/planes/neon/master/03_tables.sql,3013
Stage 1 Internal,Leave,master.leave_plan,tenant_id,uuid,yes,no,tenant_id uuid NOT NULL,server/db/ddl/planes/neon/master/03_tables.sql,3014
Stage 1 Internal,Leave,master.leave_plan,code,text,yes,no,code text NOT NULL,server/db/ddl/planes/neon/master/03_tables.sql,3015
Stage 1 Internal,Leave,master.leave_plan,name,text,yes,no,name text NOT NULL,server/db/ddl/planes/neon/master/03_tables.sql,3016
Stage 1 Internal,Leave,master.leave_plan,leave_type_id,uuid,yes,no,leave_type_id uuid NOT NULL,server/db/ddl/planes/neon/master/03_tables.sql,3017
Stage 1 Internal,Leave,master.leave_plan,country_code,character(2),no,no,country_code character(2),server/db/ddl/planes/neon/master/03_tables.sql,3018
Stage 1 Internal,Leave,master.leave_plan,legal_entity_id,uuid,no,no,legal_entity_id uuid,server/db/ddl/planes/neon/master/03_tables.sql,3019
Stage 1 Internal,Leave,master.leave_plan,company_code_id,uuid,no,no,company_code_id uuid,server/db/ddl/planes/neon/master/03_tables.sql,3020
Stage 1 Internal,Leave,master.leave_plan,accrual_frequency,text,yes,no,accrual_frequency text NOT NULL DEFAULT 'monthly',server/db/ddl/planes/neon/master/03_tables.sql,3021
Stage 1 Internal,Leave,master.leave_plan,carry_forward_policy,jsonb,yes,no,carry_forward_policy jsonb NOT NULL DEFAULT '{}'::jsonb,server/db/ddl/planes/neon/master/03_tables.sql,3022
Stage 1 Internal,Leave,master.leave_plan,status,text,yes,no,status text NOT NULL DEFAULT 'draft',server/db/ddl/planes/neon/master/03_tables.sql,3023
Stage 1 Internal,Leave,master.leave_plan,is_active,boolean,no,yes,is_active boolean GENERATED ALWAYS AS (status = 'active') STORED,server/db/ddl/planes/neon/master/03_tables.sql,3024
Stage 1 Internal,Leave,master.leave_plan,created_at,timestamptz,yes,no,created_at timestamptz NOT NULL DEFAULT now(),server/db/ddl/planes/neon/master/03_tables.sql,3025
Stage 1 Internal,Leave,master.leave_plan,created_by,uuid,yes,no,created_by uuid NOT NULL,server/db/ddl/planes/neon/master/03_tables.sql,3026
Stage 1 Internal,Leave,master.leave_plan,updated_at,timestamptz,no,no,updated_at timestamptz,server/db/ddl/planes/neon/master/03_tables.sql,3027
Stage 1 Internal,Leave,master.leave_plan,updated_by,uuid,no,no,updated_by uuid,server/db/ddl/planes/neon/master/03_tables.sql,3028
Stage 1 Internal,Leave,master.leave_plan_rule,id,uuid,yes,no,id uuid NOT NULL DEFAULT shared.uuidv7(),server/db/ddl/planes/neon/master/03_tables.sql,3046
Stage 1 Internal,Leave,master.leave_plan_rule,tenant_id,uuid,yes,no,tenant_id uuid NOT NULL,server/db/ddl/planes/neon/master/03_tables.sql,3047
Stage 1 Internal,Leave,master.leave_plan_rule,leave_plan_id,uuid,yes,no,leave_plan_id uuid NOT NULL,server/db/ddl/planes/neon/master/03_tables.sql,3048
Stage 1 Internal,Leave,master.leave_plan_rule,rule_code,text,yes,no,rule_code text NOT NULL,server/db/ddl/planes/neon/master/03_tables.sql,3049
Stage 1 Internal,Leave,master.leave_plan_rule,priority,smallint,yes,no,priority smallint NOT NULL DEFAULT 100,server/db/ddl/planes/neon/master/03_tables.sql,3050
Stage 1 Internal,Leave,master.leave_plan_rule,eligibility_condition,jsonb,no,no,eligibility_condition jsonb,server/db/ddl/planes/neon/master/03_tables.sql,3051
Stage 1 Internal,Leave,master.leave_plan_rule,entitlement_quantity,"numeric(12,4)",no,no,"entitlement_quantity numeric(12,4)",server/db/ddl/planes/neon/master/03_tables.sql,3052
Stage 1 Internal,Leave,master.leave_plan_rule,accrual_formula_version_id,uuid,no,no,accrual_formula_version_id uuid,server/db/ddl/planes/neon/master/03_tables.sql,3053
Stage 1 Internal,Leave,master.leave_plan_rule,metadata,jsonb,yes,no,metadata jsonb NOT NULL DEFAULT '{}'::jsonb,server/db/ddl/planes/neon/master/03_tables.sql,3054
Stage 1 Internal,Leave,master.leave_plan_rule,status,text,yes,no,status text NOT NULL DEFAULT 'active',server/db/ddl/planes/neon/master/03_tables.sql,3055
Stage 1 Internal,Leave,master.leave_plan_rule,is_active,boolean,no,yes,is_active boolean GENERATED ALWAYS AS (status = 'active') STORED,server/db/ddl/planes/neon/master/03_tables.sql,3056
Stage 1 Internal,Leave,master.leave_plan_rule,created_at,timestamptz,yes,no,created_at timestamptz NOT NULL DEFAULT now(),server/db/ddl/planes/neon/master/03_tables.sql,3057
Stage 1 Internal,Leave,master.leave_plan_rule,created_by,uuid,yes,no,created_by uuid NOT NULL,server/db/ddl/planes/neon/master/03_tables.sql,3058
Stage 1 Internal,Leave,master.leave_plan_rule,updated_at,timestamptz,no,no,updated_at timestamptz,server/db/ddl/planes/neon/master/03_tables.sql,3059
Stage 1 Internal,Leave,master.leave_plan_rule,updated_by,uuid,no,no,updated_by uuid,server/db/ddl/planes/neon/master/03_tables.sql,3060
Stage 1 Internal,Core HR,master.position,id,uuid,yes,no,id uuid NOT NULL DEFAULT shared.uuidv7(),server/db/ddl/planes/neon/master/03_tables.sql,3075
Stage 1 Internal,Core HR,master.position,tenant_id,uuid,yes,no,tenant_id uuid NOT NULL,server/db/ddl/planes/neon/master/03_tables.sql,3076
Stage 1 Internal,Core HR,master.position,code,text,yes,no,code text NOT NULL,server/db/ddl/planes/neon/master/03_tables.sql,3077
Stage 1 Internal,Core HR,master.position,name,text,yes,no,name text NOT NULL,server/db/ddl/planes/neon/master/03_tables.sql,3078
Stage 1 Internal,Core HR,master.position,legal_entity_id,uuid,no,no,legal_entity_id uuid,server/db/ddl/planes/neon/master/03_tables.sql,3079
Stage 1 Internal,Core HR,master.position,company_code_id,uuid,yes,no,company_code_id uuid NOT NULL,server/db/ddl/planes/neon/master/03_tables.sql,3080
Stage 1 Internal,Core HR,master.position,org_unit_id,uuid,no,no,org_unit_id uuid,server/db/ddl/planes/neon/master/03_tables.sql,3081
Stage 1 Internal,Core HR,master.position,job_id,uuid,no,no,job_id uuid,server/db/ddl/planes/neon/master/03_tables.sql,3082
Stage 1 Internal,Core HR,master.position,reports_to_position_id,uuid,no,no,reports_to_position_id uuid,server/db/ddl/planes/neon/master/03_tables.sql,3083
Stage 1 Internal,Core HR,master.position,cost_center_id,uuid,no,no,cost_center_id uuid,server/db/ddl/planes/neon/master/03_tables.sql,3084
Stage 1 Internal,Core HR,master.position,profit_center_id,uuid,no,no,profit_center_id uuid,server/db/ddl/planes/neon/master/03_tables.sql,3085
Stage 1 Internal,Core HR,master.position,site_id,uuid,no,no,site_id uuid,server/db/ddl/planes/neon/master/03_tables.sql,3086
Stage 1 Internal,Core HR,master.position,position_type,text,yes,no,position_type text NOT NULL DEFAULT 'regular',server/db/ddl/planes/neon/master/03_tables.sql,3087
Stage 1 Internal,Core HR,master.position,headcount_capacity,"numeric(10,2)",yes,no,"headcount_capacity numeric(10,2) NOT NULL DEFAULT 1",server/db/ddl/planes/neon/master/03_tables.sql,3088
Stage 1 Internal,Core HR,master.position,valid_from,date,no,no,valid_from date,server/db/ddl/planes/neon/master/03_tables.sql,3089
Stage 1 Internal,Core HR,master.position,valid_to,date,no,no,valid_to date,server/db/ddl/planes/neon/master/03_tables.sql,3090
Stage 1 Internal,Core HR,master.position,metadata,jsonb,yes,no,metadata jsonb NOT NULL DEFAULT '{}'::jsonb,server/db/ddl/planes/neon/master/03_tables.sql,3091
Stage 1 Internal,Core HR,master.position,status,text,yes,no,status text NOT NULL DEFAULT 'draft',server/db/ddl/planes/neon/master/03_tables.sql,3092
Stage 1 Internal,Core HR,master.position,is_active,boolean,no,yes,is_active boolean GENERATED ALWAYS AS (status = 'active') STORED,server/db/ddl/planes/neon/master/03_tables.sql,3093
Stage 1 Internal,Core HR,master.position,created_at,timestamptz,yes,no,created_at timestamptz NOT NULL DEFAULT now(),server/db/ddl/planes/neon/master/03_tables.sql,3094
Stage 1 Internal,Core HR,master.position,created_by,uuid,yes,no,created_by uuid NOT NULL,server/db/ddl/planes/neon/master/03_tables.sql,3095
Stage 1 Internal,Core HR,master.position,updated_at,timestamptz,no,no,updated_at timestamptz,server/db/ddl/planes/neon/master/03_tables.sql,3096
Stage 1 Internal,Core HR,master.position,updated_by,uuid,no,no,updated_by uuid,server/db/ddl/planes/neon/master/03_tables.sql,3097
Stage 1 Internal,Core HR,master.employee,id,uuid,yes,no,id uuid NOT NULL DEFAULT shared.uuidv7(),server/db/ddl/planes/neon/master/03_tables.sql,3112
Stage 1 Internal,Core HR,master.employee,tenant_id,uuid,yes,no,tenant_id uuid NOT NULL,server/db/ddl/planes/neon/master/03_tables.sql,3113
Stage 1 Internal,Core HR,master.employee,code,text,yes,no,code text NOT NULL,server/db/ddl/planes/neon/master/03_tables.sql,3114
Stage 1 Internal,Core HR,master.employee,name,text,yes,no,name text NOT NULL,server/db/ddl/planes/neon/master/03_tables.sql,3115
Stage 1 Internal,Core HR,master.employee,principal_id,uuid,no,no,principal_id uuid,server/db/ddl/planes/neon/master/03_tables.sql,3116
Stage 1 Internal,Core HR,master.employee,person_id,uuid,yes,no,person_id uuid NOT NULL,server/db/ddl/planes/neon/master/03_tables.sql,3117
Stage 1 Internal,Core HR,master.employee,employee_number,text,yes,no,employee_number text NOT NULL,server/db/ddl/planes/neon/master/03_tables.sql,3118
Stage 1 Internal,Core HR,master.employee,first_name,text,yes,no,first_name text NOT NULL,server/db/ddl/planes/neon/master/03_tables.sql,3119
Stage 1 Internal,Core HR,master.employee,last_name,text,yes,no,last_name text NOT NULL,server/db/ddl/planes/neon/master/03_tables.sql,3120
Stage 1 Internal,Core HR,master.employee,display_name,text,no,no,display_name text,server/db/ddl/planes/neon/master/03_tables.sql,3121
Stage 1 Internal,Core HR,master.employee,email,text,no,no,email text,server/db/ddl/planes/neon/master/03_tables.sql,3122
Stage 1 Internal,Core HR,master.employee,phone,text,no,no,phone text,server/db/ddl/planes/neon/master/03_tables.sql,3123
Stage 1 Internal,Core HR,master.employee,employment_type,text,yes,no,employment_type text NOT NULL DEFAULT 'full_time',server/db/ddl/planes/neon/master/03_tables.sql,3124
Stage 1 Internal,Core HR,master.employee,department,text,no,no,department text,server/db/ddl/planes/neon/master/03_tables.sql,3125
Stage 1 Internal,Core HR,master.employee,title,text,no,no,title text,server/db/ddl/planes/neon/master/03_tables.sql,3126
Stage 1 Internal,Core HR,master.employee,manager_id,uuid,no,no,manager_id uuid,server/db/ddl/planes/neon/master/03_tables.sql,3127
Stage 1 Internal,Core HR,master.employee,company_code_id,uuid,no,no,company_code_id uuid,server/db/ddl/planes/neon/master/03_tables.sql,3128
Stage 1 Internal,Core HR,master.employee,hire_date,date,no,no,hire_date date,server/db/ddl/planes/neon/master/03_tables.sql,3129
Stage 1 Internal,Core HR,master.employee,termination_date,date,no,no,termination_date date,server/db/ddl/planes/neon/master/03_tables.sql,3130
Stage 1 Internal,Core HR,master.employee,metadata,jsonb,yes,no,metadata jsonb NOT NULL DEFAULT '{}'::jsonb,server/db/ddl/planes/neon/master/03_tables.sql,3131
Stage 1 Internal,Core HR,master.employee,status,text,yes,no,status text NOT NULL DEFAULT 'active',server/db/ddl/planes/neon/master/03_tables.sql,3132
Stage 1 Internal,Core HR,master.employee,is_active,boolean,no,yes,is_active boolean GENERATED ALWAYS AS (status = 'active') STORED,server/db/ddl/planes/neon/master/03_tables.sql,3133
Stage 1 Internal,Core HR,master.employee,status_changed_at,timestamptz,no,no,status_changed_at timestamptz,server/db/ddl/planes/neon/master/03_tables.sql,3134
Stage 1 Internal,Core HR,master.employee,status_changed_by,uuid,no,no,status_changed_by uuid,server/db/ddl/planes/neon/master/03_tables.sql,3135
Stage 1 Internal,Core HR,master.employee,created_at,timestamptz,yes,no,created_at timestamptz NOT NULL DEFAULT now(),server/db/ddl/planes/neon/master/03_tables.sql,3136
Stage 1 Internal,Core HR,master.employee,created_by,uuid,yes,no,created_by uuid NOT NULL,server/db/ddl/planes/neon/master/03_tables.sql,3137
Stage 1 Internal,Core HR,master.employee,updated_at,timestamptz,no,no,updated_at timestamptz,server/db/ddl/planes/neon/master/03_tables.sql,3138
Stage 1 Internal,Core HR,master.employee,updated_by,uuid,no,no,updated_by uuid,server/db/ddl/planes/neon/master/03_tables.sql,3139
Stage 1 Internal,Core HR,master.employment,id,uuid,yes,no,id uuid NOT NULL DEFAULT shared.uuidv7(),server/db/ddl/planes/neon/master/03_tables.sql,3161
Stage 1 Internal,Core HR,master.employment,tenant_id,uuid,yes,no,tenant_id uuid NOT NULL,server/db/ddl/planes/neon/master/03_tables.sql,3162
Stage 1 Internal,Core HR,master.employment,code,text,yes,no,code text NOT NULL,server/db/ddl/planes/neon/master/03_tables.sql,3163
Stage 1 Internal,Core HR,master.employment,name,text,yes,no,name text NOT NULL,server/db/ddl/planes/neon/master/03_tables.sql,3164
Stage 1 Internal,Core HR,master.employment,person_id,uuid,yes,no,person_id uuid NOT NULL,server/db/ddl/planes/neon/master/03_tables.sql,3165
Stage 1 Internal,Core HR,master.employment,employee_id,uuid,no,no,employee_id uuid,server/db/ddl/planes/neon/master/03_tables.sql,3166
Stage 1 Internal,Core HR,master.employment,legal_entity_id,uuid,yes,no,legal_entity_id uuid NOT NULL,server/db/ddl/planes/neon/master/03_tables.sql,3167
Stage 1 Internal,Core HR,master.employment,company_code_id,uuid,yes,no,company_code_id uuid NOT NULL,server/db/ddl/planes/neon/master/03_tables.sql,3168
Stage 1 Internal,Core HR,master.employment,employment_number,text,yes,no,employment_number text NOT NULL,server/db/ddl/planes/neon/master/03_tables.sql,3169
Stage 1 Internal,Core HR,master.employment,employment_type,text,yes,no,employment_type text NOT NULL DEFAULT 'full_time',server/db/ddl/planes/neon/master/03_tables.sql,3170
Stage 1 Internal,Core HR,master.employment,is_primary,boolean,yes,no,is_primary boolean NOT NULL DEFAULT true,server/db/ddl/planes/neon/master/03_tables.sql,3171
Stage 1 Internal,Core HR,master.employment,employment_status,text,yes,no,employment_status text NOT NULL DEFAULT 'active',server/db/ddl/planes/neon/master/03_tables.sql,3172
Stage 1 Internal,Core HR,master.employment,hire_date,date,yes,no,hire_date date NOT NULL,server/db/ddl/planes/neon/master/03_tables.sql,3173
Stage 1 Internal,Core HR,master.employment,service_date,date,no,no,service_date date,server/db/ddl/planes/neon/master/03_tables.sql,3174
Stage 1 Internal,Core HR,master.employment,probation_end_date,date,no,no,probation_end_date date,server/db/ddl/planes/neon/master/03_tables.sql,3175
Stage 1 Internal,Core HR,master.employment,termination_date,date,no,no,termination_date date,server/db/ddl/planes/neon/master/03_tables.sql,3176
Stage 1 Internal,Core HR,master.employment,termination_reason,text,no,no,termination_reason text,server/db/ddl/planes/neon/master/03_tables.sql,3177
Stage 1 Internal,Core HR,master.employment,metadata,jsonb,yes,no,metadata jsonb NOT NULL DEFAULT '{}'::jsonb,server/db/ddl/planes/neon/master/03_tables.sql,3178
Stage 1 Internal,Core HR,master.employment,status,text,yes,no,status text NOT NULL DEFAULT 'active',server/db/ddl/planes/neon/master/03_tables.sql,3179
Stage 1 Internal,Core HR,master.employment,is_active,boolean,no,yes,is_active boolean GENERATED ALWAYS AS (status = 'active') STORED,server/db/ddl/planes/neon/master/03_tables.sql,3180
Stage 1 Internal,Core HR,master.employment,created_at,timestamptz,yes,no,created_at timestamptz NOT NULL DEFAULT now(),server/db/ddl/planes/neon/master/03_tables.sql,3181
Stage 1 Internal,Core HR,master.employment,created_by,uuid,yes,no,created_by uuid NOT NULL,server/db/ddl/planes/neon/master/03_tables.sql,3182
Stage 1 Internal,Core HR,master.employment,updated_at,timestamptz,no,no,updated_at timestamptz,server/db/ddl/planes/neon/master/03_tables.sql,3183
Stage 1 Internal,Core HR,master.employment,updated_by,uuid,no,no,updated_by uuid,server/db/ddl/planes/neon/master/03_tables.sql,3184
Stage 1 Internal,Core HR,master.work_assignment,id,uuid,yes,no,id uuid NOT NULL DEFAULT shared.uuidv7(),server/db/ddl/planes/neon/master/03_tables.sql,3210
Stage 1 Internal,Core HR,master.work_assignment,tenant_id,uuid,yes,no,tenant_id uuid NOT NULL,server/db/ddl/planes/neon/master/03_tables.sql,3211
Stage 1 Internal,Core HR,master.work_assignment,code,text,yes,no,code text NOT NULL,server/db/ddl/planes/neon/master/03_tables.sql,3212
Stage 1 Internal,Core HR,master.work_assignment,name,text,yes,no,name text NOT NULL,server/db/ddl/planes/neon/master/03_tables.sql,3213
Stage 1 Internal,Core HR,master.work_assignment,employee_id,uuid,yes,no,employee_id uuid NOT NULL,server/db/ddl/planes/neon/master/03_tables.sql,3214
Stage 1 Internal,Core HR,master.work_assignment,employment_id,uuid,no,no,employment_id uuid,server/db/ddl/planes/neon/master/03_tables.sql,3215
Stage 1 Internal,Core HR,master.work_assignment,position_id,uuid,no,no,position_id uuid,server/db/ddl/planes/neon/master/03_tables.sql,3216
Stage 1 Internal,Core HR,master.work_assignment,org_unit_id,uuid,no,no,org_unit_id uuid,server/db/ddl/planes/neon/master/03_tables.sql,3217
Stage 1 Internal,Core HR,master.work_assignment,job_id,uuid,no,no,job_id uuid,server/db/ddl/planes/neon/master/03_tables.sql,3218
Stage 1 Internal,Core HR,master.work_assignment,manager_employee_id,uuid,no,no,manager_employee_id uuid,server/db/ddl/planes/neon/master/03_tables.sql,3219
Stage 1 Internal,Core HR,master.work_assignment,company_code_id,uuid,yes,no,company_code_id uuid NOT NULL,server/db/ddl/planes/neon/master/03_tables.sql,3220
Stage 1 Internal,Core HR,master.work_assignment,cost_center_id,uuid,no,no,cost_center_id uuid,server/db/ddl/planes/neon/master/03_tables.sql,3221
Stage 1 Internal,Core HR,master.work_assignment,profit_center_id,uuid,no,no,profit_center_id uuid,server/db/ddl/planes/neon/master/03_tables.sql,3222
Stage 1 Internal,Core HR,master.work_assignment,site_id,uuid,no,no,site_id uuid,server/db/ddl/planes/neon/master/03_tables.sql,3223
Stage 1 Internal,Core HR,master.work_assignment,assignment_type,text,yes,no,assignment_type text NOT NULL DEFAULT 'primary',server/db/ddl/planes/neon/master/03_tables.sql,3224
Stage 1 Internal,Core HR,master.work_assignment,fte,"numeric(5,4)",yes,no,"fte numeric(5,4) NOT NULL DEFAULT 1",server/db/ddl/planes/neon/master/03_tables.sql,3225
Stage 1 Internal,Core HR,master.work_assignment,effective_from,date,yes,no,effective_from date NOT NULL,server/db/ddl/planes/neon/master/03_tables.sql,3226
Stage 1 Internal,Core HR,master.work_assignment,effective_until,date,no,no,effective_until date,server/db/ddl/planes/neon/master/03_tables.sql,3227
Stage 1 Internal,Core HR,master.work_assignment,metadata,jsonb,yes,no,metadata jsonb NOT NULL DEFAULT '{}'::jsonb,server/db/ddl/planes/neon/master/03_tables.sql,3228
Stage 1 Internal,Core HR,master.work_assignment,status,text,yes,no,status text NOT NULL DEFAULT 'active',server/db/ddl/planes/neon/master/03_tables.sql,3229
Stage 1 Internal,Core HR,master.work_assignment,is_active,boolean,no,yes,is_active boolean GENERATED ALWAYS AS (status = 'active') STORED,server/db/ddl/planes/neon/master/03_tables.sql,3230
Stage 1 Internal,Core HR,master.work_assignment,created_at,timestamptz,yes,no,created_at timestamptz NOT NULL DEFAULT now(),server/db/ddl/planes/neon/master/03_tables.sql,3231
Stage 1 Internal,Core HR,master.work_assignment,created_by,uuid,yes,no,created_by uuid NOT NULL,server/db/ddl/planes/neon/master/03_tables.sql,3232
Stage 1 Internal,Core HR,master.work_assignment,updated_at,timestamptz,no,no,updated_at timestamptz,server/db/ddl/planes/neon/master/03_tables.sql,3233
Stage 1 Internal,Core HR,master.work_assignment,updated_by,uuid,no,no,updated_by uuid,server/db/ddl/planes/neon/master/03_tables.sql,3234
Stage 2 External,External workforce adjacent,master.external_worker,id,uuid,yes,no,id uuid NOT NULL DEFAULT shared.uuidv7(),server/db/ddl/planes/neon/master/03_tables.sql,3260
Stage 2 External,External workforce adjacent,master.external_worker,tenant_id,uuid,yes,no,tenant_id uuid NOT NULL,server/db/ddl/planes/neon/master/03_tables.sql,3261
Stage 2 External,External workforce adjacent,master.external_worker,person_id,uuid,yes,no,person_id uuid NOT NULL,server/db/ddl/planes/neon/master/03_tables.sql,3262
Stage 2 External,External workforce adjacent,master.external_worker,worker_number,text,yes,no,worker_number text NOT NULL,server/db/ddl/planes/neon/master/03_tables.sql,3263
Stage 2 External,External workforce adjacent,master.external_worker,default_classification,text,no,no,default_classification text,server/db/ddl/planes/neon/master/03_tables.sql,3264
Stage 2 External,External workforce adjacent,master.external_worker,metadata,jsonb,yes,no,metadata jsonb NOT NULL DEFAULT '{}'::jsonb,server/db/ddl/planes/neon/master/03_tables.sql,3265
Stage 2 External,External workforce adjacent,master.external_worker,status,text,yes,no,status text NOT NULL DEFAULT 'prospect',server/db/ddl/planes/neon/master/03_tables.sql,3266
Stage 2 External,External workforce adjacent,master.external_worker,is_active,boolean,no,yes,is_active boolean GENERATED ALWAYS AS (status = 'active') STORED,server/db/ddl/planes/neon/master/03_tables.sql,3267
Stage 2 External,External workforce adjacent,master.external_worker,status_changed_at,timestamptz,no,no,status_changed_at timestamptz,server/db/ddl/planes/neon/master/03_tables.sql,3268
Stage 2 External,External workforce adjacent,master.external_worker,status_changed_by,uuid,no,no,status_changed_by uuid,server/db/ddl/planes/neon/master/03_tables.sql,3269
Stage 2 External,External workforce adjacent,master.external_worker,created_at,timestamptz,yes,no,created_at timestamptz NOT NULL DEFAULT now(),server/db/ddl/planes/neon/master/03_tables.sql,3270
Stage 2 External,External workforce adjacent,master.external_worker,created_by,uuid,yes,no,created_by uuid NOT NULL,server/db/ddl/planes/neon/master/03_tables.sql,3271
Stage 2 External,External workforce adjacent,master.external_worker,updated_at,timestamptz,no,no,updated_at timestamptz,server/db/ddl/planes/neon/master/03_tables.sql,3272
Stage 2 External,External workforce adjacent,master.external_worker,updated_by,uuid,no,no,updated_by uuid,server/db/ddl/planes/neon/master/03_tables.sql,3273
Stage 1 Internal,Leave,master.employee_leave_enrollment,id,uuid,yes,no,id uuid NOT NULL DEFAULT shared.uuidv7(),server/db/ddl/planes/neon/master/03_tables.sql,3296
Stage 1 Internal,Leave,master.employee_leave_enrollment,tenant_id,uuid,yes,no,tenant_id uuid NOT NULL,server/db/ddl/planes/neon/master/03_tables.sql,3297
Stage 1 Internal,Leave,master.employee_leave_enrollment,employee_id,uuid,yes,no,employee_id uuid NOT NULL,server/db/ddl/planes/neon/master/03_tables.sql,3298
Stage 1 Internal,Leave,master.employee_leave_enrollment,leave_plan_id,uuid,yes,no,leave_plan_id uuid NOT NULL,server/db/ddl/planes/neon/master/03_tables.sql,3299
Stage 1 Internal,Leave,master.employee_leave_enrollment,effective_from,date,yes,no,effective_from date NOT NULL,server/db/ddl/planes/neon/master/03_tables.sql,3300
Stage 1 Internal,Leave,master.employee_leave_enrollment,effective_until,date,no,no,effective_until date,server/db/ddl/planes/neon/master/03_tables.sql,3301
Stage 1 Internal,Leave,master.employee_leave_enrollment,opening_balance,"numeric(12,4)",yes,no,"opening_balance numeric(12,4) NOT NULL DEFAULT 0",server/db/ddl/planes/neon/master/03_tables.sql,3302
Stage 1 Internal,Leave,master.employee_leave_enrollment,status,text,yes,no,status text NOT NULL DEFAULT 'active',server/db/ddl/planes/neon/master/03_tables.sql,3303
Stage 1 Internal,Leave,master.employee_leave_enrollment,is_active,boolean,no,yes,is_active boolean GENERATED ALWAYS AS (status = 'active') STORED,server/db/ddl/planes/neon/master/03_tables.sql,3304
Stage 1 Internal,Leave,master.employee_leave_enrollment,created_at,timestamptz,yes,no,created_at timestamptz NOT NULL DEFAULT now(),server/db/ddl/planes/neon/master/03_tables.sql,3305
Stage 1 Internal,Leave,master.employee_leave_enrollment,created_by,uuid,yes,no,created_by uuid NOT NULL,server/db/ddl/planes/neon/master/03_tables.sql,3306
Stage 1 Internal,Leave,master.employee_leave_enrollment,updated_at,timestamptz,no,no,updated_at timestamptz,server/db/ddl/planes/neon/master/03_tables.sql,3307
Stage 1 Internal,Leave,master.employee_leave_enrollment,updated_by,uuid,no,no,updated_by uuid,server/db/ddl/planes/neon/master/03_tables.sql,3308
Stage 1 Internal,Payroll,master.employee_statutory_enrollment,id,uuid,yes,no,id uuid NOT NULL DEFAULT shared.uuidv7(),server/db/ddl/planes/neon/master/03_tables.sql,3320
Stage 1 Internal,Payroll,master.employee_statutory_enrollment,tenant_id,uuid,yes,no,tenant_id uuid NOT NULL,server/db/ddl/planes/neon/master/03_tables.sql,3321
Stage 1 Internal,Payroll,master.employee_statutory_enrollment,employee_id,uuid,yes,no,employee_id uuid NOT NULL,server/db/ddl/planes/neon/master/03_tables.sql,3322
Stage 1 Internal,Payroll,master.employee_statutory_enrollment,statutory_scheme_id,uuid,yes,no,statutory_scheme_id uuid NOT NULL,server/db/ddl/planes/neon/master/03_tables.sql,3323
Stage 1 Internal,Payroll,master.employee_statutory_enrollment,member_number,text,no,no,member_number text,server/db/ddl/planes/neon/master/03_tables.sql,3324
Stage 1 Internal,Payroll,master.employee_statutory_enrollment,effective_from,date,yes,no,effective_from date NOT NULL,server/db/ddl/planes/neon/master/03_tables.sql,3325
Stage 1 Internal,Payroll,master.employee_statutory_enrollment,effective_until,date,no,no,effective_until date,server/db/ddl/planes/neon/master/03_tables.sql,3326
Stage 1 Internal,Payroll,master.employee_statutory_enrollment,contribution_category,text,no,no,contribution_category text,server/db/ddl/planes/neon/master/03_tables.sql,3327
Stage 1 Internal,Payroll,master.employee_statutory_enrollment,status,text,yes,no,status text NOT NULL DEFAULT 'active',server/db/ddl/planes/neon/master/03_tables.sql,3328
Stage 1 Internal,Payroll,master.employee_statutory_enrollment,is_active,boolean,no,yes,is_active boolean GENERATED ALWAYS AS (status = 'active') STORED,server/db/ddl/planes/neon/master/03_tables.sql,3329
Stage 1 Internal,Payroll,master.employee_statutory_enrollment,created_at,timestamptz,yes,no,created_at timestamptz NOT NULL DEFAULT now(),server/db/ddl/planes/neon/master/03_tables.sql,3330
Stage 1 Internal,Payroll,master.employee_statutory_enrollment,created_by,uuid,yes,no,created_by uuid NOT NULL,server/db/ddl/planes/neon/master/03_tables.sql,3331
Stage 1 Internal,Payroll,master.employee_statutory_enrollment,updated_at,timestamptz,no,no,updated_at timestamptz,server/db/ddl/planes/neon/master/03_tables.sql,3332
Stage 1 Internal,Payroll,master.employee_statutory_enrollment,updated_by,uuid,no,no,updated_by uuid,server/db/ddl/planes/neon/master/03_tables.sql,3333
Stage 1 Internal,Core HR,master.compensation_assignment,id,uuid,yes,no,id uuid NOT NULL DEFAULT shared.uuidv7(),server/db/ddl/planes/neon/master/03_tables.sql,4463
Stage 1 Internal,Core HR,master.compensation_assignment,tenant_id,uuid,yes,no,tenant_id uuid NOT NULL,server/db/ddl/planes/neon/master/03_tables.sql,4464
Stage 1 Internal,Core HR,master.compensation_assignment,code,text,yes,no,code text NOT NULL,server/db/ddl/planes/neon/master/03_tables.sql,4465
Stage 1 Internal,Core HR,master.compensation_assignment,employee_id,uuid,yes,no,employee_id uuid NOT NULL,server/db/ddl/planes/neon/master/03_tables.sql,4466
Stage 1 Internal,Core HR,master.compensation_assignment,employment_id,uuid,yes,no,employment_id uuid NOT NULL,server/db/ddl/planes/neon/master/03_tables.sql,4467
Stage 1 Internal,Core HR,master.compensation_assignment,pay_group_id,uuid,yes,no,pay_group_id uuid NOT NULL,server/db/ddl/planes/neon/master/03_tables.sql,4468
Stage 1 Internal,Core HR,master.compensation_assignment,pay_structure_id,uuid,no,no,pay_structure_id uuid,server/db/ddl/planes/neon/master/03_tables.sql,4469
Stage 1 Internal,Core HR,master.compensation_assignment,currency_code,character(3),yes,no,currency_code character(3) NOT NULL,server/db/ddl/planes/neon/master/03_tables.sql,4470
Stage 1 Internal,Core HR,master.compensation_assignment,base_amount,"numeric(18,4)",yes,no,"base_amount numeric(18,4) NOT NULL",server/db/ddl/planes/neon/master/03_tables.sql,4471
Stage 1 Internal,Core HR,master.compensation_assignment,annualized_amount,"numeric(18,4)",no,no,"annualized_amount numeric(18,4)",server/db/ddl/planes/neon/master/03_tables.sql,4472
Stage 1 Internal,Core HR,master.compensation_assignment,effective_from,date,yes,no,effective_from date NOT NULL,server/db/ddl/planes/neon/master/03_tables.sql,4473
Stage 1 Internal,Core HR,master.compensation_assignment,effective_until,date,no,no,effective_until date,server/db/ddl/planes/neon/master/03_tables.sql,4474
Stage 1 Internal,Core HR,master.compensation_assignment,source_compensation_change_id,uuid,no,no,source_compensation_change_id uuid,server/db/ddl/planes/neon/master/03_tables.sql,4475
Stage 1 Internal,Core HR,master.compensation_assignment,metadata,jsonb,yes,no,metadata jsonb NOT NULL DEFAULT '{}'::jsonb,server/db/ddl/planes/neon/master/03_tables.sql,4476
Stage 1 Internal,Core HR,master.compensation_assignment,status,master.compensation_assignment_status_d,yes,no,status master.compensation_assignment_status_d NOT NULL DEFAULT 'planned',server/db/ddl/planes/neon/master/03_tables.sql,4477
Stage 1 Internal,Core HR,master.compensation_assignment,status_changed_at,timestamptz,no,no,status_changed_at timestamptz,server/db/ddl/planes/neon/master/03_tables.sql,4478
Stage 1 Internal,Core HR,master.compensation_assignment,status_changed_by,uuid,no,no,status_changed_by uuid,server/db/ddl/planes/neon/master/03_tables.sql,4479
Stage 1 Internal,Core HR,master.compensation_assignment,created_at,timestamptz,yes,no,created_at timestamptz NOT NULL DEFAULT now(),server/db/ddl/planes/neon/master/03_tables.sql,4480
Stage 1 Internal,Core HR,master.compensation_assignment,created_by,uuid,yes,no,created_by uuid NOT NULL,server/db/ddl/planes/neon/master/03_tables.sql,4481
Stage 1 Internal,Core HR,master.compensation_assignment,updated_at,timestamptz,no,no,updated_at timestamptz,server/db/ddl/planes/neon/master/03_tables.sql,4482
Stage 1 Internal,Core HR,master.compensation_assignment,updated_by,uuid,no,no,updated_by uuid,server/db/ddl/planes/neon/master/03_tables.sql,4483
Shared,Shared banking and output,master.certification_type,id,uuid,yes,no,id uuid DEFAULT shared.uuidv7() NOT NULL,server/db/ddl/planes/neon/master/03_tables.sql,4963
Shared,Shared banking and output,master.certification_type,tenant_id,uuid,no,no,tenant_id uuid,server/db/ddl/planes/neon/master/03_tables.sql,4964
Shared,Shared banking and output,master.certification_type,code,text,yes,no,code text NOT NULL,server/db/ddl/planes/neon/master/03_tables.sql,4965
Shared,Shared banking and output,master.certification_type,name,text,yes,no,name text NOT NULL,server/db/ddl/planes/neon/master/03_tables.sql,4966
Shared,Shared banking and output,master.certification_type,issuing_body,text,no,no,issuing_body text,server/db/ddl/planes/neon/master/03_tables.sql,4967
Shared,Shared banking and output,master.certification_type,category,text,no,no,category text,server/db/ddl/planes/neon/master/03_tables.sql,4968
Shared,Shared banking and output,master.certification_type,description,text,no,no,description text,server/db/ddl/planes/neon/master/03_tables.sql,4969
Shared,Shared banking and output,master.certification_type,is_custom,boolean,yes,no,is_custom boolean DEFAULT false NOT NULL,server/db/ddl/planes/neon/master/03_tables.sql,4970
Shared,Shared banking and output,master.certification_type,metadata,jsonb,yes,no,metadata jsonb DEFAULT '{}'::jsonb NOT NULL,server/db/ddl/planes/neon/master/03_tables.sql,4971
Shared,Shared banking and output,master.certification_type,status,text,yes,no,status text DEFAULT 'active'::text NOT NULL,server/db/ddl/planes/neon/master/03_tables.sql,4972
Shared,Shared banking and output,master.certification_type,is_active,boolean,no,yes,is_active boolean GENERATED ALWAYS AS (status = 'active'::text) STORED,server/db/ddl/planes/neon/master/03_tables.sql,4973
Shared,Shared banking and output,master.certification_type,created_at,timestamp with time zone,yes,no,created_at timestamp with time zone DEFAULT now() NOT NULL,server/db/ddl/planes/neon/master/03_tables.sql,4974
Shared,Shared banking and output,master.certification_type,created_by,uuid,yes,no,created_by uuid NOT NULL,server/db/ddl/planes/neon/master/03_tables.sql,4975
Shared,Shared banking and output,master.certification_type,updated_at,timestamp with time zone,no,no,updated_at timestamp with time zone,server/db/ddl/planes/neon/master/03_tables.sql,4976
Shared,Shared banking and output,master.certification_type,updated_by,uuid,no,no,updated_by uuid,server/db/ddl/planes/neon/master/03_tables.sql,4977
Shared,Shared banking and output,master.certification,id,uuid,yes,no,id uuid DEFAULT shared.uuidv7() NOT NULL,server/db/ddl/planes/neon/master/03_tables.sql,4987
Shared,Shared banking and output,master.certification,tenant_id,uuid,yes,no,tenant_id uuid NOT NULL,server/db/ddl/planes/neon/master/03_tables.sql,4988
Shared,Shared banking and output,master.certification,owner_type,text,yes,no,owner_type text NOT NULL,server/db/ddl/planes/neon/master/03_tables.sql,4989
Shared,Shared banking and output,master.certification,owner_id,uuid,yes,no,owner_id uuid NOT NULL,server/db/ddl/planes/neon/master/03_tables.sql,4990
Shared,Shared banking and output,master.certification,certification_type_id,uuid,no,no,certification_type_id uuid,server/db/ddl/planes/neon/master/03_tables.sql,4991
Shared,Shared banking and output,master.certification,custom_name,text,no,no,custom_name text,server/db/ddl/planes/neon/master/03_tables.sql,4992
Shared,Shared banking and output,master.certification,certificate_number,text,no,no,certificate_number text,server/db/ddl/planes/neon/master/03_tables.sql,4993
Shared,Shared banking and output,master.certification,certified_by,text,no,no,certified_by text,server/db/ddl/planes/neon/master/03_tables.sql,4994
Shared,Shared banking and output,master.certification,certified_location,text,no,no,certified_location text,server/db/ddl/planes/neon/master/03_tables.sql,4995
Shared,Shared banking and output,master.certification,additional_info,text,no,no,additional_info text,server/db/ddl/planes/neon/master/03_tables.sql,4996
Shared,Shared banking and output,master.certification,document_attachment_id,uuid,no,no,document_attachment_id uuid,server/db/ddl/planes/neon/master/03_tables.sql,4997
Shared,Shared banking and output,master.certification,effective_from,date,no,no,effective_from date,server/db/ddl/planes/neon/master/03_tables.sql,4998
Shared,Shared banking and output,master.certification,effective_until,date,no,no,effective_until date,server/db/ddl/planes/neon/master/03_tables.sql,4999
Shared,Shared banking and output,master.certification,metadata,jsonb,yes,no,metadata jsonb DEFAULT '{}'::jsonb NOT NULL,server/db/ddl/planes/neon/master/03_tables.sql,5000
Shared,Shared banking and output,master.certification,status,text,yes,no,status text DEFAULT 'active'::text NOT NULL,server/db/ddl/planes/neon/master/03_tables.sql,5001
Shared,Shared banking and output,master.certification,is_active,boolean,no,yes,is_active boolean GENERATED ALWAYS AS (status = 'active'::text) STORED,server/db/ddl/planes/neon/master/03_tables.sql,5002
Shared,Shared banking and output,master.certification,status_changed_at,timestamp with time zone,no,no,status_changed_at timestamp with time zone,server/db/ddl/planes/neon/master/03_tables.sql,5003
Shared,Shared banking and output,master.certification,status_changed_by,uuid,no,no,status_changed_by uuid,server/db/ddl/planes/neon/master/03_tables.sql,5004
Shared,Shared banking and output,master.certification,created_at,timestamp with time zone,yes,no,created_at timestamp with time zone DEFAULT now() NOT NULL,server/db/ddl/planes/neon/master/03_tables.sql,5005
Shared,Shared banking and output,master.certification,created_by,uuid,yes,no,created_by uuid NOT NULL,server/db/ddl/planes/neon/master/03_tables.sql,5006
Shared,Shared banking and output,master.certification,updated_at,timestamp with time zone,no,no,updated_at timestamp with time zone,server/db/ddl/planes/neon/master/03_tables.sql,5007
Shared,Shared banking and output,master.certification,updated_by,uuid,no,no,updated_by uuid,server/db/ddl/planes/neon/master/03_tables.sql,5008
Shared,Shared banking and output,master.certification,company_code_id,uuid,no,no,company_code_id uuid,server/db/ddl/planes/neon/master/03_tables.sql,5009
Shared,Shared banking and output,master.certification,site_id,uuid,no,no,site_id uuid,server/db/ddl/planes/neon/master/03_tables.sql,5010
Shared,Shared banking and output,document.payment_entry,id,uuid,yes,no,id uuid NOT NULL DEFAULT shared.uuidv7(),server/db/ddl/planes/neon/document/03_tables.sql,797
Shared,Shared banking and output,document.payment_entry,tenant_id,uuid,yes,no,tenant_id uuid NOT NULL,server/db/ddl/planes/neon/document/03_tables.sql,798
Shared,Shared banking and output,document.payment_entry,company_code_id,uuid,yes,no,company_code_id uuid NOT NULL,server/db/ddl/planes/neon/document/03_tables.sql,799
Shared,Shared banking and output,document.payment_entry,payment_number,text,yes,no,payment_number text NOT NULL,server/db/ddl/planes/neon/document/03_tables.sql,800
Shared,Shared banking and output,document.payment_entry,payment_type,document.payment_type_d,yes,no,payment_type document.payment_type_d NOT NULL DEFAULT 'standard',server/db/ddl/planes/neon/document/03_tables.sql,801
Shared,Shared banking and output,document.payment_entry,payment_direction,document.payment_direction_d,yes,no,payment_direction document.payment_direction_d NOT NULL DEFAULT 'outbound',server/db/ddl/planes/neon/document/03_tables.sql,802
Shared,Shared banking and output,document.payment_entry,supplier_id,uuid,no,no,supplier_id uuid,server/db/ddl/planes/neon/document/03_tables.sql,803
Shared,Shared banking and output,document.payment_entry,supplier_name_snapshot,text,yes,no,supplier_name_snapshot text NOT NULL,server/db/ddl/planes/neon/document/03_tables.sql,804
Shared,Shared banking and output,document.payment_entry,payment_method_code,text,yes,no,payment_method_code text NOT NULL,server/db/ddl/planes/neon/document/03_tables.sql,805
Shared,Shared banking and output,document.payment_entry,bank_account_id,uuid,no,no,bank_account_id uuid,server/db/ddl/planes/neon/document/03_tables.sql,806
Shared,Shared banking and output,document.payment_entry,payment_reference,text,no,no,payment_reference text,server/db/ddl/planes/neon/document/03_tables.sql,807
Shared,Shared banking and output,document.payment_entry,bank_reference,text,no,no,bank_reference text,server/db/ddl/planes/neon/document/03_tables.sql,808
Shared,Shared banking and output,document.payment_entry,document_date,date,yes,no,document_date date NOT NULL DEFAULT CURRENT_DATE,server/db/ddl/planes/neon/document/03_tables.sql,809
Shared,Shared banking and output,document.payment_entry,posting_date,date,yes,no,posting_date date NOT NULL DEFAULT CURRENT_DATE,server/db/ddl/planes/neon/document/03_tables.sql,810
Shared,Shared banking and output,document.payment_entry,value_date,date,yes,no,value_date date NOT NULL DEFAULT CURRENT_DATE,server/db/ddl/planes/neon/document/03_tables.sql,811
Shared,Shared banking and output,document.payment_entry,currency_code,character(3),yes,no,currency_code character(3) NOT NULL,server/db/ddl/planes/neon/document/03_tables.sql,812
Shared,Shared banking and output,document.payment_entry,base_currency_code,character(3),yes,no,base_currency_code character(3) NOT NULL,server/db/ddl/planes/neon/document/03_tables.sql,813
Shared,Shared banking and output,document.payment_entry,exchange_rate,"numeric(18,10)",no,no,"exchange_rate numeric(18,10)",server/db/ddl/planes/neon/document/03_tables.sql,814
Shared,Shared banking and output,document.payment_entry,fx_rate_snapshot,jsonb,yes,no,fx_rate_snapshot jsonb NOT NULL DEFAULT '{}'::jsonb,server/db/ddl/planes/neon/document/03_tables.sql,815
Shared,Shared banking and output,document.payment_entry,payment_amount,"numeric(18,4)",yes,no,"payment_amount numeric(18,4) NOT NULL",server/db/ddl/planes/neon/document/03_tables.sql,816
Shared,Shared banking and output,document.payment_entry,base_amount,"numeric(18,4)",yes,no,"base_amount numeric(18,4) NOT NULL",server/db/ddl/planes/neon/document/03_tables.sql,817
Shared,Shared banking and output,document.payment_entry,bank_currency_code,character(3),no,no,bank_currency_code character(3),server/db/ddl/planes/neon/document/03_tables.sql,818
Shared,Shared banking and output,document.payment_entry,bank_exchange_rate,"numeric(18,10)",no,no,"bank_exchange_rate numeric(18,10)",server/db/ddl/planes/neon/document/03_tables.sql,819
Shared,Shared banking and output,document.payment_entry,bank_currency_amount,"numeric(18,4)",no,no,"bank_currency_amount numeric(18,4)",server/db/ddl/planes/neon/document/03_tables.sql,820
Shared,Shared banking and output,document.payment_entry,fiscal_period_id,uuid,yes,no,fiscal_period_id uuid NOT NULL,server/db/ddl/planes/neon/document/03_tables.sql,821
Shared,Shared banking and output,document.payment_entry,journal_entry_id,uuid,no,no,journal_entry_id uuid,server/db/ddl/planes/neon/document/03_tables.sql,822
Shared,Shared banking and output,document.payment_entry,reversal_of_payment_id,uuid,no,no,reversal_of_payment_id uuid,server/db/ddl/planes/neon/document/03_tables.sql,823
Shared,Shared banking and output,document.payment_entry,reversal_reason,text,no,no,reversal_reason text,server/db/ddl/planes/neon/document/03_tables.sql,824
Shared,Shared banking and output,document.payment_entry,workflow_request_id,uuid,no,no,workflow_request_id uuid,server/db/ddl/planes/neon/document/03_tables.sql,825
Shared,Shared banking and output,document.payment_entry,approved_at,timestamptz,no,no,approved_at timestamptz,server/db/ddl/planes/neon/document/03_tables.sql,826
Shared,Shared banking and output,document.payment_entry,approved_by,uuid,no,no,approved_by uuid,server/db/ddl/planes/neon/document/03_tables.sql,827
Shared,Shared banking and output,document.payment_entry,posted_at,timestamptz,no,no,posted_at timestamptz,server/db/ddl/planes/neon/document/03_tables.sql,828
Shared,Shared banking and output,document.payment_entry,posted_by,uuid,no,no,posted_by uuid,server/db/ddl/planes/neon/document/03_tables.sql,829
Shared,Shared banking and output,document.payment_entry,cleared_at,timestamptz,no,no,cleared_at timestamptz,server/db/ddl/planes/neon/document/03_tables.sql,830
Shared,Shared banking and output,document.payment_entry,row_version,bigint,yes,no,row_version bigint NOT NULL DEFAULT 1,server/db/ddl/planes/neon/document/03_tables.sql,831
Shared,Shared banking and output,document.payment_entry,metadata,jsonb,yes,no,metadata jsonb NOT NULL DEFAULT '{}'::jsonb,server/db/ddl/planes/neon/document/03_tables.sql,832
Shared,Shared banking and output,document.payment_entry,status,document.payment_status_d,yes,no,status document.payment_status_d NOT NULL DEFAULT 'draft',server/db/ddl/planes/neon/document/03_tables.sql,833
Shared,Shared banking and output,document.payment_entry,status_changed_at,timestamptz,no,no,status_changed_at timestamptz,server/db/ddl/planes/neon/document/03_tables.sql,834
Shared,Shared banking and output,document.payment_entry,status_changed_by,uuid,no,no,status_changed_by uuid,server/db/ddl/planes/neon/document/03_tables.sql,835
Shared,Shared banking and output,document.payment_entry,created_at,timestamptz,yes,no,created_at timestamptz NOT NULL DEFAULT now(),server/db/ddl/planes/neon/document/03_tables.sql,836
Shared,Shared banking and output,document.payment_entry,created_by,uuid,yes,no,created_by uuid NOT NULL,server/db/ddl/planes/neon/document/03_tables.sql,837
Shared,Shared banking and output,document.payment_entry,updated_at,timestamptz,no,no,updated_at timestamptz,server/db/ddl/planes/neon/document/03_tables.sql,838
Shared,Shared banking and output,document.payment_entry,updated_by,uuid,no,no,updated_by uuid,server/db/ddl/planes/neon/document/03_tables.sql,839
Shared,Shared banking and output,document.payment_entry_allocation,id,uuid,yes,no,id uuid NOT NULL DEFAULT shared.uuidv7(),server/db/ddl/planes/neon/document/03_tables.sql,882
Shared,Shared banking and output,document.payment_entry_allocation,tenant_id,uuid,yes,no,tenant_id uuid NOT NULL,server/db/ddl/planes/neon/document/03_tables.sql,883
Shared,Shared banking and output,document.payment_entry_allocation,payment_entry_id,uuid,yes,no,payment_entry_id uuid NOT NULL,server/db/ddl/planes/neon/document/03_tables.sql,884
Shared,Shared banking and output,document.payment_entry_allocation,line_no,smallint,yes,no,line_no smallint NOT NULL,server/db/ddl/planes/neon/document/03_tables.sql,885
Shared,Shared banking and output,document.payment_entry_allocation,allocation_kind,document.payment_allocation_kind_d,yes,no,allocation_kind document.payment_allocation_kind_d NOT NULL DEFAULT 'allocation',server/db/ddl/planes/neon/document/03_tables.sql,886
Shared,Shared banking and output,document.payment_entry_allocation,purchase_invoice_id,uuid,no,no,purchase_invoice_id uuid,server/db/ddl/planes/neon/document/03_tables.sql,887
Shared,Shared banking and output,document.payment_entry_allocation,commitment_id,uuid,no,no,commitment_id uuid,server/db/ddl/planes/neon/document/03_tables.sql,888
Shared,Shared banking and output,document.payment_entry_allocation,payment_term_application_id,uuid,no,no,payment_term_application_id uuid,server/db/ddl/planes/neon/document/03_tables.sql,889
Shared,Shared banking and output,document.payment_entry_allocation,currency_code,character(3),yes,no,currency_code character(3) NOT NULL,server/db/ddl/planes/neon/document/03_tables.sql,890
Shared,Shared banking and output,document.payment_entry_allocation,allocated_amount,"numeric(18,4)",yes,no,"allocated_amount numeric(18,4) NOT NULL",server/db/ddl/planes/neon/document/03_tables.sql,891
Shared,Shared banking and output,document.payment_entry_allocation,discount_amount,"numeric(18,4)",yes,no,"discount_amount numeric(18,4) NOT NULL DEFAULT 0",server/db/ddl/planes/neon/document/03_tables.sql,892
Shared,Shared banking and output,document.payment_entry_allocation,withholding_tax_amount,"numeric(18,4)",yes,no,"withholding_tax_amount numeric(18,4) NOT NULL DEFAULT 0",server/db/ddl/planes/neon/document/03_tables.sql,893
Shared,Shared banking and output,document.payment_entry_allocation,advance_recovery_amount,"numeric(18,4)",yes,no,"advance_recovery_amount numeric(18,4) NOT NULL DEFAULT 0",server/db/ddl/planes/neon/document/03_tables.sql,894
Shared,Shared banking and output,document.payment_entry_allocation,retention_amount,"numeric(18,4)",yes,no,"retention_amount numeric(18,4) NOT NULL DEFAULT 0",server/db/ddl/planes/neon/document/03_tables.sql,895
Shared,Shared banking and output,document.payment_entry_allocation,net_payment_amount,"numeric(18,4)",no,yes,"net_payment_amount numeric(18,4) GENERATED ALWAYS AS ( allocated_amount - discount_amount - withholding_tax_amount - advance_recovery_amount - retention_amount ) STORED",server/db/ddl/planes/neon/document/03_tables.sql,896
Shared,Shared banking and output,document.payment_entry_allocation,base_currency_code,character(3),yes,no,base_currency_code character(3) NOT NULL,server/db/ddl/planes/neon/document/03_tables.sql,900
Shared,Shared banking and output,document.payment_entry_allocation,exchange_rate,"numeric(18,10)",yes,no,"exchange_rate numeric(18,10) NOT NULL",server/db/ddl/planes/neon/document/03_tables.sql,901
Shared,Shared banking and output,document.payment_entry_allocation,base_amount,"numeric(18,4)",yes,no,"base_amount numeric(18,4) NOT NULL",server/db/ddl/planes/neon/document/03_tables.sql,902
Shared,Shared banking and output,document.payment_entry_allocation,fx_gain_loss,"numeric(18,4)",yes,no,"fx_gain_loss numeric(18,4) NOT NULL DEFAULT 0",server/db/ddl/planes/neon/document/03_tables.sql,903
Shared,Shared banking and output,document.payment_entry_allocation,reverses_allocation_id,uuid,no,no,reverses_allocation_id uuid,server/db/ddl/planes/neon/document/03_tables.sql,904
Shared,Shared banking and output,document.payment_entry_allocation,idempotency_key,text,yes,no,idempotency_key text NOT NULL,server/db/ddl/planes/neon/document/03_tables.sql,905
Shared,Shared banking and output,document.payment_entry_allocation,notes,text,no,no,notes text,server/db/ddl/planes/neon/document/03_tables.sql,906
Shared,Shared banking and output,document.payment_entry_allocation,metadata,jsonb,yes,no,metadata jsonb NOT NULL DEFAULT '{}'::jsonb,server/db/ddl/planes/neon/document/03_tables.sql,907
Shared,Shared banking and output,document.payment_entry_allocation,created_at,timestamptz,yes,no,created_at timestamptz NOT NULL DEFAULT now(),server/db/ddl/planes/neon/document/03_tables.sql,908
Shared,Shared banking and output,document.payment_entry_allocation,created_by,uuid,yes,no,created_by uuid NOT NULL,server/db/ddl/planes/neon/document/03_tables.sql,909
Shared,Shared banking and output,document.journal_entry,id,uuid,yes,no,id uuid NOT NULL DEFAULT shared.uuidv7(),server/db/ddl/planes/neon/document/03_tables.sql,934
Shared,Shared banking and output,document.journal_entry,tenant_id,uuid,yes,no,tenant_id uuid NOT NULL,server/db/ddl/planes/neon/document/03_tables.sql,935
Shared,Shared banking and output,document.journal_entry,company_code_id,uuid,yes,no,company_code_id uuid NOT NULL,server/db/ddl/planes/neon/document/03_tables.sql,936
Shared,Shared banking and output,document.journal_entry,ledger_book_id,uuid,yes,no,ledger_book_id uuid NOT NULL,server/db/ddl/planes/neon/document/03_tables.sql,937
Shared,Shared banking and output,document.journal_entry,fiscal_period_id,uuid,yes,no,fiscal_period_id uuid NOT NULL,server/db/ddl/planes/neon/document/03_tables.sql,938
Shared,Shared banking and output,document.journal_entry,journal_number,text,yes,no,journal_number text NOT NULL,server/db/ddl/planes/neon/document/03_tables.sql,939
Shared,Shared banking and output,document.journal_entry,document_date,date,yes,no,document_date date NOT NULL,server/db/ddl/planes/neon/document/03_tables.sql,940
Shared,Shared banking and output,document.journal_entry,posting_date,date,yes,no,posting_date date NOT NULL,server/db/ddl/planes/neon/document/03_tables.sql,941
Shared,Shared banking and output,document.journal_entry,source_entity_type,text,yes,no,source_entity_type text NOT NULL,server/db/ddl/planes/neon/document/03_tables.sql,942
Shared,Shared banking and output,document.journal_entry,source_entity_id,uuid,no,no,source_entity_id uuid,server/db/ddl/planes/neon/document/03_tables.sql,943
Shared,Shared banking and output,document.journal_entry,transaction_currency_code,character(3),yes,no,transaction_currency_code character(3) NOT NULL,server/db/ddl/planes/neon/document/03_tables.sql,944
Shared,Shared banking and output,document.journal_entry,base_currency_code,character(3),yes,no,base_currency_code character(3) NOT NULL,server/db/ddl/planes/neon/document/03_tables.sql,945
Shared,Shared banking and output,document.journal_entry,total_debit,"numeric(18,4)",yes,no,"total_debit numeric(18,4) NOT NULL DEFAULT 0",server/db/ddl/planes/neon/document/03_tables.sql,946
Shared,Shared banking and output,document.journal_entry,total_credit,"numeric(18,4)",yes,no,"total_credit numeric(18,4) NOT NULL DEFAULT 0",server/db/ddl/planes/neon/document/03_tables.sql,947
Shared,Shared banking and output,document.journal_entry,line_count,smallint,yes,no,line_count smallint NOT NULL DEFAULT 0,server/db/ddl/planes/neon/document/03_tables.sql,948
Shared,Shared banking and output,document.journal_entry,description,text,no,no,description text,server/db/ddl/planes/neon/document/03_tables.sql,949
Shared,Shared banking and output,document.journal_entry,reversal_of_journal_id,uuid,no,no,reversal_of_journal_id uuid,server/db/ddl/planes/neon/document/03_tables.sql,950
Shared,Shared banking and output,document.journal_entry,derived_from_journal_id,uuid,no,no,derived_from_journal_id uuid,server/db/ddl/planes/neon/document/03_tables.sql,951
Shared,Shared banking and output,document.journal_entry,original_fiscal_period_id,uuid,no,no,original_fiscal_period_id uuid,server/db/ddl/planes/neon/document/03_tables.sql,952
Shared,Shared banking and output,document.journal_entry,prior_period_reason,text,no,no,prior_period_reason text,server/db/ddl/planes/neon/document/03_tables.sql,953
Shared,Shared banking and output,document.journal_entry,accounting_profile_policy_id,uuid,no,no,accounting_profile_policy_id uuid,server/db/ddl/planes/neon/document/03_tables.sql,954
Shared,Shared banking and output,document.journal_entry,idempotency_key,text,yes,no,idempotency_key text NOT NULL,server/db/ddl/planes/neon/document/03_tables.sql,955
Shared,Shared banking and output,document.journal_entry,posted_at,timestamptz,no,no,posted_at timestamptz,server/db/ddl/planes/neon/document/03_tables.sql,956
Shared,Shared banking and output,document.journal_entry,posted_by,uuid,no,no,posted_by uuid,server/db/ddl/planes/neon/document/03_tables.sql,957
Shared,Shared banking and output,document.journal_entry,metadata,jsonb,yes,no,metadata jsonb NOT NULL DEFAULT '{}'::jsonb,server/db/ddl/planes/neon/document/03_tables.sql,958
Shared,Shared banking and output,document.journal_entry,status,document.journal_status_d,yes,no,status document.journal_status_d NOT NULL DEFAULT 'draft',server/db/ddl/planes/neon/document/03_tables.sql,959
Shared,Shared banking and output,document.journal_entry,status_changed_at,timestamptz,no,no,status_changed_at timestamptz,server/db/ddl/planes/neon/document/03_tables.sql,960
Shared,Shared banking and output,document.journal_entry,status_changed_by,uuid,no,no,status_changed_by uuid,server/db/ddl/planes/neon/document/03_tables.sql,961
Shared,Shared banking and output,document.journal_entry,created_at,timestamptz,yes,no,created_at timestamptz NOT NULL DEFAULT now(),server/db/ddl/planes/neon/document/03_tables.sql,962
Shared,Shared banking and output,document.journal_entry,created_by,uuid,yes,no,created_by uuid NOT NULL,server/db/ddl/planes/neon/document/03_tables.sql,963
Shared,Shared banking and output,document.journal_entry,updated_at,timestamptz,no,no,updated_at timestamptz,server/db/ddl/planes/neon/document/03_tables.sql,964
Shared,Shared banking and output,document.journal_entry,updated_by,uuid,no,no,updated_by uuid,server/db/ddl/planes/neon/document/03_tables.sql,965
Shared,Shared banking and output,document.journal_line,id,uuid,yes,no,id uuid NOT NULL DEFAULT shared.uuidv7(),server/db/ddl/planes/neon/document/03_tables.sql,994
Shared,Shared banking and output,document.journal_line,tenant_id,uuid,yes,no,tenant_id uuid NOT NULL,server/db/ddl/planes/neon/document/03_tables.sql,995
Shared,Shared banking and output,document.journal_line,journal_entry_id,uuid,yes,no,journal_entry_id uuid NOT NULL,server/db/ddl/planes/neon/document/03_tables.sql,996
Shared,Shared banking and output,document.journal_line,line_no,smallint,yes,no,line_no smallint NOT NULL,server/db/ddl/planes/neon/document/03_tables.sql,997
Shared,Shared banking and output,document.journal_line,gl_account_id,uuid,yes,no,gl_account_id uuid NOT NULL,server/db/ddl/planes/neon/document/03_tables.sql,998
Shared,Shared banking and output,document.journal_line,transaction_currency_code,character(3),yes,no,transaction_currency_code character(3) NOT NULL,server/db/ddl/planes/neon/document/03_tables.sql,999
Shared,Shared banking and output,document.journal_line,transaction_debit,"numeric(18,4)",yes,no,"transaction_debit numeric(18,4) NOT NULL DEFAULT 0",server/db/ddl/planes/neon/document/03_tables.sql,1000
Shared,Shared banking and output,document.journal_line,transaction_credit,"numeric(18,4)",yes,no,"transaction_credit numeric(18,4) NOT NULL DEFAULT 0",server/db/ddl/planes/neon/document/03_tables.sql,1001
Shared,Shared banking and output,document.journal_line,base_currency_code,character(3),yes,no,base_currency_code character(3) NOT NULL,server/db/ddl/planes/neon/document/03_tables.sql,1002
Shared,Shared banking and output,document.journal_line,base_debit,"numeric(18,4)",yes,no,"base_debit numeric(18,4) NOT NULL DEFAULT 0",server/db/ddl/planes/neon/document/03_tables.sql,1003
Shared,Shared banking and output,document.journal_line,base_credit,"numeric(18,4)",yes,no,"base_credit numeric(18,4) NOT NULL DEFAULT 0",server/db/ddl/planes/neon/document/03_tables.sql,1004
Shared,Shared banking and output,document.journal_line,exchange_rate,"numeric(18,10)",no,no,"exchange_rate numeric(18,10)",server/db/ddl/planes/neon/document/03_tables.sql,1005
Shared,Shared banking and output,document.journal_line,fx_rate_snapshot,jsonb,yes,no,fx_rate_snapshot jsonb NOT NULL DEFAULT '{}'::jsonb,server/db/ddl/planes/neon/document/03_tables.sql,1006
Shared,Shared banking and output,document.journal_line,cost_center_id,uuid,no,no,cost_center_id uuid,server/db/ddl/planes/neon/document/03_tables.sql,1007
Shared,Shared banking and output,document.journal_line,profit_center_id,uuid,no,no,profit_center_id uuid,server/db/ddl/planes/neon/document/03_tables.sql,1008
Shared,Shared banking and output,document.journal_line,project_id,uuid,no,no,project_id uuid,server/db/ddl/planes/neon/document/03_tables.sql,1009
Shared,Shared banking and output,document.journal_line,dimension_set_id,uuid,no,no,dimension_set_id uuid,server/db/ddl/planes/neon/document/03_tables.sql,1010
Shared,Shared banking and output,document.journal_line,business_partner_id,uuid,no,no,business_partner_id uuid,server/db/ddl/planes/neon/document/03_tables.sql,1011
Shared,Shared banking and output,document.journal_line,subledger_type,text,no,no,subledger_type text,server/db/ddl/planes/neon/document/03_tables.sql,1012
Shared,Shared banking and output,document.journal_line,subledger_id,uuid,no,no,subledger_id uuid,server/db/ddl/planes/neon/document/03_tables.sql,1013
Shared,Shared banking and output,document.journal_line,posting_role_code,text,no,no,posting_role_code text,server/db/ddl/planes/neon/document/03_tables.sql,1014
Shared,Shared banking and output,document.journal_line,description,text,no,no,description text,server/db/ddl/planes/neon/document/03_tables.sql,1015
Shared,Shared banking and output,document.journal_line,source_line_id,uuid,no,no,source_line_id uuid,server/db/ddl/planes/neon/document/03_tables.sql,1016
Shared,Shared banking and output,document.journal_line,metadata,jsonb,yes,no,metadata jsonb NOT NULL DEFAULT '{}'::jsonb,server/db/ddl/planes/neon/document/03_tables.sql,1017
Shared,Shared banking and output,document.journal_line,created_at,timestamptz,yes,no,created_at timestamptz NOT NULL DEFAULT now(),server/db/ddl/planes/neon/document/03_tables.sql,1018
Shared,Shared banking and output,document.journal_line,created_by,uuid,yes,no,created_by uuid NOT NULL,server/db/ddl/planes/neon/document/03_tables.sql,1019
Stage 1 Internal,Calendar and time,document.shift_assignment,id,uuid,yes,no,id uuid NOT NULL DEFAULT shared.uuidv7(),server/db/ddl/planes/neon/document/03_tables.sql,3061
Stage 1 Internal,Calendar and time,document.shift_assignment,tenant_id,uuid,yes,no,tenant_id uuid NOT NULL,server/db/ddl/planes/neon/document/03_tables.sql,3061
Stage 1 Internal,Calendar and time,document.shift_assignment,code,text,yes,no,code text NOT NULL,server/db/ddl/planes/neon/document/03_tables.sql,3061
Stage 1 Internal,Calendar and time,document.shift_assignment,employee_id,uuid,yes,no,employee_id uuid NOT NULL,server/db/ddl/planes/neon/document/03_tables.sql,3062
Stage 1 Internal,Calendar and time,document.shift_assignment,shift_type_id,uuid,yes,no,shift_type_id uuid NOT NULL,server/db/ddl/planes/neon/document/03_tables.sql,3062
Stage 1 Internal,Calendar and time,document.shift_assignment,work_date,date,yes,no,work_date date NOT NULL,server/db/ddl/planes/neon/document/03_tables.sql,3062
Stage 1 Internal,Calendar and time,document.shift_assignment,planned_start_at,timestamptz,yes,no,planned_start_at timestamptz NOT NULL,server/db/ddl/planes/neon/document/03_tables.sql,3063
Stage 1 Internal,Calendar and time,document.shift_assignment,planned_end_at,timestamptz,yes,no,planned_end_at timestamptz NOT NULL,server/db/ddl/planes/neon/document/03_tables.sql,3063
Stage 1 Internal,Calendar and time,document.shift_assignment,source_type,text,yes,no,source_type text NOT NULL DEFAULT 'schedule',server/db/ddl/planes/neon/document/03_tables.sql,3064
Stage 1 Internal,Calendar and time,document.shift_assignment,metadata,jsonb,yes,no,metadata jsonb NOT NULL DEFAULT '{}'::jsonb,server/db/ddl/planes/neon/document/03_tables.sql,3064
Stage 1 Internal,Calendar and time,document.shift_assignment,status,document.shift_assignment_status_d,yes,no,status document.shift_assignment_status_d NOT NULL DEFAULT 'scheduled',server/db/ddl/planes/neon/document/03_tables.sql,3065
Stage 1 Internal,Calendar and time,document.shift_assignment,status_changed_at,timestamptz,no,no,status_changed_at timestamptz,server/db/ddl/planes/neon/document/03_tables.sql,3065
Stage 1 Internal,Calendar and time,document.shift_assignment,status_changed_by,uuid,no,no,status_changed_by uuid,server/db/ddl/planes/neon/document/03_tables.sql,3065
Stage 1 Internal,Calendar and time,document.shift_assignment,created_at,timestamptz,yes,no,created_at timestamptz NOT NULL DEFAULT now(),server/db/ddl/planes/neon/document/03_tables.sql,3066
Stage 1 Internal,Calendar and time,document.shift_assignment,created_by,uuid,yes,no,created_by uuid NOT NULL,server/db/ddl/planes/neon/document/03_tables.sql,3066
Stage 1 Internal,Calendar and time,document.shift_assignment,updated_at,timestamptz,no,no,updated_at timestamptz,server/db/ddl/planes/neon/document/03_tables.sql,3066
Stage 1 Internal,Calendar and time,document.shift_assignment,updated_by,uuid,no,no,updated_by uuid,server/db/ddl/planes/neon/document/03_tables.sql,3066
Stage 1 Internal,Calendar and time,document.time_punch,id,uuid,yes,no,id uuid NOT NULL DEFAULT shared.uuidv7(),server/db/ddl/planes/neon/document/03_tables.sql,3079
Stage 1 Internal,Calendar and time,document.time_punch,tenant_id,uuid,yes,no,tenant_id uuid NOT NULL,server/db/ddl/planes/neon/document/03_tables.sql,3079
Stage 1 Internal,Calendar and time,document.time_punch,employee_id,uuid,yes,no,employee_id uuid NOT NULL,server/db/ddl/planes/neon/document/03_tables.sql,3079
Stage 1 Internal,Calendar and time,document.time_punch,shift_assignment_id,uuid,no,no,shift_assignment_id uuid,server/db/ddl/planes/neon/document/03_tables.sql,3080
Stage 1 Internal,Calendar and time,document.time_punch,punch_at,timestamptz,yes,no,punch_at timestamptz NOT NULL,server/db/ddl/planes/neon/document/03_tables.sql,3080
Stage 1 Internal,Calendar and time,document.time_punch,punch_type,document.attendance_punch_type_d,yes,no,punch_type document.attendance_punch_type_d NOT NULL,server/db/ddl/planes/neon/document/03_tables.sql,3080
Stage 1 Internal,Calendar and time,document.time_punch,source_type,document.attendance_punch_source_d,yes,no,source_type document.attendance_punch_source_d NOT NULL DEFAULT 'manual',server/db/ddl/planes/neon/document/03_tables.sql,3081
Stage 1 Internal,Calendar and time,document.time_punch,device_ref,text,no,no,device_ref text,server/db/ddl/planes/neon/document/03_tables.sql,3081
Stage 1 Internal,Calendar and time,document.time_punch,idempotency_key,text,yes,no,idempotency_key text NOT NULL,server/db/ddl/planes/neon/document/03_tables.sql,3082
Stage 1 Internal,Calendar and time,document.time_punch,geo_payload,jsonb,yes,no,geo_payload jsonb NOT NULL DEFAULT '{}'::jsonb,server/db/ddl/planes/neon/document/03_tables.sql,3082
Stage 1 Internal,Calendar and time,document.time_punch,raw_payload,jsonb,yes,no,raw_payload jsonb NOT NULL DEFAULT '{}'::jsonb,server/db/ddl/planes/neon/document/03_tables.sql,3082
Stage 1 Internal,Calendar and time,document.time_punch,void_reason,text,no,no,void_reason text,server/db/ddl/planes/neon/document/03_tables.sql,3083
Stage 1 Internal,Calendar and time,document.time_punch,status,document.attendance_punch_status_d,yes,no,status document.attendance_punch_status_d NOT NULL DEFAULT 'accepted',server/db/ddl/planes/neon/document/03_tables.sql,3083
Stage 1 Internal,Calendar and time,document.time_punch,status_changed_at,timestamptz,no,no,status_changed_at timestamptz,server/db/ddl/planes/neon/document/03_tables.sql,3083
Stage 1 Internal,Calendar and time,document.time_punch,status_changed_by,uuid,no,no,status_changed_by uuid,server/db/ddl/planes/neon/document/03_tables.sql,3083
Stage 1 Internal,Calendar and time,document.time_punch,created_at,timestamptz,yes,no,created_at timestamptz NOT NULL DEFAULT now(),server/db/ddl/planes/neon/document/03_tables.sql,3084
Stage 1 Internal,Calendar and time,document.time_punch,created_by,uuid,yes,no,created_by uuid NOT NULL,server/db/ddl/planes/neon/document/03_tables.sql,3084
Stage 1 Internal,Calendar and time,document.time_punch,updated_at,timestamptz,no,no,updated_at timestamptz,server/db/ddl/planes/neon/document/03_tables.sql,3084
Stage 1 Internal,Calendar and time,document.time_punch,updated_by,uuid,no,no,updated_by uuid,server/db/ddl/planes/neon/document/03_tables.sql,3084
Stage 1 Internal,Calendar and time,document.attendance_day,id,uuid,yes,no,id uuid NOT NULL DEFAULT shared.uuidv7(),server/db/ddl/planes/neon/document/03_tables.sql,3095
Stage 1 Internal,Calendar and time,document.attendance_day,tenant_id,uuid,yes,no,tenant_id uuid NOT NULL,server/db/ddl/planes/neon/document/03_tables.sql,3095
Stage 1 Internal,Calendar and time,document.attendance_day,employee_id,uuid,yes,no,employee_id uuid NOT NULL,server/db/ddl/planes/neon/document/03_tables.sql,3095
Stage 1 Internal,Calendar and time,document.attendance_day,shift_assignment_id,uuid,no,no,shift_assignment_id uuid,server/db/ddl/planes/neon/document/03_tables.sql,3096
Stage 1 Internal,Calendar and time,document.attendance_day,attendance_date,date,yes,no,attendance_date date NOT NULL,server/db/ddl/planes/neon/document/03_tables.sql,3096
Stage 1 Internal,Calendar and time,document.attendance_day,scheduled_minutes,integer,yes,no,scheduled_minutes integer NOT NULL DEFAULT 0,server/db/ddl/planes/neon/document/03_tables.sql,3097
Stage 1 Internal,Calendar and time,document.attendance_day,worked_minutes,integer,yes,no,worked_minutes integer NOT NULL DEFAULT 0,server/db/ddl/planes/neon/document/03_tables.sql,3097
Stage 1 Internal,Calendar and time,document.attendance_day,paid_minutes,integer,yes,no,paid_minutes integer NOT NULL DEFAULT 0,server/db/ddl/planes/neon/document/03_tables.sql,3098
Stage 1 Internal,Calendar and time,document.attendance_day,overtime_minutes,integer,yes,no,overtime_minutes integer NOT NULL DEFAULT 0,server/db/ddl/planes/neon/document/03_tables.sql,3098
Stage 1 Internal,Calendar and time,document.attendance_day,late_minutes,integer,yes,no,late_minutes integer NOT NULL DEFAULT 0,server/db/ddl/planes/neon/document/03_tables.sql,3099
Stage 1 Internal,Calendar and time,document.attendance_day,early_leave_minutes,integer,yes,no,early_leave_minutes integer NOT NULL DEFAULT 0,server/db/ddl/planes/neon/document/03_tables.sql,3099
Stage 1 Internal,Calendar and time,document.attendance_day,absence_minutes,integer,yes,no,absence_minutes integer NOT NULL DEFAULT 0,server/db/ddl/planes/neon/document/03_tables.sql,3099
Stage 1 Internal,Calendar and time,document.attendance_day,first_in_at,timestamptz,no,no,first_in_at timestamptz,server/db/ddl/planes/neon/document/03_tables.sql,3100
Stage 1 Internal,Calendar and time,document.attendance_day,last_out_at,timestamptz,no,no,last_out_at timestamptz,server/db/ddl/planes/neon/document/03_tables.sql,3100
Stage 1 Internal,Calendar and time,document.attendance_day,calculation_version,bigint,yes,no,calculation_version bigint NOT NULL DEFAULT 1,server/db/ddl/planes/neon/document/03_tables.sql,3100
Stage 1 Internal,Calendar and time,document.attendance_day,source_cutoff_at,timestamptz,yes,no,source_cutoff_at timestamptz NOT NULL DEFAULT now(),server/db/ddl/planes/neon/document/03_tables.sql,3101
Stage 1 Internal,Calendar and time,document.attendance_day,calculation_trace,jsonb,yes,no,calculation_trace jsonb NOT NULL DEFAULT '{}'::jsonb,server/db/ddl/planes/neon/document/03_tables.sql,3101
Stage 1 Internal,Calendar and time,document.attendance_day,status,document.attendance_day_status_d,yes,no,status document.attendance_day_status_d NOT NULL DEFAULT 'open',server/db/ddl/planes/neon/document/03_tables.sql,3102
Stage 1 Internal,Calendar and time,document.attendance_day,status_changed_at,timestamptz,no,no,status_changed_at timestamptz,server/db/ddl/planes/neon/document/03_tables.sql,3102
Stage 1 Internal,Calendar and time,document.attendance_day,status_changed_by,uuid,no,no,status_changed_by uuid,server/db/ddl/planes/neon/document/03_tables.sql,3102
Stage 1 Internal,Calendar and time,document.attendance_day,created_at,timestamptz,yes,no,created_at timestamptz NOT NULL DEFAULT now(),server/db/ddl/planes/neon/document/03_tables.sql,3103
Stage 1 Internal,Calendar and time,document.attendance_day,created_by,uuid,yes,no,created_by uuid NOT NULL,server/db/ddl/planes/neon/document/03_tables.sql,3103
Stage 1 Internal,Calendar and time,document.attendance_day,updated_at,timestamptz,no,no,updated_at timestamptz,server/db/ddl/planes/neon/document/03_tables.sql,3103
Stage 1 Internal,Calendar and time,document.attendance_day,updated_by,uuid,no,no,updated_by uuid,server/db/ddl/planes/neon/document/03_tables.sql,3103
Stage 1 Internal,Calendar and time,document.attendance_adjustment_request,id,uuid,yes,no,id uuid NOT NULL DEFAULT shared.uuidv7(),server/db/ddl/planes/neon/document/03_tables.sql,3115
Stage 1 Internal,Calendar and time,document.attendance_adjustment_request,tenant_id,uuid,yes,no,tenant_id uuid NOT NULL,server/db/ddl/planes/neon/document/03_tables.sql,3115
Stage 1 Internal,Calendar and time,document.attendance_adjustment_request,code,text,yes,no,code text NOT NULL,server/db/ddl/planes/neon/document/03_tables.sql,3115
Stage 1 Internal,Calendar and time,document.attendance_adjustment_request,employee_id,uuid,yes,no,employee_id uuid NOT NULL,server/db/ddl/planes/neon/document/03_tables.sql,3116
Stage 1 Internal,Calendar and time,document.attendance_adjustment_request,attendance_day_id,uuid,no,no,attendance_day_id uuid,server/db/ddl/planes/neon/document/03_tables.sql,3116
Stage 1 Internal,Calendar and time,document.attendance_adjustment_request,workflow_request_id,uuid,no,no,workflow_request_id uuid,server/db/ddl/planes/neon/document/03_tables.sql,3116
Stage 1 Internal,Calendar and time,document.attendance_adjustment_request,adjustment_kind,text,yes,no,adjustment_kind text NOT NULL,server/db/ddl/planes/neon/document/03_tables.sql,3117
Stage 1 Internal,Calendar and time,document.attendance_adjustment_request,reason_code,text,no,no,reason_code text,server/db/ddl/planes/neon/document/03_tables.sql,3117
Stage 1 Internal,Calendar and time,document.attendance_adjustment_request,reason_text,text,no,no,reason_text text,server/db/ddl/planes/neon/document/03_tables.sql,3117
Stage 1 Internal,Calendar and time,document.attendance_adjustment_request,requested_values,jsonb,yes,no,requested_values jsonb NOT NULL DEFAULT '{}'::jsonb,server/db/ddl/planes/neon/document/03_tables.sql,3118
Stage 1 Internal,Calendar and time,document.attendance_adjustment_request,approved_values,jsonb,yes,no,approved_values jsonb NOT NULL DEFAULT '{}'::jsonb,server/db/ddl/planes/neon/document/03_tables.sql,3118
Stage 1 Internal,Calendar and time,document.attendance_adjustment_request,submitted_at,timestamptz,no,no,submitted_at timestamptz,server/db/ddl/planes/neon/document/03_tables.sql,3119
Stage 1 Internal,Calendar and time,document.attendance_adjustment_request,submitted_by,uuid,no,no,submitted_by uuid,server/db/ddl/planes/neon/document/03_tables.sql,3119
Stage 1 Internal,Calendar and time,document.attendance_adjustment_request,approved_at,timestamptz,no,no,approved_at timestamptz,server/db/ddl/planes/neon/document/03_tables.sql,3119
Stage 1 Internal,Calendar and time,document.attendance_adjustment_request,approved_by,uuid,no,no,approved_by uuid,server/db/ddl/planes/neon/document/03_tables.sql,3119
Stage 1 Internal,Calendar and time,document.attendance_adjustment_request,decision_reason,text,no,no,decision_reason text,server/db/ddl/planes/neon/document/03_tables.sql,3119
Stage 1 Internal,Calendar and time,document.attendance_adjustment_request,status,document.hr_approval_status_d,yes,no,status document.hr_approval_status_d NOT NULL DEFAULT 'draft',server/db/ddl/planes/neon/document/03_tables.sql,3120
Stage 1 Internal,Calendar and time,document.attendance_adjustment_request,status_changed_at,timestamptz,no,no,status_changed_at timestamptz,server/db/ddl/planes/neon/document/03_tables.sql,3120
Stage 1 Internal,Calendar and time,document.attendance_adjustment_request,status_changed_by,uuid,no,no,status_changed_by uuid,server/db/ddl/planes/neon/document/03_tables.sql,3120
Stage 1 Internal,Calendar and time,document.attendance_adjustment_request,created_at,timestamptz,yes,no,created_at timestamptz NOT NULL DEFAULT now(),server/db/ddl/planes/neon/document/03_tables.sql,3121
Stage 1 Internal,Calendar and time,document.attendance_adjustment_request,created_by,uuid,yes,no,created_by uuid NOT NULL,server/db/ddl/planes/neon/document/03_tables.sql,3121
Stage 1 Internal,Calendar and time,document.attendance_adjustment_request,updated_at,timestamptz,no,no,updated_at timestamptz,server/db/ddl/planes/neon/document/03_tables.sql,3121
Stage 1 Internal,Calendar and time,document.attendance_adjustment_request,updated_by,uuid,no,no,updated_by uuid,server/db/ddl/planes/neon/document/03_tables.sql,3121
Stage 1 Internal,Payroll,document.compensation_change,id,uuid,yes,no,id uuid NOT NULL DEFAULT shared.uuidv7(),server/db/ddl/planes/neon/document/03_tables.sql,3134
Stage 1 Internal,Payroll,document.compensation_change,tenant_id,uuid,yes,no,tenant_id uuid NOT NULL,server/db/ddl/planes/neon/document/03_tables.sql,3134
Stage 1 Internal,Payroll,document.compensation_change,code,text,yes,no,code text NOT NULL,server/db/ddl/planes/neon/document/03_tables.sql,3134
Stage 1 Internal,Payroll,document.compensation_change,employee_id,uuid,yes,no,employee_id uuid NOT NULL,server/db/ddl/planes/neon/document/03_tables.sql,3135
Stage 1 Internal,Payroll,document.compensation_change,current_assignment_id,uuid,no,no,current_assignment_id uuid,server/db/ddl/planes/neon/document/03_tables.sql,3135
Stage 1 Internal,Payroll,document.compensation_change,workflow_request_id,uuid,no,no,workflow_request_id uuid,server/db/ddl/planes/neon/document/03_tables.sql,3135
Stage 1 Internal,Payroll,document.compensation_change,change_reason_code,text,yes,no,change_reason_code text NOT NULL,server/db/ddl/planes/neon/document/03_tables.sql,3136
Stage 1 Internal,Payroll,document.compensation_change,effective_date,date,yes,no,effective_date date NOT NULL,server/db/ddl/planes/neon/document/03_tables.sql,3136
Stage 1 Internal,Payroll,document.compensation_change,proposed_pay_group_id,uuid,yes,no,proposed_pay_group_id uuid NOT NULL,server/db/ddl/planes/neon/document/03_tables.sql,3137
Stage 1 Internal,Payroll,document.compensation_change,proposed_pay_structure_id,uuid,no,no,proposed_pay_structure_id uuid,server/db/ddl/planes/neon/document/03_tables.sql,3137
Stage 1 Internal,Payroll,document.compensation_change,proposed_currency_code,character(3),yes,no,proposed_currency_code character(3) NOT NULL,server/db/ddl/planes/neon/document/03_tables.sql,3138
Stage 1 Internal,Payroll,document.compensation_change,proposed_base_amount,"numeric(18,4)",yes,no,"proposed_base_amount numeric(18,4) NOT NULL",server/db/ddl/planes/neon/document/03_tables.sql,3138
Stage 1 Internal,Payroll,document.compensation_change,proposed_annualized_amount,"numeric(18,4)",no,no,"proposed_annualized_amount numeric(18,4)",server/db/ddl/planes/neon/document/03_tables.sql,3139
Stage 1 Internal,Payroll,document.compensation_change,approved_assignment_id,uuid,no,no,approved_assignment_id uuid,server/db/ddl/planes/neon/document/03_tables.sql,3139
Stage 1 Internal,Payroll,document.compensation_change,submitted_at,timestamptz,no,no,submitted_at timestamptz,server/db/ddl/planes/neon/document/03_tables.sql,3140
Stage 1 Internal,Payroll,document.compensation_change,submitted_by,uuid,no,no,submitted_by uuid,server/db/ddl/planes/neon/document/03_tables.sql,3140
Stage 1 Internal,Payroll,document.compensation_change,approved_at,timestamptz,no,no,approved_at timestamptz,server/db/ddl/planes/neon/document/03_tables.sql,3140
Stage 1 Internal,Payroll,document.compensation_change,approved_by,uuid,no,no,approved_by uuid,server/db/ddl/planes/neon/document/03_tables.sql,3140
Stage 1 Internal,Payroll,document.compensation_change,decision_reason,text,no,no,decision_reason text,server/db/ddl/planes/neon/document/03_tables.sql,3140
Stage 1 Internal,Payroll,document.compensation_change,metadata,jsonb,yes,no,metadata jsonb NOT NULL DEFAULT '{}'::jsonb,server/db/ddl/planes/neon/document/03_tables.sql,3141
Stage 1 Internal,Payroll,document.compensation_change,status,document.hr_approval_status_d,yes,no,status document.hr_approval_status_d NOT NULL DEFAULT 'draft',server/db/ddl/planes/neon/document/03_tables.sql,3142
Stage 1 Internal,Payroll,document.compensation_change,status_changed_at,timestamptz,no,no,status_changed_at timestamptz,server/db/ddl/planes/neon/document/03_tables.sql,3142
Stage 1 Internal,Payroll,document.compensation_change,status_changed_by,uuid,no,no,status_changed_by uuid,server/db/ddl/planes/neon/document/03_tables.sql,3142
Stage 1 Internal,Payroll,document.compensation_change,created_at,timestamptz,yes,no,created_at timestamptz NOT NULL DEFAULT now(),server/db/ddl/planes/neon/document/03_tables.sql,3143
Stage 1 Internal,Payroll,document.compensation_change,created_by,uuid,yes,no,created_by uuid NOT NULL,server/db/ddl/planes/neon/document/03_tables.sql,3143
Stage 1 Internal,Payroll,document.compensation_change,updated_at,timestamptz,no,no,updated_at timestamptz,server/db/ddl/planes/neon/document/03_tables.sql,3143
Stage 1 Internal,Payroll,document.compensation_change,updated_by,uuid,no,no,updated_by uuid,server/db/ddl/planes/neon/document/03_tables.sql,3143
Stage 1 Internal,Payroll,document.employee_tax_declaration,id,uuid,yes,no,id uuid NOT NULL DEFAULT shared.uuidv7(),server/db/ddl/planes/neon/document/03_tables.sql,3158
Stage 1 Internal,Payroll,document.employee_tax_declaration,tenant_id,uuid,yes,no,tenant_id uuid NOT NULL,server/db/ddl/planes/neon/document/03_tables.sql,3158
Stage 1 Internal,Payroll,document.employee_tax_declaration,code,text,yes,no,code text NOT NULL,server/db/ddl/planes/neon/document/03_tables.sql,3158
Stage 1 Internal,Payroll,document.employee_tax_declaration,employee_id,uuid,yes,no,employee_id uuid NOT NULL,server/db/ddl/planes/neon/document/03_tables.sql,3159
Stage 1 Internal,Payroll,document.employee_tax_declaration,employment_id,uuid,yes,no,employment_id uuid NOT NULL,server/db/ddl/planes/neon/document/03_tables.sql,3159
Stage 1 Internal,Payroll,document.employee_tax_declaration,tax_year,smallint,yes,no,tax_year smallint NOT NULL,server/db/ddl/planes/neon/document/03_tables.sql,3159
Stage 1 Internal,Payroll,document.employee_tax_declaration,country_code,character(2),yes,no,country_code character(2) NOT NULL,server/db/ddl/planes/neon/document/03_tables.sql,3160
Stage 1 Internal,Payroll,document.employee_tax_declaration,version_no,integer,yes,no,version_no integer NOT NULL DEFAULT 1,server/db/ddl/planes/neon/document/03_tables.sql,3160
Stage 1 Internal,Payroll,document.employee_tax_declaration,workflow_request_id,uuid,no,no,workflow_request_id uuid,server/db/ddl/planes/neon/document/03_tables.sql,3160
Stage 1 Internal,Payroll,document.employee_tax_declaration,submitted_at,timestamptz,no,no,submitted_at timestamptz,server/db/ddl/planes/neon/document/03_tables.sql,3161
Stage 1 Internal,Payroll,document.employee_tax_declaration,submitted_by,uuid,no,no,submitted_by uuid,server/db/ddl/planes/neon/document/03_tables.sql,3161
Stage 1 Internal,Payroll,document.employee_tax_declaration,approved_at,timestamptz,no,no,approved_at timestamptz,server/db/ddl/planes/neon/document/03_tables.sql,3161
Stage 1 Internal,Payroll,document.employee_tax_declaration,approved_by,uuid,no,no,approved_by uuid,server/db/ddl/planes/neon/document/03_tables.sql,3161
Stage 1 Internal,Payroll,document.employee_tax_declaration,decision_reason,text,no,no,decision_reason text,server/db/ddl/planes/neon/document/03_tables.sql,3161
Stage 1 Internal,Payroll,document.employee_tax_declaration,status,document.employee_tax_declaration_status_d,yes,no,status document.employee_tax_declaration_status_d NOT NULL DEFAULT 'draft',server/db/ddl/planes/neon/document/03_tables.sql,3162
Stage 1 Internal,Payroll,document.employee_tax_declaration,status_changed_at,timestamptz,no,no,status_changed_at timestamptz,server/db/ddl/planes/neon/document/03_tables.sql,3162
Stage 1 Internal,Payroll,document.employee_tax_declaration,status_changed_by,uuid,no,no,status_changed_by uuid,server/db/ddl/planes/neon/document/03_tables.sql,3162
Stage 1 Internal,Payroll,document.employee_tax_declaration,created_at,timestamptz,yes,no,created_at timestamptz NOT NULL DEFAULT now(),server/db/ddl/planes/neon/document/03_tables.sql,3163
Stage 1 Internal,Payroll,document.employee_tax_declaration,created_by,uuid,yes,no,created_by uuid NOT NULL,server/db/ddl/planes/neon/document/03_tables.sql,3163
Stage 1 Internal,Payroll,document.employee_tax_declaration,updated_at,timestamptz,no,no,updated_at timestamptz,server/db/ddl/planes/neon/document/03_tables.sql,3163
Stage 1 Internal,Payroll,document.employee_tax_declaration,updated_by,uuid,no,no,updated_by uuid,server/db/ddl/planes/neon/document/03_tables.sql,3163
Stage 1 Internal,Payroll,document.employee_tax_declaration_line,id,uuid,yes,no,id uuid NOT NULL DEFAULT shared.uuidv7(),server/db/ddl/planes/neon/document/03_tables.sql,3176
Stage 1 Internal,Payroll,document.employee_tax_declaration_line,tenant_id,uuid,yes,no,tenant_id uuid NOT NULL,server/db/ddl/planes/neon/document/03_tables.sql,3176
Stage 1 Internal,Payroll,document.employee_tax_declaration_line,employee_tax_declaration_id,uuid,yes,no,employee_tax_declaration_id uuid NOT NULL,server/db/ddl/planes/neon/document/03_tables.sql,3176
Stage 1 Internal,Payroll,document.employee_tax_declaration_line,line_no,smallint,yes,no,line_no smallint NOT NULL,server/db/ddl/planes/neon/document/03_tables.sql,3177
Stage 1 Internal,Payroll,document.employee_tax_declaration_line,declaration_code,text,yes,no,declaration_code text NOT NULL,server/db/ddl/planes/neon/document/03_tables.sql,3177
Stage 1 Internal,Payroll,document.employee_tax_declaration_line,amount,"numeric(18,4)",no,no,"amount numeric(18,4)",server/db/ddl/planes/neon/document/03_tables.sql,3177
Stage 1 Internal,Payroll,document.employee_tax_declaration_line,quantity,"numeric(18,4)",no,no,"quantity numeric(18,4)",server/db/ddl/planes/neon/document/03_tables.sql,3177
Stage 1 Internal,Payroll,document.employee_tax_declaration_line,payload,jsonb,yes,no,payload jsonb NOT NULL DEFAULT '{}'::jsonb,server/db/ddl/planes/neon/document/03_tables.sql,3178
Stage 1 Internal,Payroll,document.employee_tax_declaration_line,created_at,timestamptz,yes,no,created_at timestamptz NOT NULL DEFAULT now(),server/db/ddl/planes/neon/document/03_tables.sql,3178
Stage 1 Internal,Payroll,document.employee_tax_declaration_line,created_by,uuid,yes,no,created_by uuid NOT NULL,server/db/ddl/planes/neon/document/03_tables.sql,3178
Stage 1 Internal,Payroll,document.employee_tax_declaration_line,updated_at,timestamptz,no,no,updated_at timestamptz,server/db/ddl/planes/neon/document/03_tables.sql,3179
Stage 1 Internal,Payroll,document.employee_tax_declaration_line,updated_by,uuid,no,no,updated_by uuid,server/db/ddl/planes/neon/document/03_tables.sql,3179
Stage 1 Internal,Leave,document.leave_request,id,uuid,yes,no,id uuid NOT NULL DEFAULT shared.uuidv7(),server/db/ddl/planes/neon/document/03_tables.sql,3190
Stage 1 Internal,Leave,document.leave_request,tenant_id,uuid,yes,no,tenant_id uuid NOT NULL,server/db/ddl/planes/neon/document/03_tables.sql,3190
Stage 1 Internal,Leave,document.leave_request,code,text,yes,no,code text NOT NULL,server/db/ddl/planes/neon/document/03_tables.sql,3190
Stage 1 Internal,Leave,document.leave_request,employee_id,uuid,yes,no,employee_id uuid NOT NULL,server/db/ddl/planes/neon/document/03_tables.sql,3191
Stage 1 Internal,Leave,document.leave_request,leave_type_id,uuid,yes,no,leave_type_id uuid NOT NULL,server/db/ddl/planes/neon/document/03_tables.sql,3191
Stage 1 Internal,Leave,document.leave_request,leave_plan_id,uuid,yes,no,leave_plan_id uuid NOT NULL,server/db/ddl/planes/neon/document/03_tables.sql,3191
Stage 1 Internal,Leave,document.leave_request,workflow_request_id,uuid,no,no,workflow_request_id uuid,server/db/ddl/planes/neon/document/03_tables.sql,3191
Stage 1 Internal,Leave,document.leave_request,start_date,date,yes,no,start_date date NOT NULL,server/db/ddl/planes/neon/document/03_tables.sql,3192
Stage 1 Internal,Leave,document.leave_request,end_date,date,yes,no,end_date date NOT NULL,server/db/ddl/planes/neon/document/03_tables.sql,3192
Stage 1 Internal,Leave,document.leave_request,start_half,text,no,no,start_half text,server/db/ddl/planes/neon/document/03_tables.sql,3192
Stage 1 Internal,Leave,document.leave_request,end_half,text,no,no,end_half text,server/db/ddl/planes/neon/document/03_tables.sql,3192
Stage 1 Internal,Leave,document.leave_request,quantity_unit,document.leave_quantity_unit_d,yes,no,quantity_unit document.leave_quantity_unit_d NOT NULL,server/db/ddl/planes/neon/document/03_tables.sql,3193
Stage 1 Internal,Leave,document.leave_request,requested_quantity,"numeric(12,4)",yes,no,"requested_quantity numeric(12,4) NOT NULL",server/db/ddl/planes/neon/document/03_tables.sql,3193
Stage 1 Internal,Leave,document.leave_request,approved_quantity,"numeric(12,4)",no,no,"approved_quantity numeric(12,4)",server/db/ddl/planes/neon/document/03_tables.sql,3194
Stage 1 Internal,Leave,document.leave_request,reason,text,no,no,reason text,server/db/ddl/planes/neon/document/03_tables.sql,3194
Stage 1 Internal,Leave,document.leave_request,attachment_required,boolean,yes,no,attachment_required boolean NOT NULL DEFAULT false,server/db/ddl/planes/neon/document/03_tables.sql,3194
Stage 1 Internal,Leave,document.leave_request,submitted_at,timestamptz,no,no,submitted_at timestamptz,server/db/ddl/planes/neon/document/03_tables.sql,3195
Stage 1 Internal,Leave,document.leave_request,submitted_by,uuid,no,no,submitted_by uuid,server/db/ddl/planes/neon/document/03_tables.sql,3195
Stage 1 Internal,Leave,document.leave_request,approved_at,timestamptz,no,no,approved_at timestamptz,server/db/ddl/planes/neon/document/03_tables.sql,3195
Stage 1 Internal,Leave,document.leave_request,approved_by,uuid,no,no,approved_by uuid,server/db/ddl/planes/neon/document/03_tables.sql,3195
Stage 1 Internal,Leave,document.leave_request,decision_reason,text,no,no,decision_reason text,server/db/ddl/planes/neon/document/03_tables.sql,3195
Stage 1 Internal,Leave,document.leave_request,status,document.hr_approval_status_d,yes,no,status document.hr_approval_status_d NOT NULL DEFAULT 'draft',server/db/ddl/planes/neon/document/03_tables.sql,3196
Stage 1 Internal,Leave,document.leave_request,status_changed_at,timestamptz,no,no,status_changed_at timestamptz,server/db/ddl/planes/neon/document/03_tables.sql,3196
Stage 1 Internal,Leave,document.leave_request,status_changed_by,uuid,no,no,status_changed_by uuid,server/db/ddl/planes/neon/document/03_tables.sql,3196
Stage 1 Internal,Leave,document.leave_request,created_at,timestamptz,yes,no,created_at timestamptz NOT NULL DEFAULT now(),server/db/ddl/planes/neon/document/03_tables.sql,3197
Stage 1 Internal,Leave,document.leave_request,created_by,uuid,yes,no,created_by uuid NOT NULL,server/db/ddl/planes/neon/document/03_tables.sql,3197
Stage 1 Internal,Leave,document.leave_request,updated_at,timestamptz,no,no,updated_at timestamptz,server/db/ddl/planes/neon/document/03_tables.sql,3197
Stage 1 Internal,Leave,document.leave_request,updated_by,uuid,no,no,updated_by uuid,server/db/ddl/planes/neon/document/03_tables.sql,3197
Stage 1 Internal,Leave,document.leave_balance_entry,id,uuid,yes,no,id uuid NOT NULL DEFAULT shared.uuidv7(),server/db/ddl/planes/neon/document/03_tables.sql,3210
Stage 1 Internal,Leave,document.leave_balance_entry,tenant_id,uuid,yes,no,tenant_id uuid NOT NULL,server/db/ddl/planes/neon/document/03_tables.sql,3210
Stage 1 Internal,Leave,document.leave_balance_entry,employee_id,uuid,yes,no,employee_id uuid NOT NULL,server/db/ddl/planes/neon/document/03_tables.sql,3210
Stage 1 Internal,Leave,document.leave_balance_entry,leave_plan_id,uuid,yes,no,leave_plan_id uuid NOT NULL,server/db/ddl/planes/neon/document/03_tables.sql,3211
Stage 1 Internal,Leave,document.leave_balance_entry,leave_type_id,uuid,yes,no,leave_type_id uuid NOT NULL,server/db/ddl/planes/neon/document/03_tables.sql,3211
Stage 1 Internal,Leave,document.leave_balance_entry,entry_date,date,yes,no,entry_date date NOT NULL,server/db/ddl/planes/neon/document/03_tables.sql,3211
Stage 1 Internal,Leave,document.leave_balance_entry,period_start,date,no,no,period_start date,server/db/ddl/planes/neon/document/03_tables.sql,3212
Stage 1 Internal,Leave,document.leave_balance_entry,period_end,date,no,no,period_end date,server/db/ddl/planes/neon/document/03_tables.sql,3212
Stage 1 Internal,Leave,document.leave_balance_entry,quantity_unit,document.leave_quantity_unit_d,yes,no,quantity_unit document.leave_quantity_unit_d NOT NULL,server/db/ddl/planes/neon/document/03_tables.sql,3212
Stage 1 Internal,Leave,document.leave_balance_entry,quantity_delta,"numeric(12,4)",yes,no,"quantity_delta numeric(12,4) NOT NULL",server/db/ddl/planes/neon/document/03_tables.sql,3213
Stage 1 Internal,Leave,document.leave_balance_entry,source_entity_type,text,yes,no,source_entity_type text NOT NULL,server/db/ddl/planes/neon/document/03_tables.sql,3213
Stage 1 Internal,Leave,document.leave_balance_entry,source_entity_id,uuid,no,no,source_entity_id uuid,server/db/ddl/planes/neon/document/03_tables.sql,3213
Stage 1 Internal,Leave,document.leave_balance_entry,idempotency_key,text,yes,no,idempotency_key text NOT NULL,server/db/ddl/planes/neon/document/03_tables.sql,3214
Stage 1 Internal,Leave,document.leave_balance_entry,description,text,no,no,description text,server/db/ddl/planes/neon/document/03_tables.sql,3214
Stage 1 Internal,Leave,document.leave_balance_entry,metadata,jsonb,yes,no,metadata jsonb NOT NULL DEFAULT '{}'::jsonb,server/db/ddl/planes/neon/document/03_tables.sql,3214
Stage 1 Internal,Leave,document.leave_balance_entry,created_at,timestamptz,yes,no,created_at timestamptz NOT NULL DEFAULT now(),server/db/ddl/planes/neon/document/03_tables.sql,3215
Stage 1 Internal,Leave,document.leave_balance_entry,created_by,uuid,yes,no,created_by uuid NOT NULL,server/db/ddl/planes/neon/document/03_tables.sql,3215
Stage 1 Internal,Lifecycle and cases,document.people_request,id,uuid,yes,no,id uuid NOT NULL DEFAULT shared.uuidv7(),server/db/ddl/planes/neon/document/03_tables.sql,3225
Stage 1 Internal,Lifecycle and cases,document.people_request,tenant_id,uuid,yes,no,tenant_id uuid NOT NULL,server/db/ddl/planes/neon/document/03_tables.sql,3225
Stage 1 Internal,Lifecycle and cases,document.people_request,code,text,yes,no,code text NOT NULL,server/db/ddl/planes/neon/document/03_tables.sql,3225
Stage 1 Internal,Lifecycle and cases,document.people_request,employee_id,uuid,yes,no,employee_id uuid NOT NULL,server/db/ddl/planes/neon/document/03_tables.sql,3226
Stage 1 Internal,Lifecycle and cases,document.people_request,request_type,text,yes,no,request_type text NOT NULL,server/db/ddl/planes/neon/document/03_tables.sql,3226
Stage 1 Internal,Lifecycle and cases,document.people_request,target_entity_type,text,no,no,target_entity_type text,server/db/ddl/planes/neon/document/03_tables.sql,3226
Stage 1 Internal,Lifecycle and cases,document.people_request,target_entity_id,uuid,no,no,target_entity_id uuid,server/db/ddl/planes/neon/document/03_tables.sql,3226
Stage 1 Internal,Lifecycle and cases,document.people_request,workflow_request_id,uuid,no,no,workflow_request_id uuid,server/db/ddl/planes/neon/document/03_tables.sql,3226
Stage 1 Internal,Lifecycle and cases,document.people_request,requested_payload,jsonb,yes,no,requested_payload jsonb NOT NULL DEFAULT '{}'::jsonb,server/db/ddl/planes/neon/document/03_tables.sql,3227
Stage 1 Internal,Lifecycle and cases,document.people_request,approved_payload,jsonb,yes,no,approved_payload jsonb NOT NULL DEFAULT '{}'::jsonb,server/db/ddl/planes/neon/document/03_tables.sql,3227
Stage 1 Internal,Lifecycle and cases,document.people_request,submitted_at,timestamptz,no,no,submitted_at timestamptz,server/db/ddl/planes/neon/document/03_tables.sql,3228
Stage 1 Internal,Lifecycle and cases,document.people_request,submitted_by,uuid,no,no,submitted_by uuid,server/db/ddl/planes/neon/document/03_tables.sql,3228
Stage 1 Internal,Lifecycle and cases,document.people_request,approved_at,timestamptz,no,no,approved_at timestamptz,server/db/ddl/planes/neon/document/03_tables.sql,3228
Stage 1 Internal,Lifecycle and cases,document.people_request,approved_by,uuid,no,no,approved_by uuid,server/db/ddl/planes/neon/document/03_tables.sql,3228
Stage 1 Internal,Lifecycle and cases,document.people_request,decision_reason,text,no,no,decision_reason text,server/db/ddl/planes/neon/document/03_tables.sql,3228
Stage 1 Internal,Lifecycle and cases,document.people_request,status,document.hr_approval_status_d,yes,no,status document.hr_approval_status_d NOT NULL DEFAULT 'draft',server/db/ddl/planes/neon/document/03_tables.sql,3229
Stage 1 Internal,Lifecycle and cases,document.people_request,status_changed_at,timestamptz,no,no,status_changed_at timestamptz,server/db/ddl/planes/neon/document/03_tables.sql,3229
Stage 1 Internal,Lifecycle and cases,document.people_request,status_changed_by,uuid,no,no,status_changed_by uuid,server/db/ddl/planes/neon/document/03_tables.sql,3229
Stage 1 Internal,Lifecycle and cases,document.people_request,created_at,timestamptz,yes,no,created_at timestamptz NOT NULL DEFAULT now(),server/db/ddl/planes/neon/document/03_tables.sql,3230
Stage 1 Internal,Lifecycle and cases,document.people_request,created_by,uuid,yes,no,created_by uuid NOT NULL,server/db/ddl/planes/neon/document/03_tables.sql,3230
Stage 1 Internal,Lifecycle and cases,document.people_request,updated_at,timestamptz,no,no,updated_at timestamptz,server/db/ddl/planes/neon/document/03_tables.sql,3230
Stage 1 Internal,Lifecycle and cases,document.people_request,updated_by,uuid,no,no,updated_by uuid,server/db/ddl/planes/neon/document/03_tables.sql,3230
Stage 1 Internal,Lifecycle and cases,document.workforce_request,id,uuid,yes,no,id uuid NOT NULL DEFAULT shared.uuidv7(),server/db/ddl/planes/neon/document/03_tables.sql,3245
Stage 1 Internal,Lifecycle and cases,document.workforce_request,tenant_id,uuid,yes,no,tenant_id uuid NOT NULL,server/db/ddl/planes/neon/document/03_tables.sql,3246
Stage 1 Internal,Lifecycle and cases,document.workforce_request,request_no,text,yes,no,request_no text NOT NULL,server/db/ddl/planes/neon/document/03_tables.sql,3247
Stage 1 Internal,Lifecycle and cases,document.workforce_request,request_kind,text,yes,no,request_kind text NOT NULL,server/db/ddl/planes/neon/document/03_tables.sql,3248
Stage 1 Internal,Lifecycle and cases,document.workforce_request,source_kind,text,yes,no,source_kind text NOT NULL,server/db/ddl/planes/neon/document/03_tables.sql,3249
Stage 1 Internal,Lifecycle and cases,document.workforce_request,target_person_id,uuid,no,no,target_person_id uuid,server/db/ddl/planes/neon/document/03_tables.sql,3250
Stage 1 Internal,Lifecycle and cases,document.workforce_request,target_employee_id,uuid,no,no,target_employee_id uuid,server/db/ddl/planes/neon/document/03_tables.sql,3251
Stage 1 Internal,Lifecycle and cases,document.workforce_request,target_employment_id,uuid,no,no,target_employment_id uuid,server/db/ddl/planes/neon/document/03_tables.sql,3252
Stage 1 Internal,Lifecycle and cases,document.workforce_request,legal_entity_id,uuid,yes,no,legal_entity_id uuid NOT NULL,server/db/ddl/planes/neon/document/03_tables.sql,3253
Stage 1 Internal,Lifecycle and cases,document.workforce_request,company_code_id,uuid,no,no,company_code_id uuid,server/db/ddl/planes/neon/document/03_tables.sql,3254
Stage 1 Internal,Lifecycle and cases,document.workforce_request,org_unit_id,uuid,no,no,org_unit_id uuid,server/db/ddl/planes/neon/document/03_tables.sql,3255
Stage 1 Internal,Lifecycle and cases,document.workforce_request,position_id,uuid,no,no,position_id uuid,server/db/ddl/planes/neon/document/03_tables.sql,3256
Stage 1 Internal,Lifecycle and cases,document.workforce_request,protected_profile_content_item_id,uuid,no,no,protected_profile_content_item_id uuid,server/db/ddl/planes/neon/document/03_tables.sql,3257
Stage 1 Internal,Lifecycle and cases,document.workforce_request,payload_schema_code,text,yes,no,payload_schema_code text NOT NULL,server/db/ddl/planes/neon/document/03_tables.sql,3258
Stage 1 Internal,Lifecycle and cases,document.workforce_request,payload_schema_version,integer,yes,no,payload_schema_version integer NOT NULL,server/db/ddl/planes/neon/document/03_tables.sql,3259
Stage 1 Internal,Lifecycle and cases,document.workforce_request,payload_schema_hash,text,yes,no,payload_schema_hash text NOT NULL,server/db/ddl/planes/neon/document/03_tables.sql,3260
Stage 1 Internal,Lifecycle and cases,document.workforce_request,requested_changes,jsonb,yes,no,requested_changes jsonb NOT NULL DEFAULT '{}'::jsonb,server/db/ddl/planes/neon/document/03_tables.sql,3261
Stage 1 Internal,Lifecycle and cases,document.workforce_request,workflow_request_id,uuid,no,no,workflow_request_id uuid,server/db/ddl/planes/neon/document/03_tables.sql,3262
Stage 1 Internal,Lifecycle and cases,document.workforce_request,materialized_person_id,uuid,no,no,materialized_person_id uuid,server/db/ddl/planes/neon/document/03_tables.sql,3263
Stage 1 Internal,Lifecycle and cases,document.workforce_request,materialized_employee_id,uuid,no,no,materialized_employee_id uuid,server/db/ddl/planes/neon/document/03_tables.sql,3264
Stage 1 Internal,Lifecycle and cases,document.workforce_request,materialized_employment_id,uuid,no,no,materialized_employment_id uuid,server/db/ddl/planes/neon/document/03_tables.sql,3265
Stage 1 Internal,Lifecycle and cases,document.workforce_request,materialized_work_assignment_id,uuid,no,no,materialized_work_assignment_id uuid,server/db/ddl/planes/neon/document/03_tables.sql,3266
Stage 1 Internal,Lifecycle and cases,document.workforce_request,materialized_principal_id,uuid,no,no,materialized_principal_id uuid,server/db/ddl/planes/neon/document/03_tables.sql,3267
Stage 1 Internal,Lifecycle and cases,document.workforce_request,materialized_onboarding_case_id,uuid,no,no,materialized_onboarding_case_id uuid,server/db/ddl/planes/neon/document/03_tables.sql,3268
Stage 1 Internal,Lifecycle and cases,document.workforce_request,materialization_snapshot_id,uuid,no,no,materialization_snapshot_id uuid,server/db/ddl/planes/neon/document/03_tables.sql,3269
Stage 1 Internal,Lifecycle and cases,document.workforce_request,decision_fingerprint,text,no,no,decision_fingerprint text,server/db/ddl/planes/neon/document/03_tables.sql,3270
Stage 1 Internal,Lifecycle and cases,document.workforce_request,application_fingerprint,text,no,no,application_fingerprint text,server/db/ddl/planes/neon/document/03_tables.sql,3271
Stage 1 Internal,Lifecycle and cases,document.workforce_request,idempotency_key,text,yes,no,idempotency_key text NOT NULL,server/db/ddl/planes/neon/document/03_tables.sql,3272
Stage 1 Internal,Lifecycle and cases,document.workforce_request,status,text,yes,no,status text NOT NULL DEFAULT 'draft',server/db/ddl/planes/neon/document/03_tables.sql,3273
Stage 1 Internal,Lifecycle and cases,document.workforce_request,submitted_at,timestamptz,no,no,submitted_at timestamptz,server/db/ddl/planes/neon/document/03_tables.sql,3274
Stage 1 Internal,Lifecycle and cases,document.workforce_request,submitted_by,uuid,no,no,submitted_by uuid,server/db/ddl/planes/neon/document/03_tables.sql,3275
Stage 1 Internal,Lifecycle and cases,document.workforce_request,approved_at,timestamptz,no,no,approved_at timestamptz,server/db/ddl/planes/neon/document/03_tables.sql,3276
Stage 1 Internal,Lifecycle and cases,document.workforce_request,approved_by,uuid,no,no,approved_by uuid,server/db/ddl/planes/neon/document/03_tables.sql,3277
Stage 1 Internal,Lifecycle and cases,document.workforce_request,applied_at,timestamptz,no,no,applied_at timestamptz,server/db/ddl/planes/neon/document/03_tables.sql,3278
Stage 1 Internal,Lifecycle and cases,document.workforce_request,applied_by,uuid,no,no,applied_by uuid,server/db/ddl/planes/neon/document/03_tables.sql,3279
Stage 1 Internal,Lifecycle and cases,document.workforce_request,failure_code,text,no,no,failure_code text,server/db/ddl/planes/neon/document/03_tables.sql,3280
Stage 1 Internal,Lifecycle and cases,document.workforce_request,support_reference,text,no,no,support_reference text,server/db/ddl/planes/neon/document/03_tables.sql,3281
Stage 1 Internal,Lifecycle and cases,document.workforce_request,row_version,bigint,yes,no,row_version bigint NOT NULL DEFAULT 1,server/db/ddl/planes/neon/document/03_tables.sql,3282
Stage 1 Internal,Lifecycle and cases,document.workforce_request,status_changed_at,timestamptz,no,no,status_changed_at timestamptz,server/db/ddl/planes/neon/document/03_tables.sql,3283
Stage 1 Internal,Lifecycle and cases,document.workforce_request,status_changed_by,uuid,no,no,status_changed_by uuid,server/db/ddl/planes/neon/document/03_tables.sql,3284
Stage 1 Internal,Lifecycle and cases,document.workforce_request,created_at,timestamptz,yes,no,created_at timestamptz NOT NULL DEFAULT now(),server/db/ddl/planes/neon/document/03_tables.sql,3285
Stage 1 Internal,Lifecycle and cases,document.workforce_request,created_by,uuid,yes,no,created_by uuid NOT NULL,server/db/ddl/planes/neon/document/03_tables.sql,3286
Stage 1 Internal,Lifecycle and cases,document.workforce_request,updated_at,timestamptz,no,no,updated_at timestamptz,server/db/ddl/planes/neon/document/03_tables.sql,3287
Stage 1 Internal,Lifecycle and cases,document.workforce_request,updated_by,uuid,no,no,updated_by uuid,server/db/ddl/planes/neon/document/03_tables.sql,3288
Stage 1 Internal,Lifecycle and cases,document.workforce_request_validation,id,uuid,yes,no,id uuid NOT NULL DEFAULT shared.uuidv7(),server/db/ddl/planes/neon/document/03_tables.sql,3384
Stage 1 Internal,Lifecycle and cases,document.workforce_request_validation,tenant_id,uuid,yes,no,tenant_id uuid NOT NULL,server/db/ddl/planes/neon/document/03_tables.sql,3384
Stage 1 Internal,Lifecycle and cases,document.workforce_request_validation,request_id,uuid,yes,no,request_id uuid NOT NULL,server/db/ddl/planes/neon/document/03_tables.sql,3384
Stage 1 Internal,Lifecycle and cases,document.workforce_request_validation,evaluation_id,uuid,yes,no,evaluation_id uuid NOT NULL,server/db/ddl/planes/neon/document/03_tables.sql,3384
Stage 1 Internal,Lifecycle and cases,document.workforce_request_validation,rule_code,text,yes,no,rule_code text NOT NULL,server/db/ddl/planes/neon/document/03_tables.sql,3385
Stage 1 Internal,Lifecycle and cases,document.workforce_request_validation,ruleset_code,text,yes,no,ruleset_code text NOT NULL,server/db/ddl/planes/neon/document/03_tables.sql,3385
Stage 1 Internal,Lifecycle and cases,document.workforce_request_validation,ruleset_version,integer,yes,no,ruleset_version integer NOT NULL,server/db/ddl/planes/neon/document/03_tables.sql,3385
Stage 1 Internal,Lifecycle and cases,document.workforce_request_validation,ruleset_hash,text,yes,no,ruleset_hash text NOT NULL,server/db/ddl/planes/neon/document/03_tables.sql,3385
Stage 1 Internal,Lifecycle and cases,document.workforce_request_validation,severity,text,yes,no,severity text NOT NULL,server/db/ddl/planes/neon/document/03_tables.sql,3386
Stage 1 Internal,Lifecycle and cases,document.workforce_request_validation,field_path,text,yes,no,field_path text NOT NULL DEFAULT '$',server/db/ddl/planes/neon/document/03_tables.sql,3386
Stage 1 Internal,Lifecycle and cases,document.workforce_request_validation,outcome,text,yes,no,outcome text NOT NULL,server/db/ddl/planes/neon/document/03_tables.sql,3386
Stage 1 Internal,Lifecycle and cases,document.workforce_request_validation,message_code,text,yes,no,message_code text NOT NULL,server/db/ddl/planes/neon/document/03_tables.sql,3386
Stage 1 Internal,Lifecycle and cases,document.workforce_request_validation,evidence_reference,jsonb,yes,no,evidence_reference jsonb NOT NULL DEFAULT '{}'::jsonb,server/db/ddl/planes/neon/document/03_tables.sql,3387
Stage 1 Internal,Lifecycle and cases,document.workforce_request_validation,evaluated_at,timestamptz,yes,no,evaluated_at timestamptz NOT NULL,server/db/ddl/planes/neon/document/03_tables.sql,3387
Stage 1 Internal,Lifecycle and cases,document.workforce_request_validation,evaluated_by,uuid,yes,no,evaluated_by uuid NOT NULL,server/db/ddl/planes/neon/document/03_tables.sql,3387
Stage 1 Internal,Lifecycle and cases,document.workforce_request_validation,created_at,timestamptz,yes,no,created_at timestamptz NOT NULL DEFAULT now(),server/db/ddl/planes/neon/document/03_tables.sql,3388
Stage 1 Internal,Lifecycle and cases,document.workforce_request_validation,created_by,uuid,yes,no,created_by uuid NOT NULL,server/db/ddl/planes/neon/document/03_tables.sql,3388
Stage 1 Internal,Lifecycle and cases,document.hr_case,id,uuid,yes,no,id uuid NOT NULL DEFAULT shared.uuidv7(),server/db/ddl/planes/neon/document/03_tables.sql,3402
Stage 1 Internal,Lifecycle and cases,document.hr_case,tenant_id,uuid,yes,no,tenant_id uuid NOT NULL,server/db/ddl/planes/neon/document/03_tables.sql,3402
Stage 1 Internal,Lifecycle and cases,document.hr_case,code,text,yes,no,code text NOT NULL,server/db/ddl/planes/neon/document/03_tables.sql,3402
Stage 1 Internal,Lifecycle and cases,document.hr_case,name,text,yes,no,name text NOT NULL,server/db/ddl/planes/neon/document/03_tables.sql,3402
Stage 1 Internal,Lifecycle and cases,document.hr_case,employee_id,uuid,no,no,employee_id uuid,server/db/ddl/planes/neon/document/03_tables.sql,3403
Stage 1 Internal,Lifecycle and cases,document.hr_case,case_type,text,yes,no,case_type text NOT NULL DEFAULT 'general',server/db/ddl/planes/neon/document/03_tables.sql,3403
Stage 1 Internal,Lifecycle and cases,document.hr_case,priority,document.hr_case_priority_d,yes,no,priority document.hr_case_priority_d NOT NULL DEFAULT 'normal',server/db/ddl/planes/neon/document/03_tables.sql,3403
Stage 1 Internal,Lifecycle and cases,document.hr_case,assigned_to,uuid,no,no,assigned_to uuid,server/db/ddl/planes/neon/document/03_tables.sql,3404
Stage 1 Internal,Lifecycle and cases,document.hr_case,opened_at,timestamptz,yes,no,opened_at timestamptz NOT NULL DEFAULT now(),server/db/ddl/planes/neon/document/03_tables.sql,3404
Stage 1 Internal,Lifecycle and cases,document.hr_case,resolved_at,timestamptz,no,no,resolved_at timestamptz,server/db/ddl/planes/neon/document/03_tables.sql,3404
Stage 1 Internal,Lifecycle and cases,document.hr_case,closed_at,timestamptz,no,no,closed_at timestamptz,server/db/ddl/planes/neon/document/03_tables.sql,3404
Stage 1 Internal,Lifecycle and cases,document.hr_case,resolution_summary,text,no,no,resolution_summary text,server/db/ddl/planes/neon/document/03_tables.sql,3405
Stage 1 Internal,Lifecycle and cases,document.hr_case,metadata,jsonb,yes,no,metadata jsonb NOT NULL DEFAULT '{}'::jsonb,server/db/ddl/planes/neon/document/03_tables.sql,3405
Stage 1 Internal,Lifecycle and cases,document.hr_case,status,document.hr_case_status_d,yes,no,status document.hr_case_status_d NOT NULL DEFAULT 'open',server/db/ddl/planes/neon/document/03_tables.sql,3406
Stage 1 Internal,Lifecycle and cases,document.hr_case,status_changed_at,timestamptz,no,no,status_changed_at timestamptz,server/db/ddl/planes/neon/document/03_tables.sql,3406
Stage 1 Internal,Lifecycle and cases,document.hr_case,status_changed_by,uuid,no,no,status_changed_by uuid,server/db/ddl/planes/neon/document/03_tables.sql,3406
Stage 1 Internal,Lifecycle and cases,document.hr_case,created_at,timestamptz,yes,no,created_at timestamptz NOT NULL DEFAULT now(),server/db/ddl/planes/neon/document/03_tables.sql,3407
Stage 1 Internal,Lifecycle and cases,document.hr_case,created_by,uuid,yes,no,created_by uuid NOT NULL,server/db/ddl/planes/neon/document/03_tables.sql,3407
Stage 1 Internal,Lifecycle and cases,document.hr_case,updated_at,timestamptz,no,no,updated_at timestamptz,server/db/ddl/planes/neon/document/03_tables.sql,3407
Stage 1 Internal,Lifecycle and cases,document.hr_case,updated_by,uuid,no,no,updated_by uuid,server/db/ddl/planes/neon/document/03_tables.sql,3407
Stage 1 Internal,Lifecycle and cases,document.onboarding_case,id,uuid,yes,no,id uuid NOT NULL DEFAULT shared.uuidv7(),server/db/ddl/planes/neon/document/03_tables.sql,3419
Stage 1 Internal,Lifecycle and cases,document.onboarding_case,tenant_id,uuid,yes,no,tenant_id uuid NOT NULL,server/db/ddl/planes/neon/document/03_tables.sql,3419
Stage 1 Internal,Lifecycle and cases,document.onboarding_case,code,text,yes,no,code text NOT NULL,server/db/ddl/planes/neon/document/03_tables.sql,3419
Stage 1 Internal,Lifecycle and cases,document.onboarding_case,name,text,yes,no,name text NOT NULL,server/db/ddl/planes/neon/document/03_tables.sql,3419
Stage 1 Internal,Lifecycle and cases,document.onboarding_case,person_id,uuid,yes,no,person_id uuid NOT NULL,server/db/ddl/planes/neon/document/03_tables.sql,3420
Stage 1 Internal,Lifecycle and cases,document.onboarding_case,employee_id,uuid,no,no,employee_id uuid,server/db/ddl/planes/neon/document/03_tables.sql,3420
Stage 1 Internal,Lifecycle and cases,document.onboarding_case,target_start_date,date,no,no,target_start_date date,server/db/ddl/planes/neon/document/03_tables.sql,3420
Stage 1 Internal,Lifecycle and cases,document.onboarding_case,checklist,jsonb,yes,no,checklist jsonb NOT NULL DEFAULT '[]'::jsonb,server/db/ddl/planes/neon/document/03_tables.sql,3420
Stage 1 Internal,Lifecycle and cases,document.onboarding_case,workflow_request_id,uuid,no,no,workflow_request_id uuid,server/db/ddl/planes/neon/document/03_tables.sql,3421
Stage 1 Internal,Lifecycle and cases,document.onboarding_case,activated_at,timestamptz,no,no,activated_at timestamptz,server/db/ddl/planes/neon/document/03_tables.sql,3421
Stage 1 Internal,Lifecycle and cases,document.onboarding_case,completed_at,timestamptz,no,no,completed_at timestamptz,server/db/ddl/planes/neon/document/03_tables.sql,3421
Stage 1 Internal,Lifecycle and cases,document.onboarding_case,status,document.people_case_status_d,yes,no,status document.people_case_status_d NOT NULL DEFAULT 'draft',server/db/ddl/planes/neon/document/03_tables.sql,3422
Stage 1 Internal,Lifecycle and cases,document.onboarding_case,status_changed_at,timestamptz,no,no,status_changed_at timestamptz,server/db/ddl/planes/neon/document/03_tables.sql,3422
Stage 1 Internal,Lifecycle and cases,document.onboarding_case,status_changed_by,uuid,no,no,status_changed_by uuid,server/db/ddl/planes/neon/document/03_tables.sql,3422
Stage 1 Internal,Lifecycle and cases,document.onboarding_case,created_at,timestamptz,yes,no,created_at timestamptz NOT NULL DEFAULT now(),server/db/ddl/planes/neon/document/03_tables.sql,3423
Stage 1 Internal,Lifecycle and cases,document.onboarding_case,created_by,uuid,yes,no,created_by uuid NOT NULL,server/db/ddl/planes/neon/document/03_tables.sql,3423
Stage 1 Internal,Lifecycle and cases,document.onboarding_case,updated_at,timestamptz,no,no,updated_at timestamptz,server/db/ddl/planes/neon/document/03_tables.sql,3423
Stage 1 Internal,Lifecycle and cases,document.onboarding_case,updated_by,uuid,no,no,updated_by uuid,server/db/ddl/planes/neon/document/03_tables.sql,3423
Stage 1 Internal,Lifecycle and cases,document.offboarding_case,id,uuid,yes,no,id uuid NOT NULL DEFAULT shared.uuidv7(),server/db/ddl/planes/neon/document/03_tables.sql,3432
Stage 1 Internal,Lifecycle and cases,document.offboarding_case,tenant_id,uuid,yes,no,tenant_id uuid NOT NULL,server/db/ddl/planes/neon/document/03_tables.sql,3432
Stage 1 Internal,Lifecycle and cases,document.offboarding_case,code,text,yes,no,code text NOT NULL,server/db/ddl/planes/neon/document/03_tables.sql,3432
Stage 1 Internal,Lifecycle and cases,document.offboarding_case,name,text,yes,no,name text NOT NULL,server/db/ddl/planes/neon/document/03_tables.sql,3432
Stage 1 Internal,Lifecycle and cases,document.offboarding_case,employee_id,uuid,yes,no,employee_id uuid NOT NULL,server/db/ddl/planes/neon/document/03_tables.sql,3433
Stage 1 Internal,Lifecycle and cases,document.offboarding_case,target_exit_date,date,yes,no,target_exit_date date NOT NULL,server/db/ddl/planes/neon/document/03_tables.sql,3433
Stage 1 Internal,Lifecycle and cases,document.offboarding_case,reason_code,text,no,no,reason_code text,server/db/ddl/planes/neon/document/03_tables.sql,3433
Stage 1 Internal,Lifecycle and cases,document.offboarding_case,checklist,jsonb,yes,no,checklist jsonb NOT NULL DEFAULT '[]'::jsonb,server/db/ddl/planes/neon/document/03_tables.sql,3433
Stage 1 Internal,Lifecycle and cases,document.offboarding_case,workflow_request_id,uuid,no,no,workflow_request_id uuid,server/db/ddl/planes/neon/document/03_tables.sql,3434
Stage 1 Internal,Lifecycle and cases,document.offboarding_case,activated_at,timestamptz,no,no,activated_at timestamptz,server/db/ddl/planes/neon/document/03_tables.sql,3434
Stage 1 Internal,Lifecycle and cases,document.offboarding_case,completed_at,timestamptz,no,no,completed_at timestamptz,server/db/ddl/planes/neon/document/03_tables.sql,3434
Stage 1 Internal,Lifecycle and cases,document.offboarding_case,status,document.people_case_status_d,yes,no,status document.people_case_status_d NOT NULL DEFAULT 'draft',server/db/ddl/planes/neon/document/03_tables.sql,3435
Stage 1 Internal,Lifecycle and cases,document.offboarding_case,status_changed_at,timestamptz,no,no,status_changed_at timestamptz,server/db/ddl/planes/neon/document/03_tables.sql,3435
Stage 1 Internal,Lifecycle and cases,document.offboarding_case,status_changed_by,uuid,no,no,status_changed_by uuid,server/db/ddl/planes/neon/document/03_tables.sql,3435
Stage 1 Internal,Lifecycle and cases,document.offboarding_case,created_at,timestamptz,yes,no,created_at timestamptz NOT NULL DEFAULT now(),server/db/ddl/planes/neon/document/03_tables.sql,3436
Stage 1 Internal,Lifecycle and cases,document.offboarding_case,created_by,uuid,yes,no,created_by uuid NOT NULL,server/db/ddl/planes/neon/document/03_tables.sql,3436
Stage 1 Internal,Lifecycle and cases,document.offboarding_case,updated_at,timestamptz,no,no,updated_at timestamptz,server/db/ddl/planes/neon/document/03_tables.sql,3436
Stage 1 Internal,Lifecycle and cases,document.offboarding_case,updated_by,uuid,no,no,updated_by uuid,server/db/ddl/planes/neon/document/03_tables.sql,3436
Stage 1 Internal,Payroll,document.payroll_period,id,uuid,yes,no,id uuid NOT NULL DEFAULT shared.uuidv7(),server/db/ddl/planes/neon/document/03_tables.sql,3445
Stage 1 Internal,Payroll,document.payroll_period,tenant_id,uuid,yes,no,tenant_id uuid NOT NULL,server/db/ddl/planes/neon/document/03_tables.sql,3445
Stage 1 Internal,Payroll,document.payroll_period,code,text,yes,no,code text NOT NULL,server/db/ddl/planes/neon/document/03_tables.sql,3445
Stage 1 Internal,Payroll,document.payroll_period,name,text,yes,no,name text NOT NULL,server/db/ddl/planes/neon/document/03_tables.sql,3445
Stage 1 Internal,Payroll,document.payroll_period,pay_group_id,uuid,yes,no,pay_group_id uuid NOT NULL,server/db/ddl/planes/neon/document/03_tables.sql,3446
Stage 1 Internal,Payroll,document.payroll_period,period_year,smallint,yes,no,period_year smallint NOT NULL,server/db/ddl/planes/neon/document/03_tables.sql,3446
Stage 1 Internal,Payroll,document.payroll_period,period_number,smallint,yes,no,period_number smallint NOT NULL,server/db/ddl/planes/neon/document/03_tables.sql,3446
Stage 1 Internal,Payroll,document.payroll_period,period_start,date,yes,no,period_start date NOT NULL,server/db/ddl/planes/neon/document/03_tables.sql,3447
Stage 1 Internal,Payroll,document.payroll_period,period_end,date,yes,no,period_end date NOT NULL,server/db/ddl/planes/neon/document/03_tables.sql,3447
Stage 1 Internal,Payroll,document.payroll_period,pay_date,date,yes,no,pay_date date NOT NULL,server/db/ddl/planes/neon/document/03_tables.sql,3447
Stage 1 Internal,Payroll,document.payroll_period,status,document.payroll_period_status_d,yes,no,status document.payroll_period_status_d NOT NULL DEFAULT 'open',server/db/ddl/planes/neon/document/03_tables.sql,3448
Stage 1 Internal,Payroll,document.payroll_period,status_changed_at,timestamptz,no,no,status_changed_at timestamptz,server/db/ddl/planes/neon/document/03_tables.sql,3448
Stage 1 Internal,Payroll,document.payroll_period,status_changed_by,uuid,no,no,status_changed_by uuid,server/db/ddl/planes/neon/document/03_tables.sql,3448
Stage 1 Internal,Payroll,document.payroll_period,created_at,timestamptz,yes,no,created_at timestamptz NOT NULL DEFAULT now(),server/db/ddl/planes/neon/document/03_tables.sql,3449
Stage 1 Internal,Payroll,document.payroll_period,created_by,uuid,yes,no,created_by uuid NOT NULL,server/db/ddl/planes/neon/document/03_tables.sql,3449
Stage 1 Internal,Payroll,document.payroll_period,updated_at,timestamptz,no,no,updated_at timestamptz,server/db/ddl/planes/neon/document/03_tables.sql,3449
Stage 1 Internal,Payroll,document.payroll_period,updated_by,uuid,no,no,updated_by uuid,server/db/ddl/planes/neon/document/03_tables.sql,3449
Stage 1 Internal,Payroll,document.payroll_run,id,uuid,yes,no,id uuid NOT NULL DEFAULT shared.uuidv7(),server/db/ddl/planes/neon/document/03_tables.sql,3460
Stage 1 Internal,Payroll,document.payroll_run,tenant_id,uuid,yes,no,tenant_id uuid NOT NULL,server/db/ddl/planes/neon/document/03_tables.sql,3460
Stage 1 Internal,Payroll,document.payroll_run,code,text,yes,no,code text NOT NULL,server/db/ddl/planes/neon/document/03_tables.sql,3460
Stage 1 Internal,Payroll,document.payroll_run,name,text,yes,no,name text NOT NULL,server/db/ddl/planes/neon/document/03_tables.sql,3460
Stage 1 Internal,Payroll,document.payroll_run,payroll_period_id,uuid,yes,no,payroll_period_id uuid NOT NULL,server/db/ddl/planes/neon/document/03_tables.sql,3461
Stage 1 Internal,Payroll,document.payroll_run,run_type,document.payroll_run_type_d,yes,no,run_type document.payroll_run_type_d NOT NULL DEFAULT 'regular',server/db/ddl/planes/neon/document/03_tables.sql,3461
Stage 1 Internal,Payroll,document.payroll_run,run_no,smallint,yes,no,run_no smallint NOT NULL DEFAULT 1,server/db/ddl/planes/neon/document/03_tables.sql,3461
Stage 1 Internal,Payroll,document.payroll_run,calculation_started_at,timestamptz,no,no,calculation_started_at timestamptz,server/db/ddl/planes/neon/document/03_tables.sql,3462
Stage 1 Internal,Payroll,document.payroll_run,calculation_completed_at,timestamptz,no,no,calculation_completed_at timestamptz,server/db/ddl/planes/neon/document/03_tables.sql,3462
Stage 1 Internal,Payroll,document.payroll_run,approved_at,timestamptz,no,no,approved_at timestamptz,server/db/ddl/planes/neon/document/03_tables.sql,3463
Stage 1 Internal,Payroll,document.payroll_run,approved_by,uuid,no,no,approved_by uuid,server/db/ddl/planes/neon/document/03_tables.sql,3463
Stage 1 Internal,Payroll,document.payroll_run,posted_at,timestamptz,no,no,posted_at timestamptz,server/db/ddl/planes/neon/document/03_tables.sql,3463
Stage 1 Internal,Payroll,document.payroll_run,posted_by,uuid,no,no,posted_by uuid,server/db/ddl/planes/neon/document/03_tables.sql,3463
Stage 1 Internal,Payroll,document.payroll_run,posted_journal_entry_id,uuid,no,no,posted_journal_entry_id uuid,server/db/ddl/planes/neon/document/03_tables.sql,3464
Stage 1 Internal,Payroll,document.payroll_run,reversal_of_run_id,uuid,no,no,reversal_of_run_id uuid,server/db/ddl/planes/neon/document/03_tables.sql,3464
Stage 1 Internal,Payroll,document.payroll_run,idempotency_key,text,yes,no,idempotency_key text NOT NULL,server/db/ddl/planes/neon/document/03_tables.sql,3464
Stage 1 Internal,Payroll,document.payroll_run,metadata,jsonb,yes,no,metadata jsonb NOT NULL DEFAULT '{}'::jsonb,server/db/ddl/planes/neon/document/03_tables.sql,3465
Stage 1 Internal,Payroll,document.payroll_run,status,document.payroll_run_status_d,yes,no,status document.payroll_run_status_d NOT NULL DEFAULT 'draft',server/db/ddl/planes/neon/document/03_tables.sql,3466
Stage 1 Internal,Payroll,document.payroll_run,status_changed_at,timestamptz,no,no,status_changed_at timestamptz,server/db/ddl/planes/neon/document/03_tables.sql,3466
Stage 1 Internal,Payroll,document.payroll_run,status_changed_by,uuid,no,no,status_changed_by uuid,server/db/ddl/planes/neon/document/03_tables.sql,3466
Stage 1 Internal,Payroll,document.payroll_run,created_at,timestamptz,yes,no,created_at timestamptz NOT NULL DEFAULT now(),server/db/ddl/planes/neon/document/03_tables.sql,3467
Stage 1 Internal,Payroll,document.payroll_run,created_by,uuid,yes,no,created_by uuid NOT NULL,server/db/ddl/planes/neon/document/03_tables.sql,3467
Stage 1 Internal,Payroll,document.payroll_run,updated_at,timestamptz,no,no,updated_at timestamptz,server/db/ddl/planes/neon/document/03_tables.sql,3467
Stage 1 Internal,Payroll,document.payroll_run,updated_by,uuid,no,no,updated_by uuid,server/db/ddl/planes/neon/document/03_tables.sql,3467
Stage 1 Internal,Payroll,document.payroll_run_employee,id,uuid,yes,no,id uuid NOT NULL DEFAULT shared.uuidv7(),server/db/ddl/planes/neon/document/03_tables.sql,3484
Stage 1 Internal,Payroll,document.payroll_run_employee,tenant_id,uuid,yes,no,tenant_id uuid NOT NULL,server/db/ddl/planes/neon/document/03_tables.sql,3484
Stage 1 Internal,Payroll,document.payroll_run_employee,payroll_run_id,uuid,yes,no,payroll_run_id uuid NOT NULL,server/db/ddl/planes/neon/document/03_tables.sql,3484
Stage 1 Internal,Payroll,document.payroll_run_employee,employee_id,uuid,yes,no,employee_id uuid NOT NULL,server/db/ddl/planes/neon/document/03_tables.sql,3484
Stage 1 Internal,Payroll,document.payroll_run_employee,compensation_assignment_id,uuid,yes,no,compensation_assignment_id uuid NOT NULL,server/db/ddl/planes/neon/document/03_tables.sql,3485
Stage 1 Internal,Payroll,document.payroll_run_employee,inclusion_reason,text,no,no,inclusion_reason text,server/db/ddl/planes/neon/document/03_tables.sql,3485
Stage 1 Internal,Payroll,document.payroll_run_employee,exclusion_reason,text,no,no,exclusion_reason text,server/db/ddl/planes/neon/document/03_tables.sql,3485
Stage 1 Internal,Payroll,document.payroll_run_employee,error_detail,jsonb,yes,no,error_detail jsonb NOT NULL DEFAULT '{}'::jsonb,server/db/ddl/planes/neon/document/03_tables.sql,3485
Stage 1 Internal,Payroll,document.payroll_run_employee,status,document.payroll_run_employee_status_d,yes,no,status document.payroll_run_employee_status_d NOT NULL DEFAULT 'included',server/db/ddl/planes/neon/document/03_tables.sql,3486
Stage 1 Internal,Payroll,document.payroll_run_employee,status_changed_at,timestamptz,no,no,status_changed_at timestamptz,server/db/ddl/planes/neon/document/03_tables.sql,3486
Stage 1 Internal,Payroll,document.payroll_run_employee,status_changed_by,uuid,no,no,status_changed_by uuid,server/db/ddl/planes/neon/document/03_tables.sql,3486
Stage 1 Internal,Payroll,document.payroll_run_employee,created_at,timestamptz,yes,no,created_at timestamptz NOT NULL DEFAULT now(),server/db/ddl/planes/neon/document/03_tables.sql,3487
Stage 1 Internal,Payroll,document.payroll_run_employee,created_by,uuid,yes,no,created_by uuid NOT NULL,server/db/ddl/planes/neon/document/03_tables.sql,3487
Stage 1 Internal,Payroll,document.payroll_run_employee,updated_at,timestamptz,no,no,updated_at timestamptz,server/db/ddl/planes/neon/document/03_tables.sql,3487
Stage 1 Internal,Payroll,document.payroll_run_employee,updated_by,uuid,no,no,updated_by uuid,server/db/ddl/planes/neon/document/03_tables.sql,3487
Stage 1 Internal,Payroll,document.payroll_result,id,uuid,yes,no,id uuid NOT NULL DEFAULT shared.uuidv7(),server/db/ddl/planes/neon/document/03_tables.sql,3497
Stage 1 Internal,Payroll,document.payroll_result,tenant_id,uuid,yes,no,tenant_id uuid NOT NULL,server/db/ddl/planes/neon/document/03_tables.sql,3497
Stage 1 Internal,Payroll,document.payroll_result,payroll_run_id,uuid,yes,no,payroll_run_id uuid NOT NULL,server/db/ddl/planes/neon/document/03_tables.sql,3497
Stage 1 Internal,Payroll,document.payroll_result,payroll_run_employee_id,uuid,yes,no,payroll_run_employee_id uuid NOT NULL,server/db/ddl/planes/neon/document/03_tables.sql,3498
Stage 1 Internal,Payroll,document.payroll_result,employee_id,uuid,yes,no,employee_id uuid NOT NULL,server/db/ddl/planes/neon/document/03_tables.sql,3498
Stage 1 Internal,Payroll,document.payroll_result,currency_code,character(3),yes,no,currency_code character(3) NOT NULL,server/db/ddl/planes/neon/document/03_tables.sql,3498
Stage 1 Internal,Payroll,document.payroll_result,gross_amount,"numeric(18,4)",yes,no,"gross_amount numeric(18,4) NOT NULL DEFAULT 0",server/db/ddl/planes/neon/document/03_tables.sql,3499
Stage 1 Internal,Payroll,document.payroll_result,employee_deduction_amount,"numeric(18,4)",yes,no,"employee_deduction_amount numeric(18,4) NOT NULL DEFAULT 0",server/db/ddl/planes/neon/document/03_tables.sql,3499
Stage 1 Internal,Payroll,document.payroll_result,employer_contribution_amount,"numeric(18,4)",yes,no,"employer_contribution_amount numeric(18,4) NOT NULL DEFAULT 0",server/db/ddl/planes/neon/document/03_tables.sql,3500
Stage 1 Internal,Payroll,document.payroll_result,net_amount,"numeric(18,4)",yes,no,"net_amount numeric(18,4) NOT NULL DEFAULT 0",server/db/ddl/planes/neon/document/03_tables.sql,3500
Stage 1 Internal,Payroll,document.payroll_result,calculation_trace,jsonb,yes,no,calculation_trace jsonb NOT NULL DEFAULT '{}'::jsonb,server/db/ddl/planes/neon/document/03_tables.sql,3501
Stage 1 Internal,Payroll,document.payroll_result,status,document.payroll_result_status_d,yes,no,status document.payroll_result_status_d NOT NULL DEFAULT 'calculating',server/db/ddl/planes/neon/document/03_tables.sql,3502
Stage 1 Internal,Payroll,document.payroll_result,status_changed_at,timestamptz,no,no,status_changed_at timestamptz,server/db/ddl/planes/neon/document/03_tables.sql,3502
Stage 1 Internal,Payroll,document.payroll_result,status_changed_by,uuid,no,no,status_changed_by uuid,server/db/ddl/planes/neon/document/03_tables.sql,3502
Stage 1 Internal,Payroll,document.payroll_result,created_at,timestamptz,yes,no,created_at timestamptz NOT NULL DEFAULT now(),server/db/ddl/planes/neon/document/03_tables.sql,3503
Stage 1 Internal,Payroll,document.payroll_result,created_by,uuid,yes,no,created_by uuid NOT NULL,server/db/ddl/planes/neon/document/03_tables.sql,3503
Stage 1 Internal,Payroll,document.payroll_result,updated_at,timestamptz,no,no,updated_at timestamptz,server/db/ddl/planes/neon/document/03_tables.sql,3503
Stage 1 Internal,Payroll,document.payroll_result,updated_by,uuid,no,no,updated_by uuid,server/db/ddl/planes/neon/document/03_tables.sql,3503
Stage 1 Internal,Payroll,document.payroll_result_line,id,uuid,yes,no,id uuid NOT NULL DEFAULT shared.uuidv7(),server/db/ddl/planes/neon/document/03_tables.sql,3515
Stage 1 Internal,Payroll,document.payroll_result_line,tenant_id,uuid,yes,no,tenant_id uuid NOT NULL,server/db/ddl/planes/neon/document/03_tables.sql,3515
Stage 1 Internal,Payroll,document.payroll_result_line,payroll_result_id,uuid,yes,no,payroll_result_id uuid NOT NULL,server/db/ddl/planes/neon/document/03_tables.sql,3515
Stage 1 Internal,Payroll,document.payroll_result_line,line_no,smallint,yes,no,line_no smallint NOT NULL,server/db/ddl/planes/neon/document/03_tables.sql,3516
Stage 1 Internal,Payroll,document.payroll_result_line,pay_component_id,uuid,yes,no,pay_component_id uuid NOT NULL,server/db/ddl/planes/neon/document/03_tables.sql,3516
Stage 1 Internal,Payroll,document.payroll_result_line,component_code_snapshot,text,yes,no,component_code_snapshot text NOT NULL,server/db/ddl/planes/neon/document/03_tables.sql,3516
Stage 1 Internal,Payroll,document.payroll_result_line,component_type_snapshot,text,yes,no,component_type_snapshot text NOT NULL,server/db/ddl/planes/neon/document/03_tables.sql,3517
Stage 1 Internal,Payroll,document.payroll_result_line,is_employer_cost_snapshot,boolean,yes,no,is_employer_cost_snapshot boolean NOT NULL DEFAULT false,server/db/ddl/planes/neon/document/03_tables.sql,3517
Stage 1 Internal,Payroll,document.payroll_result_line,quantity,"numeric(18,4)",no,no,"quantity numeric(18,4)",server/db/ddl/planes/neon/document/03_tables.sql,3518
Stage 1 Internal,Payroll,document.payroll_result_line,rate,"numeric(18,8)",no,no,"rate numeric(18,8)",server/db/ddl/planes/neon/document/03_tables.sql,3518
Stage 1 Internal,Payroll,document.payroll_result_line,amount,"numeric(18,4)",yes,no,"amount numeric(18,4) NOT NULL",server/db/ddl/planes/neon/document/03_tables.sql,3518
Stage 1 Internal,Payroll,document.payroll_result_line,currency_code,character(3),yes,no,currency_code character(3) NOT NULL,server/db/ddl/planes/neon/document/03_tables.sql,3519
Stage 1 Internal,Payroll,document.payroll_result_line,formula_expression_version_id,uuid,no,no,formula_expression_version_id uuid,server/db/ddl/planes/neon/document/03_tables.sql,3519
Stage 1 Internal,Payroll,document.payroll_result_line,evaluated_inputs,jsonb,yes,no,evaluated_inputs jsonb NOT NULL DEFAULT '{}'::jsonb,server/db/ddl/planes/neon/document/03_tables.sql,3520
Stage 1 Internal,Payroll,document.payroll_result_line,evaluated_outputs,jsonb,yes,no,evaluated_outputs jsonb NOT NULL DEFAULT '{}'::jsonb,server/db/ddl/planes/neon/document/03_tables.sql,3520
Stage 1 Internal,Payroll,document.payroll_result_line,evaluation_trace,jsonb,yes,no,evaluation_trace jsonb NOT NULL DEFAULT '{}'::jsonb,server/db/ddl/planes/neon/document/03_tables.sql,3520
Stage 1 Internal,Payroll,document.payroll_result_line,cost_center_id,uuid,no,no,cost_center_id uuid,server/db/ddl/planes/neon/document/03_tables.sql,3521
Stage 1 Internal,Payroll,document.payroll_result_line,profit_center_id,uuid,no,no,profit_center_id uuid,server/db/ddl/planes/neon/document/03_tables.sql,3521
Stage 1 Internal,Payroll,document.payroll_result_line,project_id,uuid,no,no,project_id uuid,server/db/ddl/planes/neon/document/03_tables.sql,3521
Stage 1 Internal,Payroll,document.payroll_result_line,site_id,uuid,no,no,site_id uuid,server/db/ddl/planes/neon/document/03_tables.sql,3521
Stage 1 Internal,Payroll,document.payroll_result_line,gl_role,text,no,no,gl_role text,server/db/ddl/planes/neon/document/03_tables.sql,3521
Stage 1 Internal,Payroll,document.payroll_result_line,created_at,timestamptz,yes,no,created_at timestamptz NOT NULL DEFAULT now(),server/db/ddl/planes/neon/document/03_tables.sql,3522
Stage 1 Internal,Payroll,document.payroll_result_line,created_by,uuid,yes,no,created_by uuid NOT NULL,server/db/ddl/planes/neon/document/03_tables.sql,3522
Stage 1 Internal,Lifecycle and cases,document.policy_acknowledgment,id,uuid,yes,no,id uuid NOT NULL DEFAULT shared.uuidv7(),server/db/ddl/planes/neon/document/03_tables.sql,3531
Stage 1 Internal,Lifecycle and cases,document.policy_acknowledgment,tenant_id,uuid,yes,no,tenant_id uuid NOT NULL,server/db/ddl/planes/neon/document/03_tables.sql,3532
Stage 1 Internal,Lifecycle and cases,document.policy_acknowledgment,employee_id,uuid,yes,no,employee_id uuid NOT NULL,server/db/ddl/planes/neon/document/03_tables.sql,3533
Stage 1 Internal,Lifecycle and cases,document.policy_acknowledgment,policy_definition_id,uuid,yes,no,policy_definition_id uuid NOT NULL,server/db/ddl/planes/neon/document/03_tables.sql,3534
Stage 1 Internal,Lifecycle and cases,document.policy_acknowledgment,policy_code_snapshot,text,yes,no,policy_code_snapshot text NOT NULL,server/db/ddl/planes/neon/document/03_tables.sql,3535
Stage 1 Internal,Lifecycle and cases,document.policy_acknowledgment,policy_name_snapshot,text,yes,no,policy_name_snapshot text NOT NULL,server/db/ddl/planes/neon/document/03_tables.sql,3536
Stage 1 Internal,Lifecycle and cases,document.policy_acknowledgment,policy_version_snapshot,integer,yes,no,policy_version_snapshot integer NOT NULL,server/db/ddl/planes/neon/document/03_tables.sql,3537
Stage 1 Internal,Lifecycle and cases,document.policy_acknowledgment,policy_content_hash,char(64),yes,no,policy_content_hash char(64) NOT NULL,server/db/ddl/planes/neon/document/03_tables.sql,3538
Stage 1 Internal,Lifecycle and cases,document.policy_acknowledgment,acknowledgment_channel,document.policy_acknowledgment_channel_d,yes,no,acknowledgment_channel document.policy_acknowledgment_channel_d NOT NULL DEFAULT 'self_service',server/db/ddl/planes/neon/document/03_tables.sql,3539
Stage 1 Internal,Lifecycle and cases,document.policy_acknowledgment,acknowledged_at,timestamptz,yes,no,acknowledged_at timestamptz NOT NULL DEFAULT now(),server/db/ddl/planes/neon/document/03_tables.sql,3540
Stage 1 Internal,Lifecycle and cases,document.policy_acknowledgment,acknowledged_by,uuid,yes,no,acknowledged_by uuid NOT NULL,server/db/ddl/planes/neon/document/03_tables.sql,3541
Stage 1 Internal,Lifecycle and cases,document.policy_acknowledgment,evidence_payload,jsonb,yes,no,evidence_payload jsonb NOT NULL DEFAULT '{}'::jsonb,server/db/ddl/planes/neon/document/03_tables.sql,3542
Stage 1 Internal,Lifecycle and cases,document.policy_acknowledgment,correlation_id,uuid,no,no,correlation_id uuid,server/db/ddl/planes/neon/document/03_tables.sql,3543
Stage 1 Internal,Lifecycle and cases,document.policy_acknowledgment,trace_id,char(32),no,no,trace_id char(32),server/db/ddl/planes/neon/document/03_tables.sql,3544
Stage 1 Internal,Lifecycle and cases,document.policy_acknowledgment,ip_address,inet,no,no,ip_address inet,server/db/ddl/planes/neon/document/03_tables.sql,3545
Stage 1 Internal,Lifecycle and cases,document.policy_acknowledgment,user_agent,text,no,no,user_agent text,server/db/ddl/planes/neon/document/03_tables.sql,3546
Stage 1 Internal,Lifecycle and cases,document.policy_acknowledgment,created_at,timestamptz,yes,no,created_at timestamptz NOT NULL DEFAULT now(),server/db/ddl/planes/neon/document/03_tables.sql,3547
Stage 1 Internal,Lifecycle and cases,document.policy_acknowledgment,created_by,uuid,yes,no,created_by uuid NOT NULL,server/db/ddl/planes/neon/document/03_tables.sql,3548
Shared,Shared banking and output,document.render_output,id,uuid,yes,no,id uuid NOT NULL DEFAULT shared.uuidv7(),server/db/ddl/planes/neon/document/03_tables.sql,4274
Shared,Shared banking and output,document.render_output,tenant_id,uuid,yes,no,tenant_id uuid NOT NULL,server/db/ddl/planes/neon/document/03_tables.sql,4274
Shared,Shared banking and output,document.render_output,template_version_id,uuid,no,no,template_version_id uuid,server/db/ddl/planes/neon/document/03_tables.sql,4275
Shared,Shared banking and output,document.render_output,letterhead_id,uuid,no,no,letterhead_id uuid,server/db/ddl/planes/neon/document/03_tables.sql,4275
Shared,Shared banking and output,document.render_output,brand_profile_id,uuid,no,no,brand_profile_id uuid,server/db/ddl/planes/neon/document/03_tables.sql,4275
Shared,Shared banking and output,document.render_output,entity_name,text,yes,no,entity_name text NOT NULL,server/db/ddl/planes/neon/document/03_tables.sql,4276
Shared,Shared banking and output,document.render_output,entity_id,text,yes,no,entity_id text NOT NULL,server/db/ddl/planes/neon/document/03_tables.sql,4276
Shared,Shared banking and output,document.render_output,operation,text,yes,no,operation text NOT NULL,server/db/ddl/planes/neon/document/03_tables.sql,4276
Shared,Shared banking and output,document.render_output,variant,text,yes,no,variant text NOT NULL DEFAULT 'default',server/db/ddl/planes/neon/document/03_tables.sql,4277
Shared,Shared banking and output,document.render_output,locale,text,yes,no,locale text NOT NULL DEFAULT 'en',server/db/ddl/planes/neon/document/03_tables.sql,4277
Shared,Shared banking and output,document.render_output,timezone,text,yes,no,timezone text NOT NULL DEFAULT 'UTC',server/db/ddl/planes/neon/document/03_tables.sql,4277
Shared,Shared banking and output,document.render_output,status,document.render_output_status_d,yes,no,status document.render_output_status_d NOT NULL DEFAULT 'QUEUED',server/db/ddl/planes/neon/document/03_tables.sql,4278
Shared,Shared banking and output,document.render_output,job_queue_id,text,no,no,job_queue_id text,server/db/ddl/planes/neon/document/03_tables.sql,4279
Shared,Shared banking and output,document.render_output,attempt_count,integer,yes,no,attempt_count integer NOT NULL DEFAULT 0,server/db/ddl/planes/neon/document/03_tables.sql,4279
Shared,Shared banking and output,document.render_output,max_attempts,integer,yes,no,max_attempts integer NOT NULL DEFAULT 3,server/db/ddl/planes/neon/document/03_tables.sql,4279
Shared,Shared banking and output,document.render_output,last_attempt_at,timestamptz,no,no,last_attempt_at timestamptz,server/db/ddl/planes/neon/document/03_tables.sql,4280
Shared,Shared banking and output,document.render_output,trace_id,char(32),no,no,trace_id char(32),server/db/ddl/planes/neon/document/03_tables.sql,4280
Shared,Shared banking and output,document.render_output,storage_bucket,text,no,no,storage_bucket text,server/db/ddl/planes/neon/document/03_tables.sql,4281
Shared,Shared banking and output,document.render_output,storage_key,text,no,no,storage_key text,server/db/ddl/planes/neon/document/03_tables.sql,4281
Shared,Shared banking and output,document.render_output,storage_version_id,text,no,no,storage_version_id text,server/db/ddl/planes/neon/document/03_tables.sql,4281
Shared,Shared banking and output,document.render_output,mime_type,text,no,no,mime_type text DEFAULT 'application/pdf',server/db/ddl/planes/neon/document/03_tables.sql,4281
Shared,Shared banking and output,document.render_output,size_bytes,bigint,no,no,size_bytes bigint,server/db/ddl/planes/neon/document/03_tables.sql,4282
Shared,Shared banking and output,document.render_output,checksum,text,no,no,checksum text,server/db/ddl/planes/neon/document/03_tables.sql,4282
Shared,Shared banking and output,document.render_output,manifest_json,jsonb,yes,no,manifest_json jsonb NOT NULL DEFAULT '{}'::jsonb,server/db/ddl/planes/neon/document/03_tables.sql,4282
Shared,Shared banking and output,document.render_output,manifest_version,integer,yes,no,manifest_version integer NOT NULL DEFAULT 1,server/db/ddl/planes/neon/document/03_tables.sql,4282
Shared,Shared banking and output,document.render_output,input_payload_hash,text,no,no,input_payload_hash text,server/db/ddl/planes/neon/document/03_tables.sql,4283
Shared,Shared banking and output,document.render_output,replaces_output_id,uuid,no,no,replaces_output_id uuid,server/db/ddl/planes/neon/document/03_tables.sql,4283
Shared,Shared banking and output,document.render_output,error_code,text,no,no,error_code text,server/db/ddl/planes/neon/document/03_tables.sql,4284
Shared,Shared banking and output,document.render_output,error_message,text,no,no,error_message text,server/db/ddl/planes/neon/document/03_tables.sql,4284
Shared,Shared banking and output,document.render_output,failure_category,document.render_failure_category_d,no,no,failure_category document.render_failure_category_d,server/db/ddl/planes/neon/document/03_tables.sql,4284
Shared,Shared banking and output,document.render_output,replay_count,integer,yes,no,replay_count integer NOT NULL DEFAULT 0,server/db/ddl/planes/neon/document/03_tables.sql,4285
Shared,Shared banking and output,document.render_output,last_replayed_at,timestamptz,no,no,last_replayed_at timestamptz,server/db/ddl/planes/neon/document/03_tables.sql,4285
Shared,Shared banking and output,document.render_output,last_replayed_by,uuid,no,no,last_replayed_by uuid,server/db/ddl/planes/neon/document/03_tables.sql,4285
Shared,Shared banking and output,document.render_output,rendered_at,timestamptz,no,no,rendered_at timestamptz,server/db/ddl/planes/neon/document/03_tables.sql,4286
Shared,Shared banking and output,document.render_output,delivered_at,timestamptz,no,no,delivered_at timestamptz,server/db/ddl/planes/neon/document/03_tables.sql,4286
Shared,Shared banking and output,document.render_output,archived_at,timestamptz,no,no,archived_at timestamptz,server/db/ddl/planes/neon/document/03_tables.sql,4286
Shared,Shared banking and output,document.render_output,revoked_at,timestamptz,no,no,revoked_at timestamptz,server/db/ddl/planes/neon/document/03_tables.sql,4287
Shared,Shared banking and output,document.render_output,revoked_by,uuid,no,no,revoked_by uuid,server/db/ddl/planes/neon/document/03_tables.sql,4287
Shared,Shared banking and output,document.render_output,revoke_reason,text,no,no,revoke_reason text,server/db/ddl/planes/neon/document/03_tables.sql,4287
Shared,Shared banking and output,document.render_output,status_changed_at,timestamptz,no,no,status_changed_at timestamptz,server/db/ddl/planes/neon/document/03_tables.sql,4288
Shared,Shared banking and output,document.render_output,status_changed_by,uuid,no,no,status_changed_by uuid,server/db/ddl/planes/neon/document/03_tables.sql,4288
Shared,Shared banking and output,document.render_output,created_at,timestamptz,yes,no,created_at timestamptz NOT NULL DEFAULT now(),server/db/ddl/planes/neon/document/03_tables.sql,4289
Shared,Shared banking and output,document.render_output,created_by,uuid,yes,no,created_by uuid NOT NULL,server/db/ddl/planes/neon/document/03_tables.sql,4289
Shared,Shared banking and output,document.render_output,updated_at,timestamptz,no,no,updated_at timestamptz,server/db/ddl/planes/neon/document/03_tables.sql,4290
Shared,Shared banking and output,document.render_output,updated_by,uuid,no,no,updated_by uuid,server/db/ddl/planes/neon/document/03_tables.sql,4290
Stage 1 Internal,Lifecycle and cases,document.user_profile_update_request,id,uuid,yes,no,id uuid NOT NULL DEFAULT shared.uuidv7(),server/db/ddl/planes/neon/document/03_tables.sql,4311
Stage 1 Internal,Lifecycle and cases,document.user_profile_update_request,tenant_id,uuid,yes,no,tenant_id uuid NOT NULL,server/db/ddl/planes/neon/document/03_tables.sql,4311
Stage 1 Internal,Lifecycle and cases,document.user_profile_update_request,code,text,yes,no,code text NOT NULL,server/db/ddl/planes/neon/document/03_tables.sql,4312
Stage 1 Internal,Lifecycle and cases,document.user_profile_update_request,name,text,yes,no,name text NOT NULL,server/db/ddl/planes/neon/document/03_tables.sql,4312
Stage 1 Internal,Lifecycle and cases,document.user_profile_update_request,created_by,uuid,yes,no,created_by uuid NOT NULL,server/db/ddl/planes/neon/document/03_tables.sql,4312
Stage 1 Internal,Lifecycle and cases,document.user_profile_update_request,requested_by,uuid,yes,no,requested_by uuid NOT NULL,server/db/ddl/planes/neon/document/03_tables.sql,4313
Stage 1 Internal,Lifecycle and cases,document.user_profile_update_request,principal_id,uuid,yes,no,principal_id uuid NOT NULL,server/db/ddl/planes/neon/document/03_tables.sql,4313
Stage 1 Internal,Lifecycle and cases,document.user_profile_update_request,principal_snapshot,jsonb,no,no,principal_snapshot jsonb,server/db/ddl/planes/neon/document/03_tables.sql,4313
Stage 1 Internal,Lifecycle and cases,document.user_profile_update_request,request_scope,text[],yes,no,request_scope text[] NOT NULL DEFAULT '{}'::text[],server/db/ddl/planes/neon/document/03_tables.sql,4314
Stage 1 Internal,Lifecycle and cases,document.user_profile_update_request,priority,document.profile_update_priority_d,yes,no,priority document.profile_update_priority_d NOT NULL DEFAULT 'normal',server/db/ddl/planes/neon/document/03_tables.sql,4314
Stage 1 Internal,Lifecycle and cases,document.user_profile_update_request,change_reason,text,no,no,change_reason text,server/db/ddl/planes/neon/document/03_tables.sql,4315
Stage 1 Internal,Lifecycle and cases,document.user_profile_update_request,requested_changes,jsonb,yes,no,requested_changes jsonb NOT NULL DEFAULT '{}'::jsonb,server/db/ddl/planes/neon/document/03_tables.sql,4315
Stage 1 Internal,Lifecycle and cases,document.user_profile_update_request,workflow_request_id,uuid,no,no,workflow_request_id uuid,server/db/ddl/planes/neon/document/03_tables.sql,4315
Stage 1 Internal,Lifecycle and cases,document.user_profile_update_request,status,document.profile_update_request_status_d,yes,no,status document.profile_update_request_status_d NOT NULL DEFAULT 'draft',server/db/ddl/planes/neon/document/03_tables.sql,4316
Stage 1 Internal,Lifecycle and cases,document.user_profile_update_request,is_active,boolean,no,yes,"is_active boolean GENERATED ALWAYS AS (status IN ('draft','submitted','awaiting_approval','revision_requested')) STORED",server/db/ddl/planes/neon/document/03_tables.sql,4317
Stage 1 Internal,Lifecycle and cases,document.user_profile_update_request,status_changed_at,timestamptz,no,no,status_changed_at timestamptz,server/db/ddl/planes/neon/document/03_tables.sql,4318
Stage 1 Internal,Lifecycle and cases,document.user_profile_update_request,status_changed_by,uuid,no,no,status_changed_by uuid,server/db/ddl/planes/neon/document/03_tables.sql,4318
Stage 1 Internal,Lifecycle and cases,document.user_profile_update_request,metadata,jsonb,yes,no,metadata jsonb NOT NULL DEFAULT '{}'::jsonb,server/db/ddl/planes/neon/document/03_tables.sql,4318
Stage 1 Internal,Lifecycle and cases,document.user_profile_update_request,created_at,timestamptz,yes,no,created_at timestamptz NOT NULL DEFAULT now(),server/db/ddl/planes/neon/document/03_tables.sql,4319
Stage 1 Internal,Lifecycle and cases,document.user_profile_update_request,updated_at,timestamptz,no,no,updated_at timestamptz,server/db/ddl/planes/neon/document/03_tables.sql,4319
Stage 1 Internal,Lifecycle and cases,document.user_profile_update_request,updated_by,uuid,no,no,updated_by uuid,server/db/ddl/planes/neon/document/03_tables.sql,4319
Stage 1 Internal,Lifecycle and cases,document.workforce_iam_projection,id,uuid,yes,no,id uuid NOT NULL DEFAULT shared.uuidv7(),server/db/ddl/planes/neon/document/03_tables.sql,4399
Stage 1 Internal,Lifecycle and cases,document.workforce_iam_projection,tenant_id,uuid,yes,no,tenant_id uuid NOT NULL,server/db/ddl/planes/neon/document/03_tables.sql,4400
Stage 1 Internal,Lifecycle and cases,document.workforce_iam_projection,employee_id,uuid,yes,no,employee_id uuid NOT NULL,server/db/ddl/planes/neon/document/03_tables.sql,4401
Stage 1 Internal,Lifecycle and cases,document.workforce_iam_projection,employer_organization_id,uuid,yes,no,employer_organization_id uuid NOT NULL,server/db/ddl/planes/neon/document/03_tables.sql,4402
Stage 1 Internal,Lifecycle and cases,document.workforce_iam_projection,requested_principal_creation,boolean,yes,no,requested_principal_creation boolean NOT NULL DEFAULT false,server/db/ddl/planes/neon/document/03_tables.sql,4403
Stage 1 Internal,Lifecycle and cases,document.workforce_iam_projection,desired_state,text,yes,no,desired_state text NOT NULL DEFAULT 'member',server/db/ddl/planes/neon/document/03_tables.sql,4404
Stage 1 Internal,Lifecycle and cases,document.workforce_iam_projection,observed_state,text,yes,no,observed_state text NOT NULL DEFAULT 'pending',server/db/ddl/planes/neon/document/03_tables.sql,4405
Stage 1 Internal,Lifecycle and cases,document.workforce_iam_projection,attempt_count,integer,yes,no,attempt_count integer NOT NULL DEFAULT 0,server/db/ddl/planes/neon/document/03_tables.sql,4406
Stage 1 Internal,Lifecycle and cases,document.workforce_iam_projection,last_error_code,text,no,no,last_error_code text,server/db/ddl/planes/neon/document/03_tables.sql,4407
Stage 1 Internal,Lifecycle and cases,document.workforce_iam_projection,next_attempt_at,timestamptz,yes,no,next_attempt_at timestamptz NOT NULL DEFAULT now(),server/db/ddl/planes/neon/document/03_tables.sql,4408
Stage 1 Internal,Lifecycle and cases,document.workforce_iam_projection,idempotency_key,text,yes,no,idempotency_key text NOT NULL,server/db/ddl/planes/neon/document/03_tables.sql,4409
Stage 1 Internal,Lifecycle and cases,document.workforce_iam_projection,row_version,bigint,yes,no,row_version bigint NOT NULL DEFAULT 1,server/db/ddl/planes/neon/document/03_tables.sql,4410
Stage 1 Internal,Lifecycle and cases,document.workforce_iam_projection,created_at,timestamptz,yes,no,created_at timestamptz NOT NULL DEFAULT now(),server/db/ddl/planes/neon/document/03_tables.sql,4411
Stage 1 Internal,Lifecycle and cases,document.workforce_iam_projection,created_by,uuid,yes,no,created_by uuid NOT NULL,server/db/ddl/planes/neon/document/03_tables.sql,4412
Stage 1 Internal,Lifecycle and cases,document.workforce_iam_projection,updated_at,timestamptz,no,no,updated_at timestamptz,server/db/ddl/planes/neon/document/03_tables.sql,4413
Stage 1 Internal,Lifecycle and cases,document.workforce_iam_projection,updated_by,uuid,no,no,updated_by uuid,server/db/ddl/planes/neon/document/03_tables.sql,4414
Stage 2 External,External workforce adjacent,document.workforce_requisition,id,uuid,yes,no,id uuid NOT NULL DEFAULT shared.uuidv7(),server/db/ddl/planes/neon/document/03_tables.sql,5184
Stage 2 External,External workforce adjacent,document.workforce_requisition,tenant_id,uuid,yes,no,tenant_id uuid NOT NULL,server/db/ddl/planes/neon/document/03_tables.sql,5184
Stage 2 External,External workforce adjacent,document.workforce_requisition,company_code_id,uuid,yes,no,company_code_id uuid NOT NULL,server/db/ddl/planes/neon/document/03_tables.sql,5185
Stage 2 External,External workforce adjacent,document.workforce_requisition,legal_entity_id,uuid,yes,no,legal_entity_id uuid NOT NULL,server/db/ddl/planes/neon/document/03_tables.sql,5185
Stage 2 External,External workforce adjacent,document.workforce_requisition,purchase_requisition_id,uuid,no,no,purchase_requisition_id uuid,server/db/ddl/planes/neon/document/03_tables.sql,5185
Stage 2 External,External workforce adjacent,document.workforce_requisition,code,text,yes,no,code text NOT NULL,server/db/ddl/planes/neon/document/03_tables.sql,5186
Stage 2 External,External workforce adjacent,document.workforce_requisition,name,text,yes,no,name text NOT NULL,server/db/ddl/planes/neon/document/03_tables.sql,5186
Stage 2 External,External workforce adjacent,document.workforce_requisition,description,text,no,no,description text,server/db/ddl/planes/neon/document/03_tables.sql,5186
Stage 2 External,External workforce adjacent,document.workforce_requisition,engagement_model,text,yes,no,engagement_model text NOT NULL DEFAULT 'contingent',server/db/ddl/planes/neon/document/03_tables.sql,5187
Stage 2 External,External workforce adjacent,document.workforce_requisition,job_id,uuid,no,no,job_id uuid,server/db/ddl/planes/neon/document/03_tables.sql,5187
Stage 2 External,External workforce adjacent,document.workforce_requisition,position_id,uuid,no,no,position_id uuid,server/db/ddl/planes/neon/document/03_tables.sql,5187
Stage 2 External,External workforce adjacent,document.workforce_requisition,org_unit_id,uuid,no,no,org_unit_id uuid,server/db/ddl/planes/neon/document/03_tables.sql,5187
Stage 2 External,External workforce adjacent,document.workforce_requisition,manager_employee_id,uuid,no,no,manager_employee_id uuid,server/db/ddl/planes/neon/document/03_tables.sql,5188
Stage 2 External,External workforce adjacent,document.workforce_requisition,site_id,uuid,no,no,site_id uuid,server/db/ddl/planes/neon/document/03_tables.sql,5188
Stage 2 External,External workforce adjacent,document.workforce_requisition,cost_center_id,uuid,no,no,cost_center_id uuid,server/db/ddl/planes/neon/document/03_tables.sql,5188
Stage 2 External,External workforce adjacent,document.workforce_requisition,requested_headcount,"numeric(10,2)",yes,no,"requested_headcount numeric(10,2) NOT NULL DEFAULT 1",server/db/ddl/planes/neon/document/03_tables.sql,5189
Stage 2 External,External workforce adjacent,document.workforce_requisition,expected_start_date,date,yes,no,expected_start_date date NOT NULL,server/db/ddl/planes/neon/document/03_tables.sql,5190
Stage 2 External,External workforce adjacent,document.workforce_requisition,expected_end_date,date,no,no,expected_end_date date,server/db/ddl/planes/neon/document/03_tables.sql,5190
Stage 2 External,External workforce adjacent,document.workforce_requisition,currency_code,character(3),yes,no,currency_code character(3) NOT NULL,server/db/ddl/planes/neon/document/03_tables.sql,5191
Stage 2 External,External workforce adjacent,document.workforce_requisition,target_rate_min,"numeric(18,6)",no,no,"target_rate_min numeric(18,6)",server/db/ddl/planes/neon/document/03_tables.sql,5191
Stage 2 External,External workforce adjacent,document.workforce_requisition,target_rate_max,"numeric(18,6)",no,no,"target_rate_max numeric(18,6)",server/db/ddl/planes/neon/document/03_tables.sql,5191
Stage 2 External,External workforce adjacent,document.workforce_requisition,rate_unit,text,no,no,rate_unit text,server/db/ddl/planes/neon/document/03_tables.sql,5191
Stage 2 External,External workforce adjacent,document.workforce_requisition,workflow_request_id,uuid,no,no,workflow_request_id uuid,server/db/ddl/planes/neon/document/03_tables.sql,5192
Stage 2 External,External workforce adjacent,document.workforce_requisition,approved_at,timestamptz,no,no,approved_at timestamptz,server/db/ddl/planes/neon/document/03_tables.sql,5192
Stage 2 External,External workforce adjacent,document.workforce_requisition,approved_by,uuid,no,no,approved_by uuid,server/db/ddl/planes/neon/document/03_tables.sql,5192
Stage 2 External,External workforce adjacent,document.workforce_requisition,row_version,bigint,yes,no,row_version bigint NOT NULL DEFAULT 1,server/db/ddl/planes/neon/document/03_tables.sql,5193
Stage 2 External,External workforce adjacent,document.workforce_requisition,metadata,jsonb,yes,no,metadata jsonb NOT NULL DEFAULT '{}'::jsonb,server/db/ddl/planes/neon/document/03_tables.sql,5193
Stage 2 External,External workforce adjacent,document.workforce_requisition,status,text,yes,no,status text NOT NULL DEFAULT 'draft',server/db/ddl/planes/neon/document/03_tables.sql,5194
Stage 2 External,External workforce adjacent,document.workforce_requisition,status_changed_at,timestamptz,no,no,status_changed_at timestamptz,server/db/ddl/planes/neon/document/03_tables.sql,5194
Stage 2 External,External workforce adjacent,document.workforce_requisition,status_changed_by,uuid,no,no,status_changed_by uuid,server/db/ddl/planes/neon/document/03_tables.sql,5194
Stage 2 External,External workforce adjacent,document.workforce_requisition,created_at,timestamptz,yes,no,created_at timestamptz NOT NULL DEFAULT now(),server/db/ddl/planes/neon/document/03_tables.sql,5195
Stage 2 External,External workforce adjacent,document.workforce_requisition,created_by,uuid,yes,no,created_by uuid NOT NULL,server/db/ddl/planes/neon/document/03_tables.sql,5195
Stage 2 External,External workforce adjacent,document.workforce_requisition,updated_at,timestamptz,no,no,updated_at timestamptz,server/db/ddl/planes/neon/document/03_tables.sql,5195
Stage 2 External,External workforce adjacent,document.workforce_requisition,updated_by,uuid,no,no,updated_by uuid,server/db/ddl/planes/neon/document/03_tables.sql,5195
Stage 2 External,External workforce adjacent,document.workforce_requisition_supplier,id,uuid,yes,no,id uuid NOT NULL DEFAULT shared.uuidv7(),server/db/ddl/planes/neon/document/03_tables.sql,5215
Stage 2 External,External workforce adjacent,document.workforce_requisition_supplier,tenant_id,uuid,yes,no,tenant_id uuid NOT NULL,server/db/ddl/planes/neon/document/03_tables.sql,5215
Stage 2 External,External workforce adjacent,document.workforce_requisition_supplier,workforce_requisition_id,uuid,yes,no,workforce_requisition_id uuid NOT NULL,server/db/ddl/planes/neon/document/03_tables.sql,5216
Stage 2 External,External workforce adjacent,document.workforce_requisition_supplier,supplier_id,uuid,yes,no,supplier_id uuid NOT NULL,server/db/ddl/planes/neon/document/03_tables.sql,5216
Stage 2 External,External workforce adjacent,document.workforce_requisition_supplier,distributed_at,timestamptz,yes,no,distributed_at timestamptz NOT NULL,server/db/ddl/planes/neon/document/03_tables.sql,5217
Stage 2 External,External workforce adjacent,document.workforce_requisition_supplier,distributed_by,uuid,yes,no,distributed_by uuid NOT NULL,server/db/ddl/planes/neon/document/03_tables.sql,5217
Stage 2 External,External workforce adjacent,document.workforce_requisition_supplier,response_due_at,timestamptz,no,no,response_due_at timestamptz,server/db/ddl/planes/neon/document/03_tables.sql,5217
Stage 2 External,External workforce adjacent,document.workforce_requisition_supplier,acknowledged_at,timestamptz,no,no,acknowledged_at timestamptz,server/db/ddl/planes/neon/document/03_tables.sql,5218
Stage 2 External,External workforce adjacent,document.workforce_requisition_supplier,declined_at,timestamptz,no,no,declined_at timestamptz,server/db/ddl/planes/neon/document/03_tables.sql,5218
Stage 2 External,External workforce adjacent,document.workforce_requisition_supplier,decline_reason,text,no,no,decline_reason text,server/db/ddl/planes/neon/document/03_tables.sql,5218
Stage 2 External,External workforce adjacent,document.workforce_requisition_supplier,distribution_snapshot,jsonb,yes,no,distribution_snapshot jsonb NOT NULL DEFAULT '{}'::jsonb,server/db/ddl/planes/neon/document/03_tables.sql,5219
Stage 2 External,External workforce adjacent,document.workforce_requisition_supplier,status,text,yes,no,status text NOT NULL DEFAULT 'distributed',server/db/ddl/planes/neon/document/03_tables.sql,5219
Stage 2 External,External workforce adjacent,document.workforce_requisition_supplier,created_at,timestamptz,yes,no,created_at timestamptz NOT NULL DEFAULT now(),server/db/ddl/planes/neon/document/03_tables.sql,5220
Stage 2 External,External workforce adjacent,document.workforce_requisition_supplier,created_by,uuid,yes,no,created_by uuid NOT NULL,server/db/ddl/planes/neon/document/03_tables.sql,5220
Stage 2 External,External workforce adjacent,document.external_candidate_submission,id,uuid,yes,no,id uuid NOT NULL DEFAULT shared.uuidv7(),server/db/ddl/planes/neon/document/03_tables.sql,5231
Stage 2 External,External workforce adjacent,document.external_candidate_submission,tenant_id,uuid,yes,no,tenant_id uuid NOT NULL,server/db/ddl/planes/neon/document/03_tables.sql,5231
Stage 2 External,External workforce adjacent,document.external_candidate_submission,workforce_requisition_id,uuid,yes,no,workforce_requisition_id uuid NOT NULL,server/db/ddl/planes/neon/document/03_tables.sql,5232
Stage 2 External,External workforce adjacent,document.external_candidate_submission,requisition_supplier_id,uuid,yes,no,requisition_supplier_id uuid NOT NULL,server/db/ddl/planes/neon/document/03_tables.sql,5232
Stage 2 External,External workforce adjacent,document.external_candidate_submission,supplier_id,uuid,yes,no,supplier_id uuid NOT NULL,server/db/ddl/planes/neon/document/03_tables.sql,5232
Stage 2 External,External workforce adjacent,document.external_candidate_submission,person_id,uuid,no,no,person_id uuid,server/db/ddl/planes/neon/document/03_tables.sql,5233
Stage 2 External,External workforce adjacent,document.external_candidate_submission,candidate_reference_hash,char(64),yes,no,candidate_reference_hash char(64) NOT NULL,server/db/ddl/planes/neon/document/03_tables.sql,5233
Stage 2 External,External workforce adjacent,document.external_candidate_submission,profile_content_item_id,uuid,no,no,profile_content_item_id uuid,server/db/ddl/planes/neon/document/03_tables.sql,5233
Stage 2 External,External workforce adjacent,document.external_candidate_submission,proposed_rate,"numeric(18,6)",no,no,"proposed_rate numeric(18,6)",server/db/ddl/planes/neon/document/03_tables.sql,5234
Stage 2 External,External workforce adjacent,document.external_candidate_submission,currency_code,character(3),yes,no,currency_code character(3) NOT NULL,server/db/ddl/planes/neon/document/03_tables.sql,5234
Stage 2 External,External workforce adjacent,document.external_candidate_submission,rate_unit,text,no,no,rate_unit text,server/db/ddl/planes/neon/document/03_tables.sql,5234
Stage 2 External,External workforce adjacent,document.external_candidate_submission,availability_date,date,no,no,availability_date date,server/db/ddl/planes/neon/document/03_tables.sql,5234
Stage 2 External,External workforce adjacent,document.external_candidate_submission,submitted_at,timestamptz,yes,no,submitted_at timestamptz NOT NULL,server/db/ddl/planes/neon/document/03_tables.sql,5235
Stage 2 External,External workforce adjacent,document.external_candidate_submission,submitted_by,uuid,yes,no,submitted_by uuid NOT NULL,server/db/ddl/planes/neon/document/03_tables.sql,5235
Stage 2 External,External workforce adjacent,document.external_candidate_submission,consent_evidence_id,uuid,no,no,consent_evidence_id uuid,server/db/ddl/planes/neon/document/03_tables.sql,5235
Stage 2 External,External workforce adjacent,document.external_candidate_submission,row_version,bigint,yes,no,row_version bigint NOT NULL DEFAULT 1,server/db/ddl/planes/neon/document/03_tables.sql,5236
Stage 2 External,External workforce adjacent,document.external_candidate_submission,metadata,jsonb,yes,no,metadata jsonb NOT NULL DEFAULT '{}'::jsonb,server/db/ddl/planes/neon/document/03_tables.sql,5236
Stage 2 External,External workforce adjacent,document.external_candidate_submission,status,text,yes,no,status text NOT NULL DEFAULT 'submitted',server/db/ddl/planes/neon/document/03_tables.sql,5237
Stage 2 External,External workforce adjacent,document.external_candidate_submission,status_changed_at,timestamptz,no,no,status_changed_at timestamptz,server/db/ddl/planes/neon/document/03_tables.sql,5237
Stage 2 External,External workforce adjacent,document.external_candidate_submission,status_changed_by,uuid,no,no,status_changed_by uuid,server/db/ddl/planes/neon/document/03_tables.sql,5237
Stage 2 External,External workforce adjacent,document.external_candidate_submission,created_at,timestamptz,yes,no,created_at timestamptz NOT NULL DEFAULT now(),server/db/ddl/planes/neon/document/03_tables.sql,5238
Stage 2 External,External workforce adjacent,document.external_candidate_submission,created_by,uuid,yes,no,created_by uuid NOT NULL,server/db/ddl/planes/neon/document/03_tables.sql,5238
Stage 2 External,External workforce adjacent,document.external_candidate_submission,updated_at,timestamptz,no,no,updated_at timestamptz,server/db/ddl/planes/neon/document/03_tables.sql,5238
Stage 2 External,External workforce adjacent,document.external_candidate_submission,updated_by,uuid,no,no,updated_by uuid,server/db/ddl/planes/neon/document/03_tables.sql,5238
Stage 2 External,External workforce adjacent,document.external_candidate_evaluation,id,uuid,yes,no,id uuid NOT NULL DEFAULT shared.uuidv7(),server/db/ddl/planes/neon/document/03_tables.sql,5252
Stage 2 External,External workforce adjacent,document.external_candidate_evaluation,tenant_id,uuid,yes,no,tenant_id uuid NOT NULL,server/db/ddl/planes/neon/document/03_tables.sql,5252
Stage 2 External,External workforce adjacent,document.external_candidate_evaluation,candidate_submission_id,uuid,yes,no,candidate_submission_id uuid NOT NULL,server/db/ddl/planes/neon/document/03_tables.sql,5252
Stage 2 External,External workforce adjacent,document.external_candidate_evaluation,evaluation_kind,text,yes,no,evaluation_kind text NOT NULL,server/db/ddl/planes/neon/document/03_tables.sql,5253
Stage 2 External,External workforce adjacent,document.external_candidate_evaluation,outcome,text,yes,no,outcome text NOT NULL,server/db/ddl/planes/neon/document/03_tables.sql,5253
Stage 2 External,External workforce adjacent,document.external_candidate_evaluation,score,"numeric(7,4)",no,no,"score numeric(7,4)",server/db/ddl/planes/neon/document/03_tables.sql,5253
Stage 2 External,External workforce adjacent,document.external_candidate_evaluation,safe_reason_code,text,no,no,safe_reason_code text,server/db/ddl/planes/neon/document/03_tables.sql,5253
Stage 2 External,External workforce adjacent,document.external_candidate_evaluation,evidence_snapshot,jsonb,yes,no,evidence_snapshot jsonb NOT NULL DEFAULT '{}'::jsonb,server/db/ddl/planes/neon/document/03_tables.sql,5254
Stage 2 External,External workforce adjacent,document.external_candidate_evaluation,evaluated_at,timestamptz,yes,no,evaluated_at timestamptz NOT NULL DEFAULT now(),server/db/ddl/planes/neon/document/03_tables.sql,5255
Stage 2 External,External workforce adjacent,document.external_candidate_evaluation,evaluated_by,uuid,yes,no,evaluated_by uuid NOT NULL,server/db/ddl/planes/neon/document/03_tables.sql,5255
Stage 2 External,External workforce adjacent,document.external_candidate_evaluation,created_at,timestamptz,yes,no,created_at timestamptz NOT NULL DEFAULT now(),server/db/ddl/planes/neon/document/03_tables.sql,5256
Stage 2 External,External workforce adjacent,document.external_candidate_evaluation,created_by,uuid,yes,no,created_by uuid NOT NULL,server/db/ddl/planes/neon/document/03_tables.sql,5256
Stage 2 External,External workforce adjacent,document.contingent_work_order,id,uuid,yes,no,id uuid NOT NULL DEFAULT shared.uuidv7(),server/db/ddl/planes/neon/document/03_tables.sql,5270
Stage 2 External,External workforce adjacent,document.contingent_work_order,tenant_id,uuid,yes,no,tenant_id uuid NOT NULL,server/db/ddl/planes/neon/document/03_tables.sql,5270
Stage 2 External,External workforce adjacent,document.contingent_work_order,company_code_id,uuid,yes,no,company_code_id uuid NOT NULL,server/db/ddl/planes/neon/document/03_tables.sql,5271
Stage 2 External,External workforce adjacent,document.contingent_work_order,legal_entity_id,uuid,yes,no,legal_entity_id uuid NOT NULL,server/db/ddl/planes/neon/document/03_tables.sql,5271
Stage 2 External,External workforce adjacent,document.contingent_work_order,supplier_id,uuid,yes,no,supplier_id uuid NOT NULL,server/db/ddl/planes/neon/document/03_tables.sql,5271
Stage 2 External,External workforce adjacent,document.contingent_work_order,candidate_submission_id,uuid,yes,no,candidate_submission_id uuid NOT NULL,server/db/ddl/planes/neon/document/03_tables.sql,5272
Stage 2 External,External workforce adjacent,document.contingent_work_order,commitment_id,uuid,no,no,commitment_id uuid,server/db/ddl/planes/neon/document/03_tables.sql,5272
Stage 2 External,External workforce adjacent,document.contingent_work_order,code,text,yes,no,code text NOT NULL,server/db/ddl/planes/neon/document/03_tables.sql,5273
Stage 2 External,External workforce adjacent,document.contingent_work_order,name,text,yes,no,name text NOT NULL,server/db/ddl/planes/neon/document/03_tables.sql,5273
Stage 2 External,External workforce adjacent,document.contingent_work_order,current_revision_no,integer,yes,no,current_revision_no integer NOT NULL DEFAULT 0,server/db/ddl/planes/neon/document/03_tables.sql,5273
Stage 2 External,External workforce adjacent,document.contingent_work_order,row_version,bigint,yes,no,row_version bigint NOT NULL DEFAULT 1,server/db/ddl/planes/neon/document/03_tables.sql,5274
Stage 2 External,External workforce adjacent,document.contingent_work_order,metadata,jsonb,yes,no,metadata jsonb NOT NULL DEFAULT '{}'::jsonb,server/db/ddl/planes/neon/document/03_tables.sql,5274
Stage 2 External,External workforce adjacent,document.contingent_work_order,status,text,yes,no,status text NOT NULL DEFAULT 'draft',server/db/ddl/planes/neon/document/03_tables.sql,5275
Stage 2 External,External workforce adjacent,document.contingent_work_order,status_changed_at,timestamptz,no,no,status_changed_at timestamptz,server/db/ddl/planes/neon/document/03_tables.sql,5275
Stage 2 External,External workforce adjacent,document.contingent_work_order,status_changed_by,uuid,no,no,status_changed_by uuid,server/db/ddl/planes/neon/document/03_tables.sql,5275
Stage 2 External,External workforce adjacent,document.contingent_work_order,created_at,timestamptz,yes,no,created_at timestamptz NOT NULL DEFAULT now(),server/db/ddl/planes/neon/document/03_tables.sql,5276
Stage 2 External,External workforce adjacent,document.contingent_work_order,created_by,uuid,yes,no,created_by uuid NOT NULL,server/db/ddl/planes/neon/document/03_tables.sql,5276
Stage 2 External,External workforce adjacent,document.contingent_work_order,updated_at,timestamptz,no,no,updated_at timestamptz,server/db/ddl/planes/neon/document/03_tables.sql,5276
Stage 2 External,External workforce adjacent,document.contingent_work_order,updated_by,uuid,no,no,updated_by uuid,server/db/ddl/planes/neon/document/03_tables.sql,5276
Stage 2 External,External workforce adjacent,document.contingent_work_order_revision,id,uuid,yes,no,id uuid NOT NULL DEFAULT shared.uuidv7(),server/db/ddl/planes/neon/document/03_tables.sql,5292
Stage 2 External,External workforce adjacent,document.contingent_work_order_revision,tenant_id,uuid,yes,no,tenant_id uuid NOT NULL,server/db/ddl/planes/neon/document/03_tables.sql,5292
Stage 2 External,External workforce adjacent,document.contingent_work_order_revision,work_order_id,uuid,yes,no,work_order_id uuid NOT NULL,server/db/ddl/planes/neon/document/03_tables.sql,5292
Stage 2 External,External workforce adjacent,document.contingent_work_order_revision,revision_no,integer,yes,no,revision_no integer NOT NULL,server/db/ddl/planes/neon/document/03_tables.sql,5293
Stage 2 External,External workforce adjacent,document.contingent_work_order_revision,prior_revision_id,uuid,no,no,prior_revision_id uuid,server/db/ddl/planes/neon/document/03_tables.sql,5293
Stage 2 External,External workforce adjacent,document.contingent_work_order_revision,change_reason,text,yes,no,change_reason text NOT NULL,server/db/ddl/planes/neon/document/03_tables.sql,5293
Stage 2 External,External workforce adjacent,document.contingent_work_order_revision,start_date,date,yes,no,start_date date NOT NULL,server/db/ddl/planes/neon/document/03_tables.sql,5294
Stage 2 External,External workforce adjacent,document.contingent_work_order_revision,end_date,date,yes,no,end_date date NOT NULL,server/db/ddl/planes/neon/document/03_tables.sql,5294
Stage 2 External,External workforce adjacent,document.contingent_work_order_revision,worker_classification,text,yes,no,worker_classification text NOT NULL,server/db/ddl/planes/neon/document/03_tables.sql,5294
Stage 2 External,External workforce adjacent,document.contingent_work_order_revision,rate_id,uuid,no,no,rate_id uuid,server/db/ddl/planes/neon/document/03_tables.sql,5295
Stage 2 External,External workforce adjacent,document.contingent_work_order_revision,currency_code,character(3),yes,no,currency_code character(3) NOT NULL,server/db/ddl/planes/neon/document/03_tables.sql,5295
Stage 2 External,External workforce adjacent,document.contingent_work_order_revision,rate_unit,text,yes,no,rate_unit text NOT NULL,server/db/ddl/planes/neon/document/03_tables.sql,5295
Stage 2 External,External workforce adjacent,document.contingent_work_order_revision,bill_rate,"numeric(18,6)",yes,no,"bill_rate numeric(18,6) NOT NULL",server/db/ddl/planes/neon/document/03_tables.sql,5296
Stage 2 External,External workforce adjacent,document.contingent_work_order_revision,pay_rate,"numeric(18,6)",no,no,"pay_rate numeric(18,6)",server/db/ddl/planes/neon/document/03_tables.sql,5296
Stage 2 External,External workforce adjacent,document.contingent_work_order_revision,not_to_exceed_amount,"numeric(18,4)",no,no,"not_to_exceed_amount numeric(18,4)",server/db/ddl/planes/neon/document/03_tables.sql,5296
Stage 2 External,External workforce adjacent,document.contingent_work_order_revision,standard_hours_per_day,"numeric(7,4)",no,no,"standard_hours_per_day numeric(7,4)",server/db/ddl/planes/neon/document/03_tables.sql,5297
Stage 2 External,External workforce adjacent,document.contingent_work_order_revision,standard_hours_per_week,"numeric(7,4)",no,no,"standard_hours_per_week numeric(7,4)",server/db/ddl/planes/neon/document/03_tables.sql,5297
Stage 2 External,External workforce adjacent,document.contingent_work_order_revision,terms_snapshot,jsonb,yes,no,terms_snapshot jsonb NOT NULL DEFAULT '{}'::jsonb,server/db/ddl/planes/neon/document/03_tables.sql,5298
Stage 2 External,External workforce adjacent,document.contingent_work_order_revision,terms_hash,char(64),yes,no,terms_hash char(64) NOT NULL,server/db/ddl/planes/neon/document/03_tables.sql,5298
Stage 2 External,External workforce adjacent,document.contingent_work_order_revision,workflow_request_id,uuid,no,no,workflow_request_id uuid,server/db/ddl/planes/neon/document/03_tables.sql,5299
Stage 2 External,External workforce adjacent,document.contingent_work_order_revision,approved_at,timestamptz,no,no,approved_at timestamptz,server/db/ddl/planes/neon/document/03_tables.sql,5299
Stage 2 External,External workforce adjacent,document.contingent_work_order_revision,approved_by,uuid,no,no,approved_by uuid,server/db/ddl/planes/neon/document/03_tables.sql,5299
Stage 2 External,External workforce adjacent,document.contingent_work_order_revision,supplier_accepted_at,timestamptz,no,no,supplier_accepted_at timestamptz,server/db/ddl/planes/neon/document/03_tables.sql,5300
Stage 2 External,External workforce adjacent,document.contingent_work_order_revision,supplier_accepted_by,uuid,no,no,supplier_accepted_by uuid,server/db/ddl/planes/neon/document/03_tables.sql,5300
Stage 2 External,External workforce adjacent,document.contingent_work_order_revision,effective_at,timestamptz,no,no,effective_at timestamptz,server/db/ddl/planes/neon/document/03_tables.sql,5301
Stage 2 External,External workforce adjacent,document.contingent_work_order_revision,status,text,yes,no,status text NOT NULL DEFAULT 'draft',server/db/ddl/planes/neon/document/03_tables.sql,5301
Stage 2 External,External workforce adjacent,document.contingent_work_order_revision,created_at,timestamptz,yes,no,created_at timestamptz NOT NULL DEFAULT now(),server/db/ddl/planes/neon/document/03_tables.sql,5302
Stage 2 External,External workforce adjacent,document.contingent_work_order_revision,created_by,uuid,yes,no,created_by uuid NOT NULL,server/db/ddl/planes/neon/document/03_tables.sql,5302
Stage 2 External,External workforce adjacent,document.statement_of_work,id,uuid,yes,no,id uuid NOT NULL DEFAULT shared.uuidv7(),server/db/ddl/planes/neon/document/03_tables.sql,5320
Stage 2 External,External workforce adjacent,document.statement_of_work,tenant_id,uuid,yes,no,tenant_id uuid NOT NULL,server/db/ddl/planes/neon/document/03_tables.sql,5320
Stage 2 External,External workforce adjacent,document.statement_of_work,company_code_id,uuid,yes,no,company_code_id uuid NOT NULL,server/db/ddl/planes/neon/document/03_tables.sql,5321
Stage 2 External,External workforce adjacent,document.statement_of_work,legal_entity_id,uuid,yes,no,legal_entity_id uuid NOT NULL,server/db/ddl/planes/neon/document/03_tables.sql,5321
Stage 2 External,External workforce adjacent,document.statement_of_work,supplier_id,uuid,yes,no,supplier_id uuid NOT NULL,server/db/ddl/planes/neon/document/03_tables.sql,5321
Stage 2 External,External workforce adjacent,document.statement_of_work,purchase_requisition_id,uuid,no,no,purchase_requisition_id uuid,server/db/ddl/planes/neon/document/03_tables.sql,5322
Stage 2 External,External workforce adjacent,document.statement_of_work,commitment_id,uuid,no,no,commitment_id uuid,server/db/ddl/planes/neon/document/03_tables.sql,5322
Stage 2 External,External workforce adjacent,document.statement_of_work,code,text,yes,no,code text NOT NULL,server/db/ddl/planes/neon/document/03_tables.sql,5323
Stage 2 External,External workforce adjacent,document.statement_of_work,name,text,yes,no,name text NOT NULL,server/db/ddl/planes/neon/document/03_tables.sql,5323
Stage 2 External,External workforce adjacent,document.statement_of_work,description,text,no,no,description text,server/db/ddl/planes/neon/document/03_tables.sql,5323
Stage 2 External,External workforce adjacent,document.statement_of_work,current_revision_no,integer,yes,no,current_revision_no integer NOT NULL DEFAULT 0,server/db/ddl/planes/neon/document/03_tables.sql,5324
Stage 2 External,External workforce adjacent,document.statement_of_work,row_version,bigint,yes,no,row_version bigint NOT NULL DEFAULT 1,server/db/ddl/planes/neon/document/03_tables.sql,5324
Stage 2 External,External workforce adjacent,document.statement_of_work,metadata,jsonb,yes,no,metadata jsonb NOT NULL DEFAULT '{}'::jsonb,server/db/ddl/planes/neon/document/03_tables.sql,5325
Stage 2 External,External workforce adjacent,document.statement_of_work,status,text,yes,no,status text NOT NULL DEFAULT 'draft',server/db/ddl/planes/neon/document/03_tables.sql,5325
Stage 2 External,External workforce adjacent,document.statement_of_work,status_changed_at,timestamptz,no,no,status_changed_at timestamptz,server/db/ddl/planes/neon/document/03_tables.sql,5326
Stage 2 External,External workforce adjacent,document.statement_of_work,status_changed_by,uuid,no,no,status_changed_by uuid,server/db/ddl/planes/neon/document/03_tables.sql,5326
Stage 2 External,External workforce adjacent,document.statement_of_work,created_at,timestamptz,yes,no,created_at timestamptz NOT NULL DEFAULT now(),server/db/ddl/planes/neon/document/03_tables.sql,5327
Stage 2 External,External workforce adjacent,document.statement_of_work,created_by,uuid,yes,no,created_by uuid NOT NULL,server/db/ddl/planes/neon/document/03_tables.sql,5327
Stage 2 External,External workforce adjacent,document.statement_of_work,updated_at,timestamptz,no,no,updated_at timestamptz,server/db/ddl/planes/neon/document/03_tables.sql,5327
Stage 2 External,External workforce adjacent,document.statement_of_work,updated_by,uuid,no,no,updated_by uuid,server/db/ddl/planes/neon/document/03_tables.sql,5327
Stage 2 External,External workforce adjacent,document.statement_of_work_revision,id,uuid,yes,no,id uuid NOT NULL DEFAULT shared.uuidv7(),server/db/ddl/planes/neon/document/03_tables.sql,5342
Stage 2 External,External workforce adjacent,document.statement_of_work_revision,tenant_id,uuid,yes,no,tenant_id uuid NOT NULL,server/db/ddl/planes/neon/document/03_tables.sql,5342
Stage 2 External,External workforce adjacent,document.statement_of_work_revision,statement_of_work_id,uuid,yes,no,statement_of_work_id uuid NOT NULL,server/db/ddl/planes/neon/document/03_tables.sql,5342
Stage 2 External,External workforce adjacent,document.statement_of_work_revision,revision_no,integer,yes,no,revision_no integer NOT NULL,server/db/ddl/planes/neon/document/03_tables.sql,5343
Stage 2 External,External workforce adjacent,document.statement_of_work_revision,prior_revision_id,uuid,no,no,prior_revision_id uuid,server/db/ddl/planes/neon/document/03_tables.sql,5343
Stage 2 External,External workforce adjacent,document.statement_of_work_revision,change_reason,text,yes,no,change_reason text NOT NULL,server/db/ddl/planes/neon/document/03_tables.sql,5343
Stage 2 External,External workforce adjacent,document.statement_of_work_revision,start_date,date,yes,no,start_date date NOT NULL,server/db/ddl/planes/neon/document/03_tables.sql,5344
Stage 2 External,External workforce adjacent,document.statement_of_work_revision,end_date,date,yes,no,end_date date NOT NULL,server/db/ddl/planes/neon/document/03_tables.sql,5344
Stage 2 External,External workforce adjacent,document.statement_of_work_revision,currency_code,character(3),yes,no,currency_code character(3) NOT NULL,server/db/ddl/planes/neon/document/03_tables.sql,5344
Stage 2 External,External workforce adjacent,document.statement_of_work_revision,not_to_exceed_amount,"numeric(18,4)",yes,no,"not_to_exceed_amount numeric(18,4) NOT NULL",server/db/ddl/planes/neon/document/03_tables.sql,5345
Stage 2 External,External workforce adjacent,document.statement_of_work_revision,allow_workers,boolean,yes,no,allow_workers boolean NOT NULL DEFAULT true,server/db/ddl/planes/neon/document/03_tables.sql,5345
Stage 2 External,External workforce adjacent,document.statement_of_work_revision,allow_time_sheets,boolean,yes,no,allow_time_sheets boolean NOT NULL DEFAULT false,server/db/ddl/planes/neon/document/03_tables.sql,5346
Stage 2 External,External workforce adjacent,document.statement_of_work_revision,allow_expense_sheets,boolean,yes,no,allow_expense_sheets boolean NOT NULL DEFAULT false,server/db/ddl/planes/neon/document/03_tables.sql,5346
Stage 2 External,External workforce adjacent,document.statement_of_work_revision,auto_invoice_approved_items,boolean,yes,no,auto_invoice_approved_items boolean NOT NULL DEFAULT false,server/db/ddl/planes/neon/document/03_tables.sql,5347
Stage 2 External,External workforce adjacent,document.statement_of_work_revision,terms_snapshot,jsonb,yes,no,terms_snapshot jsonb NOT NULL DEFAULT '{}'::jsonb,server/db/ddl/planes/neon/document/03_tables.sql,5348
Stage 2 External,External workforce adjacent,document.statement_of_work_revision,terms_hash,char(64),yes,no,terms_hash char(64) NOT NULL,server/db/ddl/planes/neon/document/03_tables.sql,5348
Stage 2 External,External workforce adjacent,document.statement_of_work_revision,workflow_request_id,uuid,no,no,workflow_request_id uuid,server/db/ddl/planes/neon/document/03_tables.sql,5349
Stage 2 External,External workforce adjacent,document.statement_of_work_revision,approved_at,timestamptz,no,no,approved_at timestamptz,server/db/ddl/planes/neon/document/03_tables.sql,5349
Stage 2 External,External workforce adjacent,document.statement_of_work_revision,approved_by,uuid,no,no,approved_by uuid,server/db/ddl/planes/neon/document/03_tables.sql,5349
Stage 2 External,External workforce adjacent,document.statement_of_work_revision,supplier_accepted_at,timestamptz,no,no,supplier_accepted_at timestamptz,server/db/ddl/planes/neon/document/03_tables.sql,5350
Stage 2 External,External workforce adjacent,document.statement_of_work_revision,supplier_accepted_by,uuid,no,no,supplier_accepted_by uuid,server/db/ddl/planes/neon/document/03_tables.sql,5350
Stage 2 External,External workforce adjacent,document.statement_of_work_revision,effective_at,timestamptz,no,no,effective_at timestamptz,server/db/ddl/planes/neon/document/03_tables.sql,5351
Stage 2 External,External workforce adjacent,document.statement_of_work_revision,status,text,yes,no,status text NOT NULL DEFAULT 'draft',server/db/ddl/planes/neon/document/03_tables.sql,5351
Stage 2 External,External workforce adjacent,document.statement_of_work_revision,created_at,timestamptz,yes,no,created_at timestamptz NOT NULL DEFAULT now(),server/db/ddl/planes/neon/document/03_tables.sql,5352
Stage 2 External,External workforce adjacent,document.statement_of_work_revision,created_by,uuid,yes,no,created_by uuid NOT NULL,server/db/ddl/planes/neon/document/03_tables.sql,5352
Stage 2 External,External workforce adjacent,document.statement_of_work_item,id,uuid,yes,no,id uuid NOT NULL DEFAULT shared.uuidv7(),server/db/ddl/planes/neon/document/03_tables.sql,5369
Stage 2 External,External workforce adjacent,document.statement_of_work_item,tenant_id,uuid,yes,no,tenant_id uuid NOT NULL,server/db/ddl/planes/neon/document/03_tables.sql,5369
Stage 2 External,External workforce adjacent,document.statement_of_work_item,statement_of_work_revision_id,uuid,yes,no,statement_of_work_revision_id uuid NOT NULL,server/db/ddl/planes/neon/document/03_tables.sql,5369
Stage 2 External,External workforce adjacent,document.statement_of_work_item,line_no,smallint,yes,no,line_no smallint NOT NULL,server/db/ddl/planes/neon/document/03_tables.sql,5370
Stage 2 External,External workforce adjacent,document.statement_of_work_item,item_type,text,yes,no,item_type text NOT NULL,server/db/ddl/planes/neon/document/03_tables.sql,5370
Stage 2 External,External workforce adjacent,document.statement_of_work_item,code,text,yes,no,code text NOT NULL,server/db/ddl/planes/neon/document/03_tables.sql,5370
Stage 2 External,External workforce adjacent,document.statement_of_work_item,name,text,yes,no,name text NOT NULL,server/db/ddl/planes/neon/document/03_tables.sql,5370
Stage 2 External,External workforce adjacent,document.statement_of_work_item,description,text,no,no,description text,server/db/ddl/planes/neon/document/03_tables.sql,5370
Stage 2 External,External workforce adjacent,document.statement_of_work_item,due_date,date,no,no,due_date date,server/db/ddl/planes/neon/document/03_tables.sql,5371
Stage 2 External,External workforce adjacent,document.statement_of_work_item,quantity,"numeric(18,4)",yes,no,"quantity numeric(18,4) NOT NULL DEFAULT 1",server/db/ddl/planes/neon/document/03_tables.sql,5371
Stage 2 External,External workforce adjacent,document.statement_of_work_item,unit_price,"numeric(18,6)",yes,no,"unit_price numeric(18,6) NOT NULL DEFAULT 0",server/db/ddl/planes/neon/document/03_tables.sql,5371
Stage 2 External,External workforce adjacent,document.statement_of_work_item,amount,"numeric(18,4)",no,yes,"amount numeric(18,4) GENERATED ALWAYS AS (quantity * unit_price) STORED",server/db/ddl/planes/neon/document/03_tables.sql,5372
Stage 2 External,External workforce adjacent,document.statement_of_work_item,acceptance_required,boolean,yes,no,acceptance_required boolean NOT NULL DEFAULT true,server/db/ddl/planes/neon/document/03_tables.sql,5373
Stage 2 External,External workforce adjacent,document.statement_of_work_item,accepted_at,timestamptz,no,no,accepted_at timestamptz,server/db/ddl/planes/neon/document/03_tables.sql,5373
Stage 2 External,External workforce adjacent,document.statement_of_work_item,accepted_by,uuid,no,no,accepted_by uuid,server/db/ddl/planes/neon/document/03_tables.sql,5373
Stage 2 External,External workforce adjacent,document.statement_of_work_item,status,text,yes,no,status text NOT NULL DEFAULT 'planned',server/db/ddl/planes/neon/document/03_tables.sql,5374
Stage 2 External,External workforce adjacent,document.statement_of_work_item,metadata,jsonb,yes,no,metadata jsonb NOT NULL DEFAULT '{}'::jsonb,server/db/ddl/planes/neon/document/03_tables.sql,5374
Stage 2 External,External workforce adjacent,document.statement_of_work_item,created_at,timestamptz,yes,no,created_at timestamptz NOT NULL DEFAULT now(),server/db/ddl/planes/neon/document/03_tables.sql,5375
Stage 2 External,External workforce adjacent,document.statement_of_work_item,created_by,uuid,yes,no,created_by uuid NOT NULL,server/db/ddl/planes/neon/document/03_tables.sql,5375
Stage 2 External,External workforce adjacent,document.worker_engagement,id,uuid,yes,no,id uuid NOT NULL DEFAULT shared.uuidv7(),server/db/ddl/planes/neon/document/03_tables.sql,5392
Stage 2 External,External workforce adjacent,document.worker_engagement,tenant_id,uuid,yes,no,tenant_id uuid NOT NULL,server/db/ddl/planes/neon/document/03_tables.sql,5392
Stage 2 External,External workforce adjacent,document.worker_engagement,external_worker_id,uuid,yes,no,external_worker_id uuid NOT NULL,server/db/ddl/planes/neon/document/03_tables.sql,5393
Stage 2 External,External workforce adjacent,document.worker_engagement,supplier_id,uuid,yes,no,supplier_id uuid NOT NULL,server/db/ddl/planes/neon/document/03_tables.sql,5393
Stage 2 External,External workforce adjacent,document.worker_engagement,company_code_id,uuid,yes,no,company_code_id uuid NOT NULL,server/db/ddl/planes/neon/document/03_tables.sql,5394
Stage 2 External,External workforce adjacent,document.worker_engagement,legal_entity_id,uuid,yes,no,legal_entity_id uuid NOT NULL,server/db/ddl/planes/neon/document/03_tables.sql,5394
Stage 2 External,External workforce adjacent,document.worker_engagement,contingent_work_order_id,uuid,no,no,contingent_work_order_id uuid,server/db/ddl/planes/neon/document/03_tables.sql,5395
Stage 2 External,External workforce adjacent,document.worker_engagement,statement_of_work_id,uuid,no,no,statement_of_work_id uuid,server/db/ddl/planes/neon/document/03_tables.sql,5395
Stage 2 External,External workforce adjacent,document.worker_engagement,code,text,yes,no,code text NOT NULL,server/db/ddl/planes/neon/document/03_tables.sql,5396
Stage 2 External,External workforce adjacent,document.worker_engagement,name,text,yes,no,name text NOT NULL,server/db/ddl/planes/neon/document/03_tables.sql,5396
Stage 2 External,External workforce adjacent,document.worker_engagement,worker_classification,text,yes,no,worker_classification text NOT NULL,server/db/ddl/planes/neon/document/03_tables.sql,5396
Stage 2 External,External workforce adjacent,document.worker_engagement,start_date,date,yes,no,start_date date NOT NULL,server/db/ddl/planes/neon/document/03_tables.sql,5397
Stage 2 External,External workforce adjacent,document.worker_engagement,end_date,date,yes,no,end_date date NOT NULL,server/db/ddl/planes/neon/document/03_tables.sql,5397
Stage 2 External,External workforce adjacent,document.worker_engagement,maximum_tenure_days,integer,no,no,maximum_tenure_days integer,server/db/ddl/planes/neon/document/03_tables.sql,5397
Stage 2 External,External workforce adjacent,document.worker_engagement,currency_code,character(3),yes,no,currency_code character(3) NOT NULL,server/db/ddl/planes/neon/document/03_tables.sql,5398
Stage 2 External,External workforce adjacent,document.worker_engagement,rate_id,uuid,no,no,rate_id uuid,server/db/ddl/planes/neon/document/03_tables.sql,5398
Stage 2 External,External workforce adjacent,document.worker_engagement,rate_unit,text,no,no,rate_unit text,server/db/ddl/planes/neon/document/03_tables.sql,5398
Stage 2 External,External workforce adjacent,document.worker_engagement,bill_rate,"numeric(18,6)",no,no,"bill_rate numeric(18,6)",server/db/ddl/planes/neon/document/03_tables.sql,5398
Stage 2 External,External workforce adjacent,document.worker_engagement,not_to_exceed_amount,"numeric(18,4)",no,no,"not_to_exceed_amount numeric(18,4)",server/db/ddl/planes/neon/document/03_tables.sql,5399
Stage 2 External,External workforce adjacent,document.worker_engagement,workflow_request_id,uuid,no,no,workflow_request_id uuid,server/db/ddl/planes/neon/document/03_tables.sql,5399
Stage 2 External,External workforce adjacent,document.worker_engagement,readiness_evidence,jsonb,yes,no,readiness_evidence jsonb NOT NULL DEFAULT '{}'::jsonb,server/db/ddl/planes/neon/document/03_tables.sql,5400
Stage 2 External,External workforce adjacent,document.worker_engagement,readiness_evidence_hash,char(64),no,no,readiness_evidence_hash char(64),server/db/ddl/planes/neon/document/03_tables.sql,5400
Stage 2 External,External workforce adjacent,document.worker_engagement,onboarding_status,text,yes,no,onboarding_status text NOT NULL DEFAULT 'not_started',server/db/ddl/planes/neon/document/03_tables.sql,5401
Stage 2 External,External workforce adjacent,document.worker_engagement,access_status,text,yes,no,access_status text NOT NULL DEFAULT 'not_requested',server/db/ddl/planes/neon/document/03_tables.sql,5401
Stage 2 External,External workforce adjacent,document.worker_engagement,row_version,bigint,yes,no,row_version bigint NOT NULL DEFAULT 1,server/db/ddl/planes/neon/document/03_tables.sql,5402
Stage 2 External,External workforce adjacent,document.worker_engagement,metadata,jsonb,yes,no,metadata jsonb NOT NULL DEFAULT '{}'::jsonb,server/db/ddl/planes/neon/document/03_tables.sql,5402
Stage 2 External,External workforce adjacent,document.worker_engagement,status,text,yes,no,status text NOT NULL DEFAULT 'pending',server/db/ddl/planes/neon/document/03_tables.sql,5403
Stage 2 External,External workforce adjacent,document.worker_engagement,status_changed_at,timestamptz,no,no,status_changed_at timestamptz,server/db/ddl/planes/neon/document/03_tables.sql,5403
Stage 2 External,External workforce adjacent,document.worker_engagement,status_changed_by,uuid,no,no,status_changed_by uuid,server/db/ddl/planes/neon/document/03_tables.sql,5403
Stage 2 External,External workforce adjacent,document.worker_engagement,activated_at,timestamptz,no,no,activated_at timestamptz,server/db/ddl/planes/neon/document/03_tables.sql,5404
Stage 2 External,External workforce adjacent,document.worker_engagement,activated_by,uuid,no,no,activated_by uuid,server/db/ddl/planes/neon/document/03_tables.sql,5404
Stage 2 External,External workforce adjacent,document.worker_engagement,closed_at,timestamptz,no,no,closed_at timestamptz,server/db/ddl/planes/neon/document/03_tables.sql,5404
Stage 2 External,External workforce adjacent,document.worker_engagement,closed_by,uuid,no,no,closed_by uuid,server/db/ddl/planes/neon/document/03_tables.sql,5404
Stage 2 External,External workforce adjacent,document.worker_engagement,created_at,timestamptz,yes,no,created_at timestamptz NOT NULL DEFAULT now(),server/db/ddl/planes/neon/document/03_tables.sql,5405
Stage 2 External,External workforce adjacent,document.worker_engagement,created_by,uuid,yes,no,created_by uuid NOT NULL,server/db/ddl/planes/neon/document/03_tables.sql,5405
Stage 2 External,External workforce adjacent,document.worker_engagement,updated_at,timestamptz,no,no,updated_at timestamptz,server/db/ddl/planes/neon/document/03_tables.sql,5405
Stage 2 External,External workforce adjacent,document.worker_engagement,updated_by,uuid,no,no,updated_by uuid,server/db/ddl/planes/neon/document/03_tables.sql,5405
Stage 2 External,External workforce adjacent,document.worker_operational_placement,id,uuid,yes,no,id uuid NOT NULL DEFAULT shared.uuidv7(),server/db/ddl/planes/neon/document/03_tables.sql,5430
Stage 2 External,External workforce adjacent,document.worker_operational_placement,tenant_id,uuid,yes,no,tenant_id uuid NOT NULL,server/db/ddl/planes/neon/document/03_tables.sql,5430
Stage 2 External,External workforce adjacent,document.worker_operational_placement,worker_engagement_id,uuid,yes,no,worker_engagement_id uuid NOT NULL,server/db/ddl/planes/neon/document/03_tables.sql,5430
Stage 2 External,External workforce adjacent,document.worker_operational_placement,position_id,uuid,no,no,position_id uuid,server/db/ddl/planes/neon/document/03_tables.sql,5431
Stage 2 External,External workforce adjacent,document.worker_operational_placement,org_unit_id,uuid,no,no,org_unit_id uuid,server/db/ddl/planes/neon/document/03_tables.sql,5431
Stage 2 External,External workforce adjacent,document.worker_operational_placement,manager_employee_id,uuid,no,no,manager_employee_id uuid,server/db/ddl/planes/neon/document/03_tables.sql,5431
Stage 2 External,External workforce adjacent,document.worker_operational_placement,company_code_id,uuid,yes,no,company_code_id uuid NOT NULL,server/db/ddl/planes/neon/document/03_tables.sql,5431
Stage 2 External,External workforce adjacent,document.worker_operational_placement,cost_center_id,uuid,no,no,cost_center_id uuid,server/db/ddl/planes/neon/document/03_tables.sql,5432
Stage 2 External,External workforce adjacent,document.worker_operational_placement,profit_center_id,uuid,no,no,profit_center_id uuid,server/db/ddl/planes/neon/document/03_tables.sql,5432
Stage 2 External,External workforce adjacent,document.worker_operational_placement,project_id,uuid,no,no,project_id uuid,server/db/ddl/planes/neon/document/03_tables.sql,5432
Stage 2 External,External workforce adjacent,document.worker_operational_placement,site_id,uuid,no,no,site_id uuid,server/db/ddl/planes/neon/document/03_tables.sql,5432
Stage 2 External,External workforce adjacent,document.worker_operational_placement,allocation_percent,"numeric(7,4)",yes,no,"allocation_percent numeric(7,4) NOT NULL DEFAULT 100",server/db/ddl/planes/neon/document/03_tables.sql,5433
Stage 2 External,External workforce adjacent,document.worker_operational_placement,effective_from,date,yes,no,effective_from date NOT NULL,server/db/ddl/planes/neon/document/03_tables.sql,5434
Stage 2 External,External workforce adjacent,document.worker_operational_placement,effective_until,date,no,no,effective_until date,server/db/ddl/planes/neon/document/03_tables.sql,5434
Stage 2 External,External workforce adjacent,document.worker_operational_placement,is_primary,boolean,yes,no,is_primary boolean NOT NULL DEFAULT true,server/db/ddl/planes/neon/document/03_tables.sql,5435
Stage 2 External,External workforce adjacent,document.worker_operational_placement,metadata,jsonb,yes,no,metadata jsonb NOT NULL DEFAULT '{}'::jsonb,server/db/ddl/planes/neon/document/03_tables.sql,5435
Stage 2 External,External workforce adjacent,document.worker_operational_placement,status,text,yes,no,status text NOT NULL DEFAULT 'active',server/db/ddl/planes/neon/document/03_tables.sql,5436
Stage 2 External,External workforce adjacent,document.worker_operational_placement,created_at,timestamptz,yes,no,created_at timestamptz NOT NULL DEFAULT now(),server/db/ddl/planes/neon/document/03_tables.sql,5436
Stage 2 External,External workforce adjacent,document.worker_operational_placement,created_by,uuid,yes,no,created_by uuid NOT NULL,server/db/ddl/planes/neon/document/03_tables.sql,5436
Stage 2 External,External workforce adjacent,document.worker_operational_placement,updated_at,timestamptz,no,no,updated_at timestamptz,server/db/ddl/planes/neon/document/03_tables.sql,5437
Stage 2 External,External workforce adjacent,document.worker_operational_placement,updated_by,uuid,no,no,updated_by uuid,server/db/ddl/planes/neon/document/03_tables.sql,5437
Stage 2 External,External workforce adjacent,document.worker_compliance_item,id,uuid,yes,no,id uuid NOT NULL DEFAULT shared.uuidv7(),server/db/ddl/planes/neon/document/03_tables.sql,5449
Stage 2 External,External workforce adjacent,document.worker_compliance_item,tenant_id,uuid,yes,no,tenant_id uuid NOT NULL,server/db/ddl/planes/neon/document/03_tables.sql,5449
Stage 2 External,External workforce adjacent,document.worker_compliance_item,worker_engagement_id,uuid,yes,no,worker_engagement_id uuid NOT NULL,server/db/ddl/planes/neon/document/03_tables.sql,5449
Stage 2 External,External workforce adjacent,document.worker_compliance_item,requirement_code,text,yes,no,requirement_code text NOT NULL,server/db/ddl/planes/neon/document/03_tables.sql,5450
Stage 2 External,External workforce adjacent,document.worker_compliance_item,requirement_version,text,yes,no,requirement_version text NOT NULL,server/db/ddl/planes/neon/document/03_tables.sql,5450
Stage 2 External,External workforce adjacent,document.worker_compliance_item,category,text,yes,no,category text NOT NULL,server/db/ddl/planes/neon/document/03_tables.sql,5450
Stage 2 External,External workforce adjacent,document.worker_compliance_item,required_before,text,yes,no,required_before text NOT NULL DEFAULT 'activation',server/db/ddl/planes/neon/document/03_tables.sql,5451
Stage 2 External,External workforce adjacent,document.worker_compliance_item,evidence_content_item_id,uuid,no,no,evidence_content_item_id uuid,server/db/ddl/planes/neon/document/03_tables.sql,5451
Stage 2 External,External workforce adjacent,document.worker_compliance_item,evidence_fingerprint,char(64),no,no,evidence_fingerprint char(64),server/db/ddl/planes/neon/document/03_tables.sql,5452
Stage 2 External,External workforce adjacent,document.worker_compliance_item,valid_from,date,no,no,valid_from date,server/db/ddl/planes/neon/document/03_tables.sql,5452
Stage 2 External,External workforce adjacent,document.worker_compliance_item,valid_until,date,no,no,valid_until date,server/db/ddl/planes/neon/document/03_tables.sql,5452
Stage 2 External,External workforce adjacent,document.worker_compliance_item,decision,text,yes,no,decision text NOT NULL DEFAULT 'pending',server/db/ddl/planes/neon/document/03_tables.sql,5453
Stage 2 External,External workforce adjacent,document.worker_compliance_item,safe_reason_code,text,no,no,safe_reason_code text,server/db/ddl/planes/neon/document/03_tables.sql,5453
Stage 2 External,External workforce adjacent,document.worker_compliance_item,decided_at,timestamptz,no,no,decided_at timestamptz,server/db/ddl/planes/neon/document/03_tables.sql,5454
Stage 2 External,External workforce adjacent,document.worker_compliance_item,decided_by,uuid,no,no,decided_by uuid,server/db/ddl/planes/neon/document/03_tables.sql,5454
Stage 2 External,External workforce adjacent,document.worker_compliance_item,decision_fingerprint,char(64),no,no,decision_fingerprint char(64),server/db/ddl/planes/neon/document/03_tables.sql,5454
Stage 2 External,External workforce adjacent,document.worker_compliance_item,created_at,timestamptz,yes,no,created_at timestamptz NOT NULL DEFAULT now(),server/db/ddl/planes/neon/document/03_tables.sql,5455
Stage 2 External,External workforce adjacent,document.worker_compliance_item,created_by,uuid,yes,no,created_by uuid NOT NULL,server/db/ddl/planes/neon/document/03_tables.sql,5455
Stage 2 External,External workforce adjacent,document.engagement_onboarding_case,id,uuid,yes,no,id uuid NOT NULL DEFAULT shared.uuidv7(),server/db/ddl/planes/neon/document/03_tables.sql,5469
Stage 2 External,External workforce adjacent,document.engagement_onboarding_case,tenant_id,uuid,yes,no,tenant_id uuid NOT NULL,server/db/ddl/planes/neon/document/03_tables.sql,5469
Stage 2 External,External workforce adjacent,document.engagement_onboarding_case,worker_engagement_id,uuid,yes,no,worker_engagement_id uuid NOT NULL,server/db/ddl/planes/neon/document/03_tables.sql,5469
Stage 2 External,External workforce adjacent,document.engagement_onboarding_case,code,text,yes,no,code text NOT NULL,server/db/ddl/planes/neon/document/03_tables.sql,5470
Stage 2 External,External workforce adjacent,document.engagement_onboarding_case,name,text,yes,no,name text NOT NULL,server/db/ddl/planes/neon/document/03_tables.sql,5470
Stage 2 External,External workforce adjacent,document.engagement_onboarding_case,target_start_date,date,yes,no,target_start_date date NOT NULL,server/db/ddl/planes/neon/document/03_tables.sql,5470
Stage 2 External,External workforce adjacent,document.engagement_onboarding_case,checklist,jsonb,yes,no,checklist jsonb NOT NULL DEFAULT '[]'::jsonb,server/db/ddl/planes/neon/document/03_tables.sql,5471
Stage 2 External,External workforce adjacent,document.engagement_onboarding_case,workflow_request_id,uuid,no,no,workflow_request_id uuid,server/db/ddl/planes/neon/document/03_tables.sql,5471
Stage 2 External,External workforce adjacent,document.engagement_onboarding_case,activated_at,timestamptz,no,no,activated_at timestamptz,server/db/ddl/planes/neon/document/03_tables.sql,5472
Stage 2 External,External workforce adjacent,document.engagement_onboarding_case,completed_at,timestamptz,no,no,completed_at timestamptz,server/db/ddl/planes/neon/document/03_tables.sql,5472
Stage 2 External,External workforce adjacent,document.engagement_onboarding_case,row_version,bigint,yes,no,row_version bigint NOT NULL DEFAULT 1,server/db/ddl/planes/neon/document/03_tables.sql,5473
Stage 2 External,External workforce adjacent,document.engagement_onboarding_case,status,text,yes,no,status text NOT NULL DEFAULT 'draft',server/db/ddl/planes/neon/document/03_tables.sql,5473
Stage 2 External,External workforce adjacent,document.engagement_onboarding_case,status_changed_at,timestamptz,no,no,status_changed_at timestamptz,server/db/ddl/planes/neon/document/03_tables.sql,5474
Stage 2 External,External workforce adjacent,document.engagement_onboarding_case,status_changed_by,uuid,no,no,status_changed_by uuid,server/db/ddl/planes/neon/document/03_tables.sql,5474
Stage 2 External,External workforce adjacent,document.engagement_onboarding_case,created_at,timestamptz,yes,no,created_at timestamptz NOT NULL DEFAULT now(),server/db/ddl/planes/neon/document/03_tables.sql,5475
Stage 2 External,External workforce adjacent,document.engagement_onboarding_case,created_by,uuid,yes,no,created_by uuid NOT NULL,server/db/ddl/planes/neon/document/03_tables.sql,5475
Stage 2 External,External workforce adjacent,document.engagement_onboarding_case,updated_at,timestamptz,no,no,updated_at timestamptz,server/db/ddl/planes/neon/document/03_tables.sql,5475
Stage 2 External,External workforce adjacent,document.engagement_onboarding_case,updated_by,uuid,no,no,updated_by uuid,server/db/ddl/planes/neon/document/03_tables.sql,5475
Stage 2 External,External workforce adjacent,document.external_time_sheet,id,uuid,yes,no,id uuid NOT NULL DEFAULT shared.uuidv7(),server/db/ddl/planes/neon/document/03_tables.sql,5494
Stage 2 External,External workforce adjacent,document.external_time_sheet,tenant_id,uuid,yes,no,tenant_id uuid NOT NULL,server/db/ddl/planes/neon/document/03_tables.sql,5494
Stage 2 External,External workforce adjacent,document.external_time_sheet,worker_engagement_id,uuid,yes,no,worker_engagement_id uuid NOT NULL,server/db/ddl/planes/neon/document/03_tables.sql,5494
Stage 2 External,External workforce adjacent,document.external_time_sheet,code,text,yes,no,code text NOT NULL,server/db/ddl/planes/neon/document/03_tables.sql,5495
Stage 2 External,External workforce adjacent,document.external_time_sheet,period_start,date,yes,no,period_start date NOT NULL,server/db/ddl/planes/neon/document/03_tables.sql,5495
Stage 2 External,External workforce adjacent,document.external_time_sheet,period_end,date,yes,no,period_end date NOT NULL,server/db/ddl/planes/neon/document/03_tables.sql,5495
Stage 2 External,External workforce adjacent,document.external_time_sheet,submitted_at,timestamptz,no,no,submitted_at timestamptz,server/db/ddl/planes/neon/document/03_tables.sql,5496
Stage 2 External,External workforce adjacent,document.external_time_sheet,submitted_by,uuid,no,no,submitted_by uuid,server/db/ddl/planes/neon/document/03_tables.sql,5496
Stage 2 External,External workforce adjacent,document.external_time_sheet,source_inbox_id,uuid,no,no,source_inbox_id uuid,server/db/ddl/planes/neon/document/03_tables.sql,5496
Stage 2 External,External workforce adjacent,document.external_time_sheet,workflow_request_id,uuid,no,no,workflow_request_id uuid,server/db/ddl/planes/neon/document/03_tables.sql,5496
Stage 2 External,External workforce adjacent,document.external_time_sheet,approved_at,timestamptz,no,no,approved_at timestamptz,server/db/ddl/planes/neon/document/03_tables.sql,5497
Stage 2 External,External workforce adjacent,document.external_time_sheet,approved_by,uuid,no,no,approved_by uuid,server/db/ddl/planes/neon/document/03_tables.sql,5497
Stage 2 External,External workforce adjacent,document.external_time_sheet,rejection_reason_code,text,no,no,rejection_reason_code text,server/db/ddl/planes/neon/document/03_tables.sql,5497
Stage 2 External,External workforce adjacent,document.external_time_sheet,revision_of_time_sheet_id,uuid,no,no,revision_of_time_sheet_id uuid,server/db/ddl/planes/neon/document/03_tables.sql,5498
Stage 2 External,External workforce adjacent,document.external_time_sheet,row_version,bigint,yes,no,row_version bigint NOT NULL DEFAULT 1,server/db/ddl/planes/neon/document/03_tables.sql,5498
Stage 2 External,External workforce adjacent,document.external_time_sheet,status,text,yes,no,status text NOT NULL DEFAULT 'draft',server/db/ddl/planes/neon/document/03_tables.sql,5499
Stage 2 External,External workforce adjacent,document.external_time_sheet,status_changed_at,timestamptz,no,no,status_changed_at timestamptz,server/db/ddl/planes/neon/document/03_tables.sql,5499
Stage 2 External,External workforce adjacent,document.external_time_sheet,status_changed_by,uuid,no,no,status_changed_by uuid,server/db/ddl/planes/neon/document/03_tables.sql,5499
Stage 2 External,External workforce adjacent,document.external_time_sheet,created_at,timestamptz,yes,no,created_at timestamptz NOT NULL DEFAULT now(),server/db/ddl/planes/neon/document/03_tables.sql,5500
Stage 2 External,External workforce adjacent,document.external_time_sheet,created_by,uuid,yes,no,created_by uuid NOT NULL,server/db/ddl/planes/neon/document/03_tables.sql,5500
Stage 2 External,External workforce adjacent,document.external_time_sheet,updated_at,timestamptz,no,no,updated_at timestamptz,server/db/ddl/planes/neon/document/03_tables.sql,5500
Stage 2 External,External workforce adjacent,document.external_time_sheet,updated_by,uuid,no,no,updated_by uuid,server/db/ddl/planes/neon/document/03_tables.sql,5500
Stage 2 External,External workforce adjacent,document.external_time_entry,id,uuid,yes,no,id uuid NOT NULL DEFAULT shared.uuidv7(),server/db/ddl/planes/neon/document/03_tables.sql,5524
Stage 2 External,External workforce adjacent,document.external_time_entry,tenant_id,uuid,yes,no,tenant_id uuid NOT NULL,server/db/ddl/planes/neon/document/03_tables.sql,5524
Stage 2 External,External workforce adjacent,document.external_time_entry,time_sheet_id,uuid,yes,no,time_sheet_id uuid NOT NULL,server/db/ddl/planes/neon/document/03_tables.sql,5524
Stage 2 External,External workforce adjacent,document.external_time_entry,line_no,smallint,yes,no,line_no smallint NOT NULL,server/db/ddl/planes/neon/document/03_tables.sql,5525
Stage 2 External,External workforce adjacent,document.external_time_entry,work_date,date,yes,no,work_date date NOT NULL,server/db/ddl/planes/neon/document/03_tables.sql,5525
Stage 2 External,External workforce adjacent,document.external_time_entry,time_category,text,yes,no,time_category text NOT NULL DEFAULT 'regular',server/db/ddl/planes/neon/document/03_tables.sql,5525
Stage 2 External,External workforce adjacent,document.external_time_entry,hours,"numeric(9,4)",yes,no,"hours numeric(9,4) NOT NULL",server/db/ddl/planes/neon/document/03_tables.sql,5526
Stage 2 External,External workforce adjacent,document.external_time_entry,rate,"numeric(18,6)",yes,no,"rate numeric(18,6) NOT NULL",server/db/ddl/planes/neon/document/03_tables.sql,5526
Stage 2 External,External workforce adjacent,document.external_time_entry,currency_code,character(3),yes,no,currency_code character(3) NOT NULL,server/db/ddl/planes/neon/document/03_tables.sql,5526
Stage 2 External,External workforce adjacent,document.external_time_entry,amount,"numeric(18,4)",no,yes,"amount numeric(18,4) GENERATED ALWAYS AS (hours * rate) STORED",server/db/ddl/planes/neon/document/03_tables.sql,5527
Stage 2 External,External workforce adjacent,document.external_time_entry,cost_center_id,uuid,no,no,cost_center_id uuid,server/db/ddl/planes/neon/document/03_tables.sql,5528
Stage 2 External,External workforce adjacent,document.external_time_entry,project_id,uuid,no,no,project_id uuid,server/db/ddl/planes/neon/document/03_tables.sql,5528
Stage 2 External,External workforce adjacent,document.external_time_entry,project_task_id,uuid,no,no,project_task_id uuid,server/db/ddl/planes/neon/document/03_tables.sql,5528
Stage 2 External,External workforce adjacent,document.external_time_entry,statement_of_work_item_id,uuid,no,no,statement_of_work_item_id uuid,server/db/ddl/planes/neon/document/03_tables.sql,5528
Stage 2 External,External workforce adjacent,document.external_time_entry,task_code,text,no,no,task_code text,server/db/ddl/planes/neon/document/03_tables.sql,5529
Stage 2 External,External workforce adjacent,document.external_time_entry,notes,text,no,no,notes text,server/db/ddl/planes/neon/document/03_tables.sql,5529
Stage 2 External,External workforce adjacent,document.external_time_entry,rate_snapshot,jsonb,yes,no,rate_snapshot jsonb NOT NULL DEFAULT '{}'::jsonb,server/db/ddl/planes/neon/document/03_tables.sql,5529
Stage 2 External,External workforce adjacent,document.external_time_entry,rate_snapshot_hash,char(64),yes,no,rate_snapshot_hash char(64) NOT NULL,server/db/ddl/planes/neon/document/03_tables.sql,5529
Stage 2 External,External workforce adjacent,document.external_time_entry,created_at,timestamptz,yes,no,created_at timestamptz NOT NULL DEFAULT now(),server/db/ddl/planes/neon/document/03_tables.sql,5530
Stage 2 External,External workforce adjacent,document.external_time_entry,created_by,uuid,yes,no,created_by uuid NOT NULL,server/db/ddl/planes/neon/document/03_tables.sql,5530
Stage 2 External,External workforce adjacent,document.external_expense_sheet,id,uuid,yes,no,id uuid NOT NULL DEFAULT shared.uuidv7(),server/db/ddl/planes/neon/document/03_tables.sql,5540
Stage 2 External,External workforce adjacent,document.external_expense_sheet,tenant_id,uuid,yes,no,tenant_id uuid NOT NULL,server/db/ddl/planes/neon/document/03_tables.sql,5540
Stage 2 External,External workforce adjacent,document.external_expense_sheet,worker_engagement_id,uuid,yes,no,worker_engagement_id uuid NOT NULL,server/db/ddl/planes/neon/document/03_tables.sql,5540
Stage 2 External,External workforce adjacent,document.external_expense_sheet,code,text,yes,no,code text NOT NULL,server/db/ddl/planes/neon/document/03_tables.sql,5541
Stage 2 External,External workforce adjacent,document.external_expense_sheet,period_start,date,yes,no,period_start date NOT NULL,server/db/ddl/planes/neon/document/03_tables.sql,5541
Stage 2 External,External workforce adjacent,document.external_expense_sheet,period_end,date,yes,no,period_end date NOT NULL,server/db/ddl/planes/neon/document/03_tables.sql,5541
Stage 2 External,External workforce adjacent,document.external_expense_sheet,submitted_at,timestamptz,no,no,submitted_at timestamptz,server/db/ddl/planes/neon/document/03_tables.sql,5542
Stage 2 External,External workforce adjacent,document.external_expense_sheet,submitted_by,uuid,no,no,submitted_by uuid,server/db/ddl/planes/neon/document/03_tables.sql,5542
Stage 2 External,External workforce adjacent,document.external_expense_sheet,source_inbox_id,uuid,no,no,source_inbox_id uuid,server/db/ddl/planes/neon/document/03_tables.sql,5542
Stage 2 External,External workforce adjacent,document.external_expense_sheet,workflow_request_id,uuid,no,no,workflow_request_id uuid,server/db/ddl/planes/neon/document/03_tables.sql,5542
Stage 2 External,External workforce adjacent,document.external_expense_sheet,approved_at,timestamptz,no,no,approved_at timestamptz,server/db/ddl/planes/neon/document/03_tables.sql,5543
Stage 2 External,External workforce adjacent,document.external_expense_sheet,approved_by,uuid,no,no,approved_by uuid,server/db/ddl/planes/neon/document/03_tables.sql,5543
Stage 2 External,External workforce adjacent,document.external_expense_sheet,rejection_reason_code,text,no,no,rejection_reason_code text,server/db/ddl/planes/neon/document/03_tables.sql,5543
Stage 2 External,External workforce adjacent,document.external_expense_sheet,revision_of_expense_sheet_id,uuid,no,no,revision_of_expense_sheet_id uuid,server/db/ddl/planes/neon/document/03_tables.sql,5544
Stage 2 External,External workforce adjacent,document.external_expense_sheet,row_version,bigint,yes,no,row_version bigint NOT NULL DEFAULT 1,server/db/ddl/planes/neon/document/03_tables.sql,5544
Stage 2 External,External workforce adjacent,document.external_expense_sheet,status,text,yes,no,status text NOT NULL DEFAULT 'draft',server/db/ddl/planes/neon/document/03_tables.sql,5545
Stage 2 External,External workforce adjacent,document.external_expense_sheet,status_changed_at,timestamptz,no,no,status_changed_at timestamptz,server/db/ddl/planes/neon/document/03_tables.sql,5545
Stage 2 External,External workforce adjacent,document.external_expense_sheet,status_changed_by,uuid,no,no,status_changed_by uuid,server/db/ddl/planes/neon/document/03_tables.sql,5545
Stage 2 External,External workforce adjacent,document.external_expense_sheet,created_at,timestamptz,yes,no,created_at timestamptz NOT NULL DEFAULT now(),server/db/ddl/planes/neon/document/03_tables.sql,5546
Stage 2 External,External workforce adjacent,document.external_expense_sheet,created_by,uuid,yes,no,created_by uuid NOT NULL,server/db/ddl/planes/neon/document/03_tables.sql,5546
Stage 2 External,External workforce adjacent,document.external_expense_sheet,updated_at,timestamptz,no,no,updated_at timestamptz,server/db/ddl/planes/neon/document/03_tables.sql,5546
Stage 2 External,External workforce adjacent,document.external_expense_sheet,updated_by,uuid,no,no,updated_by uuid,server/db/ddl/planes/neon/document/03_tables.sql,5546
Stage 2 External,External workforce adjacent,document.external_expense_item,id,uuid,yes,no,id uuid NOT NULL DEFAULT shared.uuidv7(),server/db/ddl/planes/neon/document/03_tables.sql,5570
Stage 2 External,External workforce adjacent,document.external_expense_item,tenant_id,uuid,yes,no,tenant_id uuid NOT NULL,server/db/ddl/planes/neon/document/03_tables.sql,5570
Stage 2 External,External workforce adjacent,document.external_expense_item,expense_sheet_id,uuid,yes,no,expense_sheet_id uuid NOT NULL,server/db/ddl/planes/neon/document/03_tables.sql,5570
Stage 2 External,External workforce adjacent,document.external_expense_item,line_no,smallint,yes,no,line_no smallint NOT NULL,server/db/ddl/planes/neon/document/03_tables.sql,5571
Stage 2 External,External workforce adjacent,document.external_expense_item,expense_date,date,yes,no,expense_date date NOT NULL,server/db/ddl/planes/neon/document/03_tables.sql,5571
Stage 2 External,External workforce adjacent,document.external_expense_item,expense_code,text,yes,no,expense_code text NOT NULL,server/db/ddl/planes/neon/document/03_tables.sql,5571
Stage 2 External,External workforce adjacent,document.external_expense_item,description,text,yes,no,description text NOT NULL,server/db/ddl/planes/neon/document/03_tables.sql,5571
Stage 2 External,External workforce adjacent,document.external_expense_item,amount,"numeric(18,4)",yes,no,"amount numeric(18,4) NOT NULL",server/db/ddl/planes/neon/document/03_tables.sql,5572
Stage 2 External,External workforce adjacent,document.external_expense_item,tax_amount,"numeric(18,4)",yes,no,"tax_amount numeric(18,4) NOT NULL DEFAULT 0",server/db/ddl/planes/neon/document/03_tables.sql,5572
Stage 2 External,External workforce adjacent,document.external_expense_item,currency_code,character(3),yes,no,currency_code character(3) NOT NULL,server/db/ddl/planes/neon/document/03_tables.sql,5572
Stage 2 External,External workforce adjacent,document.external_expense_item,cost_center_id,uuid,no,no,cost_center_id uuid,server/db/ddl/planes/neon/document/03_tables.sql,5573
Stage 2 External,External workforce adjacent,document.external_expense_item,project_id,uuid,no,no,project_id uuid,server/db/ddl/planes/neon/document/03_tables.sql,5573
Stage 2 External,External workforce adjacent,document.external_expense_item,project_task_id,uuid,no,no,project_task_id uuid,server/db/ddl/planes/neon/document/03_tables.sql,5573
Stage 2 External,External workforce adjacent,document.external_expense_item,statement_of_work_item_id,uuid,no,no,statement_of_work_item_id uuid,server/db/ddl/planes/neon/document/03_tables.sql,5573
Stage 2 External,External workforce adjacent,document.external_expense_item,receipt_content_item_id,uuid,no,no,receipt_content_item_id uuid,server/db/ddl/planes/neon/document/03_tables.sql,5574
Stage 2 External,External workforce adjacent,document.external_expense_item,merchant_name,text,no,no,merchant_name text,server/db/ddl/planes/neon/document/03_tables.sql,5574
Stage 2 External,External workforce adjacent,document.external_expense_item,metadata,jsonb,yes,no,metadata jsonb NOT NULL DEFAULT '{}'::jsonb,server/db/ddl/planes/neon/document/03_tables.sql,5574
Stage 2 External,External workforce adjacent,document.external_expense_item,created_at,timestamptz,yes,no,created_at timestamptz NOT NULL DEFAULT now(),server/db/ddl/planes/neon/document/03_tables.sql,5575
Stage 2 External,External workforce adjacent,document.external_expense_item,created_by,uuid,yes,no,created_by uuid NOT NULL,server/db/ddl/planes/neon/document/03_tables.sql,5575
Stage 2 External,External workforce adjacent,document.service_sheet_source_allocation,id,uuid,yes,no,id uuid NOT NULL DEFAULT shared.uuidv7(),server/db/ddl/planes/neon/document/03_tables.sql,5638
Stage 2 External,External workforce adjacent,document.service_sheet_source_allocation,tenant_id,uuid,yes,no,tenant_id uuid NOT NULL,server/db/ddl/planes/neon/document/03_tables.sql,5638
Stage 2 External,External workforce adjacent,document.service_sheet_source_allocation,service_sheet_line_id,uuid,yes,no,service_sheet_line_id uuid NOT NULL,server/db/ddl/planes/neon/document/03_tables.sql,5638
Stage 2 External,External workforce adjacent,document.service_sheet_source_allocation,external_time_sheet_id,uuid,no,no,external_time_sheet_id uuid,server/db/ddl/planes/neon/document/03_tables.sql,5639
Stage 2 External,External workforce adjacent,document.service_sheet_source_allocation,external_expense_sheet_id,uuid,no,no,external_expense_sheet_id uuid,server/db/ddl/planes/neon/document/03_tables.sql,5639
Stage 2 External,External workforce adjacent,document.service_sheet_source_allocation,statement_of_work_item_id,uuid,no,no,statement_of_work_item_id uuid,server/db/ddl/planes/neon/document/03_tables.sql,5639
Stage 2 External,External workforce adjacent,document.service_sheet_source_allocation,allocation_kind,text,yes,no,allocation_kind text NOT NULL DEFAULT 'acceptance',server/db/ddl/planes/neon/document/03_tables.sql,5640
Stage 2 External,External workforce adjacent,document.service_sheet_source_allocation,accepted_quantity,"numeric(18,4)",no,no,"accepted_quantity numeric(18,4)",server/db/ddl/planes/neon/document/03_tables.sql,5640
Stage 2 External,External workforce adjacent,document.service_sheet_source_allocation,accepted_amount,"numeric(18,4)",yes,no,"accepted_amount numeric(18,4) NOT NULL",server/db/ddl/planes/neon/document/03_tables.sql,5641
Stage 2 External,External workforce adjacent,document.service_sheet_source_allocation,currency_code,character(3),yes,no,currency_code character(3) NOT NULL,server/db/ddl/planes/neon/document/03_tables.sql,5641
Stage 2 External,External workforce adjacent,document.service_sheet_source_allocation,reverses_allocation_id,uuid,no,no,reverses_allocation_id uuid,server/db/ddl/planes/neon/document/03_tables.sql,5642
Stage 2 External,External workforce adjacent,document.service_sheet_source_allocation,source_snapshot,jsonb,yes,no,source_snapshot jsonb NOT NULL DEFAULT '{}'::jsonb,server/db/ddl/planes/neon/document/03_tables.sql,5642
Stage 2 External,External workforce adjacent,document.service_sheet_source_allocation,source_snapshot_hash,char(64),yes,no,source_snapshot_hash char(64) NOT NULL,server/db/ddl/planes/neon/document/03_tables.sql,5643
Stage 2 External,External workforce adjacent,document.service_sheet_source_allocation,idempotency_key,text,yes,no,idempotency_key text NOT NULL,server/db/ddl/planes/neon/document/03_tables.sql,5643
Stage 2 External,External workforce adjacent,document.service_sheet_source_allocation,allocated_at,timestamptz,yes,no,allocated_at timestamptz NOT NULL DEFAULT now(),server/db/ddl/planes/neon/document/03_tables.sql,5644
Stage 2 External,External workforce adjacent,document.service_sheet_source_allocation,allocated_by,uuid,yes,no,allocated_by uuid NOT NULL,server/db/ddl/planes/neon/document/03_tables.sql,5644
Stage 2 External,External workforce adjacent,document.service_sheet_source_allocation,created_at,timestamptz,yes,no,created_at timestamptz NOT NULL DEFAULT now(),server/db/ddl/planes/neon/document/03_tables.sql,5645
Stage 2 External,External workforce adjacent,document.service_sheet_source_allocation,created_by,uuid,yes,no,created_by uuid NOT NULL,server/db/ddl/planes/neon/document/03_tables.sql,5645
Stage 1 Internal,Payroll,control.formula_expression,id,uuid,yes,no,id uuid NOT NULL DEFAULT shared.uuidv7(),server/db/ddl/planes/neon/control/03_tables.sql,465
Stage 1 Internal,Payroll,control.formula_expression,tenant_id,uuid,yes,no,tenant_id uuid NOT NULL,server/db/ddl/planes/neon/control/03_tables.sql,466
Stage 1 Internal,Payroll,control.formula_expression,code,text,yes,no,code text NOT NULL,server/db/ddl/planes/neon/control/03_tables.sql,467
Stage 1 Internal,Payroll,control.formula_expression,name,text,yes,no,name text NOT NULL,server/db/ddl/planes/neon/control/03_tables.sql,468
Stage 1 Internal,Payroll,control.formula_expression,module_code,text,yes,no,module_code text NOT NULL DEFAULT 'PAYROLL',server/db/ddl/planes/neon/control/03_tables.sql,469
Stage 1 Internal,Payroll,control.formula_expression,formula_kind,text,yes,no,formula_kind text NOT NULL DEFAULT 'payroll',server/db/ddl/planes/neon/control/03_tables.sql,470
Stage 1 Internal,Payroll,control.formula_expression,description,text,no,no,description text,server/db/ddl/planes/neon/control/03_tables.sql,471
Stage 1 Internal,Payroll,control.formula_expression,input_schema,jsonb,yes,no,input_schema jsonb NOT NULL DEFAULT '{}'::jsonb,server/db/ddl/planes/neon/control/03_tables.sql,472
Stage 1 Internal,Payroll,control.formula_expression,output_schema,jsonb,yes,no,output_schema jsonb NOT NULL DEFAULT '{}'::jsonb,server/db/ddl/planes/neon/control/03_tables.sql,473
Stage 1 Internal,Payroll,control.formula_expression,default_rounding,jsonb,yes,no,default_rounding jsonb NOT NULL DEFAULT '{}'::jsonb,server/db/ddl/planes/neon/control/03_tables.sql,474
Stage 1 Internal,Payroll,control.formula_expression,metadata,jsonb,yes,no,metadata jsonb NOT NULL DEFAULT '{}'::jsonb,server/db/ddl/planes/neon/control/03_tables.sql,475
Stage 1 Internal,Payroll,control.formula_expression,status,text,yes,no,status text NOT NULL DEFAULT 'draft',server/db/ddl/planes/neon/control/03_tables.sql,476
Stage 1 Internal,Payroll,control.formula_expression,is_active,boolean,no,yes,is_active boolean GENERATED ALWAYS AS (status = 'active') STORED,server/db/ddl/planes/neon/control/03_tables.sql,477
Stage 1 Internal,Payroll,control.formula_expression,status_changed_at,timestamptz,no,no,status_changed_at timestamptz,server/db/ddl/planes/neon/control/03_tables.sql,478
Stage 1 Internal,Payroll,control.formula_expression,status_changed_by,uuid,no,no,status_changed_by uuid,server/db/ddl/planes/neon/control/03_tables.sql,479
Stage 1 Internal,Payroll,control.formula_expression,created_at,timestamptz,yes,no,created_at timestamptz NOT NULL DEFAULT now(),server/db/ddl/planes/neon/control/03_tables.sql,480
Stage 1 Internal,Payroll,control.formula_expression,created_by,uuid,yes,no,created_by uuid NOT NULL,server/db/ddl/planes/neon/control/03_tables.sql,481
Stage 1 Internal,Payroll,control.formula_expression,updated_at,timestamptz,no,no,updated_at timestamptz,server/db/ddl/planes/neon/control/03_tables.sql,482
Stage 1 Internal,Payroll,control.formula_expression,updated_by,uuid,no,no,updated_by uuid,server/db/ddl/planes/neon/control/03_tables.sql,483
Stage 1 Internal,Payroll,control.formula_expression_version,id,uuid,yes,no,id uuid NOT NULL DEFAULT shared.uuidv7(),server/db/ddl/planes/neon/control/03_tables.sql,516
Stage 1 Internal,Payroll,control.formula_expression_version,tenant_id,uuid,yes,no,tenant_id uuid NOT NULL,server/db/ddl/planes/neon/control/03_tables.sql,517
Stage 1 Internal,Payroll,control.formula_expression_version,formula_expression_id,uuid,yes,no,formula_expression_id uuid NOT NULL,server/db/ddl/planes/neon/control/03_tables.sql,518
Stage 1 Internal,Payroll,control.formula_expression_version,version_no,integer,yes,no,version_no integer NOT NULL,server/db/ddl/planes/neon/control/03_tables.sql,519
Stage 1 Internal,Payroll,control.formula_expression_version,expression_language,text,yes,no,expression_language text NOT NULL DEFAULT 'jsonlogic',server/db/ddl/planes/neon/control/03_tables.sql,520
Stage 1 Internal,Payroll,control.formula_expression_version,expression_body,jsonb,yes,no,expression_body jsonb NOT NULL,server/db/ddl/planes/neon/control/03_tables.sql,521
Stage 1 Internal,Payroll,control.formula_expression_version,input_defaults,jsonb,yes,no,input_defaults jsonb NOT NULL DEFAULT '{}'::jsonb,server/db/ddl/planes/neon/control/03_tables.sql,522
Stage 1 Internal,Payroll,control.formula_expression_version,output_mapping,jsonb,yes,no,output_mapping jsonb NOT NULL DEFAULT '{}'::jsonb,server/db/ddl/planes/neon/control/03_tables.sql,523
Stage 1 Internal,Payroll,control.formula_expression_version,rounding_config,jsonb,yes,no,rounding_config jsonb NOT NULL DEFAULT '{}'::jsonb,server/db/ddl/planes/neon/control/03_tables.sql,524
Stage 1 Internal,Payroll,control.formula_expression_version,effective_from,date,yes,no,effective_from date NOT NULL DEFAULT CURRENT_DATE,server/db/ddl/planes/neon/control/03_tables.sql,525
Stage 1 Internal,Payroll,control.formula_expression_version,effective_until,date,no,no,effective_until date,server/db/ddl/planes/neon/control/03_tables.sql,526
Stage 1 Internal,Payroll,control.formula_expression_version,status,text,yes,no,status text NOT NULL DEFAULT 'draft',server/db/ddl/planes/neon/control/03_tables.sql,527
Stage 1 Internal,Payroll,control.formula_expression_version,is_effective,boolean,no,yes,is_effective boolean GENERATED ALWAYS AS (status = 'effective') STORED,server/db/ddl/planes/neon/control/03_tables.sql,528
Stage 1 Internal,Payroll,control.formula_expression_version,published_at,timestamptz,no,no,published_at timestamptz,server/db/ddl/planes/neon/control/03_tables.sql,529
Stage 1 Internal,Payroll,control.formula_expression_version,published_by,uuid,no,no,published_by uuid,server/db/ddl/planes/neon/control/03_tables.sql,530
Stage 1 Internal,Payroll,control.formula_expression_version,metadata,jsonb,yes,no,metadata jsonb NOT NULL DEFAULT '{}'::jsonb,server/db/ddl/planes/neon/control/03_tables.sql,531
Stage 1 Internal,Payroll,control.formula_expression_version,created_at,timestamptz,yes,no,created_at timestamptz NOT NULL DEFAULT now(),server/db/ddl/planes/neon/control/03_tables.sql,532
Stage 1 Internal,Payroll,control.formula_expression_version,created_by,uuid,yes,no,created_by uuid NOT NULL,server/db/ddl/planes/neon/control/03_tables.sql,533
Stage 1 Internal,Payroll,control.formula_expression_version,updated_at,timestamptz,no,no,updated_at timestamptz,server/db/ddl/planes/neon/control/03_tables.sql,534
Stage 1 Internal,Payroll,control.formula_expression_version,updated_by,uuid,no,no,updated_by uuid,server/db/ddl/planes/neon/control/03_tables.sql,535
Stage 2 External,External rate policy,control.external_workforce_rate_card,id,uuid,yes,no,id uuid NOT NULL DEFAULT shared.uuidv7(),server/db/ddl/planes/neon/control/03_tables.sql,2558
Stage 2 External,External rate policy,control.external_workforce_rate_card,tenant_id,uuid,yes,no,tenant_id uuid NOT NULL,server/db/ddl/planes/neon/control/03_tables.sql,2559
Stage 2 External,External rate policy,control.external_workforce_rate_card,company_code_id,uuid,yes,no,company_code_id uuid NOT NULL,server/db/ddl/planes/neon/control/03_tables.sql,2560
Stage 2 External,External rate policy,control.external_workforce_rate_card,code,text,yes,no,code text NOT NULL,server/db/ddl/planes/neon/control/03_tables.sql,2561
Stage 2 External,External rate policy,control.external_workforce_rate_card,name,text,yes,no,name text NOT NULL,server/db/ddl/planes/neon/control/03_tables.sql,2562
Stage 2 External,External rate policy,control.external_workforce_rate_card,description,text,no,no,description text,server/db/ddl/planes/neon/control/03_tables.sql,2563
Stage 2 External,External rate policy,control.external_workforce_rate_card,currency_code,character(3),yes,no,currency_code character(3) NOT NULL,server/db/ddl/planes/neon/control/03_tables.sql,2564
Stage 2 External,External rate policy,control.external_workforce_rate_card,effective_from,date,yes,no,effective_from date NOT NULL,server/db/ddl/planes/neon/control/03_tables.sql,2565
Stage 2 External,External rate policy,control.external_workforce_rate_card,effective_until,date,no,no,effective_until date,server/db/ddl/planes/neon/control/03_tables.sql,2566
Stage 2 External,External rate policy,control.external_workforce_rate_card,row_version,bigint,yes,no,row_version bigint NOT NULL DEFAULT 1,server/db/ddl/planes/neon/control/03_tables.sql,2567
Stage 2 External,External rate policy,control.external_workforce_rate_card,metadata,jsonb,yes,no,metadata jsonb NOT NULL DEFAULT '{}'::jsonb,server/db/ddl/planes/neon/control/03_tables.sql,2568
Stage 2 External,External rate policy,control.external_workforce_rate_card,status,text,yes,no,status text NOT NULL DEFAULT 'draft',server/db/ddl/planes/neon/control/03_tables.sql,2569
Stage 2 External,External rate policy,control.external_workforce_rate_card,status_changed_at,timestamptz,no,no,status_changed_at timestamptz,server/db/ddl/planes/neon/control/03_tables.sql,2570
Stage 2 External,External rate policy,control.external_workforce_rate_card,status_changed_by,uuid,no,no,status_changed_by uuid,server/db/ddl/planes/neon/control/03_tables.sql,2571
Stage 2 External,External rate policy,control.external_workforce_rate_card,created_at,timestamptz,yes,no,created_at timestamptz NOT NULL DEFAULT now(),server/db/ddl/planes/neon/control/03_tables.sql,2572
Stage 2 External,External rate policy,control.external_workforce_rate_card,created_by,uuid,yes,no,created_by uuid NOT NULL,server/db/ddl/planes/neon/control/03_tables.sql,2573
Stage 2 External,External rate policy,control.external_workforce_rate_card,updated_at,timestamptz,no,no,updated_at timestamptz,server/db/ddl/planes/neon/control/03_tables.sql,2574
Stage 2 External,External rate policy,control.external_workforce_rate_card,updated_by,uuid,no,no,updated_by uuid,server/db/ddl/planes/neon/control/03_tables.sql,2575
Stage 2 External,External rate policy,control.external_workforce_rate,id,uuid,yes,no,id uuid NOT NULL DEFAULT shared.uuidv7(),server/db/ddl/planes/neon/control/03_tables.sql,2590
Stage 2 External,External rate policy,control.external_workforce_rate,tenant_id,uuid,yes,no,tenant_id uuid NOT NULL,server/db/ddl/planes/neon/control/03_tables.sql,2591
Stage 2 External,External rate policy,control.external_workforce_rate,rate_card_id,uuid,yes,no,rate_card_id uuid NOT NULL,server/db/ddl/planes/neon/control/03_tables.sql,2592
Stage 2 External,External rate policy,control.external_workforce_rate,supplier_id,uuid,no,no,supplier_id uuid,server/db/ddl/planes/neon/control/03_tables.sql,2593
Stage 2 External,External rate policy,control.external_workforce_rate,job_id,uuid,no,no,job_id uuid,server/db/ddl/planes/neon/control/03_tables.sql,2594
Stage 2 External,External rate policy,control.external_workforce_rate,site_id,uuid,no,no,site_id uuid,server/db/ddl/planes/neon/control/03_tables.sql,2595
Stage 2 External,External rate policy,control.external_workforce_rate,worker_classification,text,no,no,worker_classification text,server/db/ddl/planes/neon/control/03_tables.sql,2596
Stage 2 External,External rate policy,control.external_workforce_rate,rate_code,text,yes,no,rate_code text NOT NULL,server/db/ddl/planes/neon/control/03_tables.sql,2597
Stage 2 External,External rate policy,control.external_workforce_rate,unit_of_measure,text,yes,no,unit_of_measure text NOT NULL,server/db/ddl/planes/neon/control/03_tables.sql,2598
Stage 2 External,External rate policy,control.external_workforce_rate,regular_rate,"numeric(18,6)",yes,no,"regular_rate numeric(18,6) NOT NULL",server/db/ddl/planes/neon/control/03_tables.sql,2599
Stage 2 External,External rate policy,control.external_workforce_rate,minimum_rate,"numeric(18,6)",no,no,"minimum_rate numeric(18,6)",server/db/ddl/planes/neon/control/03_tables.sql,2600
Stage 2 External,External rate policy,control.external_workforce_rate,maximum_rate,"numeric(18,6)",no,no,"maximum_rate numeric(18,6)",server/db/ddl/planes/neon/control/03_tables.sql,2601
Stage 2 External,External rate policy,control.external_workforce_rate,overtime_multiplier,"numeric(9,4)",yes,no,"overtime_multiplier numeric(9,4) NOT NULL DEFAULT 1",server/db/ddl/planes/neon/control/03_tables.sql,2602
Stage 2 External,External rate policy,control.external_workforce_rate,doubletime_multiplier,"numeric(9,4)",yes,no,"doubletime_multiplier numeric(9,4) NOT NULL DEFAULT 1",server/db/ddl/planes/neon/control/03_tables.sql,2603
Stage 2 External,External rate policy,control.external_workforce_rate,supplier_markup_percent,"numeric(9,4)",yes,no,"supplier_markup_percent numeric(9,4) NOT NULL DEFAULT 0",server/db/ddl/planes/neon/control/03_tables.sql,2604
Stage 2 External,External rate policy,control.external_workforce_rate,effective_from,date,yes,no,effective_from date NOT NULL,server/db/ddl/planes/neon/control/03_tables.sql,2605
Stage 2 External,External rate policy,control.external_workforce_rate,effective_until,date,no,no,effective_until date,server/db/ddl/planes/neon/control/03_tables.sql,2606
Stage 2 External,External rate policy,control.external_workforce_rate,metadata,jsonb,yes,no,metadata jsonb NOT NULL DEFAULT '{}'::jsonb,server/db/ddl/planes/neon/control/03_tables.sql,2607
Stage 2 External,External rate policy,control.external_workforce_rate,status,text,yes,no,status text NOT NULL DEFAULT 'active',server/db/ddl/planes/neon/control/03_tables.sql,2608
Stage 2 External,External rate policy,control.external_workforce_rate,created_at,timestamptz,yes,no,created_at timestamptz NOT NULL DEFAULT now(),server/db/ddl/planes/neon/control/03_tables.sql,2609
Stage 2 External,External rate policy,control.external_workforce_rate,created_by,uuid,yes,no,created_by uuid NOT NULL,server/db/ddl/planes/neon/control/03_tables.sql,2610
Stage 2 External,External rate policy,control.external_workforce_rate,updated_at,timestamptz,no,no,updated_at timestamptz,server/db/ddl/planes/neon/control/03_tables.sql,2611
Stage 2 External,External rate policy,control.external_workforce_rate,updated_by,uuid,no,no,updated_by uuid,server/db/ddl/planes/neon/control/03_tables.sql,2612
Shared,User and access,authz.plane_membership,id,uuid,yes,no,id uuid NOT NULL DEFAULT shared.uuidv7(),server/db/ddl/common/authz/03_tables.sql,62
Shared,User and access,authz.plane_membership,tenant_id,uuid,yes,no,tenant_id uuid NOT NULL,server/db/ddl/common/authz/03_tables.sql,63
Shared,User and access,authz.plane_membership,principal_id,uuid,yes,no,principal_id uuid NOT NULL,server/db/ddl/common/authz/03_tables.sql,64
Shared,User and access,authz.plane_membership,membership_kind,authz.membership_kind_d,yes,no,membership_kind authz.membership_kind_d NOT NULL DEFAULT 'standard',server/db/ddl/common/authz/03_tables.sql,65
Shared,User and access,authz.plane_membership,source_type,authz.source_type_d,yes,no,source_type authz.source_type_d NOT NULL DEFAULT 'manual',server/db/ddl/common/authz/03_tables.sql,66
Shared,User and access,authz.plane_membership,source_ref,text,no,no,source_ref text,server/db/ddl/common/authz/03_tables.sql,67
Shared,User and access,authz.plane_membership,metadata,jsonb,yes,no,metadata jsonb NOT NULL DEFAULT '{}'::jsonb,server/db/ddl/common/authz/03_tables.sql,68
Shared,User and access,authz.plane_membership,status,authz.membership_status_d,yes,no,status authz.membership_status_d NOT NULL DEFAULT 'pending',server/db/ddl/common/authz/03_tables.sql,69
Shared,User and access,authz.plane_membership,effective_from,timestamptz,yes,no,effective_from timestamptz NOT NULL DEFAULT now(),server/db/ddl/common/authz/03_tables.sql,70
Shared,User and access,authz.plane_membership,effective_until,timestamptz,no,no,effective_until timestamptz,server/db/ddl/common/authz/03_tables.sql,71
Shared,User and access,authz.plane_membership,status_changed_at,timestamptz,no,no,status_changed_at timestamptz,server/db/ddl/common/authz/03_tables.sql,72
Shared,User and access,authz.plane_membership,status_changed_by,uuid,no,no,status_changed_by uuid,server/db/ddl/common/authz/03_tables.sql,73
Shared,User and access,authz.plane_membership,created_at,timestamptz,yes,no,created_at timestamptz NOT NULL DEFAULT now(),server/db/ddl/common/authz/03_tables.sql,74
Shared,User and access,authz.plane_membership,created_by,uuid,yes,no,created_by uuid NOT NULL,server/db/ddl/common/authz/03_tables.sql,75
Shared,User and access,authz.plane_membership,updated_at,timestamptz,no,no,updated_at timestamptz,server/db/ddl/common/authz/03_tables.sql,76
Shared,User and access,authz.plane_membership,updated_by,uuid,no,no,updated_by uuid,server/db/ddl/common/authz/03_tables.sql,77
Shared,User and access,authz.scope_target,id,uuid,yes,no,id uuid NOT NULL DEFAULT shared.uuidv7(),server/db/ddl/common/authz/03_tables.sql,99
Shared,User and access,authz.scope_target,tenant_id,uuid,yes,no,tenant_id uuid NOT NULL,server/db/ddl/common/authz/03_tables.sql,100
Shared,User and access,authz.scope_target,scope_kind,authz.scope_kind_d,yes,no,scope_kind authz.scope_kind_d NOT NULL,server/db/ddl/common/authz/03_tables.sql,101
Shared,User and access,authz.scope_target,scope_key,text,yes,no,scope_key text NOT NULL,server/db/ddl/common/authz/03_tables.sql,102
Shared,User and access,authz.scope_target,target_id,uuid,yes,no,target_id uuid NOT NULL,server/db/ddl/common/authz/03_tables.sql,103
Shared,User and access,authz.scope_target,parent_scope_target_id,uuid,no,no,parent_scope_target_id uuid,server/db/ddl/common/authz/03_tables.sql,104
Shared,User and access,authz.scope_target,display_name,text,yes,no,display_name text NOT NULL,server/db/ddl/common/authz/03_tables.sql,105
Shared,User and access,authz.scope_target,metadata,jsonb,yes,no,metadata jsonb NOT NULL DEFAULT '{}'::jsonb,server/db/ddl/common/authz/03_tables.sql,106
Shared,User and access,authz.scope_target,status,authz.scope_status_d,yes,no,status authz.scope_status_d NOT NULL DEFAULT 'active',server/db/ddl/common/authz/03_tables.sql,107
Shared,User and access,authz.scope_target,status_changed_at,timestamptz,no,no,status_changed_at timestamptz,server/db/ddl/common/authz/03_tables.sql,108
Shared,User and access,authz.scope_target,status_changed_by,uuid,no,no,status_changed_by uuid,server/db/ddl/common/authz/03_tables.sql,109
Shared,User and access,authz.scope_target,created_at,timestamptz,yes,no,created_at timestamptz NOT NULL DEFAULT now(),server/db/ddl/common/authz/03_tables.sql,110
Shared,User and access,authz.scope_target,created_by,uuid,yes,no,created_by uuid NOT NULL,server/db/ddl/common/authz/03_tables.sql,111
Shared,User and access,authz.scope_target,updated_at,timestamptz,no,no,updated_at timestamptz,server/db/ddl/common/authz/03_tables.sql,112
Shared,User and access,authz.scope_target,updated_by,uuid,no,no,updated_by uuid,server/db/ddl/common/authz/03_tables.sql,113
Shared,User and access,authz.role,id,uuid,yes,no,id uuid NOT NULL DEFAULT shared.uuidv7(),server/db/ddl/common/authz/03_tables.sql,147
Shared,User and access,authz.role,tenant_id,uuid,yes,no,tenant_id uuid NOT NULL,server/db/ddl/common/authz/03_tables.sql,148
Shared,User and access,authz.role,code,text,yes,no,code text NOT NULL,server/db/ddl/common/authz/03_tables.sql,149
Shared,User and access,authz.role,name,text,yes,no,name text NOT NULL,server/db/ddl/common/authz/03_tables.sql,150
Shared,User and access,authz.role,description,text,no,no,description text,server/db/ddl/common/authz/03_tables.sql,151
Shared,User and access,authz.role,role_kind,authz.role_kind_d,yes,no,role_kind authz.role_kind_d NOT NULL DEFAULT 'custom',server/db/ddl/common/authz/03_tables.sql,152
Shared,User and access,authz.role,source_type,authz.source_type_d,yes,no,source_type authz.source_type_d NOT NULL DEFAULT 'manual',server/db/ddl/common/authz/03_tables.sql,153
Shared,User and access,authz.role,source_ref,text,no,no,source_ref text,server/db/ddl/common/authz/03_tables.sql,154
Shared,User and access,authz.role,metadata,jsonb,yes,no,metadata jsonb NOT NULL DEFAULT '{}'::jsonb,server/db/ddl/common/authz/03_tables.sql,155
Shared,User and access,authz.role,status,authz.definition_status_d,yes,no,status authz.definition_status_d NOT NULL DEFAULT 'draft',server/db/ddl/common/authz/03_tables.sql,156
Shared,User and access,authz.role,status_changed_at,timestamptz,no,no,status_changed_at timestamptz,server/db/ddl/common/authz/03_tables.sql,157
Shared,User and access,authz.role,status_changed_by,uuid,no,no,status_changed_by uuid,server/db/ddl/common/authz/03_tables.sql,158
Shared,User and access,authz.role,created_at,timestamptz,yes,no,created_at timestamptz NOT NULL DEFAULT now(),server/db/ddl/common/authz/03_tables.sql,159
Shared,User and access,authz.role,created_by,uuid,yes,no,created_by uuid NOT NULL,server/db/ddl/common/authz/03_tables.sql,160
Shared,User and access,authz.role,updated_at,timestamptz,no,no,updated_at timestamptz,server/db/ddl/common/authz/03_tables.sql,161
Shared,User and access,authz.role,updated_by,uuid,no,no,updated_by uuid,server/db/ddl/common/authz/03_tables.sql,162
Shared,User and access,authz.role_permission,id,uuid,yes,no,id uuid NOT NULL DEFAULT shared.uuidv7(),server/db/ddl/common/authz/03_tables.sql,193
Shared,User and access,authz.role_permission,tenant_id,uuid,yes,no,tenant_id uuid NOT NULL,server/db/ddl/common/authz/03_tables.sql,194
Shared,User and access,authz.role_permission,role_id,uuid,yes,no,role_id uuid NOT NULL,server/db/ddl/common/authz/03_tables.sql,195
Shared,User and access,authz.role_permission,permission_id,uuid,yes,no,permission_id uuid NOT NULL,server/db/ddl/common/authz/03_tables.sql,196
Shared,User and access,authz.role_permission,created_at,timestamptz,yes,no,created_at timestamptz NOT NULL DEFAULT now(),server/db/ddl/common/authz/03_tables.sql,197
Shared,User and access,authz.role_permission,created_by,uuid,yes,no,created_by uuid NOT NULL,server/db/ddl/common/authz/03_tables.sql,198
Shared,User and access,authz.role_permission,updated_at,timestamptz,no,no,updated_at timestamptz,server/db/ddl/common/authz/03_tables.sql,199
Shared,User and access,authz.role_permission,updated_by,uuid,no,no,updated_by uuid,server/db/ddl/common/authz/03_tables.sql,200
Shared,User and access,authz.principal_group,id,uuid,yes,no,id uuid NOT NULL DEFAULT shared.uuidv7(),server/db/ddl/common/authz/03_tables.sql,213
Shared,User and access,authz.principal_group,tenant_id,uuid,yes,no,tenant_id uuid NOT NULL,server/db/ddl/common/authz/03_tables.sql,214
Shared,User and access,authz.principal_group,code,text,yes,no,code text NOT NULL,server/db/ddl/common/authz/03_tables.sql,215
Shared,User and access,authz.principal_group,name,text,yes,no,name text NOT NULL,server/db/ddl/common/authz/03_tables.sql,216
Shared,User and access,authz.principal_group,description,text,no,no,description text,server/db/ddl/common/authz/03_tables.sql,217
Shared,User and access,authz.principal_group,group_kind,authz.group_kind_d,yes,no,group_kind authz.group_kind_d NOT NULL DEFAULT 'custom',server/db/ddl/common/authz/03_tables.sql,218
Shared,User and access,authz.principal_group,source_type,authz.source_type_d,yes,no,source_type authz.source_type_d NOT NULL DEFAULT 'manual',server/db/ddl/common/authz/03_tables.sql,219
Shared,User and access,authz.principal_group,source_ref,text,no,no,source_ref text,server/db/ddl/common/authz/03_tables.sql,220
Shared,User and access,authz.principal_group,metadata,jsonb,yes,no,metadata jsonb NOT NULL DEFAULT '{}'::jsonb,server/db/ddl/common/authz/03_tables.sql,221
Shared,User and access,authz.principal_group,status,authz.scope_status_d,yes,no,status authz.scope_status_d NOT NULL DEFAULT 'active',server/db/ddl/common/authz/03_tables.sql,222
Shared,User and access,authz.principal_group,status_changed_at,timestamptz,no,no,status_changed_at timestamptz,server/db/ddl/common/authz/03_tables.sql,223
Shared,User and access,authz.principal_group,status_changed_by,uuid,no,no,status_changed_by uuid,server/db/ddl/common/authz/03_tables.sql,224
Shared,User and access,authz.principal_group,created_at,timestamptz,yes,no,created_at timestamptz NOT NULL DEFAULT now(),server/db/ddl/common/authz/03_tables.sql,225
Shared,User and access,authz.principal_group,created_by,uuid,yes,no,created_by uuid NOT NULL,server/db/ddl/common/authz/03_tables.sql,226
Shared,User and access,authz.principal_group,updated_at,timestamptz,no,no,updated_at timestamptz,server/db/ddl/common/authz/03_tables.sql,227
Shared,User and access,authz.principal_group,updated_by,uuid,no,no,updated_by uuid,server/db/ddl/common/authz/03_tables.sql,228
Shared,User and access,authz.group_member,id,uuid,yes,no,id uuid NOT NULL DEFAULT shared.uuidv7(),server/db/ddl/common/authz/03_tables.sql,270
Shared,User and access,authz.group_member,tenant_id,uuid,yes,no,tenant_id uuid NOT NULL,server/db/ddl/common/authz/03_tables.sql,271
Shared,User and access,authz.group_member,group_id,uuid,yes,no,group_id uuid NOT NULL,server/db/ddl/common/authz/03_tables.sql,272
Shared,User and access,authz.group_member,principal_id,uuid,yes,no,principal_id uuid NOT NULL,server/db/ddl/common/authz/03_tables.sql,273
Shared,User and access,authz.group_member,source_type,authz.source_type_d,yes,no,source_type authz.source_type_d NOT NULL DEFAULT 'manual',server/db/ddl/common/authz/03_tables.sql,274
Shared,User and access,authz.group_member,source_ref,text,no,no,source_ref text,server/db/ddl/common/authz/03_tables.sql,275
Shared,User and access,authz.group_member,metadata,jsonb,yes,no,metadata jsonb NOT NULL DEFAULT '{}'::jsonb,server/db/ddl/common/authz/03_tables.sql,276
Shared,User and access,authz.group_member,status,authz.authority_status_d,yes,no,status authz.authority_status_d NOT NULL DEFAULT 'active',server/db/ddl/common/authz/03_tables.sql,277
Shared,User and access,authz.group_member,effective_from,timestamptz,yes,no,effective_from timestamptz NOT NULL DEFAULT now(),server/db/ddl/common/authz/03_tables.sql,278
Shared,User and access,authz.group_member,effective_until,timestamptz,no,no,effective_until timestamptz,server/db/ddl/common/authz/03_tables.sql,279
Shared,User and access,authz.group_member,status_changed_at,timestamptz,no,no,status_changed_at timestamptz,server/db/ddl/common/authz/03_tables.sql,280
Shared,User and access,authz.group_member,status_changed_by,uuid,no,no,status_changed_by uuid,server/db/ddl/common/authz/03_tables.sql,281
Shared,User and access,authz.group_member,created_at,timestamptz,yes,no,created_at timestamptz NOT NULL DEFAULT now(),server/db/ddl/common/authz/03_tables.sql,282
Shared,User and access,authz.group_member,created_by,uuid,yes,no,created_by uuid NOT NULL,server/db/ddl/common/authz/03_tables.sql,283
Shared,User and access,authz.group_member,updated_at,timestamptz,no,no,updated_at timestamptz,server/db/ddl/common/authz/03_tables.sql,284
Shared,User and access,authz.group_member,updated_by,uuid,no,no,updated_by uuid,server/db/ddl/common/authz/03_tables.sql,285
Shared,User and access,authz.group_role,id,uuid,yes,no,id uuid NOT NULL DEFAULT shared.uuidv7(),server/db/ddl/common/authz/03_tables.sql,302
Shared,User and access,authz.group_role,tenant_id,uuid,yes,no,tenant_id uuid NOT NULL,server/db/ddl/common/authz/03_tables.sql,303
Shared,User and access,authz.group_role,group_id,uuid,yes,no,group_id uuid NOT NULL,server/db/ddl/common/authz/03_tables.sql,304
Shared,User and access,authz.group_role,role_id,uuid,yes,no,role_id uuid NOT NULL,server/db/ddl/common/authz/03_tables.sql,305
Shared,User and access,authz.group_role,scope_target_id,uuid,yes,no,scope_target_id uuid NOT NULL,server/db/ddl/common/authz/03_tables.sql,306
Shared,User and access,authz.group_role,propagation_mode,authz.propagation_mode_d,yes,no,propagation_mode authz.propagation_mode_d NOT NULL DEFAULT 'exact',server/db/ddl/common/authz/03_tables.sql,307
Shared,User and access,authz.group_role,source_type,authz.source_type_d,yes,no,source_type authz.source_type_d NOT NULL DEFAULT 'manual',server/db/ddl/common/authz/03_tables.sql,308
Shared,User and access,authz.group_role,source_ref,text,no,no,source_ref text,server/db/ddl/common/authz/03_tables.sql,309
Shared,User and access,authz.group_role,metadata,jsonb,yes,no,metadata jsonb NOT NULL DEFAULT '{}'::jsonb,server/db/ddl/common/authz/03_tables.sql,310
Shared,User and access,authz.group_role,status,authz.authority_status_d,yes,no,status authz.authority_status_d NOT NULL DEFAULT 'active',server/db/ddl/common/authz/03_tables.sql,311
Shared,User and access,authz.group_role,effective_from,timestamptz,yes,no,effective_from timestamptz NOT NULL DEFAULT now(),server/db/ddl/common/authz/03_tables.sql,312
Shared,User and access,authz.group_role,effective_until,timestamptz,no,no,effective_until timestamptz,server/db/ddl/common/authz/03_tables.sql,313
Shared,User and access,authz.group_role,status_changed_at,timestamptz,no,no,status_changed_at timestamptz,server/db/ddl/common/authz/03_tables.sql,314
Shared,User and access,authz.group_role,status_changed_by,uuid,no,no,status_changed_by uuid,server/db/ddl/common/authz/03_tables.sql,315
Shared,User and access,authz.group_role,created_at,timestamptz,yes,no,created_at timestamptz NOT NULL DEFAULT now(),server/db/ddl/common/authz/03_tables.sql,316
Shared,User and access,authz.group_role,created_by,uuid,yes,no,created_by uuid NOT NULL,server/db/ddl/common/authz/03_tables.sql,317
Shared,User and access,authz.group_role,updated_at,timestamptz,no,no,updated_at timestamptz,server/db/ddl/common/authz/03_tables.sql,318
Shared,User and access,authz.group_role,updated_by,uuid,no,no,updated_by uuid,server/db/ddl/common/authz/03_tables.sql,319
Shared,User and access,authz.record_acl,id,uuid,yes,no,id uuid NOT NULL DEFAULT shared.uuidv7(),server/db/ddl/common/authz/03_tables.sql,538
Shared,User and access,authz.record_acl,tenant_id,uuid,yes,no,tenant_id uuid NOT NULL,server/db/ddl/common/authz/03_tables.sql,539
Shared,User and access,authz.record_acl,resource_code,text,yes,no,resource_code text NOT NULL,server/db/ddl/common/authz/03_tables.sql,540
Shared,User and access,authz.record_acl,record_id,uuid,yes,no,record_id uuid NOT NULL,server/db/ddl/common/authz/03_tables.sql,541
Shared,User and access,authz.record_acl,permission_id,uuid,yes,no,permission_id uuid NOT NULL,server/db/ddl/common/authz/03_tables.sql,542
Shared,User and access,authz.record_acl,subject_kind,authz.subject_kind_d,yes,no,subject_kind authz.subject_kind_d NOT NULL,server/db/ddl/common/authz/03_tables.sql,543
Shared,User and access,authz.record_acl,principal_id,uuid,no,no,principal_id uuid,server/db/ddl/common/authz/03_tables.sql,544
Shared,User and access,authz.record_acl,group_id,uuid,no,no,group_id uuid,server/db/ddl/common/authz/03_tables.sql,545
Shared,User and access,authz.record_acl,reason,text,yes,no,reason text NOT NULL,server/db/ddl/common/authz/03_tables.sql,546
Shared,User and access,authz.record_acl,granted_by,uuid,yes,no,granted_by uuid NOT NULL,server/db/ddl/common/authz/03_tables.sql,547
Shared,User and access,authz.record_acl,metadata,jsonb,yes,no,metadata jsonb NOT NULL DEFAULT '{}'::jsonb,server/db/ddl/common/authz/03_tables.sql,548
Shared,User and access,authz.record_acl,status,authz.acl_status_d,yes,no,status authz.acl_status_d NOT NULL DEFAULT 'active',server/db/ddl/common/authz/03_tables.sql,549
Shared,User and access,authz.record_acl,effective_from,timestamptz,yes,no,effective_from timestamptz NOT NULL DEFAULT now(),server/db/ddl/common/authz/03_tables.sql,550
Shared,User and access,authz.record_acl,effective_until,timestamptz,no,no,effective_until timestamptz,server/db/ddl/common/authz/03_tables.sql,551
Shared,User and access,authz.record_acl,revoked_by,uuid,no,no,revoked_by uuid,server/db/ddl/common/authz/03_tables.sql,552
Shared,User and access,authz.record_acl,revoked_at,timestamptz,no,no,revoked_at timestamptz,server/db/ddl/common/authz/03_tables.sql,553
Shared,User and access,authz.record_acl,revocation_reason,text,no,no,revocation_reason text,server/db/ddl/common/authz/03_tables.sql,554
Shared,User and access,authz.record_acl,status_changed_at,timestamptz,no,no,status_changed_at timestamptz,server/db/ddl/common/authz/03_tables.sql,555
Shared,User and access,authz.record_acl,status_changed_by,uuid,no,no,status_changed_by uuid,server/db/ddl/common/authz/03_tables.sql,556
Shared,User and access,authz.record_acl,created_at,timestamptz,yes,no,created_at timestamptz NOT NULL DEFAULT now(),server/db/ddl/common/authz/03_tables.sql,557
Shared,User and access,authz.record_acl,created_by,uuid,yes,no,created_by uuid NOT NULL,server/db/ddl/common/authz/03_tables.sql,558
Shared,User and access,authz.record_acl,updated_at,timestamptz,no,no,updated_at timestamptz,server/db/ddl/common/authz/03_tables.sql,559
Shared,User and access,authz.record_acl,updated_by,uuid,no,no,updated_by uuid,server/db/ddl/common/authz/03_tables.sql,560
Shared,Shared banking and output,master.bank_account_usage,tenant_id,uuid,yes,no,tenant_id uuid NOT NULL,server/db/ddl/planes/neon/master/15_bank_account_company_usage.sql,3
Shared,Shared banking and output,master.bank_account_usage,bank_account_link_id,uuid,yes,no,bank_account_link_id uuid NOT NULL,server/db/ddl/planes/neon/master/15_bank_account_company_usage.sql,4
Shared,Shared banking and output,master.bank_account_usage,usage_scope,text,yes,no,"usage_scope text NOT NULL DEFAULT 'selected_companies' CHECK (usage_scope IN ('selected_companies','all_authorized_companies'))",server/db/ddl/planes/neon/master/15_bank_account_company_usage.sql,5
Shared,Shared banking and output,master.bank_account_company_usage,id,uuid,no,no,id uuid PRIMARY KEY DEFAULT gen_random_uuid(),server/db/ddl/planes/neon/master/15_bank_account_company_usage.sql,11
Shared,Shared banking and output,master.bank_account_company_usage,tenant_id,uuid,yes,no,tenant_id uuid NOT NULL,server/db/ddl/planes/neon/master/15_bank_account_company_usage.sql,12
Shared,Shared banking and output,master.bank_account_company_usage,bank_account_link_id,uuid,yes,no,bank_account_link_id uuid NOT NULL,server/db/ddl/planes/neon/master/15_bank_account_company_usage.sql,13
Shared,Shared banking and output,master.bank_account_company_usage,company_code_id,uuid,yes,no,company_code_id uuid NOT NULL,server/db/ddl/planes/neon/master/15_bank_account_company_usage.sql,14
Shared,Shared banking and output,master.bank_account_company_usage,purpose,text,yes,no,purpose text NOT NULL DEFAULT 'default',server/db/ddl/planes/neon/master/15_bank_account_company_usage.sql,15
Shared,Shared banking and output,master.bank_account_company_usage,effective_from,date,yes,no,effective_from date NOT NULL DEFAULT CURRENT_DATE,server/db/ddl/planes/neon/master/15_bank_account_company_usage.sql,16
Shared,Shared banking and output,master.bank_account_company_usage,effective_until,date,no,no,effective_until date,server/db/ddl/planes/neon/master/15_bank_account_company_usage.sql,17
Shared,Shared banking and output,master.bank_account_company_usage,is_primary,boolean,yes,no,is_primary boolean NOT NULL DEFAULT false,server/db/ddl/planes/neon/master/15_bank_account_company_usage.sql,18
Shared,Shared banking and output,master.bank_account_company_usage,accepted_at,timestamptz,no,no,accepted_at timestamptz,server/db/ddl/planes/neon/master/15_bank_account_company_usage.sql,19
Shared,Shared banking and output,master.bank_account_company_usage,accepted_by,uuid,no,no,accepted_by uuid,server/db/ddl/planes/neon/master/15_bank_account_company_usage.sql,20
Shared,Shared banking and output,master.bank_account_company_usage,source_tenant_id,uuid,no,no,source_tenant_id uuid,server/db/ddl/planes/neon/master/15_bank_account_company_usage.sql,21
Shared,Shared banking and output,master.bank_account_company_usage,source_account_id,uuid,no,no,source_account_id uuid,server/db/ddl/planes/neon/master/15_bank_account_company_usage.sql,22
Shared,Shared banking and output,master.bank_account_company_usage,accepted_disclosure_id,uuid,no,no,accepted_disclosure_id uuid,server/db/ddl/planes/neon/master/15_bank_account_company_usage.sql,23
Shared,Shared banking and output,master.bank_account_company_usage,accepted_disclosure_version,integer,no,no,accepted_disclosure_version integer CHECK (accepted_disclosure_version > 0),server/db/ddl/planes/neon/master/15_bank_account_company_usage.sql,24
Shared,Shared banking and output,master.bank_account_company_usage,accepted_account_fingerprint,text,no,no,accepted_account_fingerprint text,server/db/ddl/planes/neon/master/15_bank_account_company_usage.sql,25
