"importer","line","dependency","kind","specifier"
"apps/neon/app/(shell)/mdg/business-partner/[recordId]/page.tsx","3","packages/planes/neon/business-partner/src/index.tsx","import","@athyper/product-neon-business-partner"
"packages/planes/neon/business-partner/src/index.tsx","2","packages/planes/neon/business-partner/src/360/display-values.ts","import","./360/display-values"
"packages/planes/neon/business-partner/src/index.tsx","3","packages/planes/neon/business-partner/src/command-feedback.ts","import","./command-feedback"
"packages/planes/neon/business-partner/src/command-feedback.ts","1","packages/platform/foundation/api-client/src/index.ts","import","@athyper/platform-api-client"
"packages/platform/foundation/api-client/src/index.ts","1","packages/contracts/platform/api/src/index.ts","import","@athyper/contract-platform-api"
"packages/platform/foundation/api-client/src/index.ts","2","packages/contracts/platform/api/src/index.ts","type-only","@athyper/contract-platform-api"
"packages/platform/foundation/api-client/src/index.ts","3","packages/contracts/platform/api/src/index.ts","re-export","@athyper/contract-platform-api"
"packages/platform/foundation/api-client/src/index.ts","4","packages/platform/foundation/api-client/src/bootstrap.ts","re-export","./bootstrap"
"packages/platform/foundation/api-client/src/bootstrap.ts","1","packages/contracts/platform/auth-session/src/index.ts","import","@athyper/contract-platform-auth-session"
"packages/platform/foundation/api-client/src/bootstrap.ts","2","packages/contracts/platform/authorization/src/index.ts","import","@athyper/contract-platform-authorization"
"packages/platform/foundation/api-client/src/bootstrap.ts","3","packages/contracts/platform/navigation/src/index.ts","import","@athyper/contract-platform-navigation"
"packages/platform/foundation/api-client/src/bootstrap.ts","4","packages/platform/foundation/i18n/src/index.ts","import","@athyper/platform-i18n"
"packages/platform/foundation/api-client/src/index.ts","5","packages/platform/foundation/api-client/src/work-context.ts","re-export","./work-context"
"packages/platform/foundation/api-client/src/work-context.ts","1","packages/platform/foundation/api-client/src/index.ts","type-only","./index"
"packages/platform/foundation/api-client/src/work-context.ts","2","packages/platform/foundation/api-client/src/operating-organization.ts","import","./operating-organization"
"packages/platform/foundation/api-client/src/operating-organization.ts","1","packages/platform/foundation/temporal/src/index.ts","import","@athyper/platform-temporal"
"packages/platform/foundation/api-client/src/operating-organization.ts","2","packages/platform/foundation/api-client/src/index.ts","type-only","./index"
"packages/platform/foundation/api-client/src/index.ts","6","packages/platform/foundation/api-client/src/operating-organization.ts","re-export","./operating-organization"
"packages/platform/foundation/api-client/src/index.ts","7","packages/platform/foundation/api-client/src/network-account.ts","re-export","./network-account"
"packages/platform/foundation/api-client/src/network-account.ts","1","packages/platform/foundation/api-client/src/index.ts","type-only","./index"
"packages/platform/foundation/api-client/src/index.ts","8","packages/platform/foundation/api-client/src/localization.ts","re-export","./localization"
"packages/platform/foundation/api-client/src/localization.ts","1","packages/platform/foundation/api-client/src/index.ts","type-only","./index"
"packages/platform/foundation/api-client/src/localization.ts","2","packages/platform/foundation/api-client/src/bootstrap.ts","import","./bootstrap"
"packages/platform/foundation/api-client/src/localization.ts","9","packages/platform/foundation/i18n/src/index.ts","type-only","@athyper/platform-i18n"
"packages/platform/foundation/api-client/src/index.ts","9","packages/platform/foundation/api-client/src/entity-list.ts","re-export","./entity-list"
"packages/platform/foundation/api-client/src/entity-list.ts","1","packages/contracts/platform/entity-list/src/index.ts","type-only","@athyper/contract-platform-entity-list"
"packages/contracts/platform/entity-list/src/index.ts","1","packages/contracts/platform/entity-list/src/types.ts","re-export","./types"
"packages/contracts/platform/entity-list/src/types.ts","1","packages/contracts/platform/entity-list/src/experience.ts","type-only","./experience"
"packages/contracts/platform/entity-list/src/experience.ts","1","packages/contracts/platform/entity-list/src/standard-views.ts","import","./standard-views"
"packages/contracts/platform/entity-list/src/standard-views.ts","1","packages/contracts/platform/entity-list/src/experience.ts","import","./experience"
"packages/contracts/platform/entity-list/src/types.ts","145","packages/contracts/platform/entity-list/src/experience.ts","type-only","./experience"
"packages/contracts/platform/entity-list/src/types.ts","147","packages/contracts/platform/entity-list/src/experience.ts","type-only","./experience"
"packages/contracts/platform/entity-list/src/types.ts","202","packages/contracts/platform/entity-list/src/standard-views.ts","type-only","./standard-views.js"
"packages/contracts/platform/entity-list/src/types.ts","223","packages/contracts/platform/entity-list/src/experience.ts","type-only","./experience"
"packages/contracts/platform/entity-list/src/types.ts","243","packages/contracts/platform/entity-list/src/experience.ts","type-only","./experience"
"packages/contracts/platform/entity-list/src/types.ts","248","packages/contracts/platform/entity-list/src/scope-filters.ts","type-only","./scope-filters"
"packages/contracts/platform/entity-list/src/types.ts","313","packages/contracts/platform/entity-runtime/src/index.ts","type-only","@athyper/contract-platform-entity-runtime"
"packages/contracts/platform/entity-runtime/src/index.ts","1","packages/contracts/platform/entity-runtime/src/record-presentation.ts","import","./record-presentation"
"packages/contracts/platform/entity-runtime/src/record-presentation.ts","1","packages/contracts/platform/entity-runtime/src/access-decision.ts","type-only","./access-decision"
"packages/contracts/platform/entity-runtime/src/record-presentation.ts","2","packages/contracts/platform/entity-runtime/src/related-presentation.ts","import","./related-presentation"
"packages/contracts/platform/entity-runtime/src/record-presentation.ts","3","packages/contracts/platform/entity-runtime/src/record-360-panel.ts","import","./record-360-panel"
"packages/contracts/platform/entity-runtime/src/index.ts","2","packages/contracts/platform/entity-runtime/src/record-presentation.ts","re-export","./record-presentation"
"packages/contracts/platform/entity-runtime/src/index.ts","3","packages/contracts/platform/entity-runtime/src/governed-workflow.ts","re-export","./governed-workflow"
"packages/contracts/platform/entity-runtime/src/index.ts","28","packages/contracts/platform/entity-runtime/src/record-360-panel.ts","re-export","./record-360-panel"
"packages/contracts/platform/entity-runtime/src/index.ts","30","packages/contracts/platform/entity-runtime/src/related-presentation.ts","re-export","./related-presentation"
"packages/contracts/platform/entity-runtime/src/index.ts","31","packages/contracts/platform/entity-runtime/src/access-decision.ts","re-export","./access-decision"
"packages/contracts/platform/entity-runtime/src/index.ts","33","packages/contracts/platform/entity-runtime/src/intake.ts","re-export","./intake"
"packages/contracts/platform/entity-runtime/src/index.ts","34","packages/contracts/platform/entity-runtime/src/intake-surface.ts","re-export","./intake-surface"
"packages/contracts/platform/entity-runtime/src/intake-surface.ts","1","packages/contracts/platform/entity-runtime/src/validation-messages.ts","import","./validation-messages"
"packages/contracts/platform/entity-runtime/src/intake-surface.ts","5","packages/contracts/platform/entity-runtime/src/intake-data.ts","import","./intake-data"
"packages/contracts/platform/entity-runtime/src/intake-data.ts","15","packages/contracts/platform/entity-runtime/src/validation-messages.ts","import","./validation-messages"
"packages/contracts/platform/entity-runtime/src/intake-data.ts","19","packages/contracts/platform/entity-runtime/src/recent-choice.ts","import","./recent-choice"
"packages/contracts/platform/entity-runtime/src/intake-data.ts","23","packages/contracts/platform/entity-runtime/src/intake.ts","import","./intake"
"packages/contracts/platform/entity-runtime/src/intake-surface.ts","6","packages/contracts/platform/entity-runtime/src/intake-data.ts","re-export","./intake-data"
"packages/contracts/platform/entity-runtime/src/intake-surface.ts","7","packages/contracts/platform/entity-runtime/src/entity-lookup.ts","import","./entity-lookup"
"packages/contracts/platform/entity-runtime/src/entity-lookup.ts","1","packages/contracts/platform/entity-runtime/src/lookup-options.ts","import","./lookup-options"
"packages/contracts/platform/entity-runtime/src/lookup-options.ts","1","packages/contracts/platform/entity-runtime/src/recent-choice.ts","import","./recent-choice"
"packages/contracts/platform/entity-runtime/src/entity-lookup.ts","5","packages/contracts/platform/entity-runtime/src/intake.ts","import","./intake"
"packages/contracts/platform/entity-runtime/src/intake-surface.ts","11","packages/contracts/platform/entity-runtime/src/intake.ts","import","./intake"
"packages/contracts/platform/entity-runtime/src/index.ts","36","packages/contracts/platform/entity-runtime/src/intake-surface-authoring.ts","re-export","./intake-surface-authoring"
"packages/contracts/platform/entity-runtime/src/intake-surface-authoring.ts","1","packages/contracts/platform/entity-runtime/src/intake-surface.ts","import","./intake-surface"
"packages/contracts/platform/entity-runtime/src/index.ts","38","packages/contracts/platform/entity-runtime/src/entity-lookup.ts","re-export","./entity-lookup"
"packages/contracts/platform/entity-runtime/src/index.ts","40","packages/contracts/platform/entity-runtime/src/lookup-options.ts","re-export","./lookup-options"
"packages/contracts/platform/entity-runtime/src/index.ts","42","packages/contracts/platform/entity-runtime/src/intake-data-values.ts","re-export","./intake-data-values"
"packages/contracts/platform/entity-runtime/src/intake-data-values.ts","1","packages/contracts/platform/entity-runtime/src/intake-data.ts","type-only","./intake-data"
"packages/contracts/platform/entity-runtime/src/intake-data-values.ts","2","packages/contracts/platform/entity-runtime/src/validation-messages.ts","import","./validation-messages"
"packages/contracts/platform/entity-runtime/src/intake-data-values.ts","3","packages/contracts/platform/entity-runtime/src/intake.ts","import","./intake"
"packages/contracts/platform/entity-runtime/src/intake-data-values.ts","4","packages/contracts/platform/entity-runtime/src/intake-surface.ts","type-only","./intake-surface"
"packages/contracts/platform/entity-runtime/src/index.ts","44","packages/contracts/platform/entity-runtime/src/recent-choice.ts","re-export","./recent-choice"
"packages/contracts/platform/entity-runtime/src/index.ts","46","packages/contracts/platform/entity-runtime/src/validation-messages.ts","re-export","./validation-messages"
"packages/contracts/platform/entity-runtime/src/index.ts","48","packages/contracts/platform/entity-runtime/src/intake-flow-authoring.ts","re-export","./intake-flow-authoring"
"packages/contracts/platform/entity-runtime/src/intake-flow-authoring.ts","1","packages/contracts/platform/entity-runtime/src/intake.ts","import","./intake"
"packages/contracts/platform/entity-runtime/src/index.ts","50","packages/contracts/platform/entity-runtime/src/runtime-resource.ts","re-export","./runtime-resource"
"packages/contracts/platform/entity-list/src/types.ts","314","packages/contracts/platform/entity-runtime/src/index.ts","type-only","@athyper/contract-platform-entity-runtime"
"packages/contracts/platform/entity-list/src/index.ts","2","packages/contracts/platform/entity-list/src/experience.ts","re-export","./experience"
"packages/contracts/platform/entity-list/src/index.ts","3","packages/contracts/platform/entity-list/src/parsers.ts","re-export","./parsers"
"packages/contracts/platform/entity-list/src/parsers.ts","1","packages/contracts/platform/entity-runtime/src/index.ts","import","@athyper/contract-platform-entity-runtime"
"packages/contracts/platform/entity-list/src/parsers.ts","2","packages/contracts/platform/entity-runtime/src/index.ts","import","@athyper/contract-platform-entity-runtime"
"packages/contracts/platform/entity-list/src/parsers.ts","3","packages/contracts/platform/entity-list/src/scope-filters.ts","import","./scope-filters"
"packages/contracts/platform/entity-list/src/parsers.ts","4","packages/contracts/platform/entity-list/src/experience.ts","import","./experience"
"packages/contracts/platform/entity-list/src/parsers.ts","8","packages/contracts/platform/entity-list/src/experience.ts","import","./experience"
"packages/contracts/platform/entity-list/src/parsers.ts","13","packages/contracts/platform/entity-list/src/types.ts","import","./types"
"packages/contracts/platform/entity-list/src/parsers.ts","18","packages/contracts/platform/entity-list/src/types.ts","type-only","./types"
"packages/contracts/platform/entity-list/src/parsers.ts","1321","packages/contracts/platform/entity-list/src/types.ts","type-only","./types"
"packages/contracts/platform/entity-list/src/index.ts","4","packages/contracts/platform/entity-list/src/url-state.ts","re-export","./url-state"
"packages/contracts/platform/entity-list/src/url-state.ts","1","packages/contracts/platform/entity-list/src/types.ts","import","./types"
"packages/contracts/platform/entity-list/src/url-state.ts","2","packages/contracts/platform/entity-list/src/parsers.ts","import","./parsers"
"packages/contracts/platform/entity-list/src/url-state.ts","3","packages/contracts/platform/entity-list/src/types.ts","type-only","./types"
"packages/contracts/platform/entity-list/src/index.ts","6","packages/contracts/platform/entity-list/src/standard-views.ts","re-export","./standard-views"
"packages/contracts/platform/entity-list/src/index.ts","8","packages/contracts/platform/entity-list/src/scope-filters.ts","re-export","./scope-filters"
"packages/platform/foundation/api-client/src/entity-list.ts","2","packages/platform/foundation/temporal/src/index.ts","import","@athyper/platform-temporal"
"packages/platform/foundation/api-client/src/entity-list.ts","3","packages/contracts/platform/entity-list/src/index.ts","import","@athyper/contract-platform-entity-list"
"packages/platform/foundation/api-client/src/entity-list.ts","4","packages/platform/foundation/api-client/src/index.ts","type-only","./index"
"packages/platform/foundation/api-client/src/index.ts","208","packages/platform/foundation/api-client/src/signed-upload.ts","re-export","./signed-upload"
"packages/platform/foundation/api-client/src/index.ts","210","packages/platform/foundation/api-client/src/reference-history.ts","re-export","./reference-history"
"packages/platform/foundation/api-client/src/reference-history.ts","1","packages/platform/foundation/api-client/src/index.ts","type-only","./index"
"packages/planes/neon/business-partner/src/command-feedback.ts","2","packages/platform/shell/app-foundation/src/index.tsx","import","@athyper/platform-shell-app-foundation"
"packages/platform/shell/app-foundation/src/index.tsx","3","packages/platform/shell/app-foundation/src/browser-csrf.ts","import","./browser-csrf"
"packages/platform/shell/app-foundation/src/index.tsx","4","packages/platform/shell/app-foundation/src/browser-csrf.ts","re-export","./browser-csrf"
"packages/platform/shell/app-foundation/src/index.tsx","6","packages/platform/foundation/temporal/src/index.ts","import","@athyper/platform-temporal"
"packages/platform/shell/app-foundation/src/index.tsx","7","packages/platform/shell/app-foundation/src/boundaries.tsx","re-export","./boundaries"
"packages/platform/shell/app-foundation/src/boundaries.tsx","3","packages/platform/foundation/query/src/index.tsx","import","@athyper/platform-query"
"packages/platform/foundation/query/src/index.tsx","6","packages/platform/foundation/query/src/core.ts","type-only","./core"
"packages/platform/foundation/query/src/core.ts","1","packages/contracts/platform/auth-session/src/index.ts","import","@athyper/contract-platform-auth-session"
"packages/platform/foundation/query/src/core.ts","2","packages/platform/foundation/api-client/src/index.ts","import","@athyper/platform-api-client"
"packages/platform/foundation/query/src/index.tsx","8","packages/platform/foundation/query/src/core.ts","re-export","./core"
"packages/platform/shell/app-foundation/src/boundaries.tsx","4","packages/platform/foundation/ui/src/index.tsx","import","@athyper/platform-ui"
"packages/platform/foundation/ui/src/index.tsx","2","packages/platform/foundation/ui/src/modal-isolation.ts","import","./modal-isolation"
"packages/platform/foundation/ui/src/index.tsx","3","packages/platform/foundation/ui/src/modal-isolation.ts","re-export","./modal-isolation"
"packages/platform/foundation/ui/src/index.tsx","6","packages/platform/foundation/ui/src/date-picker.tsx","import","./date-picker"
"packages/platform/foundation/ui/src/date-picker.tsx","14","packages/platform/foundation/ui/src/date-picker-calendar.tsx","dynamic/require","./date-picker-calendar"
"packages/platform/foundation/ui/src/date-picker-calendar.tsx","5","packages/platform/foundation/icons/src/index.tsx","import","@athyper/platform-icons"
"packages/platform/foundation/icons/src/index.tsx","2","packages/platform/foundation/icons/src/check.tsx","import","./check"
"packages/platform/foundation/icons/src/check.tsx","2","packages/platform/foundation/icons/src/icon.tsx","import","./icon"
"packages/platform/foundation/icons/src/index.tsx","3","packages/platform/foundation/icons/src/chevron-down.tsx","import","./chevron-down"
"packages/platform/foundation/icons/src/chevron-down.tsx","2","packages/platform/foundation/icons/src/icon.tsx","import","./icon"
"packages/platform/foundation/icons/src/index.tsx","4","packages/platform/foundation/icons/src/close.tsx","import","./close"
"packages/platform/foundation/icons/src/close.tsx","2","packages/platform/foundation/icons/src/icon.tsx","import","./icon"
"packages/platform/foundation/icons/src/index.tsx","5","packages/platform/foundation/icons/src/home.tsx","import","./home"
"packages/platform/foundation/icons/src/home.tsx","2","packages/platform/foundation/icons/src/icon.tsx","import","./icon"
"packages/platform/foundation/icons/src/index.tsx","6","packages/platform/foundation/icons/src/info.tsx","import","./info"
"packages/platform/foundation/icons/src/info.tsx","2","packages/platform/foundation/icons/src/icon.tsx","import","./icon"
"packages/platform/foundation/icons/src/index.tsx","7","packages/platform/foundation/icons/src/icon.tsx","type-only","./icon"
"packages/platform/foundation/icons/src/index.tsx","8","packages/platform/foundation/icons/src/menu.tsx","import","./menu"
"packages/platform/foundation/icons/src/menu.tsx","2","packages/platform/foundation/icons/src/icon.tsx","import","./icon"
"packages/platform/foundation/icons/src/index.tsx","9","packages/platform/foundation/icons/src/user.tsx","import","./user"
"packages/platform/foundation/icons/src/user.tsx","2","packages/platform/foundation/icons/src/icon.tsx","import","./icon"
"packages/platform/foundation/icons/src/index.tsx","10","packages/platform/foundation/icons/src/warning.tsx","import","./warning"
"packages/platform/foundation/icons/src/warning.tsx","2","packages/platform/foundation/icons/src/icon.tsx","import","./icon"
"packages/platform/foundation/icons/src/index.tsx","11","packages/platform/foundation/icons/src/shell-icons.tsx","import","./shell-icons"
"packages/platform/foundation/icons/src/shell-icons.tsx","2","packages/platform/foundation/icons/src/icon.tsx","import","./icon"
"packages/platform/foundation/icons/src/index.tsx","25","packages/platform/foundation/icons/src/catalog-icons.tsx","import","./catalog-icons"
"packages/platform/foundation/icons/src/catalog-icons.tsx","2","packages/platform/foundation/icons/src/icon.tsx","import","./icon"
"packages/platform/foundation/icons/src/index.tsx","59","packages/platform/foundation/icons/src/list-controls.tsx","import","./list-controls"
"packages/platform/foundation/icons/src/list-controls.tsx","2","packages/platform/foundation/icons/src/icon.tsx","import","./icon"
"packages/platform/foundation/icons/src/index.tsx","275","packages/platform/foundation/icons/src/icon.tsx","type-only","./icon"
"packages/platform/foundation/icons/src/index.tsx","276","packages/platform/foundation/icons/src/check.tsx","re-export","./check"
"packages/platform/foundation/icons/src/index.tsx","277","packages/platform/foundation/icons/src/chevron-down.tsx","re-export","./chevron-down"
"packages/platform/foundation/icons/src/index.tsx","278","packages/platform/foundation/icons/src/close.tsx","re-export","./close"
"packages/platform/foundation/icons/src/index.tsx","279","packages/platform/foundation/icons/src/home.tsx","re-export","./home"
"packages/platform/foundation/icons/src/index.tsx","280","packages/platform/foundation/icons/src/info.tsx","re-export","./info"
"packages/platform/foundation/icons/src/index.tsx","281","packages/platform/foundation/icons/src/list-controls.tsx","re-export","./list-controls"
"packages/platform/foundation/icons/src/index.tsx","308","packages/platform/foundation/icons/src/menu.tsx","re-export","./menu"
"packages/platform/foundation/icons/src/index.tsx","309","packages/platform/foundation/icons/src/user.tsx","re-export","./user"
"packages/platform/foundation/icons/src/index.tsx","310","packages/platform/foundation/icons/src/warning.tsx","re-export","./warning"
"packages/platform/foundation/icons/src/index.tsx","311","packages/platform/foundation/icons/src/catalog-icons.tsx","re-export","./catalog-icons"
"packages/platform/foundation/icons/src/index.tsx","312","packages/platform/foundation/icons/src/shell-icons.tsx","re-export","./shell-icons"
"packages/platform/foundation/icons/src/index.tsx","343","packages/platform/foundation/icons/src/atlas-brand.tsx","re-export","./atlas-brand"
"packages/platform/foundation/ui/src/index.tsx","7","packages/platform/foundation/ui/src/date-picker.tsx","re-export","./date-picker"
"packages/platform/foundation/ui/src/index.tsx","8","packages/platform/foundation/icons/src/index.tsx","import","@athyper/platform-icons"
"packages/platform/foundation/ui/src/index.tsx","18","packages/platform/foundation/ui/src/choice-presentation.ts","re-export","./choice-presentation"
"packages/platform/foundation/ui/src/index.tsx","234","packages/platform/foundation/ui/src/presentation.tsx","re-export","./presentation"
"packages/platform/foundation/ui/src/index.tsx","235","packages/platform/foundation/ui/src/company-groups.tsx","re-export","./company-groups"
"packages/platform/foundation/ui/src/company-groups.tsx","2","packages/platform/foundation/icons/src/index.tsx","import","@athyper/platform-icons"
"packages/platform/foundation/ui/src/index.tsx","237","packages/platform/foundation/ui/src/searchable-select.tsx","re-export","./searchable-select"
"packages/platform/foundation/ui/src/searchable-select.tsx","9","packages/platform/foundation/icons/src/index.tsx","import","@athyper/platform-icons"
"packages/platform/foundation/ui/src/index.tsx","244","packages/platform/foundation/ui/src/applied-filters.tsx","re-export","./applied-filters"
"packages/platform/foundation/ui/src/applied-filters.tsx","3","packages/platform/foundation/icons/src/index.tsx","import","@athyper/platform-icons"
"packages/platform/foundation/ui/src/index.tsx","245","packages/platform/foundation/ui/src/preview-frame.tsx","re-export","./preview-frame"
"packages/platform/foundation/ui/src/index.tsx","246","packages/platform/foundation/ui/src/context-selection-drawer.tsx","re-export","./context-selection-drawer"
"packages/platform/foundation/ui/src/context-selection-drawer.tsx","2","packages/platform/foundation/icons/src/index.tsx","import","@athyper/platform-icons"
"packages/platform/foundation/ui/src/context-selection-drawer.tsx","9","packages/platform/foundation/ui/src/index.tsx","import","./index"
"packages/platform/shell/app-foundation/src/boundaries.tsx","7","packages/platform/shell/app-foundation/src/error-taxonomy.ts","import","./error-taxonomy"
"packages/platform/shell/app-foundation/src/error-taxonomy.ts","1","packages/platform/foundation/temporal/src/index.ts","import","@athyper/platform-temporal"
"packages/platform/shell/app-foundation/src/error-taxonomy.ts","2","packages/platform/foundation/api-client/src/index.ts","import","@athyper/platform-api-client"
"packages/platform/shell/app-foundation/src/index.tsx","8","packages/platform/shell/app-foundation/src/application-fallbacks.tsx","re-export","./application-fallbacks"
"packages/platform/shell/app-foundation/src/application-fallbacks.tsx","4","packages/platform/foundation/brand/src/index.ts","import","@athyper/platform-brand"
"packages/platform/foundation/brand/src/index.ts","1","packages/platform/foundation/brand/src/atlas-modern.ts","re-export","./atlas-modern"
"packages/platform/foundation/brand/src/index.ts","2","packages/platform/foundation/brand/src/atlas-modern.ts","import","./atlas-modern"
"packages/platform/shell/app-foundation/src/application-fallbacks.tsx","5","packages/platform/shell/app-foundation/src/boundaries.tsx","import","./boundaries"
"packages/platform/shell/app-foundation/src/index.tsx","9","packages/platform/shell/app-foundation/src/error-taxonomy.ts","re-export","./error-taxonomy"
"packages/platform/shell/app-foundation/src/index.tsx","10","packages/platform/shell/shell-runtime/src/index.tsx","re-export","@athyper/platform-shell-runtime"
"packages/platform/shell/shell-runtime/src/index.tsx","4","packages/platform/shell/shell-runtime/src/core.ts","import","./core"
"packages/platform/shell/shell-runtime/src/index.tsx","5","packages/platform/shell/shell-runtime/src/core.ts","re-export","./core"
"packages/platform/shell/app-foundation/src/index.tsx","12","packages/contracts/platform/auth-session/src/index.ts","import","@athyper/contract-platform-auth-session"
"packages/platform/shell/app-foundation/src/index.tsx","13","packages/platform/foundation/api-client/src/index.ts","import","@athyper/platform-api-client"
"packages/platform/shell/app-foundation/src/index.tsx","14","packages/platform/foundation/query/src/index.tsx","import","@athyper/platform-query"
"packages/platform/shell/app-foundation/src/index.tsx","15","packages/platform/shell/shell-runtime/src/index.tsx","import","@athyper/platform-shell-runtime"
"packages/platform/shell/app-foundation/src/index.tsx","16","packages/platform/foundation/surface-kit/src/index.tsx","import","@athyper/platform-surface-kit"
"packages/platform/foundation/surface-kit/src/index.tsx","5","packages/platform/foundation/icons/src/index.tsx","import","@athyper/platform-icons"
"packages/platform/foundation/surface-kit/src/index.tsx","6","packages/platform/foundation/ui/src/index.tsx","import","@athyper/platform-ui"
"packages/platform/foundation/surface-kit/src/index.tsx","7","packages/platform/foundation/surface-kit/src/stack-rules.ts","re-export","./stack-rules"
"packages/platform/shell/app-foundation/src/index.tsx","17","packages/platform/foundation/theme/src/tokens.ts","import","@athyper/platform-theme/tokens"
"packages/platform/foundation/theme/src/tokens.ts","1","packages/platform/foundation/brand/src/index.ts","import","@athyper/platform-brand"
"packages/platform/shell/app-foundation/src/index.tsx","18","packages/platform/foundation/ui/src/index.tsx","import","@athyper/platform-ui"
"packages/platform/shell/app-foundation/src/index.tsx","306","packages/contracts/platform/auth-session/src/index.ts","type-only","@athyper/contract-platform-auth-session"
"packages/platform/shell/app-foundation/src/index.tsx","307","packages/platform/foundation/api-client/src/index.ts","type-only","@athyper/platform-api-client"
"packages/planes/neon/business-partner/src/command-feedback.ts","4","packages/platform/shell/shell/src/index.tsx","import","@athyper/platform-shell"
"packages/platform/shell/shell/src/index.tsx","2","packages/platform/foundation/i18n/src/index.ts","import","@athyper/platform-i18n"
"packages/platform/shell/shell/src/index.tsx","3","packages/platform/foundation/i18n/src/react.tsx","import","@athyper/platform-i18n/react"
"packages/platform/foundation/i18n/src/react.tsx","4","packages/platform/foundation/i18n/src/index.ts","import","./index"
"packages/platform/shell/shell/src/index.tsx","4","packages/platform/shell/shell/src/client.tsx","import","./client"
"packages/platform/shell/shell/src/client.tsx","2","packages/platform/ai/agent-ui/src/index.ts","import","@athyper/platform-ai-agent-ui"
"packages/platform/ai/agent-ui/src/index.ts","2","packages/platform/ai/agent-runtime/src/index.ts","type-only","@athyper/platform-ai-agent-runtime"
"packages/platform/ai/agent-runtime/src/index.ts","1","packages/contracts/platform/ai/src/intent.ts","import","@athyper/contract-platform-ai/intent"
"packages/platform/ai/agent-runtime/src/index.ts","5","packages/contracts/platform/ai/src/feedback.ts","import","@athyper/contract-platform-ai/feedback"
"packages/platform/ai/agent-runtime/src/index.ts","9","packages/contracts/platform/ai/src/feedback.ts","type-only","@athyper/contract-platform-ai/feedback"
"packages/platform/ai/agent-runtime/src/index.ts","10","packages/contracts/platform/ai/src/answer.ts","import","@athyper/contract-platform-ai/answer"
"packages/contracts/platform/ai/src/answer.ts","1","packages/contracts/platform/ai/src/insights.ts","import","@athyper/contract-platform-ai/insights"
"packages/contracts/platform/ai/src/answer.ts","118","packages/contracts/platform/ai/src/insights.ts","re-export","@athyper/contract-platform-ai/insights"
"packages/platform/ai/agent-runtime/src/index.ts","16","packages/contracts/platform/ai/src/answer.ts","re-export","@athyper/contract-platform-ai/answer"
"packages/platform/ai/agent-runtime/src/index.ts","22","packages/contracts/platform/ai/src/business-context.ts","import","@athyper/contract-platform-ai/business-context"
"packages/platform/ai/agent-runtime/src/index.ts","26","packages/contracts/platform/ai/src/business-context.ts","re-export","@athyper/contract-platform-ai/business-context"
"packages/platform/ai/agent-runtime/src/index.ts","30","packages/platform/foundation/api-client/src/index.ts","import","@athyper/platform-api-client"
"packages/platform/ai/agent-ui/src/index.ts","6","packages/platform/ai/agent-runtime/src/index.ts","type-only","@athyper/platform-ai-agent-runtime"
"packages/platform/ai/agent-ui/src/index.ts","11","packages/platform/ai/agent-runtime/src/index.ts","import","@athyper/platform-ai-agent-runtime"
"packages/platform/ai/agent-ui/src/index.ts","23","packages/platform/ai/agent-runtime/src/index.ts","re-export","@athyper/platform-ai-agent-runtime"
"packages/platform/ai/agent-ui/src/index.ts","24","packages/platform/ai/agent-ui/src/automatic-brief.ts","import","./automatic-brief"
"packages/platform/ai/agent-ui/src/automatic-brief.ts","1","packages/platform/ai/agent-runtime/src/index.ts","type-only","@athyper/platform-ai-agent-runtime"
"packages/platform/ai/agent-ui/src/index.ts","25","packages/platform/ai/agent-ui/src/business-context.ts","import","./business-context"
"packages/platform/ai/agent-ui/src/business-context.ts","11","packages/platform/ai/agent-runtime/src/index.ts","import","@athyper/platform-ai-agent-runtime"
"packages/platform/ai/agent-ui/src/index.ts","41","packages/platform/ai/agent-runtime/src/index.ts","type-only","@athyper/platform-ai-agent-runtime"
"packages/platform/ai/agent-ui/src/index.ts","81","packages/platform/ai/agent-runtime/src/index.ts","type-only","@athyper/platform-ai-agent-runtime"
"packages/platform/ai/agent-ui/src/index.ts","82","packages/platform/ai/agent-runtime/src/index.ts","type-only","@athyper/platform-ai-agent-runtime"
"packages/platform/ai/agent-ui/src/index.ts","731","packages/platform/ai/agent-runtime/src/index.ts","type-only","@athyper/platform-ai-agent-runtime"
"packages/platform/ai/agent-ui/src/index.ts","746","packages/platform/ai/agent-runtime/src/index.ts","type-only","@athyper/platform-ai-agent-runtime"
"packages/platform/ai/agent-ui/src/index.ts","760","packages/platform/ai/agent-runtime/src/index.ts","type-only","@athyper/platform-ai-agent-runtime"
"packages/platform/ai/agent-ui/src/index.ts","763","packages/platform/ai/agent-runtime/src/index.ts","type-only","@athyper/platform-ai-agent-runtime"
"packages/platform/ai/agent-ui/src/index.ts","789","packages/platform/ai/agent-runtime/src/index.ts","type-only","@athyper/platform-ai-agent-runtime"
"packages/platform/ai/agent-ui/src/index.ts","863","packages/platform/ai/agent-ui/src/business-context.ts","re-export","./business-context"
"packages/platform/ai/agent-ui/src/index.ts","869","packages/platform/ai/agent-runtime/src/index.ts","re-export","@athyper/platform-ai-agent-runtime"
"packages/platform/shell/shell/src/client.tsx","3","packages/platform/shell/shell/src/shell-chrome.tsx","import","./shell-chrome"
"packages/platform/shell/shell/src/shell-chrome.tsx","2","packages/platform/foundation/ui/src/index.tsx","import","@athyper/platform-ui"
"packages/platform/shell/shell/src/shell-chrome.tsx","3","packages/platform/shell/shell/src/record-footer.tsx","import","./record-footer"
"packages/platform/shell/shell/src/client.tsx","9","packages/platform/shell/shell/src/shell-surface-boundary.tsx","import","./shell-surface-boundary"
"packages/platform/shell/shell/src/shell-surface-boundary.tsx","3","packages/platform/foundation/ui/src/index.tsx","import","@athyper/platform-ui"
"packages/platform/shell/shell/src/client.tsx","10","packages/platform/shell/shell/src/shell-surface-context.ts","import","./shell-surface-context"
"packages/platform/shell/shell/src/shell-surface-context.ts","3","packages/platform/shell/shell/src/shell-surfaces.ts","type-only","./shell-surfaces"
"packages/platform/shell/shell/src/shell-surfaces.ts","1","packages/platform/shell/shell/src/activity-center.tsx","type-only","./activity-center"
"packages/platform/shell/shell/src/activity-center.tsx","3","packages/platform/foundation/icons/src/index.tsx","import","@athyper/platform-icons"
"packages/platform/shell/shell/src/activity-center.tsx","4","packages/platform/shell/shell/src/activity-counts.ts","import","./activity-counts"
"packages/platform/shell/shell/src/activity-counts.ts","1","packages/platform/shell/shell/src/activity-center.tsx","type-only","./activity-center"
"packages/platform/shell/shell/src/activity-center.tsx","5","packages/platform/foundation/ui/src/index.tsx","import","@athyper/platform-ui"
"packages/platform/shell/shell/src/shell-surfaces.ts","2","packages/platform/shell/shell/src/quick-access.tsx","type-only","./quick-access"
"packages/platform/shell/shell/src/quick-access.tsx","3","packages/platform/foundation/ui/src/index.tsx","import","@athyper/platform-ui"
"packages/platform/shell/shell/src/quick-access.tsx","4","packages/platform/foundation/temporal/src/index.ts","import","@athyper/platform-temporal"
"packages/platform/shell/shell/src/quick-access.tsx","6","packages/platform/foundation/icons/src/index.tsx","import","@athyper/platform-icons"
"packages/platform/shell/shell/src/quick-access.tsx","8","packages/platform/shell/shell/src/core.ts","import","./core"
"packages/platform/shell/shell/src/core.ts","1","packages/platform/shell/shell-runtime/src/core.ts","import","@athyper/platform-shell-runtime/core"
"packages/platform/shell/shell/src/quick-access.tsx","9","packages/platform/shell/shell/src/route-state.tsx","type-only","./route-state"
"packages/platform/shell/shell/src/route-state.tsx","3","packages/platform/shell/shell/src/record-footer.tsx","import","./record-footer"
"packages/platform/shell/shell/src/route-state.tsx","4","packages/platform/shell/shell/src/core.ts","import","./core"
"packages/platform/shell/shell/src/client.tsx","14","packages/platform/shell/shell/src/shell-preferences.ts","import","./shell-preferences"
"packages/platform/shell/shell/src/client.tsx","15","packages/platform/shell/shell/src/use-shell-surfaces.ts","import","./use-shell-surfaces"
"packages/platform/shell/shell/src/use-shell-surfaces.ts","3","packages/platform/shell/shell/src/quick-access.tsx","type-only","./quick-access"
"packages/platform/shell/shell/src/use-shell-surfaces.ts","4","packages/platform/shell/shell/src/shell-surfaces.ts","type-only","./shell-surfaces"
"packages/platform/shell/shell/src/use-shell-surfaces.ts","6","packages/platform/shell/shell/src/shell-overlay-state.ts","import","./shell-overlay-state"
"packages/platform/shell/shell/src/shell-overlay-state.ts","1","packages/platform/shell/shell/src/shell-surfaces.ts","import","./shell-surfaces"
"packages/platform/shell/shell/src/use-shell-surfaces.ts","12","packages/platform/shell/shell/src/shell-surfaces.ts","type-only","./shell-surfaces"
"packages/platform/shell/shell/src/client.tsx","16","packages/platform/shell/shell/src/shell-header-actions.tsx","import","./shell-header-actions"
"packages/platform/shell/shell/src/shell-header-actions.tsx","4","packages/platform/foundation/icons/src/index.tsx","import","@athyper/platform-icons"
"packages/platform/shell/shell/src/shell-header-actions.tsx","15","packages/platform/foundation/i18n/src/index.ts","type-only","@athyper/platform-i18n"
"packages/platform/shell/shell/src/shell-header-actions.tsx","16","packages/platform/shell/shell/src/shell-surface-boundary.tsx","import","./shell-surface-boundary"
"packages/platform/shell/shell/src/shell-header-actions.tsx","17","packages/platform/shell/shell/src/activity-counts.ts","import","./activity-counts"
"packages/platform/shell/shell/src/shell-header-actions.tsx","18","packages/platform/shell/shell/src/shell-i18n.ts","import","./shell-i18n"
"packages/platform/shell/shell/src/shell-i18n.ts","2","packages/platform/foundation/i18n/src/index.ts","import","@athyper/platform-i18n"
"packages/platform/shell/shell/src/shell-i18n.ts","6","packages/platform/foundation/i18n/src/react.tsx","import","@athyper/platform-i18n/react"
"packages/platform/shell/shell/src/shell-i18n.ts","7","packages/platform/shell/shell/src/messages.ts","import","./messages"
"packages/platform/shell/shell/src/messages.ts","1","packages/platform/foundation/i18n/src/entity-messages.ts","import","@athyper/platform-i18n/entity-messages"
"packages/platform/shell/shell/src/messages.ts","2","packages/platform/foundation/i18n/src/index.ts","type-only","@athyper/platform-i18n"
"packages/platform/shell/shell/src/shell-header-actions.tsx","19","packages/platform/shell/shell/src/shell-surfaces.ts","type-only","./shell-surfaces"
"packages/platform/shell/shell/src/shell-header-actions.tsx","20","packages/platform/shell/shell/src/core.ts","type-only","./core"
"packages/platform/shell/shell/src/shell-header-actions.tsx","21","packages/platform/shell/shell/src/activity-center.tsx","import","./activity-center"
"packages/platform/shell/shell/src/shell-header-actions.tsx","25","packages/platform/shell/shell/src/shell-utilities-menu.tsx","import","./shell-utilities-menu"
"packages/platform/shell/shell/src/shell-utilities-menu.tsx","2","packages/platform/shell/app-foundation/src/index.tsx","import","@athyper/platform-shell-app-foundation"
"packages/platform/shell/shell/src/shell-utilities-menu.tsx","3","packages/platform/foundation/i18n/src/index.ts","import","@athyper/platform-i18n"
"packages/platform/shell/shell/src/shell-utilities-menu.tsx","5","packages/platform/shell/shell/src/shell-i18n.ts","import","./shell-i18n"
"packages/platform/shell/shell/src/client.tsx","17","packages/platform/shell/shell/src/shell-navigation.tsx","import","./shell-navigation"
"packages/platform/shell/shell/src/shell-navigation.tsx","3","packages/platform/foundation/icons/src/index.tsx","import","@athyper/platform-icons"
"packages/platform/shell/shell/src/shell-navigation.tsx","9","packages/platform/shell/shell/src/core.ts","type-only","./core"
"packages/platform/shell/shell/src/shell-navigation.tsx","10","packages/platform/shell/shell/src/quick-access.tsx","type-only","./quick-access"
"packages/platform/shell/shell/src/shell-navigation.tsx","11","packages/platform/shell/shell/src/shell-i18n.ts","import","./shell-i18n"
"packages/platform/shell/shell/src/client.tsx","22","packages/platform/shell/shell/src/shell-i18n.ts","import","./shell-i18n"
"packages/platform/shell/shell/src/client.tsx","23","packages/platform/shell/shell/src/shell-surfaces.ts","type-only","./shell-surfaces"
"packages/platform/shell/shell/src/client.tsx","25","packages/platform/foundation/icons/src/index.tsx","import","@athyper/platform-icons"
"packages/platform/shell/shell/src/client.tsx","39","packages/platform/foundation/i18n/src/index.ts","import","@athyper/platform-i18n"
"packages/platform/shell/shell/src/client.tsx","49","packages/platform/shell/shell/src/route-state.tsx","import","./route-state"
"packages/platform/shell/shell/src/client.tsx","50","packages/platform/shell/shell/src/core.ts","import","./core"
"packages/platform/shell/shell/src/client.tsx","55","packages/platform/shell/shell/src/activity-center.tsx","type-only","./activity-center"
"packages/platform/shell/shell/src/client.tsx","56","packages/platform/shell/shell/src/quick-access.tsx","import","./quick-access"
"packages/platform/shell/shell/src/client.tsx","61","packages/platform/shell/shell/src/atlas-surface.tsx","import","./atlas-surface"
"packages/platform/shell/shell/src/client.tsx","62","packages/platform/shell/shell/src/shell-overlay-host.tsx","import","./shell-overlay-host"
"packages/platform/shell/shell/src/shell-overlay-host.tsx","3","packages/platform/shell/shell/src/shell-surface-boundary.tsx","import","./shell-surface-boundary"
"packages/platform/shell/shell/src/shell-overlay-host.tsx","4","packages/platform/shell/shell/src/quick-access.tsx","import","./quick-access"
"packages/platform/shell/shell/src/shell-overlay-host.tsx","5","packages/platform/shell/shell/src/atlas-workspace.tsx","import","./atlas-workspace"
"packages/platform/shell/shell/src/atlas-workspace.tsx","2","packages/platform/shell/shell/src/atlas-action-history.tsx","import","./atlas-action-history"
"packages/platform/shell/shell/src/atlas-action-history.tsx","3","packages/platform/ai/agent-ui/src/index.ts","import","@athyper/platform-ai-agent-ui"
"packages/platform/shell/shell/src/atlas-workspace.tsx","3","packages/platform/shell/shell/src/atlas-surface.tsx","import","./atlas-surface"
"packages/platform/shell/shell/src/atlas-workspace.tsx","5","packages/platform/shell/shell/src/atlas-context-inspector.tsx","import","./atlas-context-inspector"
"packages/platform/shell/shell/src/atlas-context-inspector.tsx","4","packages/platform/ai/agent-ui/src/index.ts","type-only","@athyper/platform-ai-agent-ui"
"packages/platform/shell/shell/src/atlas-workspace.tsx","6","packages/platform/foundation/temporal/src/index.ts","import","@athyper/platform-temporal"
"packages/platform/shell/shell/src/atlas-workspace.tsx","7","packages/platform/ai/agent-ui/src/index.ts","import","@athyper/platform-ai-agent-ui"
"packages/platform/shell/shell/src/atlas-workspace.tsx","15","packages/platform/foundation/icons/src/index.tsx","import","@athyper/platform-icons"
"packages/platform/shell/shell/src/atlas-workspace.tsx","25","packages/platform/foundation/ui/src/index.tsx","import","@athyper/platform-ui"
"packages/platform/shell/shell/src/atlas-workspace.tsx","28","packages/platform/shell/shell/src/home.tsx","import","./home"
"packages/platform/shell/shell/src/home.tsx","3","packages/platform/shell/shell/src/atlas-surface.tsx","import","./atlas-surface"
"packages/platform/shell/shell/src/home.tsx","4","packages/platform/foundation/temporal/src/index.ts","import","@athyper/platform-temporal"
"packages/platform/shell/shell/src/home.tsx","5","packages/platform/ai/agent-ui/src/index.ts","import","@athyper/platform-ai-agent-ui"
"packages/platform/shell/shell/src/home.tsx","10","packages/platform/communications/collaboration-ui/src/index.ts","import","@athyper/platform-communications-collaboration-ui"
"packages/platform/communications/collaboration-ui/src/index.ts","1","packages/platform/communications/collaboration-ui/src/rich-text-types.ts","re-export","./rich-text-types"
"packages/platform/communications/collaboration-ui/src/index.ts","2","packages/platform/communications/collaboration-ui/src/clipboard-converter.ts","re-export","./clipboard-converter"
"packages/platform/communications/collaboration-ui/src/clipboard-converter.ts","1","packages/platform/communications/collaboration-ui/src/rich-text-types.ts","import","./rich-text-types"
"packages/platform/communications/collaboration-ui/src/index.ts","3","packages/platform/communications/collaboration-ui/src/attachment-client.ts","re-export","./attachment-client"
"packages/platform/communications/collaboration-ui/src/attachment-client.ts","1","packages/platform/communications/collaboration-ui/src/clipboard-converter.ts","type-only","./clipboard-converter"
"packages/platform/communications/collaboration-ui/src/index.ts","4","packages/platform/communications/collaboration-ui/src/rich-comment-composer.tsx","re-export","./rich-comment-composer"
"packages/platform/communications/collaboration-ui/src/rich-comment-composer.tsx","4","packages/platform/communications/collaboration-ui/src/clipboard-converter.ts","import","./clipboard-converter"
"packages/platform/communications/collaboration-ui/src/rich-comment-composer.tsx","5","packages/platform/communications/collaboration-ui/src/attachment-client.ts","import","./attachment-client"
"packages/platform/communications/collaboration-ui/src/rich-comment-composer.tsx","6","packages/platform/communications/collaboration-ui/src/rich-text-types.ts","import","./rich-text-types"
"packages/platform/shell/shell/src/home.tsx","18","packages/platform/foundation/icons/src/index.tsx","import","@athyper/platform-icons"
"packages/platform/shell/shell/src/home.tsx","35","packages/platform/shell/shell-runtime/src/index.tsx","import","@athyper/platform-shell-runtime"
"packages/platform/shell/shell/src/home.tsx","36","packages/platform/foundation/ui/src/index.tsx","import","@athyper/platform-ui"
"packages/platform/shell/shell/src/home.tsx","45","packages/platform/shell/shell/src/home-personalization.ts","import","./home-personalization"
"packages/platform/shell/shell/src/home-personalization.ts","1","packages/platform/foundation/temporal/src/index.ts","import","@athyper/platform-temporal"
"packages/platform/shell/shell/src/home-personalization.ts","2","packages/platform/shell/shell-runtime/src/index.tsx","import","@athyper/platform-shell-runtime"
"packages/platform/shell/shell/src/home.tsx","57","packages/platform/shell/shell/src/personalization-scope.tsx","import","./personalization-scope"
"packages/platform/shell/shell/src/personalization-scope.tsx","4","packages/platform/shell/shell/src/home-personalization.ts","import","./home-personalization"
"packages/platform/shell/shell/src/atlas-workspace.tsx","33","packages/platform/shell/shell/src/atlas-answer.tsx","import","./atlas-answer"
"packages/platform/shell/shell/src/atlas-answer.tsx","5","packages/platform/ai/agent-ui/src/index.ts","import","@athyper/platform-ai-agent-ui"
"packages/platform/shell/shell/src/atlas-workspace.tsx","39","packages/platform/shell/shell/src/personalization-scope.tsx","import","./personalization-scope"
"packages/platform/shell/shell/src/index.tsx","5","packages/platform/shell/shell/src/core.ts","type-only","./core"
"packages/platform/shell/shell/src/index.tsx","6","packages/platform/shell/shell/src/messages.ts","import","./messages"
"packages/platform/shell/shell/src/index.tsx","7","packages/platform/shell/shell/src/personalization-scope.tsx","import","./personalization-scope"
"packages/platform/shell/shell/src/index.tsx","8","packages/platform/ai/agent-ui/src/index.ts","import","@athyper/platform-ai-agent-ui"
"packages/platform/shell/shell/src/index.tsx","9","packages/platform/shell/shell/src/home.tsx","import","./home"
"packages/platform/shell/shell/src/index.tsx","10","packages/platform/shell/shell/src/core.ts","re-export","./core"
"packages/platform/shell/shell/src/index.tsx","11","packages/platform/shell/shell/src/context-departure.ts","re-export","./context-departure"
"packages/platform/shell/shell/src/index.tsx","12","packages/platform/shell/shell/src/content-header.tsx","re-export","./content-header"
"packages/platform/shell/shell/src/index.tsx","13","packages/platform/shell/shell/src/page-foundation.tsx","re-export","./page-foundation"
"packages/platform/shell/shell/src/index.tsx","14","packages/platform/shell/shell/src/home.tsx","re-export","./home"
"packages/platform/shell/shell/src/index.tsx","15","packages/platform/shell/shell/src/atlas-workspace.tsx","re-export","./atlas-workspace"
"packages/platform/shell/shell/src/index.tsx","16","packages/platform/ai/agent-ui/src/index.ts","re-export","@athyper/platform-ai-agent-ui"
"packages/platform/shell/shell/src/index.tsx","18","packages/platform/shell/shell/src/client.tsx","type-only","./client"
"packages/platform/shell/shell/src/index.tsx","19","packages/platform/shell/shell/src/activity-center.tsx","type-only","./activity-center"
"packages/platform/shell/shell/src/index.tsx","20","packages/platform/shell/shell/src/quick-access.tsx","type-only","./quick-access"
"packages/platform/shell/shell/src/index.tsx","22","packages/platform/shell/shell/src/client.tsx","type-only","./client"
"packages/platform/shell/shell/src/index.tsx","22","packages/platform/shell/shell/src/client.tsx","type-only","./client"
"packages/platform/shell/shell/src/index.tsx","22","packages/platform/shell/shell/src/quick-access.tsx","type-only","./quick-access"
"packages/platform/shell/shell/src/index.tsx","22","packages/platform/shell/shell/src/activity-center.tsx","type-only","./activity-center"
"packages/platform/shell/shell/src/index.tsx","26","packages/platform/shell/shell/src/route-state.tsx","re-export","./route-state"
"packages/platform/shell/shell/src/index.tsx","27","packages/platform/shell/shell/src/entity-page-layout.tsx","re-export","./entity-page-layout"
"packages/platform/shell/shell/src/index.tsx","29","packages/platform/shell/shell/src/route-state.tsx","re-export","./route-state"
"packages/platform/shell/shell/src/index.tsx","31","packages/platform/shell/shell/src/record-footer.tsx","re-export","./record-footer"
"packages/platform/shell/shell/src/index.tsx","33","packages/platform/ai/agent-ui/src/index.ts","re-export","@athyper/platform-ai-agent-ui"
"packages/platform/shell/shell/src/index.tsx","35","packages/platform/shell/shell/src/management-workspace.tsx","re-export","./management-workspace"
"packages/platform/shell/shell/src/management-workspace.tsx","3","packages/platform/shell/shell/src/page-foundation.tsx","import","./page-foundation"
"packages/platform/shell/shell/src/management-workspace.tsx","4","packages/platform/shell/shell/src/entity-page-layout.tsx","import","./entity-page-layout"
"packages/platform/shell/shell/src/management-workspace.tsx","5","packages/platform/shell/shell/src/page-workspace.tsx","import","./page-workspace"
"packages/platform/shell/shell/src/page-workspace.tsx","2","packages/platform/shell/shell/src/page-foundation.tsx","import","./page-foundation"
"packages/platform/shell/shell/src/index.tsx","37","packages/platform/shell/shell/src/task-header.tsx","re-export","./task-header"
"packages/platform/shell/shell/src/index.tsx","39","packages/platform/shell/shell/src/page-workspace.tsx","re-export","./page-workspace"
"packages/platform/shell/shell/src/index.tsx","40","packages/platform/shell/shell/src/page-navigation.tsx","re-export","./page-navigation"
"packages/platform/shell/shell/src/page-navigation.tsx","3","packages/platform/foundation/ui/src/index.tsx","import","@athyper/platform-ui"
"packages/platform/shell/shell/src/index.tsx","41","packages/platform/shell/shell/src/page-resource-boundary.tsx","re-export","./page-resource-boundary"
"packages/planes/neon/business-partner/src/command-feedback.ts","5","packages/planes/neon/business-partner/src/360/display-values.ts","import","./360/display-values"
"packages/planes/neon/business-partner/src/index.tsx","4","packages/planes/neon/business-partner/src/use-organization-selection.ts","import","./use-organization-selection"
"packages/planes/neon/business-partner/src/use-organization-selection.ts","2","packages/planes/neon/shell/src/index.tsx","import","@athyper/product-neon-shell"
"packages/planes/neon/shell/src/index.tsx","2","packages/platform/foundation/ui/src/index.tsx","import","@athyper/platform-ui"
"packages/planes/neon/shell/src/index.tsx","8","packages/planes/neon/shell/src/work-context-state.ts","import","./work-context-state"
"packages/planes/neon/shell/src/work-context-state.ts","1","packages/platform/foundation/api-client/src/index.ts","type-only","@athyper/platform-api-client"
"packages/planes/neon/shell/src/index.tsx","15","packages/planes/neon/shell/src/dismissable-picker.ts","import","./dismissable-picker"
"packages/planes/neon/shell/src/index.tsx","16","packages/planes/neon/shell/src/workspace-scope.ts","re-export","./workspace-scope"
"packages/planes/neon/shell/src/index.tsx","27","packages/planes/neon/shell/src/workspace-context-control.tsx","re-export","./workspace-context-control"
"packages/planes/neon/shell/src/workspace-context-control.tsx","9","packages/platform/foundation/api-client/src/index.ts","type-only","@athyper/platform-api-client"
"packages/planes/neon/shell/src/workspace-context-control.tsx","10","packages/platform/foundation/icons/src/index.tsx","import","@athyper/platform-icons"
"packages/planes/neon/shell/src/workspace-context-control.tsx","11","packages/planes/neon/shell/src/dismissable-picker.ts","import","./dismissable-picker"
"packages/planes/neon/shell/src/index.tsx","34","packages/planes/neon/shell/src/workspace-context-status.tsx","re-export","./workspace-context-status"
"packages/planes/neon/shell/src/index.tsx","39","packages/platform/foundation/api-client/src/index.ts","import","@athyper/platform-api-client"
"packages/planes/neon/shell/src/index.tsx","50","packages/platform/shell/app-foundation/src/index.tsx","import","@athyper/platform-shell-app-foundation"
"packages/planes/neon/shell/src/index.tsx","51","packages/platform/foundation/icons/src/index.tsx","import","@athyper/platform-icons"
"packages/planes/neon/shell/src/index.tsx","52","packages/platform/shell/activity-center-data/src/index.ts","import","@athyper/platform-shell-activity-center-data"
"packages/platform/shell/activity-center-data/src/index.ts","3","packages/platform/foundation/api-client/src/index.ts","type-only","@athyper/platform-api-client"
"packages/platform/shell/activity-center-data/src/index.ts","4","packages/platform/communications/notifications-client/src/index.ts","import","@athyper/platform-communications-notifications-client"
"packages/platform/communications/notifications-client/src/index.ts","1","packages/platform/foundation/temporal/src/index.ts","import","@athyper/platform-temporal"
"packages/platform/communications/notifications-client/src/index.ts","2","packages/platform/foundation/api-client/src/index.ts","import","@athyper/platform-api-client"
"packages/platform/shell/activity-center-data/src/index.ts","5","packages/platform/shell/shell/src/index.tsx","type-only","@athyper/platform-shell"
"packages/platform/shell/activity-center-data/src/index.ts","6","packages/platform/shell/work-inbox/src/index.ts","import","@athyper/platform-shell-work-inbox"
"packages/platform/shell/work-inbox/src/index.ts","1","packages/platform/foundation/temporal/src/index.ts","import","@athyper/platform-temporal"
"packages/platform/shell/work-inbox/src/index.ts","2","packages/platform/foundation/api-client/src/index.ts","import","@athyper/platform-api-client"
"packages/planes/neon/shell/src/index.tsx","56","packages/planes/neon/navigation/src/index.ts","import","@athyper/product-neon-navigation"
"packages/planes/neon/navigation/src/index.ts","1","packages/contracts/platform/navigation/src/generated-catalog.ts","import","@athyper/contract-platform-navigation/generated"
"packages/contracts/platform/navigation/src/generated-catalog.ts","2","packages/contracts/platform/navigation/src/index.ts","type-only","./index.js"
"packages/planes/neon/navigation/src/index.ts","2","packages/platform/shell/shell/src/core.ts","import","@athyper/platform-shell/core"
"packages/planes/neon/shell/src/index.tsx","57","packages/platform/shell/shell/src/index.tsx","import","@athyper/platform-shell"
"packages/planes/neon/shell/src/index.tsx","465","packages/platform/foundation/api-client/src/index.ts","type-only","@athyper/platform-api-client"
"packages/planes/neon/shell/src/index.tsx","1123","packages/platform/foundation/i18n/src/index.ts","type-only","@athyper/platform-i18n"
"packages/planes/neon/business-partner/src/use-organization-selection.ts","6","packages/platform/shell/shell/src/index.tsx","import","@athyper/platform-shell"
"packages/planes/neon/business-partner/src/index.tsx","5","packages/planes/neon/business-partner/src/supplier-process-preview.tsx","import","./supplier-process-preview"
"packages/planes/neon/business-partner/src/supplier-process-preview.tsx","3","packages/platform/foundation/api-client/src/index.ts","import","@athyper/platform-api-client"
"packages/planes/neon/business-partner/src/supplier-process-preview.tsx","7","packages/platform/shell/app-foundation/src/index.tsx","import","@athyper/platform-shell-app-foundation"
"packages/planes/neon/business-partner/src/index.tsx","6","packages/planes/neon/business-partner/src/supplier-process-correction.tsx","import","./supplier-process-correction"
"packages/planes/neon/business-partner/src/supplier-process-correction.tsx","2","packages/planes/neon/business-partner/src/360/display-values.ts","import","./360/display-values"
"packages/planes/neon/business-partner/src/supplier-process-correction.tsx","4","packages/platform/foundation/api-client/src/index.ts","import","@athyper/platform-api-client"
"packages/planes/neon/business-partner/src/supplier-process-correction.tsx","8","packages/platform/shell/app-foundation/src/index.tsx","import","@athyper/platform-shell-app-foundation"
"packages/planes/neon/business-partner/src/supplier-process-correction.tsx","9","packages/platform/foundation/ui/src/index.tsx","import","@athyper/platform-ui"
"packages/planes/neon/business-partner/src/supplier-process-correction.tsx","10","packages/planes/neon/business-partner/src/supplier-process-readiness.tsx","import","./supplier-process-readiness"
"packages/planes/neon/business-partner/src/supplier-process-readiness.tsx","3","packages/platform/foundation/api-client/src/index.ts","import","@athyper/platform-api-client"
"packages/planes/neon/business-partner/src/supplier-process-readiness.tsx","7","packages/platform/shell/app-foundation/src/index.tsx","import","@athyper/platform-shell-app-foundation"
"packages/planes/neon/business-partner/src/supplier-process-readiness.tsx","8","packages/platform/foundation/ui/src/index.tsx","import","@athyper/platform-ui"
"packages/planes/neon/business-partner/src/supplier-process-correction.tsx","11","packages/planes/neon/business-partner/src/supplier-process-documents.tsx","import","./supplier-process-documents"
"packages/planes/neon/business-partner/src/supplier-process-documents.tsx","3","packages/platform/foundation/api-client/src/index.ts","import","@athyper/platform-api-client"
"packages/planes/neon/business-partner/src/supplier-process-documents.tsx","7","packages/platform/shell/app-foundation/src/index.tsx","import","@athyper/platform-shell-app-foundation"
"packages/planes/neon/business-partner/src/supplier-process-documents.tsx","8","packages/platform/foundation/ui/src/index.tsx","import","@athyper/platform-ui"
"packages/planes/neon/business-partner/src/supplier-process-correction.tsx","12","packages/planes/neon/business-partner/src/client.ts","type-only","./client"
"packages/planes/neon/business-partner/src/client.ts","1","packages/platform/foundation/api-client/src/index.ts","import","@athyper/platform-api-client"
"packages/planes/neon/business-partner/src/client.ts","6","packages/contracts/platform/entity-runtime/src/index.ts","import","@athyper/contract-platform-entity-runtime"
"packages/planes/neon/business-partner/src/client.ts","10","packages/planes/neon/business-partner/src/request-form-descriptor.ts","type-only","./request-form-descriptor"
"packages/planes/neon/business-partner/src/client.ts","11","packages/planes/neon/business-partner/src/request-relationships.ts","type-only","./request-relationships"
"packages/planes/neon/business-partner/src/request-relationships.ts","1","packages/contracts/platform/entity-runtime/src/index.ts","import","@athyper/contract-platform-entity-runtime"
"packages/planes/neon/business-partner/src/supplier-process-correction.tsx","13","packages/planes/neon/business-partner/src/task-information.tsx","import","./task-information"
"packages/planes/neon/business-partner/src/task-information.tsx","3","packages/platform/foundation/ui/src/index.tsx","import","@athyper/platform-ui"
"packages/planes/neon/business-partner/src/index.tsx","7","packages/platform/shell/shell/src/index.tsx","import","@athyper/platform-shell"
"packages/planes/neon/business-partner/src/index.tsx","8","packages/planes/neon/business-partner/src/page-frame.tsx","import","./page-frame"
"packages/planes/neon/business-partner/src/page-frame.tsx","2","packages/platform/shell/shell/src/index.tsx","import","@athyper/platform-shell"
"packages/planes/neon/business-partner/src/index.tsx","9","packages/planes/neon/business-partner/src/request-workspace.tsx","import","./request-workspace"
"packages/planes/neon/business-partner/src/request-workspace.tsx","2","packages/planes/neon/business-partner/src/360/display-values.ts","import","./360/display-values"
"packages/planes/neon/business-partner/src/request-workspace.tsx","4","packages/platform/foundation/ui/src/index.tsx","import","@athyper/platform-ui"
"packages/planes/neon/business-partner/src/request-workspace.tsx","5","packages/platform/shell/app-foundation/src/index.tsx","import","@athyper/platform-shell-app-foundation"
"packages/planes/neon/business-partner/src/request-workspace.tsx","6","packages/platform/foundation/api-client/src/index.ts","import","@athyper/platform-api-client"
"packages/planes/neon/business-partner/src/request-workspace.tsx","7","packages/platform/entity/runtime/form-detail/src/index.tsx","import","@athyper/platform-entity-form-detail"
"packages/platform/entity/runtime/form-detail/src/index.tsx","2","packages/contracts/platform/entity-runtime/src/index.ts","import","@athyper/contract-platform-entity-runtime"
"packages/platform/entity/runtime/form-detail/src/index.tsx","3","packages/platform/entity/runtime/form-detail/src/record-header.tsx","import","./record-header"
"packages/platform/entity/runtime/form-detail/src/record-header.tsx","3","packages/contracts/platform/entity-runtime/src/index.ts","type-only","@athyper/contract-platform-entity-runtime"
"packages/platform/entity/runtime/form-detail/src/record-header.tsx","4","packages/platform/foundation/icons/src/index.tsx","import","@athyper/platform-icons"
"packages/platform/entity/runtime/form-detail/src/record-header.tsx","5","packages/platform/shell/shell/src/index.tsx","import","@athyper/platform-shell"
"packages/platform/entity/runtime/form-detail/src/record-header.tsx","6","packages/platform/entity/runtime/form-detail/src/record-action.tsx","import","./record-action"
"packages/platform/entity/runtime/form-detail/src/record-action.tsx","3","packages/contracts/platform/entity-runtime/src/index.ts","import","@athyper/contract-platform-entity-runtime"
"packages/platform/entity/runtime/form-detail/src/record-header.tsx","7","packages/platform/foundation/ui/src/index.tsx","import","@athyper/platform-ui"
"packages/platform/entity/runtime/form-detail/src/index.tsx","5","packages/contracts/platform/entity-runtime/src/index.ts","type-only","@athyper/contract-platform-entity-runtime"
"packages/platform/entity/runtime/form-detail/src/index.tsx","6","packages/platform/entity/runtime/descriptor-client/src/index.ts","import","@athyper/platform-entity-descriptor-client"
"packages/platform/entity/runtime/descriptor-client/src/index.ts","1","packages/contracts/platform/entity-runtime/src/index.ts","import","@athyper/contract-platform-entity-runtime"
"packages/platform/entity/runtime/descriptor-client/src/index.ts","2","packages/platform/foundation/api-client/src/index.ts","import","@athyper/platform-api-client"
"packages/platform/entity/runtime/descriptor-client/src/index.ts","20","packages/platform/entity/runtime/descriptor-client/src/runtime-client.ts","re-export","./runtime-client"
"packages/platform/entity/runtime/descriptor-client/src/runtime-client.ts","1","packages/platform/foundation/api-client/src/index.ts","import","@athyper/platform-api-client"
"packages/platform/entity/runtime/form-detail/src/index.tsx","7","packages/platform/shell/shell/src/index.tsx","import","@athyper/platform-shell"
"packages/platform/entity/runtime/form-detail/src/index.tsx","8","packages/platform/shell/app-foundation/src/index.tsx","import","@athyper/platform-shell-app-foundation"
"packages/platform/entity/runtime/form-detail/src/index.tsx","9","packages/platform/foundation/ui/src/index.tsx","import","@athyper/platform-ui"
"packages/platform/entity/runtime/form-detail/src/index.tsx","58","packages/platform/entity/runtime/form-detail/src/record-header.tsx","re-export","./record-header"
"packages/platform/entity/runtime/form-detail/src/index.tsx","60","packages/platform/entity/runtime/form-detail/src/record-360-panel.tsx","re-export","./record-360-panel"
"packages/platform/entity/runtime/form-detail/src/record-360-panel.tsx","2","packages/platform/entity/runtime/form-detail/src/section-navigation.tsx","import","./section-navigation"
"packages/platform/entity/runtime/form-detail/src/record-360-panel.tsx","7","packages/contracts/platform/entity-runtime/src/index.ts","type-only","@athyper/contract-platform-entity-runtime"
"packages/platform/entity/runtime/form-detail/src/index.tsx","62","packages/platform/entity/runtime/form-detail/src/related-record.tsx","re-export","./related-record"
"packages/platform/entity/runtime/form-detail/src/related-record.tsx","2","packages/platform/entity/runtime/form-detail/src/record-action.tsx","import","./record-action"
"packages/platform/entity/runtime/form-detail/src/related-record.tsx","3","packages/contracts/platform/entity-runtime/src/index.ts","type-only","@athyper/contract-platform-entity-runtime"
"packages/platform/entity/runtime/form-detail/src/related-record.tsx","4","packages/platform/foundation/i18n/src/react.tsx","import","@athyper/platform-i18n/react"
"packages/platform/entity/runtime/form-detail/src/related-record.tsx","5","packages/platform/foundation/ui/src/index.tsx","import","@athyper/platform-ui"
"packages/platform/entity/runtime/form-detail/src/related-record.tsx","6","packages/platform/foundation/icons/src/index.tsx","import","@athyper/platform-icons"
"packages/platform/entity/runtime/form-detail/src/related-record.tsx","8","packages/contracts/platform/entity-runtime/src/index.ts","type-only","@athyper/contract-platform-entity-runtime"
"packages/platform/entity/runtime/form-detail/src/index.tsx","64","packages/platform/entity/runtime/form-detail/src/record-action.tsx","re-export","./record-action"
"packages/platform/entity/runtime/form-detail/src/index.tsx","66","packages/platform/entity/runtime/form-detail/src/intake.tsx","re-export","./intake"
"packages/platform/entity/runtime/form-detail/src/intake.tsx","2","packages/platform/entity/runtime/form-detail/src/data-validation.tsx","import","./data-validation"
"packages/platform/entity/runtime/form-detail/src/data-validation.tsx","9","packages/platform/foundation/i18n/src/react.tsx","import","@athyper/platform-i18n/react"
"packages/platform/entity/runtime/form-detail/src/data-validation.tsx","10","packages/platform/foundation/i18n/src/entity-messages.ts","import","@athyper/platform-i18n/entity-messages"
"packages/platform/entity/runtime/form-detail/src/data-validation.tsx","11","packages/contracts/platform/entity-runtime/src/index.ts","type-only","@athyper/contract-platform-entity-runtime"
"packages/platform/entity/runtime/form-detail/src/intake.tsx","14","packages/contracts/platform/entity-runtime/src/index.ts","import","@athyper/contract-platform-entity-runtime"
"packages/platform/entity/runtime/form-detail/src/intake.tsx","18","packages/platform/shell/shell/src/index.tsx","import","@athyper/platform-shell"
"packages/platform/entity/runtime/form-detail/src/intake.tsx","19","packages/platform/foundation/ui/src/index.tsx","import","@athyper/platform-ui"
"packages/platform/entity/runtime/form-detail/src/intake.tsx","20","packages/platform/entity/runtime/form-detail/src/intake-state.ts","import","./intake-state"
"packages/platform/entity/runtime/form-detail/src/intake-state.ts","1","packages/contracts/platform/entity-runtime/src/index.ts","import","@athyper/contract-platform-entity-runtime"
"packages/platform/entity/runtime/form-detail/src/intake.tsx","28","packages/platform/entity/runtime/form-detail/src/intake-state.ts","re-export","./intake-state"
"packages/platform/entity/runtime/form-detail/src/intake.tsx","34","packages/platform/entity/runtime/form-detail/src/intake-state.ts","type-only","./intake-state"
"packages/platform/entity/runtime/form-detail/src/index.tsx","67","packages/platform/entity/runtime/form-detail/src/intake-surface.tsx","re-export","./intake-surface"
"packages/platform/entity/runtime/form-detail/src/intake-surface.tsx","2","packages/platform/entity/runtime/form-detail/src/entity-lookup.tsx","import","./entity-lookup"
"packages/platform/entity/runtime/form-detail/src/entity-lookup.tsx","2","packages/platform/foundation/icons/src/index.tsx","import","@athyper/platform-icons"
"packages/platform/entity/runtime/form-detail/src/entity-lookup.tsx","3","packages/platform/foundation/i18n/src/react.tsx","import","@athyper/platform-i18n/react"
"packages/platform/entity/runtime/form-detail/src/entity-lookup.tsx","4","packages/platform/foundation/i18n/src/entity-messages.ts","import","@athyper/platform-i18n/entity-messages"
"packages/platform/entity/runtime/form-detail/src/entity-lookup.tsx","14","packages/contracts/platform/entity-runtime/src/index.ts","import","@athyper/contract-platform-entity-runtime"
"packages/platform/entity/runtime/form-detail/src/entity-lookup.tsx","18","packages/contracts/platform/entity-list/src/index.ts","type-only","@athyper/contract-platform-entity-list"
"packages/platform/entity/runtime/form-detail/src/entity-lookup.tsx","22","packages/platform/foundation/api-client/src/index.ts","type-only","@athyper/platform-api-client"
"packages/platform/entity/runtime/form-detail/src/entity-lookup.tsx","23","packages/platform/entity/runtime/list-view/src/lookup-directory.ts","import","@athyper/platform-entity-list-view/lookup-directory"
"packages/platform/entity/runtime/list-view/src/lookup-directory.ts","1","packages/contracts/platform/entity-runtime/src/index.ts","type-only","@athyper/contract-platform-entity-runtime"
"packages/platform/entity/runtime/list-view/src/lookup-directory.ts","2","packages/contracts/platform/entity-list/src/index.ts","type-only","@athyper/contract-platform-entity-list"
"packages/platform/entity/runtime/list-view/src/lookup-directory.ts","6","packages/platform/foundation/api-client/src/index.ts","import","@athyper/platform-api-client"
"packages/platform/entity/runtime/list-view/src/lookup-directory.ts","13","packages/platform/entity/runtime/list-view/src/view-policy.ts","import","./view-policy"
"packages/platform/entity/runtime/list-view/src/view-policy.ts","1","packages/contracts/platform/entity-list/src/index.ts","type-only","@athyper/contract-platform-entity-list"
"packages/platform/entity/runtime/list-view/src/view-policy.ts","2","packages/contracts/platform/entity-runtime/src/index.ts","type-only","@athyper/contract-platform-entity-runtime"
"packages/platform/entity/runtime/list-view/src/lookup-directory.ts","14","packages/platform/entity/runtime/list-view/src/location.ts","import","./location"
"packages/platform/entity/runtime/list-view/src/location.ts","1","packages/contracts/platform/entity-list/src/index.ts","import","@athyper/contract-platform-entity-list"
"packages/platform/entity/runtime/list-view/src/location.ts","2","packages/platform/entity/runtime/list-view/src/preferences.ts","import","./preferences"
"packages/platform/entity/runtime/list-view/src/preferences.ts","1","packages/contracts/platform/entity-list/src/index.ts","import","@athyper/contract-platform-entity-list"
"packages/platform/entity/runtime/list-view/src/lookup-directory.ts","159","packages/platform/entity/runtime/list-view/src/preferences.ts","dynamic/require","./preferences"
"packages/platform/entity/runtime/form-detail/src/entity-lookup.tsx","28","packages/platform/foundation/ui/src/index.tsx","import","@athyper/platform-ui"
"packages/platform/entity/runtime/form-detail/src/entity-lookup.tsx","36","packages/platform/entity/runtime/list-view/src/index.tsx","dynamic/require","@athyper/platform-entity-list-view"
"packages/platform/entity/runtime/list-view/src/index.tsx","2","packages/platform/entity/runtime/list-view/src/view-policy.ts","import","./view-policy"
"packages/platform/entity/runtime/list-view/src/index.tsx","3","packages/platform/entity/runtime/list-view/src/lookup-directory.ts","import","./lookup-directory"
"packages/platform/entity/runtime/list-view/src/index.tsx","4","packages/platform/shell/shell/src/index.tsx","import","@athyper/platform-shell"
"packages/platform/entity/runtime/list-view/src/index.tsx","5","packages/platform/shell/shell/src/index.tsx","import","@athyper/platform-shell"
"packages/platform/entity/runtime/list-view/src/index.tsx","6","packages/platform/shell/app-foundation/src/index.tsx","import","@athyper/platform-shell-app-foundation"
"packages/platform/entity/runtime/list-view/src/index.tsx","7","packages/platform/shell/app-foundation/src/error-taxonomy.ts","import","@athyper/platform-shell-app-foundation/error-taxonomy"
"packages/platform/entity/runtime/list-view/src/index.tsx","8","packages/platform/entity/runtime/list-view/src/applied-filters.tsx","import","./applied-filters"
"packages/platform/entity/runtime/list-view/src/applied-filters.tsx","2","packages/platform/foundation/ui/src/applied-filters.tsx","re-export","@athyper/platform-ui/applied-filters"
"packages/platform/entity/runtime/list-view/src/index.tsx","9","packages/platform/entity/runtime/list-view/src/required-context-status.tsx","import","./required-context-status"
"packages/platform/entity/runtime/list-view/src/index.tsx","10","packages/platform/entity/runtime/list-view/src/directory-filters.tsx","import","./directory-filters"
"packages/platform/entity/runtime/list-view/src/directory-filters.tsx","3","packages/platform/foundation/ui/src/index.tsx","import","@athyper/platform-ui"
"packages/platform/entity/runtime/list-view/src/directory-filters.tsx","218","packages/contracts/platform/entity-list/src/index.ts","type-only","@athyper/contract-platform-entity-list"
"packages/platform/entity/runtime/list-view/src/index.tsx","18","packages/platform/entity/runtime/list-view/src/directory-filters.tsx","re-export","./directory-filters"
"packages/platform/entity/runtime/list-view/src/index.tsx","23","packages/platform/entity/runtime/list-view/src/filter-editor.tsx","import","./filter-editor"
"packages/platform/entity/runtime/list-view/src/filter-editor.tsx","11","packages/platform/foundation/ui/src/index.tsx","import","@athyper/platform-ui"
"packages/platform/entity/runtime/list-view/src/filter-editor.tsx","18","packages/contracts/platform/entity-list/src/index.ts","type-only","@athyper/contract-platform-entity-list"
"packages/platform/entity/runtime/list-view/src/filter-editor.tsx","24","packages/platform/foundation/i18n/src/react.tsx","import","@athyper/platform-i18n/react"
"packages/platform/entity/runtime/list-view/src/filter-editor.tsx","25","packages/platform/foundation/i18n/src/entity-messages.ts","import","@athyper/platform-i18n/entity-messages"
"packages/platform/entity/runtime/list-view/src/filter-editor.tsx","26","packages/platform/entity/runtime/list-view/src/state.ts","import","./state"
"packages/platform/entity/runtime/list-view/src/state.ts","1","packages/contracts/platform/entity-list/src/index.ts","type-only","@athyper/contract-platform-entity-list"
"packages/platform/entity/runtime/list-view/src/index.tsx","30","packages/platform/entity/runtime/list-view/src/drawer-registry.tsx","import","./drawer-registry"
"packages/platform/entity/runtime/list-view/src/drawer-registry.tsx","3","packages/contracts/platform/entity-list/src/index.ts","type-only","@athyper/contract-platform-entity-list"
"packages/platform/entity/runtime/list-view/src/drawer-registry.tsx","4","packages/platform/foundation/icons/src/index.tsx","import","@athyper/platform-icons"
"packages/platform/entity/runtime/list-view/src/drawer-registry.tsx","5","packages/platform/foundation/ui/src/index.tsx","import","@athyper/platform-ui"
"packages/platform/entity/runtime/list-view/src/index.tsx","36","packages/platform/entity/runtime/list-view/src/sticky-table.tsx","import","./sticky-table"
"packages/platform/entity/runtime/list-view/src/sticky-table.tsx","3","packages/platform/entity/runtime/list-view/src/sticky-table-header.ts","import","./sticky-table-header"
"packages/platform/entity/runtime/list-view/src/index.tsx","37","packages/platform/entity/runtime/list-view/src/navigation.tsx","import","./navigation"
"packages/platform/entity/runtime/list-view/src/navigation.tsx","3","packages/platform/shell/shell/src/index.tsx","import","@athyper/platform-shell"
"packages/platform/entity/runtime/list-view/src/navigation.tsx","4","packages/contracts/platform/entity-list/src/index.ts","import","@athyper/contract-platform-entity-list"
"packages/platform/entity/runtime/list-view/src/navigation.tsx","8","packages/platform/foundation/i18n/src/react.tsx","import","@athyper/platform-i18n/react"
"packages/platform/entity/runtime/list-view/src/index.tsx","38","packages/platform/entity/runtime/list-view/src/overview.tsx","import","./overview"
"packages/platform/entity/runtime/list-view/src/overview.tsx","2","packages/platform/entity/runtime/list-view/src/overview-favourites.tsx","import","./overview-favourites"
"packages/platform/entity/runtime/list-view/src/overview-favourites.tsx","2","packages/platform/entity/runtime/list-view/src/overview-messages.ts","import","./overview-messages"
"packages/platform/entity/runtime/list-view/src/overview-messages.ts","1","packages/platform/foundation/i18n/src/entity-messages.ts","import","@athyper/platform-i18n/entity-messages"
"packages/platform/entity/runtime/list-view/src/overview-messages.ts","2","packages/platform/foundation/i18n/src/react.tsx","import","@athyper/platform-i18n/react"
"packages/platform/entity/runtime/list-view/src/overview-favourites.tsx","4","packages/platform/foundation/api-client/src/index.ts","import","@athyper/platform-api-client"
"packages/platform/entity/runtime/list-view/src/overview-favourites.tsx","12","packages/contracts/platform/entity-list/src/index.ts","type-only","@athyper/contract-platform-entity-list"
"packages/platform/entity/runtime/list-view/src/overview-favourites.tsx","13","packages/platform/foundation/icons/src/index.tsx","import","@athyper/platform-icons"
"packages/platform/entity/runtime/list-view/src/overview-favourites.tsx","14","packages/platform/foundation/ui/src/index.tsx","import","@athyper/platform-ui"
"packages/platform/entity/runtime/list-view/src/overview.tsx","6","packages/platform/entity/runtime/list-view/src/overview-messages.ts","import","./overview-messages"
"packages/platform/entity/runtime/list-view/src/overview.tsx","8","packages/contracts/platform/entity-list/src/index.ts","import","@athyper/contract-platform-entity-list"
"packages/platform/entity/runtime/list-view/src/overview.tsx","17","packages/platform/foundation/api-client/src/index.ts","import","@athyper/platform-api-client"
"packages/platform/entity/runtime/list-view/src/overview.tsx","24","packages/platform/foundation/icons/src/index.tsx","import","@athyper/platform-icons"
"packages/platform/entity/runtime/list-view/src/overview.tsx","35","packages/platform/foundation/i18n/src/react.tsx","import","@athyper/platform-i18n/react"
"packages/platform/entity/runtime/list-view/src/overview.tsx","36","packages/platform/foundation/temporal/src/index.ts","import","@athyper/platform-temporal"
"packages/platform/entity/runtime/list-view/src/overview.tsx","37","packages/platform/foundation/ui/src/index.tsx","import","@athyper/platform-ui"
"packages/platform/entity/runtime/list-view/src/index.tsx","39","packages/platform/entity/runtime/list-view/src/overview.tsx","re-export","./overview"
"packages/platform/entity/runtime/list-view/src/index.tsx","40","packages/platform/foundation/i18n/src/react.tsx","import","@athyper/platform-i18n/react"
"packages/platform/entity/runtime/list-view/src/index.tsx","41","packages/contracts/platform/entity-list/src/index.ts","import","@athyper/contract-platform-entity-list"
"packages/platform/entity/runtime/list-view/src/index.tsx","43","packages/contracts/platform/entity-list/src/index.ts","import","@athyper/contract-platform-entity-list"
"packages/platform/entity/runtime/list-view/src/index.tsx","58","packages/platform/foundation/api-client/src/index.ts","import","@athyper/platform-api-client"
"packages/platform/entity/runtime/list-view/src/index.tsx","73","packages/platform/foundation/icons/src/index.tsx","import","@athyper/platform-icons"
"packages/platform/entity/runtime/list-view/src/index.tsx","100","packages/platform/shell/shell/src/index.tsx","import","@athyper/platform-shell"
"packages/platform/entity/runtime/list-view/src/index.tsx","107","packages/platform/foundation/ui/src/index.tsx","import","@athyper/platform-ui"
"packages/platform/entity/runtime/list-view/src/index.tsx","140","packages/platform/entity/runtime/list-view/src/preferences.ts","import","./preferences"
"packages/platform/entity/runtime/list-view/src/index.tsx","151","packages/platform/entity/runtime/list-view/src/state.ts","import","./state"
"packages/platform/entity/runtime/list-view/src/index.tsx","159","packages/platform/entity/runtime/list-view/src/data-operations.tsx","import","./data-operations"
"packages/platform/entity/runtime/list-view/src/data-operations.tsx","3","packages/contracts/platform/entity-list/src/index.ts","type-only","@athyper/contract-platform-entity-list"
"packages/platform/entity/runtime/list-view/src/data-operations.tsx","4","packages/platform/foundation/api-client/src/index.ts","import","@athyper/platform-api-client"
"packages/platform/entity/runtime/list-view/src/data-operations.tsx","5","packages/platform/foundation/icons/src/index.tsx","import","@athyper/platform-icons"
"packages/platform/entity/runtime/list-view/src/data-operations.tsx","6","packages/platform/foundation/ui/src/index.tsx","import","@athyper/platform-ui"
"packages/platform/entity/runtime/list-view/src/index.tsx","164","packages/platform/entity/runtime/list-view/src/columns.ts","import","./columns"
"packages/platform/entity/runtime/list-view/src/columns.ts","1","packages/contracts/platform/entity-list/src/index.ts","type-only","@athyper/contract-platform-entity-list"
"packages/platform/entity/runtime/list-view/src/index.tsx","170","packages/platform/entity/runtime/list-view/src/field-catalogue.tsx","import","./field-catalogue"
"packages/platform/entity/runtime/list-view/src/field-catalogue.tsx","3","packages/contracts/platform/entity-list/src/index.ts","type-only","@athyper/contract-platform-entity-list"
"packages/platform/entity/runtime/list-view/src/field-catalogue.tsx","4","packages/platform/foundation/icons/src/index.tsx","import","@athyper/platform-icons"
"packages/platform/entity/runtime/list-view/src/field-catalogue.tsx","5","packages/platform/foundation/ui/src/index.tsx","import","@athyper/platform-ui"
"packages/platform/entity/runtime/list-view/src/field-catalogue.tsx","20","packages/platform/foundation/i18n/src/react.tsx","import","@athyper/platform-i18n/react"
"packages/platform/entity/runtime/list-view/src/field-catalogue.tsx","21","packages/platform/foundation/i18n/src/entity-messages.ts","import","@athyper/platform-i18n/entity-messages"
"packages/platform/entity/runtime/list-view/src/field-catalogue.tsx","22","packages/platform/entity/runtime/list-view/src/columns.ts","import","./columns"
"packages/platform/entity/runtime/list-view/src/index.tsx","175","packages/platform/entity/runtime/list-view/src/location.ts","import","./location"
"packages/platform/entity/runtime/list-view/src/index.tsx","260","packages/contracts/platform/entity-runtime/src/index.ts","type-only","@athyper/contract-platform-entity-runtime"
"packages/platform/entity/runtime/list-view/src/index.tsx","262","packages/contracts/platform/entity-runtime/src/index.ts","type-only","@athyper/contract-platform-entity-runtime"
"packages/platform/entity/runtime/list-view/src/index.tsx","3683","packages/contracts/platform/entity-runtime/src/index.ts","type-only","@athyper/contract-platform-entity-runtime"
"packages/platform/entity/runtime/list-view/src/index.tsx","5270","packages/platform/entity/runtime/list-view/src/state.ts","re-export","./state"
"packages/platform/entity/runtime/list-view/src/index.tsx","5276","packages/platform/entity/runtime/list-view/src/scope-control.tsx","re-export","./scope-control"
"packages/platform/entity/runtime/list-view/src/scope-control.tsx","4","packages/platform/foundation/icons/src/index.tsx","import","@athyper/platform-icons"
"packages/platform/entity/runtime/list-view/src/scope-control.tsx","5","packages/platform/foundation/ui/src/index.tsx","import","@athyper/platform-ui"
"packages/platform/entity/runtime/list-view/src/index.tsx","5281","packages/platform/entity/runtime/list-view/src/transfer-workspace.tsx","re-export","./transfer-workspace"
"packages/platform/entity/runtime/list-view/src/transfer-workspace.tsx","2","packages/platform/foundation/temporal/src/index.ts","import","@athyper/platform-temporal"
"packages/platform/entity/runtime/list-view/src/transfer-workspace.tsx","3","packages/platform/foundation/api-client/src/index.ts","import","@athyper/platform-api-client"
"packages/platform/entity/runtime/list-view/src/transfer-workspace.tsx","4","packages/platform/foundation/ui/src/index.tsx","import","@athyper/platform-ui"
"packages/platform/entity/runtime/list-view/src/index.tsx","5282","packages/platform/entity/runtime/list-view/src/import-workspace.tsx","re-export","./import-workspace"
"packages/platform/entity/runtime/list-view/src/import-workspace.tsx","3","packages/contracts/platform/entity-list/src/index.ts","type-only","@athyper/contract-platform-entity-list"
"packages/platform/entity/runtime/list-view/src/import-workspace.tsx","4","packages/platform/foundation/api-client/src/index.ts","import","@athyper/platform-api-client"
"packages/platform/entity/runtime/list-view/src/import-workspace.tsx","5","packages/platform/foundation/ui/src/index.tsx","import","@athyper/platform-ui"
"packages/platform/entity/runtime/list-view/src/import-workspace.tsx","7","packages/platform/entity/runtime/list-view/src/data-operations.tsx","import","./data-operations"
"packages/platform/entity/runtime/list-view/src/index.tsx","5287","packages/platform/entity/runtime/list-view/src/sticky-table.tsx","re-export","./sticky-table"
"packages/platform/entity/runtime/list-view/src/index.tsx","5289","packages/platform/entity/runtime/list-view/src/lookup-directory.ts","re-export","./lookup-directory"
"packages/platform/entity/runtime/form-detail/src/intake-surface.tsx","4","packages/contracts/platform/entity-runtime/src/index.ts","import","@athyper/contract-platform-entity-runtime"
"packages/platform/entity/runtime/form-detail/src/intake-surface.tsx","11","packages/contracts/platform/entity-runtime/src/index.ts","re-export","@athyper/contract-platform-entity-runtime"
"packages/platform/entity/runtime/form-detail/src/index.tsx","68","packages/platform/entity/runtime/form-detail/src/intake-classification.tsx","re-export","./intake-classification"
"packages/platform/entity/runtime/form-detail/src/intake-classification.tsx","3","packages/contracts/platform/entity-runtime/src/index.ts","type-only","@athyper/contract-platform-entity-runtime"
"packages/platform/entity/runtime/form-detail/src/intake-classification.tsx","4","packages/platform/foundation/ui/src/index.tsx","import","@athyper/platform-ui"
"packages/platform/entity/runtime/form-detail/src/intake-classification.tsx","5","packages/platform/entity/runtime/form-detail/src/intake-surface.tsx","import","./intake-surface"
"packages/platform/entity/runtime/form-detail/src/intake-classification.tsx","10","packages/platform/entity/runtime/form-detail/src/intake.tsx","import","./intake"
"packages/platform/entity/runtime/form-detail/src/index.tsx","70","packages/platform/entity/runtime/form-detail/src/entity-lookup.tsx","re-export","./entity-lookup"
"packages/platform/entity/runtime/form-detail/src/index.tsx","71","packages/platform/entity/runtime/form-detail/src/reference-lookup.tsx","re-export","./reference-lookup"
"packages/platform/entity/runtime/form-detail/src/reference-lookup.tsx","3","packages/contracts/platform/entity-runtime/src/index.ts","type-only","@athyper/contract-platform-entity-runtime"
"packages/platform/entity/runtime/form-detail/src/reference-lookup.tsx","4","packages/platform/entity/runtime/form-detail/src/entity-lookup.tsx","import","./entity-lookup"
"packages/platform/entity/runtime/form-detail/src/index.tsx","72","packages/platform/entity/runtime/form-detail/src/data-surface.tsx","re-export","./data-surface"
"packages/platform/entity/runtime/form-detail/src/data-surface.tsx","2","packages/platform/entity/runtime/form-detail/src/form-layout.tsx","import","./form-layout"
"packages/platform/entity/runtime/form-detail/src/form-layout.tsx","3","packages/platform/entity/runtime/form-detail/src/section-navigation.tsx","import","./section-navigation"
"packages/platform/entity/runtime/form-detail/src/data-surface.tsx","3","packages/platform/entity/runtime/form-detail/src/subsection-heading.tsx","import","./subsection-heading"
"packages/platform/entity/runtime/form-detail/src/subsection-heading.tsx","3","packages/platform/foundation/icons/src/index.tsx","import","@athyper/platform-icons"
"packages/platform/entity/runtime/form-detail/src/data-surface.tsx","13","packages/platform/entity/runtime/form-detail/src/collection-section.tsx","import","./collection-section"
"packages/platform/entity/runtime/form-detail/src/collection-section.tsx","10","packages/platform/entity/runtime/form-detail/src/subsection-heading.tsx","import","./subsection-heading"
"packages/platform/entity/runtime/form-detail/src/collection-section.tsx","12","packages/platform/foundation/ui/src/index.tsx","import","@athyper/platform-ui"
"packages/platform/entity/runtime/form-detail/src/collection-section.tsx","13","packages/contracts/platform/entity-runtime/src/index.ts","import","@athyper/contract-platform-entity-runtime"
"packages/platform/entity/runtime/form-detail/src/collection-section.tsx","23","packages/platform/entity/runtime/form-detail/src/data-validation.tsx","import","./data-validation"
"packages/platform/entity/runtime/form-detail/src/data-surface.tsx","14","packages/platform/entity/runtime/form-detail/src/data-validation.tsx","import","./data-validation"
"packages/platform/entity/runtime/form-detail/src/data-surface.tsx","15","packages/contracts/platform/entity-runtime/src/index.ts","import","@athyper/contract-platform-entity-runtime"
"packages/platform/entity/runtime/form-detail/src/data-surface.tsx","16","packages/platform/entity/runtime/form-detail/src/reference-select.tsx","import","./reference-select"
"packages/platform/entity/runtime/form-detail/src/reference-select.tsx","3","packages/platform/foundation/ui/src/index.tsx","import","@athyper/platform-ui"
"packages/platform/entity/runtime/form-detail/src/reference-select.tsx","4","packages/platform/foundation/i18n/src/react.tsx","import","@athyper/platform-i18n/react"
"packages/platform/entity/runtime/form-detail/src/reference-select.tsx","5","packages/platform/foundation/i18n/src/entity-messages.ts","import","@athyper/platform-i18n/entity-messages"
"packages/platform/entity/runtime/form-detail/src/reference-select.tsx","6","packages/contracts/platform/entity-runtime/src/index.ts","type-only","@athyper/contract-platform-entity-runtime"
"packages/platform/entity/runtime/form-detail/src/reference-select.tsx","7","packages/platform/foundation/api-client/src/index.ts","import","@athyper/platform-api-client"
"packages/platform/entity/runtime/form-detail/src/reference-select.tsx","13","packages/platform/entity/runtime/form-detail/src/reference-history-store.ts","import","./reference-history-store"
"packages/platform/entity/runtime/form-detail/src/reference-history-store.ts","1","packages/platform/foundation/api-client/src/index.ts","type-only","@athyper/platform-api-client"
"packages/platform/entity/runtime/form-detail/src/data-surface.tsx","21","packages/platform/foundation/ui/src/index.tsx","import","@athyper/platform-ui"
"packages/platform/entity/runtime/form-detail/src/data-surface.tsx","29","packages/contracts/platform/entity-runtime/src/index.ts","import","@athyper/contract-platform-entity-runtime"
"packages/platform/entity/runtime/form-detail/src/data-surface.tsx","41","packages/contracts/platform/entity-runtime/src/index.ts","re-export","@athyper/contract-platform-entity-runtime"
"packages/platform/entity/runtime/form-detail/src/index.tsx","73","packages/platform/entity/runtime/form-detail/src/data-validation.tsx","re-export","./data-validation"
"packages/platform/entity/runtime/form-detail/src/index.tsx","75","packages/platform/entity/runtime/form-detail/src/collection-section.tsx","re-export","./collection-section"
"packages/platform/entity/runtime/form-detail/src/index.tsx","77","packages/platform/entity/runtime/form-detail/src/form-layout.tsx","re-export","./form-layout"
"packages/platform/entity/runtime/form-detail/src/index.tsx","78","packages/platform/entity/runtime/form-detail/src/section-navigation.tsx","re-export","./section-navigation"
"packages/platform/entity/runtime/form-detail/src/index.tsx","79","packages/platform/entity/runtime/form-detail/src/section-workspace.tsx","re-export","./section-workspace"
"packages/platform/entity/runtime/form-detail/src/section-workspace.tsx","3","packages/platform/foundation/ui/src/index.tsx","import","@athyper/platform-ui"
"packages/platform/entity/runtime/form-detail/src/section-workspace.tsx","4","packages/platform/entity/runtime/form-detail/src/section-navigation.tsx","import","./section-navigation"
"packages/platform/entity/runtime/form-detail/src/index.tsx","80","packages/platform/entity/runtime/form-detail/src/use-section-resource.ts","re-export","./use-section-resource"
"packages/platform/entity/runtime/form-detail/src/use-section-resource.ts","2","packages/platform/entity/runtime/descriptor-client/src/index.ts","import","@athyper/platform-entity-descriptor-client"
"packages/platform/entity/runtime/form-detail/src/use-section-resource.ts","8","packages/platform/foundation/api-client/src/index.ts","type-only","@athyper/platform-api-client"
"packages/platform/entity/runtime/form-detail/src/index.tsx","86","packages/platform/entity/runtime/form-detail/src/entity-runtime-workspace.tsx","re-export","./entity-runtime-workspace"
"packages/platform/entity/runtime/form-detail/src/entity-runtime-workspace.tsx","2","packages/platform/entity/runtime/descriptor-client/src/index.ts","type-only","@athyper/platform-entity-descriptor-client"
"packages/platform/entity/runtime/form-detail/src/entity-runtime-workspace.tsx","3","packages/platform/shell/app-foundation/src/index.tsx","import","@athyper/platform-shell-app-foundation"
"packages/platform/entity/runtime/form-detail/src/entity-runtime-workspace.tsx","4","packages/platform/foundation/icons/src/index.tsx","import","@athyper/platform-icons"
"packages/platform/entity/runtime/form-detail/src/entity-runtime-workspace.tsx","5","packages/platform/foundation/ui/src/index.tsx","import","@athyper/platform-ui"
"packages/platform/entity/runtime/form-detail/src/entity-runtime-workspace.tsx","7","packages/platform/entity/runtime/form-detail/src/section-workspace.tsx","import","./section-workspace"
"packages/platform/entity/runtime/form-detail/src/entity-runtime-workspace.tsx","8","packages/platform/entity/runtime/form-detail/src/compiled-section-content.tsx","import","./compiled-section-content"
"packages/platform/entity/runtime/form-detail/src/compiled-section-content.tsx","2","packages/platform/entity/runtime/descriptor-client/src/index.ts","type-only","@athyper/platform-entity-descriptor-client"
"packages/platform/entity/runtime/form-detail/src/compiled-section-content.tsx","3","packages/platform/foundation/api-client/src/index.ts","import","@athyper/platform-api-client"
"packages/platform/entity/runtime/form-detail/src/compiled-section-content.tsx","4","packages/platform/shell/app-foundation/src/index.tsx","import","@athyper/platform-shell-app-foundation"
"packages/platform/entity/runtime/form-detail/src/compiled-section-content.tsx","5","packages/platform/foundation/icons/src/index.tsx","import","@athyper/platform-icons"
"packages/platform/entity/runtime/form-detail/src/compiled-section-content.tsx","6","packages/platform/foundation/ui/src/index.tsx","import","@athyper/platform-ui"
"packages/platform/entity/runtime/form-detail/src/entity-runtime-workspace.tsx","9","packages/platform/entity/runtime/form-detail/src/use-section-resource.ts","import","./use-section-resource"
"packages/platform/entity/runtime/form-detail/src/index.tsx","88","packages/platform/entity/runtime/form-detail/src/compiled-section-content.tsx","re-export","./compiled-section-content"
"packages/platform/entity/runtime/form-detail/src/index.tsx","89","packages/platform/entity/runtime/form-detail/src/registered-renderers/index.ts","re-export","./registered-renderers"
"packages/platform/entity/runtime/form-detail/src/registered-renderers/index.ts","1","packages/platform/entity/runtime/form-detail/src/registered-renderers/contact-address.tsx","import","./contact-address"
"packages/platform/entity/runtime/form-detail/src/registered-renderers/contact-address.tsx","2","packages/platform/foundation/ui/src/index.tsx","import","@athyper/platform-ui"
"packages/platform/entity/runtime/form-detail/src/registered-renderers/contact-address.tsx","3","packages/platform/entity/runtime/form-detail/src/related-record.tsx","import","../related-record"
"packages/platform/entity/runtime/form-detail/src/registered-renderers/index.ts","5","packages/platform/entity/runtime/form-detail/src/registered-renderers/contact-address.tsx","re-export","./contact-address"
"packages/planes/neon/business-partner/src/request-workspace.tsx","8","packages/contracts/platform/entity-runtime/src/index.ts","type-only","@athyper/contract-platform-entity-runtime"
"packages/planes/neon/business-partner/src/request-workspace.tsx","9","packages/planes/neon/business-partner/src/request-relationships.ts","import","./request-relationships"
"packages/planes/neon/business-partner/src/request-workspace.tsx","10","packages/planes/neon/business-partner/src/request-attachment-field.tsx","import","./request-attachment-field"
"packages/planes/neon/business-partner/src/request-attachment-field.tsx","11","packages/platform/foundation/api-client/src/index.ts","import","@athyper/platform-api-client"
"packages/planes/neon/business-partner/src/request-attachment-field.tsx","15","packages/platform/shell/app-foundation/src/index.tsx","import","@athyper/platform-shell-app-foundation"
"packages/planes/neon/business-partner/src/request-attachment-field.tsx","16","packages/platform/entity/runtime/form-detail/src/index.tsx","type-only","@athyper/platform-entity-form-detail"
"packages/planes/neon/business-partner/src/request-workspace.tsx","11","packages/planes/neon/business-partner/src/partner-reference-field.tsx","import","./partner-reference-field"
"packages/planes/neon/business-partner/src/partner-reference-field.tsx","2","packages/platform/foundation/api-client/src/index.ts","import","@athyper/platform-api-client"
"packages/planes/neon/business-partner/src/partner-reference-field.tsx","7","packages/platform/shell/app-foundation/src/index.tsx","import","@athyper/platform-shell-app-foundation"
"packages/planes/neon/business-partner/src/partner-reference-field.tsx","8","packages/platform/entity/runtime/form-detail/src/index.tsx","type-only","@athyper/platform-entity-form-detail"
"packages/planes/neon/business-partner/src/request-workspace.tsx","12","packages/planes/neon/business-partner/src/client.ts","type-only","./client"
"packages/planes/neon/business-partner/src/index.tsx","10","packages/planes/neon/business-partner/src/request-relationships.ts","import","./request-relationships"
"packages/planes/neon/business-partner/src/index.tsx","11","packages/planes/neon/business-partner/src/request-attachment-field.tsx","import","./request-attachment-field"
"packages/planes/neon/business-partner/src/index.tsx","12","packages/platform/entity/runtime/form-detail/src/index.tsx","import","@athyper/platform-entity-form-detail"
"packages/planes/neon/business-partner/src/index.tsx","13","packages/platform/foundation/api-client/src/index.ts","import","@athyper/platform-api-client"
"packages/planes/neon/business-partner/src/index.tsx","14","packages/platform/entity/runtime/descriptor-client/src/index.ts","import","@athyper/platform-entity-descriptor-client"
"packages/planes/neon/business-partner/src/index.tsx","15","packages/platform/entity/runtime/form-detail/src/index.tsx","import","@athyper/platform-entity-form-detail"
"packages/planes/neon/business-partner/src/index.tsx","16","packages/contracts/platform/entity-runtime/src/index.ts","type-only","@athyper/contract-platform-entity-runtime"
"packages/planes/neon/business-partner/src/index.tsx","17","packages/planes/neon/business-partner/src/partner-reference-field.tsx","import","./partner-reference-field"
"packages/planes/neon/business-partner/src/index.tsx","18","packages/planes/neon/business-partner/src/meta-request-form.ts","import","./meta-request-form"
"packages/planes/neon/business-partner/src/meta-request-form.ts","1","packages/contracts/platform/entity-runtime/src/index.ts","type-only","@athyper/contract-platform-entity-runtime"
"packages/planes/neon/business-partner/src/meta-request-form.ts","5","packages/planes/neon/business-partner/src/request-form-descriptor.ts","type-only","./request-form-descriptor"
"packages/planes/neon/business-partner/src/index.tsx","19","packages/planes/neon/business-partner/src/intake-submit.ts","import","./intake-submit"
"packages/planes/neon/business-partner/src/intake-submit.ts","1","packages/platform/entity/runtime/descriptor-client/src/index.ts","import","@athyper/platform-entity-descriptor-client"
"packages/planes/neon/business-partner/src/intake-submit.ts","2","packages/platform/foundation/api-client/src/index.ts","type-only","@athyper/platform-api-client"
"packages/planes/neon/business-partner/src/intake-submit.ts","3","packages/planes/neon/business-partner/src/client.ts","type-only","./client"
"packages/planes/neon/business-partner/src/index.tsx","21","packages/platform/foundation/temporal/src/index.ts","import","@athyper/platform-temporal"
"packages/planes/neon/business-partner/src/index.tsx","22","packages/platform/foundation/api-client/src/index.ts","import","@athyper/platform-api-client"
"packages/planes/neon/business-partner/src/index.tsx","23","packages/platform/shell/app-foundation/src/index.tsx","import","@athyper/platform-shell-app-foundation"
"packages/planes/neon/business-partner/src/index.tsx","31","packages/platform/foundation/ui/src/index.tsx","import","@athyper/platform-ui"
"packages/planes/neon/business-partner/src/index.tsx","44","packages/planes/neon/shell/src/index.tsx","import","@athyper/product-neon-shell"
"packages/planes/neon/business-partner/src/index.tsx","62","packages/planes/neon/business-partner/src/workflow.ts","import","./workflow"
"packages/planes/neon/business-partner/src/workflow.ts","1","packages/planes/neon/business-partner/src/client.ts","type-only","./client"
"packages/planes/neon/business-partner/src/index.tsx","63","packages/planes/neon/business-partner/src/client.ts","import","./client"
"packages/planes/neon/business-partner/src/index.tsx","71","packages/planes/neon/business-partner/src/request-form-descriptor.ts","import","./request-form-descriptor"
"packages/planes/neon/business-partner/src/index.tsx","75","packages/planes/neon/business-partner/src/request-relationships.ts","import","./request-relationships"
"packages/planes/neon/business-partner/src/index.tsx","82","packages/planes/neon/business-partner/src/record-runtime.tsx","import","./record-runtime"
"packages/planes/neon/business-partner/src/record-runtime.tsx","2","packages/platform/entity/runtime/form-detail/src/index.tsx","import","@athyper/platform-entity-form-detail"
"packages/planes/neon/business-partner/src/record-runtime.tsx","3","packages/platform/shell/shell/src/index.tsx","import","@athyper/platform-shell"
"packages/planes/neon/business-partner/src/record-runtime.tsx","4","packages/platform/foundation/icons/src/index.tsx","import","@athyper/platform-icons"
"packages/planes/neon/business-partner/src/record-runtime.tsx","5","packages/platform/shell/app-foundation/src/index.tsx","import","@athyper/platform-shell-app-foundation"
"packages/planes/neon/business-partner/src/record-runtime.tsx","6","packages/platform/foundation/ui/src/index.tsx","import","@athyper/platform-ui"
"packages/planes/neon/business-partner/src/record-runtime.tsx","7","packages/platform/entity/runtime/descriptor-client/src/index.ts","import","@athyper/platform-entity-descriptor-client"
"packages/planes/neon/business-partner/src/record-runtime.tsx","8","packages/planes/neon/business-partner/src/360/panel-definition.ts","import","./360/panel-definition"
"packages/planes/neon/business-partner/src/360/panel-definition.ts","1","packages/contracts/platform/entity-runtime/src/index.ts","import","@athyper/contract-platform-entity-runtime"
"packages/planes/neon/business-partner/src/360/panel-definition.ts","2","packages/planes/neon/business-partner/src/360/section-providers.ts","import","./section-providers"
"packages/planes/neon/business-partner/src/index.tsx","83","packages/planes/neon/business-partner/src/case-experience.tsx","import","./case-experience"
"packages/planes/neon/business-partner/src/case-experience.tsx","2","packages/platform/shell/shell/src/index.tsx","import","@athyper/platform-shell"
"packages/planes/neon/business-partner/src/case-experience.tsx","3","packages/planes/neon/business-partner/src/360/display-values.ts","import","./360/display-values"
"packages/planes/neon/business-partner/src/case-experience.tsx","5","packages/contracts/platform/entity-runtime/src/index.ts","type-only","@athyper/contract-platform-entity-runtime"
"packages/planes/neon/business-partner/src/case-experience.tsx","9","packages/platform/foundation/api-client/src/index.ts","import","@athyper/platform-api-client"
"packages/planes/neon/business-partner/src/case-experience.tsx","10","packages/platform/shell/app-foundation/src/index.tsx","import","@athyper/platform-shell-app-foundation"
"packages/planes/neon/business-partner/src/case-experience.tsx","11","packages/platform/foundation/surface-kit/src/index.tsx","import","@athyper/platform-surface-kit"
"packages/planes/neon/business-partner/src/case-experience.tsx","12","packages/platform/foundation/ui/src/index.tsx","import","@athyper/platform-ui"
"packages/planes/neon/business-partner/src/case-experience.tsx","24","packages/planes/neon/business-partner/src/workflow.ts","type-only","./workflow"
"packages/planes/neon/business-partner/src/index.tsx","93","packages/planes/neon/business-partner/src/validation-experience.tsx","import","./validation-experience"
"packages/planes/neon/business-partner/src/validation-experience.tsx","2","packages/planes/neon/business-partner/src/360/display-values.ts","import","./360/display-values"
"packages/planes/neon/business-partner/src/validation-experience.tsx","4","packages/planes/neon/business-partner/src/validation-messages.ts","import","./validation-messages"
"packages/planes/neon/business-partner/src/validation-messages.ts","1","packages/planes/neon/business-partner/src/client.ts","type-only","./client"
"packages/planes/neon/business-partner/src/validation-experience.tsx","5","packages/platform/foundation/ui/src/index.tsx","import","@athyper/platform-ui"
"packages/planes/neon/business-partner/src/validation-experience.tsx","6","packages/planes/neon/business-partner/src/client.ts","type-only","./client"
"packages/planes/neon/business-partner/src/index.tsx","94","packages/planes/neon/business-partner/src/result-experience.tsx","import","./result-experience"
"packages/planes/neon/business-partner/src/result-experience.tsx","2","packages/planes/neon/business-partner/src/360/display-values.ts","import","./360/display-values"
"packages/planes/neon/business-partner/src/result-experience.tsx","4","packages/platform/foundation/ui/src/index.tsx","import","@athyper/platform-ui"
"packages/planes/neon/business-partner/src/result-experience.tsx","5","packages/planes/neon/business-partner/src/client.ts","type-only","./client"
"packages/planes/neon/business-partner/src/index.tsx","95","packages/planes/neon/business-partner/src/request-entry.tsx","import","./request-entry"
"packages/planes/neon/business-partner/src/request-entry.tsx","3","packages/platform/entity/runtime/descriptor-client/src/index.ts","import","@athyper/platform-entity-descriptor-client"
"packages/planes/neon/business-partner/src/request-entry.tsx","4","packages/platform/foundation/api-client/src/index.ts","import","@athyper/platform-api-client"
"packages/planes/neon/business-partner/src/request-entry.tsx","10","packages/platform/shell/app-foundation/src/index.tsx","import","@athyper/platform-shell-app-foundation"
"packages/planes/neon/business-partner/src/request-entry.tsx","14","packages/planes/neon/business-partner/src/page-frame.tsx","import","./page-frame"
"packages/planes/neon/business-partner/src/request-entry.tsx","15","packages/platform/foundation/ui/src/index.tsx","import","@athyper/platform-ui"
"packages/planes/neon/business-partner/src/request-entry.tsx","17","packages/platform/entity/runtime/form-detail/src/index.tsx","import","@athyper/platform-entity-form-detail"
"packages/planes/neon/business-partner/src/request-entry.tsx","24","packages/contracts/platform/entity-runtime/src/index.ts","type-only","@athyper/contract-platform-entity-runtime"
"packages/planes/neon/business-partner/src/request-entry.tsx","28","packages/planes/neon/business-partner/src/client.ts","type-only","./client"
"packages/planes/neon/business-partner/src/request-entry.tsx","29","packages/planes/neon/business-partner/src/index.tsx","import","./index"
"packages/planes/neon/business-partner/src/request-entry.tsx","30","packages/planes/neon/business-partner/src/customer-request.tsx","import","./customer-request"
"packages/planes/neon/business-partner/src/customer-request.tsx","2","packages/platform/entity/runtime/form-detail/src/index.tsx","import","@athyper/platform-entity-form-detail"
"packages/planes/neon/business-partner/src/customer-request.tsx","8","packages/planes/neon/business-partner/src/intake-submit.ts","import","./intake-submit"
"packages/planes/neon/business-partner/src/customer-request.tsx","10","packages/platform/shell/app-foundation/src/index.tsx","import","@athyper/platform-shell-app-foundation"
"packages/planes/neon/business-partner/src/customer-request.tsx","14","packages/planes/neon/business-partner/src/page-frame.tsx","import","./page-frame"
"packages/planes/neon/business-partner/src/customer-request.tsx","15","packages/platform/foundation/ui/src/index.tsx","import","@athyper/platform-ui"
"packages/planes/neon/business-partner/src/customer-request.tsx","16","packages/planes/neon/shell/src/index.tsx","import","@athyper/product-neon-shell"
"packages/planes/neon/business-partner/src/customer-request.tsx","21","packages/planes/neon/business-partner/src/client.ts","import","./client"
"packages/planes/neon/business-partner/src/request-entry.tsx","31","packages/planes/neon/business-partner/src/role-extension-experience.tsx","import","./role-extension-experience"
"packages/planes/neon/business-partner/src/role-extension-experience.tsx","2","packages/planes/neon/business-partner/src/360/display-values.ts","import","./360/display-values"
"packages/planes/neon/business-partner/src/role-extension-experience.tsx","3","packages/planes/neon/business-partner/src/use-organization-selection.ts","import","./use-organization-selection"
"packages/planes/neon/business-partner/src/role-extension-experience.tsx","4","packages/platform/entity/runtime/form-detail/src/index.tsx","import","@athyper/platform-entity-form-detail"
"packages/planes/neon/business-partner/src/role-extension-experience.tsx","9","packages/platform/shell/app-foundation/src/index.tsx","import","@athyper/platform-shell-app-foundation"
"packages/planes/neon/business-partner/src/role-extension-experience.tsx","15","packages/planes/neon/business-partner/src/page-frame.tsx","import","./page-frame"
"packages/planes/neon/business-partner/src/role-extension-experience.tsx","16","packages/platform/foundation/ui/src/index.tsx","import","@athyper/platform-ui"
"packages/planes/neon/business-partner/src/role-extension-experience.tsx","32","packages/planes/neon/business-partner/src/client.ts","import","./client"
"packages/planes/neon/business-partner/src/role-extension-experience.tsx","33","packages/platform/entity/runtime/descriptor-client/src/index.ts","import","@athyper/platform-entity-descriptor-client"
"packages/planes/neon/business-partner/src/index.tsx","96","packages/planes/neon/business-partner/src/request-entry.tsx","re-export","./request-entry"
"packages/planes/neon/business-partner/src/index.tsx","97","packages/planes/neon/business-partner/src/client.ts","re-export","./client"
"packages/planes/neon/business-partner/src/index.tsx","98","packages/planes/neon/business-partner/src/request-form-descriptor.ts","re-export","./request-form-descriptor"
"packages/planes/neon/business-partner/src/index.tsx","99","packages/planes/neon/business-partner/src/workflow.ts","re-export","./workflow"
"packages/planes/neon/business-partner/src/index.tsx","100","packages/planes/neon/business-partner/src/result-experience.tsx","re-export","./result-experience"
"packages/planes/neon/business-partner/src/index.tsx","101","packages/planes/neon/business-partner/src/customer-controls.tsx","re-export","./customer-controls"
"packages/planes/neon/business-partner/src/customer-controls.tsx","2","packages/planes/neon/business-partner/src/use-organization-selection.ts","import","./use-organization-selection"
"packages/planes/neon/business-partner/src/customer-controls.tsx","4","packages/planes/neon/business-partner/src/command-feedback.ts","import","./command-feedback"
"packages/planes/neon/business-partner/src/customer-controls.tsx","5","packages/platform/shell/app-foundation/src/index.tsx","import","@athyper/platform-shell-app-foundation"
"packages/planes/neon/business-partner/src/customer-controls.tsx","9","packages/planes/neon/business-partner/src/page-frame.tsx","import","./page-frame"
"packages/planes/neon/business-partner/src/customer-controls.tsx","10","packages/platform/foundation/ui/src/index.tsx","import","@athyper/platform-ui"
"packages/planes/neon/business-partner/src/customer-controls.tsx","25","packages/planes/neon/business-partner/src/client.ts","import","./client"
"packages/planes/neon/business-partner/src/index.tsx","102","packages/planes/neon/business-partner/src/supplier-controls.tsx","re-export","./supplier-controls"
"packages/planes/neon/business-partner/src/supplier-controls.tsx","2","packages/planes/neon/business-partner/src/use-organization-selection.ts","import","./use-organization-selection"
"packages/planes/neon/business-partner/src/supplier-controls.tsx","3","packages/planes/neon/business-partner/src/bank-verification-controls.tsx","import","./bank-verification-controls"
"packages/planes/neon/business-partner/src/bank-verification-controls.tsx","3","packages/platform/foundation/api-client/src/index.ts","import","@athyper/platform-api-client"
"packages/planes/neon/business-partner/src/bank-verification-controls.tsx","4","packages/platform/shell/app-foundation/src/index.tsx","import","@athyper/platform-shell-app-foundation"
"packages/planes/neon/business-partner/src/bank-verification-controls.tsx","5","packages/platform/foundation/ui/src/index.tsx","import","@athyper/platform-ui"
"packages/planes/neon/business-partner/src/supplier-controls.tsx","5","packages/planes/neon/business-partner/src/command-feedback.ts","import","./command-feedback"
"packages/planes/neon/business-partner/src/supplier-controls.tsx","6","packages/platform/shell/app-foundation/src/index.tsx","import","@athyper/platform-shell-app-foundation"
"packages/planes/neon/business-partner/src/supplier-controls.tsx","11","packages/planes/neon/business-partner/src/page-frame.tsx","import","./page-frame"
"packages/planes/neon/business-partner/src/supplier-controls.tsx","12","packages/platform/foundation/ui/src/index.tsx","import","@athyper/platform-ui"
"packages/planes/neon/business-partner/src/supplier-controls.tsx","28","packages/planes/neon/business-partner/src/client.ts","import","./client"
"packages/planes/neon/business-partner/src/index.tsx","103","packages/planes/neon/business-partner/src/customer-request.tsx","re-export","./customer-request"
"packages/planes/neon/business-partner/src/index.tsx","104","packages/planes/neon/business-partner/src/360/business-partner-360-client.ts","re-export","./360/business-partner-360-client"
"packages/planes/neon/business-partner/src/360/business-partner-360-client.ts","1","packages/contracts/platform/entity-runtime/src/index.ts","import","@athyper/contract-platform-entity-runtime"
"packages/planes/neon/business-partner/src/360/business-partner-360-client.ts","2","packages/platform/foundation/api-client/src/index.ts","import","@athyper/platform-api-client"
"packages/planes/neon/business-partner/src/360/business-partner-360-client.ts","29","packages/contracts/platform/entity-runtime/src/index.ts","type-only","@athyper/contract-platform-entity-runtime"
"packages/planes/neon/business-partner/src/index.tsx","105","packages/planes/neon/business-partner/src/360/business-partner-360-section-client.ts","re-export","./360/business-partner-360-section-client"
"packages/planes/neon/business-partner/src/360/business-partner-360-section-client.ts","1","packages/platform/foundation/api-client/src/index.ts","import","@athyper/platform-api-client"
"packages/planes/neon/business-partner/src/360/business-partner-360-section-client.ts","6","packages/planes/neon/business-partner/src/360/business-partner-360-client.ts","type-only","./business-partner-360-client"
"packages/planes/neon/business-partner/src/index.tsx","106","packages/planes/neon/business-partner/src/360/business-partner-360-role-client.ts","re-export","./360/business-partner-360-role-client"
"packages/planes/neon/business-partner/src/360/business-partner-360-role-client.ts","1","packages/platform/foundation/api-client/src/index.ts","import","@athyper/platform-api-client"
"packages/planes/neon/business-partner/src/360/business-partner-360-role-client.ts","1","packages/planes/neon/business-partner/src/360/business-partner-360-client.ts","type-only","./business-partner-360-client"
"packages/planes/neon/business-partner/src/index.tsx","107","packages/planes/neon/business-partner/src/role-extension-experience.tsx","re-export","./role-extension-experience"
"packages/planes/neon/business-partner/src/index.tsx","108","packages/planes/neon/business-partner/src/applicant-experience.tsx","re-export","./applicant-experience"
"packages/planes/neon/business-partner/src/applicant-experience.tsx","2","packages/planes/neon/business-partner/src/command-feedback.ts","import","./command-feedback"
"packages/planes/neon/business-partner/src/applicant-experience.tsx","4","packages/platform/foundation/api-client/src/index.ts","import","@athyper/platform-api-client"
"packages/planes/neon/business-partner/src/applicant-experience.tsx","5","packages/planes/neon/business-partner/src/applicant-client.ts","import","./applicant-client"
"packages/planes/neon/business-partner/src/applicant-client.ts","1","packages/platform/foundation/api-client/src/index.ts","import","@athyper/platform-api-client"
"packages/planes/neon/business-partner/src/applicant-experience.tsx","9","packages/planes/neon/business-partner/src/applicant-client.ts","type-only","./applicant-client"
"packages/planes/neon/business-partner/src/applicant-experience.tsx","10","packages/platform/shell/app-foundation/src/index.tsx","import","@athyper/platform-shell-app-foundation"
"packages/planes/neon/business-partner/src/applicant-experience.tsx","11","packages/platform/foundation/ui/src/index.tsx","import","@athyper/platform-ui"
"packages/planes/neon/business-partner/src/index.tsx","109","packages/planes/neon/business-partner/src/mesh-proposal-experience.tsx","re-export","./mesh-proposal-experience"
"packages/planes/neon/business-partner/src/mesh-proposal-experience.tsx","2","packages/platform/shell/app-foundation/src/index.tsx","import","@athyper/platform-shell-app-foundation"
"packages/planes/neon/business-partner/src/mesh-proposal-experience.tsx","3","packages/planes/neon/business-partner/src/page-frame.tsx","import","./page-frame"
"packages/planes/neon/business-partner/src/mesh-proposal-experience.tsx","4","packages/platform/foundation/ui/src/index.tsx","import","@athyper/platform-ui"
"packages/planes/neon/business-partner/src/mesh-proposal-experience.tsx","5","packages/planes/neon/shell/src/index.tsx","import","@athyper/product-neon-shell"
"packages/planes/neon/business-partner/src/index.tsx","2225","packages/planes/neon/business-partner/src/transaction-selector.tsx","re-export","./transaction-selector"
"packages/planes/neon/business-partner/src/transaction-selector.tsx","3","packages/platform/foundation/api-client/src/index.ts","import","@athyper/platform-api-client"
"packages/planes/neon/business-partner/src/transaction-selector.tsx","7","packages/platform/shell/app-foundation/src/index.tsx","import","@athyper/platform-shell-app-foundation"
"packages/planes/neon/business-partner/src/index.tsx","2227","packages/planes/neon/business-partner/src/banking-workspace.tsx","re-export","./banking-workspace"
"packages/planes/neon/business-partner/src/banking-workspace.tsx","3","packages/platform/shell/app-foundation/src/index.tsx","import","@athyper/platform-shell-app-foundation"
"packages/planes/neon/business-partner/src/banking-workspace.tsx","4","packages/planes/neon/shell/src/index.tsx","import","@athyper/product-neon-shell"
"packages/planes/neon/business-partner/src/banking-workspace.tsx","5","packages/planes/neon/business-partner/src/page-frame.tsx","import","./page-frame"
"packages/planes/neon/business-partner/src/banking-workspace.tsx","6","packages/platform/foundation/ui/src/index.tsx","import","@athyper/platform-ui"
"packages/planes/neon/business-partner/src/banking-workspace.tsx","7","packages/planes/neon/business-partner/src/360/components/commercial-controls.tsx","import","./360/components/commercial-controls"
"packages/planes/neon/business-partner/src/360/components/commercial-controls.tsx","1","packages/planes/neon/business-partner/src/360/use-audited-reveal.ts","import","../use-audited-reveal"
"packages/planes/neon/business-partner/src/360/use-audited-reveal.ts","2","packages/platform/foundation/temporal/src/index.ts","import","@athyper/platform-temporal"
"packages/planes/neon/business-partner/src/360/components/commercial-controls.tsx","2","packages/planes/neon/business-partner/src/360/display-values.ts","import","../display-values"
"packages/planes/neon/business-partner/src/360/components/commercial-controls.tsx","3","packages/platform/foundation/temporal/src/index.ts","import","@athyper/platform-temporal"
"packages/planes/neon/business-partner/src/360/components/commercial-controls.tsx","4","packages/platform/shell/shell/src/index.tsx","import","@athyper/platform-shell"
"packages/planes/neon/business-partner/src/360/components/commercial-controls.tsx","5","packages/platform/shell/app-foundation/src/index.tsx","import","@athyper/platform-shell-app-foundation"
"packages/planes/neon/business-partner/src/360/components/commercial-controls.tsx","9","packages/platform/foundation/ui/src/index.tsx","import","@athyper/platform-ui"
"packages/planes/neon/business-partner/src/360/components/commercial-controls.tsx","11","packages/planes/neon/business-partner/src/360/business-partner-360-commercial-client.ts","import","../business-partner-360-commercial-client"
"packages/planes/neon/business-partner/src/360/business-partner-360-commercial-client.ts","1","packages/platform/foundation/api-client/src/index.ts","import","@athyper/platform-api-client"
"packages/planes/neon/business-partner/src/360/business-partner-360-commercial-client.ts","6","packages/planes/neon/business-partner/src/360/business-partner-360-client.ts","type-only","./business-partner-360-client"
"packages/planes/neon/business-partner/src/360/components/commercial-controls.tsx","17","packages/planes/neon/business-partner/src/360/business-partner-360-context.tsx","import","../business-partner-360-context"
"packages/planes/neon/business-partner/src/360/business-partner-360-context.tsx","2","packages/planes/neon/business-partner/src/360/business-partner-360-client.ts","type-only","./business-partner-360-client"
"packages/planes/neon/business-partner/src/360/business-partner-360-context.tsx","3","packages/contracts/platform/entity-runtime/src/index.ts","type-only","@athyper/contract-platform-entity-runtime"
"packages/planes/neon/business-partner/src/banking-workspace.tsx","8","packages/planes/neon/business-partner/src/360/business-partner-360-commercial-client.ts","import","./360/business-partner-360-commercial-client"
"packages/planes/neon/business-partner/src/banking-workspace.tsx","9","packages/planes/neon/business-partner/src/bank-verification-controls.tsx","import","./bank-verification-controls"
"apps/neon/app/(shell)/mdg/business-partner/[recordId]/page.tsx","4","apps/neon/lib/route-params.ts","import","@/lib/route-params"
"apps/neon/app/(shell)/mdg/business-partner/layout.tsx","1","apps/neon/lib/entity-application-layout.tsx","import","@/lib/entity-application-layout"
"apps/neon/lib/entity-application-layout.tsx","4","packages/planes/neon/list-view/src/index.tsx","import","@athyper/product-neon-list-view"
"packages/planes/neon/list-view/src/index.tsx","2","packages/contracts/platform/entity-list/src/index.ts","type-only","@athyper/contract-platform-entity-list"
"packages/planes/neon/list-view/src/index.tsx","7","packages/platform/entity/runtime/list-view/src/index.tsx","import","@athyper/platform-entity-list-view"
"packages/planes/neon/list-view/src/index.tsx","13","packages/platform/foundation/brand/src/index.ts","import","@athyper/platform-brand"
"packages/planes/neon/list-view/src/index.tsx","14","packages/platform/shell/app-foundation/src/index.tsx","import","@athyper/platform-shell-app-foundation"
"packages/planes/neon/list-view/src/index.tsx","20","packages/planes/neon/shell/src/index.tsx","import","@athyper/product-neon-shell"
"packages/planes/neon/list-view/src/index.tsx","26","packages/platform/entity/runtime/list-view/src/index.tsx","import","@athyper/platform-entity-list-view"
"packages/planes/neon/list-view/src/index.tsx","28","packages/planes/neon/list-view/src/scope-adapters.tsx","import","./scope-adapters"
"packages/planes/neon/list-view/src/scope-adapters.tsx","3","packages/contracts/platform/entity-list/src/index.ts","type-only","@athyper/contract-platform-entity-list"
"packages/planes/neon/list-view/src/scope-adapters.tsx","4","packages/platform/entity/runtime/list-view/src/index.tsx","type-only","@athyper/platform-entity-list-view"
"packages/planes/neon/list-view/src/scope-adapters.tsx","5","packages/planes/neon/shell/src/index.tsx","import","@athyper/product-neon-shell"
"apps/neon/app/(shell)/layout.tsx","1","packages/planes/neon/shell/src/index.tsx","import","@athyper/product-neon-shell"
"apps/neon/app/(shell)/layout.tsx","4","apps/neon/lib/bootstrap.ts","import","@/lib/bootstrap"
"apps/neon/lib/bootstrap.ts","2","packages/platform/shell/app-foundation/src/server.ts","import","@athyper/platform-shell-app-foundation/server"
"packages/platform/shell/app-foundation/src/server.ts","1","packages/platform/iam/session/src/index.ts","import","@athyper/platform-iam-session"
"packages/platform/iam/session/src/index.ts","1","packages/platform/foundation/temporal/src/index.ts","import","@athyper/platform-temporal"
"packages/platform/iam/session/src/index.ts","2","packages/contracts/platform/auth-session/src/index.ts","type-only","@athyper/contract-platform-auth-session"
"packages/platform/iam/session/src/index.ts","3","packages/contracts/platform/auth-session/src/index.ts","re-export","@athyper/contract-platform-auth-session"
"packages/platform/iam/session/src/index.ts","4","packages/contracts/platform/auth-session/src/index.ts","type-only","@athyper/contract-platform-auth-session"
"packages/platform/shell/app-foundation/src/server.ts","2","packages/platform/shell/app-foundation/src/request-destination.ts","import","./request-destination"
"packages/platform/shell/app-foundation/src/request-destination.ts","1","packages/platform/iam/session/src/index.ts","import","@athyper/platform-iam-session"
"packages/platform/shell/app-foundation/src/server.ts","3","packages/platform/foundation/temporal/src/index.ts","import","@athyper/platform-temporal"
"packages/platform/shell/app-foundation/src/server.ts","4","packages/contracts/platform/auth-session/src/index.ts","import","@athyper/contract-platform-auth-session"
"packages/platform/shell/app-foundation/src/server.ts","9","packages/platform/foundation/api-client/src/bootstrap.ts","import","@athyper/platform-api-client/bootstrap"
"packages/platform/shell/app-foundation/src/server.ts","14","packages/platform/foundation/query/src/core.ts","import","@athyper/platform-query/server"
"apps/neon/lib/bootstrap.ts","3","apps/neon/lib/auth.ts","import","@/lib/auth"
"apps/neon/lib/auth.ts","1","apps/neon/lib/environment.ts","import","./environment"
"apps/neon/lib/environment.ts","1","packages/platform/iam/auth-bff/src/runtime-environment.ts","import","@athyper/platform-iam-auth-bff/runtime-environment"
"apps/neon/lib/environment.ts","2","packages/platform/iam/auth-bff/src/runtime-environment.ts","re-export","@athyper/platform-iam-auth-bff/runtime-environment"
"apps/neon/lib/auth.ts","2","packages/platform/iam/auth-bff/src/environment.ts","import","@athyper/platform-iam-auth-bff/environment"
"packages/platform/iam/auth-bff/src/environment.ts","1","packages/platform/iam/auth-bff/src/runtime-environment.ts","type-only","./runtime-environment"
"packages/platform/iam/auth-bff/src/environment.ts","2","packages/platform/foundation/temporal/src/index.ts","import","@athyper/platform-temporal"
"packages/platform/iam/auth-bff/src/environment.ts","10","packages/platform/iam/session-store/src/index.ts","import","@athyper/platform-iam-session-store"
"packages/platform/iam/session-store/src/index.ts","3","packages/platform/iam/session/src/index.ts","type-only","@athyper/platform-iam-session"
"packages/platform/iam/auth-bff/src/environment.ts","17","packages/platform/iam/auth-bff/src/index.ts","import","./index"
"packages/platform/iam/auth-bff/src/index.ts","2","packages/platform/iam/session/src/index.ts","import","@athyper/platform-iam-session"
"packages/platform/iam/auth-bff/src/index.ts","3","packages/platform/iam/session-store/src/index.ts","import","@athyper/platform-iam-session-store"
"packages/platform/iam/auth-bff/src/environment.ts","28","packages/platform/iam/session/src/index.ts","import","@athyper/platform-iam-session"
"apps/neon/lib/bootstrap.ts","4","apps/neon/lib/relay.ts","import","@/lib/relay"
"apps/neon/lib/relay.ts","1","apps/neon/lib/environment.ts","import","./environment"
"apps/neon/lib/relay.ts","2","packages/platform/gateway/bff-relay/src/index.ts","import","@athyper/platform-gateway-bff-relay"
"packages/platform/gateway/bff-relay/src/index.ts","2","packages/contracts/platform/api/src/index.ts","type-only","@athyper/contract-platform-api"
"apps/neon/lib/relay.ts","31","apps/neon/lib/auth.ts","import","./auth"
"apps/neon/lib/bootstrap.ts","5","apps/neon/lib/environment.ts","import","./environment"
"apps/neon/app/(shell)/layout.tsx","5","apps/neon/app/providers.tsx","import","../providers"
"apps/neon/app/providers.tsx","3","packages/platform/foundation/query/src/index.tsx","type-only","@athyper/platform-query"
"apps/neon/app/providers.tsx","4","packages/platform/shell/app-foundation/src/index.tsx","import","@athyper/platform-shell-app-foundation"
"apps/neon/app/providers.tsx","10","packages/platform/shell/shell/src/index.tsx","import","@athyper/platform-shell"
"apps/neon/app/layout.tsx","8","packages/platform/iam/identity-gate/src/index.tsx","import","@athyper/platform-iam-identity-gate"
"packages/platform/iam/identity-gate/src/index.tsx","1","packages/platform/iam/session/src/index.ts","import","@athyper/platform-iam-session"
"packages/platform/iam/identity-gate/src/index.tsx","3","packages/platform/foundation/brand/src/index.ts","import","@athyper/platform-brand"
"packages/platform/iam/identity-gate/src/index.tsx","4","packages/platform/foundation/icons/src/index.tsx","import","@athyper/platform-icons"
"packages/platform/iam/identity-gate/src/index.tsx","5","packages/platform/foundation/surface-kit/src/public-identity-surface.tsx","import","@athyper/platform-surface-kit/public-identity-surface"
"packages/platform/foundation/surface-kit/src/public-identity-surface.tsx","3","packages/platform/foundation/ui/src/presentation.tsx","import","@athyper/platform-ui/presentation"
"packages/platform/iam/identity-gate/src/index.tsx","6","packages/platform/foundation/ui/src/presentation.tsx","import","@athyper/platform-ui/presentation"
"packages/platform/iam/identity-gate/src/index.tsx","7","packages/platform/iam/identity-gate/src/context-picker.tsx","import","./context-picker"
"packages/platform/iam/identity-gate/src/context-picker.tsx","3","packages/platform/iam/session/src/index.ts","import","@athyper/platform-iam-session"
"packages/platform/iam/identity-gate/src/context-picker.tsx","5","packages/platform/foundation/icons/src/index.tsx","import","@athyper/platform-icons"
"packages/platform/iam/identity-gate/src/context-picker.tsx","6","packages/platform/foundation/ui/src/presentation.tsx","import","@athyper/platform-ui/presentation"
"packages/platform/iam/identity-gate/src/index.tsx","8","packages/platform/iam/identity-gate/src/workspace-showcase.tsx","import","./workspace-showcase"
"packages/platform/iam/identity-gate/src/workspace-showcase.tsx","3","packages/platform/foundation/brand/src/index.ts","import","@athyper/platform-brand"
"packages/platform/iam/identity-gate/src/workspace-showcase.tsx","10","packages/platform/iam/identity-gate/src/workspace-showcase-data.ts","import","./workspace-showcase-data"
"packages/platform/iam/identity-gate/src/workspace-showcase-data.ts","1","packages/platform/foundation/brand/src/index.ts","type-only","@athyper/platform-brand"
"packages/platform/iam/identity-gate/src/workspace-showcase.tsx","11","packages/platform/iam/identity-gate/src/workspace-map-data.ts","import","./workspace-map-data"
"packages/platform/iam/identity-gate/src/index.tsx","9","packages/platform/iam/identity-gate/src/context-picker.tsx","type-only","./context-picker"
"packages/platform/iam/identity-gate/src/index.tsx","10","packages/platform/foundation/brand/src/index.ts","re-export","@athyper/platform-brand"
"apps/neon/app/layout.tsx","9","packages/platform/foundation/theme/src/index.tsx","import","@athyper/platform-theme"
"packages/platform/foundation/theme/src/index.tsx","3","packages/platform/foundation/theme/src/tokens.ts","re-export","./tokens"
"packages/platform/foundation/theme/src/index.tsx","4","packages/platform/foundation/theme/src/tokens.ts","import","./tokens"
"apps/neon/app/layout.tsx","10","packages/platform/foundation/i18n/src/index.ts","import","@athyper/platform-i18n"
"apps/neon/proxy.ts","2","packages/platform/shell/app-foundation/src/request-destination.ts","import","@athyper/platform-shell-app-foundation/request-destination"
"apps/neon/proxy.ts","3","apps/neon/lib/catalog-routes.ts","import","@/lib/catalog-routes"
"apps/neon/lib/catalog-routes.ts","1","packages/contracts/platform/navigation/src/index.ts","import","@athyper/contract-platform-navigation"
"apps/neon/lib/catalog-routes.ts","5","packages/contracts/platform/navigation/src/generated-catalog.ts","import","@athyper/contract-platform-navigation/generated"
"apps/neon/app/api/relay/[...path]/route.ts","1","apps/neon/lib/relay.ts","import","@/lib/relay"
"apps/neon/app/api/auth/touch/route.ts","1","apps/neon/lib/auth.ts","import","@/lib/auth"
"apps/neon/app/api/auth/contexts/route.ts","1","apps/neon/lib/auth.ts","import","@/lib/auth"
"apps/neon/app/api/auth/session/context/route.ts","1","apps/neon/lib/auth.ts","import","@/lib/auth"
"apps/neon/app/api/auth/login/route.ts","1","apps/neon/lib/auth.ts","import","@/lib/auth"
"apps/neon/app/api/auth/logout/route.ts","1","apps/neon/lib/auth.ts","import","@/lib/auth"
"apps/neon/app/api/auth/logout/route.ts","2","packages/platform/iam/auth-bff/src/index.ts","import","@athyper/platform-iam-auth-bff"
"apps/neon/app/loading.tsx","1","packages/platform/shell/app-foundation/src/index.tsx","import","@athyper/platform-shell-app-foundation"
"apps/neon/app/(shell)/loading.tsx","1","packages/platform/shell/app-foundation/src/index.tsx","import","@athyper/platform-shell-app-foundation"
"apps/neon/app/not-found.tsx","1","packages/platform/shell/app-foundation/src/index.tsx","import","@athyper/platform-shell-app-foundation"
"apps/neon/app/error.tsx","3","packages/platform/shell/app-foundation/src/index.tsx","import","@athyper/platform-shell-app-foundation"
"apps/neon/app/(shell)/not-found.tsx","1","packages/platform/shell/app-foundation/src/index.tsx","import","@athyper/platform-shell-app-foundation"
"apps/neon/app/(shell)/error.tsx","3","packages/platform/shell/app-foundation/src/index.tsx","import","@athyper/platform-shell-app-foundation"
"apps/neon/app/global-error.tsx","3","packages/platform/shell/app-foundation/src/index.tsx","import","@athyper/platform-shell-app-foundation"
"server/packages/platform/experience/src/entity-runtime-routes.ts","1","server/packages/contracts/auth/src/index.ts","type-only","@athyper/server-contract-auth"
"server/packages/contracts/auth/src/index.ts","1","server/packages/contracts/auth/src/authorization.ts","type-only","./authorization.js"
"server/packages/contracts/auth/src/authorization.ts","1","server/packages/foundation/src/context/index.ts","type-only","@athyper/server-foundation/context"
"server/packages/foundation/src/context/index.ts","1","server/packages/foundation/src/context/context-store.ts","re-export","./context-store.js"
"server/packages/foundation/src/context/index.ts","2","server/packages/foundation/src/context/execution-context.ts","re-export","./execution-context.js"
"server/packages/foundation/src/context/index.ts","3","server/packages/foundation/src/context/request-context.ts","re-export","./request-context.js"
"server/packages/foundation/src/context/request-context.ts","2","server/packages/foundation/src/context/context-store.ts","import","./context-store.js"
"server/packages/foundation/src/context/request-context.ts","3","server/packages/foundation/src/context/execution-context.ts","type-only","./execution-context.js"
"server/packages/contracts/auth/src/authorization.ts","2","server/packages/contracts/auth/src/identity.ts","type-only","./identity.js"
"server/packages/contracts/auth/src/identity.ts","1","server/packages/foundation/src/context/index.ts","type-only","@athyper/server-foundation/context"
"server/packages/contracts/auth/src/index.ts","2","server/packages/contracts/auth/src/identity.ts","type-only","./identity.js"
"server/packages/contracts/auth/src/index.ts","3","server/packages/contracts/auth/src/management.ts","re-export","./management.js"
"server/packages/contracts/auth/src/management.ts","1","server/packages/foundation/src/context/index.ts","type-only","@athyper/server-foundation/context"
"server/packages/contracts/auth/src/management.ts","2","server/packages/contracts/auth/src/authorization.ts","type-only","./authorization.js"
"server/packages/contracts/auth/src/index.ts","4","server/packages/contracts/auth/src/ports.ts","type-only","./ports.js"
"server/packages/contracts/auth/src/ports.ts","1","server/packages/contracts/auth/src/authorization.ts","type-only","./authorization.js"
"server/packages/contracts/auth/src/ports.ts","6","server/packages/contracts/auth/src/identity.ts","type-only","./identity.js"
"server/packages/contracts/auth/src/ports.ts","7","server/packages/foundation/src/context/index.ts","type-only","@athyper/server-foundation/context"
"server/packages/contracts/auth/src/ports.ts","8","server/packages/contracts/auth/src/authorization.ts","type-only","./authorization.js"
"server/packages/platform/experience/src/entity-runtime-routes.ts","2","server/packages/runtime/http/src/index.ts","import","@athyper/server-runtime-http"
"server/packages/runtime/http/src/index.ts","1","server/packages/runtime/http/src/http-error.ts","re-export","./http-error.js"
"server/packages/runtime/http/src/index.ts","2","server/packages/runtime/http/src/http-runtime.ts","re-export","./http-runtime.js"
"server/packages/runtime/http/src/http-runtime.ts","9","server/packages/foundation/src/context/index.ts","import","@athyper/server-foundation/context"
"server/packages/runtime/http/src/http-runtime.ts","10","server/packages/foundation/src/observability/index.ts","type-only","@athyper/server-foundation/observability"
"server/packages/foundation/src/observability/index.ts","1","server/packages/foundation/src/observability/health.ts","re-export","./health.js"
"server/packages/foundation/src/observability/index.ts","2","server/packages/foundation/src/observability/logger.ts","re-export","./logger.js"
"server/packages/foundation/src/observability/index.ts","3","server/packages/foundation/src/observability/metrics.ts","re-export","./metrics.js"
"server/packages/foundation/src/observability/index.ts","4","server/packages/foundation/src/observability/tracing.ts","re-export","./tracing.js"
"server/packages/runtime/http/src/http-runtime.ts","12","server/packages/runtime/http/src/http-error.ts","import","./http-error.js"
"server/packages/runtime/http/src/http-runtime.ts","13","server/packages/runtime/http/src/problem-details.ts","import","./problem-details.js"
"server/packages/runtime/http/src/problem-details.ts","2","server/packages/foundation/src/context/index.ts","import","@athyper/server-foundation/context"
"server/packages/runtime/http/src/problem-details.ts","4","server/packages/runtime/http/src/http-error.ts","import","./http-error.js"
"server/packages/runtime/http/src/http-runtime.ts","14","server/packages/runtime/http/src/route-contract.ts","import","./route-contract.js"
"server/packages/runtime/http/src/route-contract.ts","3","server/packages/runtime/http/src/http-error.ts","import","./http-error.js"
"server/packages/runtime/http/src/http-runtime.ts","47","server/packages/runtime/http/src/route-contract.ts","type-only","./route-contract.js"
"server/packages/runtime/http/src/index.ts","3","server/packages/runtime/http/src/problem-details.ts","re-export","./problem-details.js"
"server/packages/runtime/http/src/index.ts","4","server/packages/runtime/http/src/route-contract.ts","re-export","./route-contract.js"
"server/packages/platform/experience/src/entity-runtime-routes.ts","4","server/packages/platform/experience/src/entity-runtime-contracts.ts","import","./entity-runtime-contracts.js"
"server/packages/platform/experience/src/entity-runtime-contracts.ts","1","server/packages/runtime/http/src/index.ts","import","@athyper/server-runtime-http"
"server/packages/platform/experience/src/entity-runtime-routes.ts","5","server/packages/platform/experience/src/entity-section-service.ts","import","./entity-section-service.js"
"server/packages/platform/experience/src/entity-section-service.ts","1","server/packages/contracts/auth/src/index.ts","type-only","@athyper/server-contract-auth"
"server/packages/platform/experience/src/entity-section-service.ts","2","server/packages/contracts/publication/src/index.ts","type-only","@athyper/server-contract-publication"
"server/packages/contracts/publication/src/index.ts","1","server/packages/contracts/publication/src/artifact.ts","re-export","./artifact.js"
"server/packages/contracts/publication/src/artifact.ts","1","server/packages/contracts/publication/src/errors.ts","import","./errors.js"
"server/packages/contracts/publication/src/artifact.ts","2","server/packages/contracts/publication/src/projection.ts","type-only","./projection.js"
"server/packages/contracts/publication/src/projection.ts","2","server/packages/contracts/publication/src/artifact.ts","type-only","./artifact.js"
"server/packages/contracts/publication/src/projection.ts","154","server/packages/contracts/publication/src/deployment.ts","type-only","./deployment.js"
"server/packages/contracts/publication/src/deployment.ts","1","server/packages/contracts/publication/src/projection.ts","type-only","./projection.js"
"server/packages/contracts/publication/src/projection.ts","155","server/packages/contracts/publication/src/artifact.ts","type-only","./artifact.js"
"server/packages/contracts/publication/src/index.ts","2","server/packages/contracts/publication/src/errors.ts","re-export","./errors.js"
"server/packages/contracts/publication/src/index.ts","3","server/packages/contracts/publication/src/authority.ts","type-only","./authority.js"
"server/packages/contracts/publication/src/authority.ts","1","server/packages/contracts/publication/src/deployment.ts","type-only","./deployment.js"
"server/packages/contracts/publication/src/authority.ts","33","server/packages/contracts/publication/src/projection.ts","type-only","./projection.js"
"server/packages/contracts/publication/src/authority.ts","44","server/packages/contracts/publication/src/projection.ts","type-only","./projection.js"
"server/packages/contracts/publication/src/authority.ts","45","server/packages/contracts/publication/src/artifact.ts","type-only","./artifact.js"
"server/packages/contracts/publication/src/authority.ts","54","server/packages/contracts/publication/src/projection.ts","type-only","./projection.js"
"server/packages/contracts/publication/src/index.ts","4","server/packages/contracts/publication/src/deployment.ts","type-only","./deployment.js"
"server/packages/contracts/publication/src/index.ts","5","server/packages/contracts/publication/src/orchestration.ts","type-only","./orchestration.js"
"server/packages/contracts/publication/src/orchestration.ts","1","server/packages/contracts/publication/src/artifact.ts","type-only","./artifact.js"
"server/packages/contracts/publication/src/orchestration.ts","2","server/packages/contracts/publication/src/deployment.ts","type-only","./deployment.js"
"server/packages/contracts/publication/src/orchestration.ts","3","server/packages/contracts/publication/src/projection.ts","type-only","./projection.js"
"server/packages/contracts/publication/src/index.ts","6","server/packages/contracts/publication/src/projection.ts","type-only","./projection.js"
"server/packages/contracts/publication/src/index.ts","7","server/packages/contracts/publication/src/projection.ts","re-export","./projection.js"
"server/packages/contracts/publication/src/index.ts","8","server/packages/contracts/publication/src/signing.ts","type-only","./signing.js"
"server/packages/contracts/publication/src/index.ts","9","server/packages/contracts/publication/src/operations.ts","type-only","./operations.js"
"server/packages/contracts/publication/src/operations.ts","1","server/packages/contracts/publication/src/projection.ts","type-only","./projection.js"
"server/packages/platform/experience/src/entity-section-service.ts","3","server/packages/platform/metadata/src/index.ts","import","@athyper/server-platform-metadata"
"server/packages/platform/metadata/src/index.ts","1","server/packages/platform/metadata/src/metadata-service.ts","re-export","./metadata-service.js"
"server/packages/platform/metadata/src/metadata-service.ts","1","server/packages/contracts/metadata/src/index.ts","type-only","@athyper/server-contract-metadata"
"server/packages/contracts/metadata/src/index.ts","1","server/packages/contracts/metadata/src/descriptors.ts","re-export","./descriptors.js"
"server/packages/contracts/metadata/src/descriptors.ts","1","server/packages/contracts/metadata/src/entity-authorization-runtime.ts","type-only","./entity-authorization-runtime.js"
"server/packages/contracts/metadata/src/entity-authorization-runtime.ts","2","server/packages/contracts/metadata/src/entity-canonical-read-admission.ts","import","./entity-canonical-read-admission.js"
"server/packages/contracts/metadata/src/entity-canonical-read-admission.ts","1","server/packages/contracts/metadata/src/entity-authorization.ts","type-only","./entity-authorization.js"
"server/packages/contracts/metadata/src/entity-authorization-runtime.ts","6","server/packages/contracts/metadata/src/entity-authorization.ts","import","./entity-authorization.js"
"server/packages/contracts/metadata/src/descriptors.ts","2","server/packages/foundation/src/context/index.ts","type-only","@athyper/server-foundation/context"
"server/packages/contracts/metadata/src/descriptors.ts","188","packages/contracts/platform/entity-list/src/index.ts","type-only","@athyper/contract-platform-entity-list"
"server/packages/contracts/metadata/src/descriptors.ts","297","packages/contracts/platform/entity-runtime/src/index.ts","type-only","@athyper/contract-platform-entity-runtime"
"server/packages/contracts/metadata/src/descriptors.ts","298","packages/contracts/platform/entity-runtime/src/index.ts","type-only","@athyper/contract-platform-entity-runtime"
"server/packages/contracts/metadata/src/descriptors.ts","299","server/packages/contracts/metadata/src/entity-ai.ts","type-only","./entity-ai.js"
"server/packages/contracts/metadata/src/descriptors.ts","300","packages/contracts/platform/entity-runtime/src/index.ts","type-only","@athyper/contract-platform-entity-runtime"
"server/packages/contracts/metadata/src/descriptors.ts","301","server/packages/contracts/metadata/src/directory-scope.ts","type-only","./directory-scope.js"
"server/packages/contracts/metadata/src/directory-scope.ts","1","packages/contracts/platform/entity-list/src/index.ts","import","@athyper/contract-platform-entity-list"
"server/packages/contracts/metadata/src/descriptors.ts","303","server/packages/contracts/metadata/src/entity-authorization.ts","type-only","./entity-authorization.js"
"server/packages/contracts/metadata/src/descriptors.ts","304","server/packages/contracts/metadata/src/collection-relationship.ts","type-only","./collection-relationship.js"
"server/packages/contracts/metadata/src/index.ts","2","server/packages/contracts/metadata/src/descriptors.ts","type-only","./descriptors.js"
"server/packages/contracts/metadata/src/index.ts","3","server/packages/contracts/metadata/src/ports.ts","type-only","./ports.js"
"server/packages/contracts/metadata/src/ports.ts","1","server/packages/contracts/auth/src/index.ts","type-only","@athyper/server-contract-auth"
"server/packages/contracts/metadata/src/ports.ts","2","server/packages/contracts/metadata/src/descriptors.ts","type-only","./descriptors.js"
"server/packages/contracts/metadata/src/ports.ts","3","packages/contracts/platform/entity-runtime/src/index.ts","type-only","@athyper/contract-platform-entity-runtime"
"server/packages/contracts/metadata/src/index.ts","5","server/packages/contracts/metadata/src/collection-relationship.ts","re-export","./collection-relationship.js"
"server/packages/contracts/metadata/src/index.ts","7","server/packages/contracts/metadata/src/directory-scope.ts","re-export","./directory-scope.js"
"server/packages/contracts/metadata/src/index.ts","9","server/packages/contracts/metadata/src/entity-ai.ts","re-export","./entity-ai.js"
"server/packages/contracts/metadata/src/index.ts","10","server/packages/contracts/metadata/src/entity-authorization.ts","re-export","./entity-authorization.js"
"server/packages/contracts/metadata/src/index.ts","12","server/packages/contracts/metadata/src/entity-authorization-runtime.ts","re-export","./entity-authorization-runtime.js"
"server/packages/contracts/metadata/src/index.ts","14","server/packages/contracts/metadata/src/entity-authorization-registry.ts","re-export","./entity-authorization-registry.js"
"server/packages/contracts/metadata/src/entity-authorization-registry.ts","1","server/packages/contracts/metadata/src/entity-authorization-runtime.ts","import","./entity-authorization-runtime.js"
"server/packages/contracts/metadata/src/entity-authorization-registry.ts","2","server/packages/contracts/metadata/src/entity-authorization.ts","import","./entity-authorization.js"
"server/packages/contracts/metadata/src/index.ts","15","server/packages/contracts/metadata/src/atlas-learning.ts","re-export","./atlas-learning.js"
"server/packages/contracts/metadata/src/atlas-learning.ts","1","server/packages/contracts/metadata/src/entity-ai.ts","import","./entity-ai.js"
"server/packages/contracts/metadata/src/index.ts","17","packages/contracts/platform/entity-list/src/index.ts","type-only","@athyper/contract-platform-entity-list"
"server/packages/contracts/metadata/src/index.ts","19","server/packages/contracts/metadata/src/entity-canonical-read-admission.ts","re-export","./entity-canonical-read-admission.js"
"server/packages/contracts/metadata/src/index.ts","21","packages/contracts/platform/entity-runtime/src/index.ts","re-export","@athyper/contract-platform-entity-runtime"
"server/packages/platform/metadata/src/metadata-service.ts","10","server/packages/foundation/src/index.ts","import","@athyper/server-foundation"
"server/packages/foundation/src/index.ts","3","server/packages/foundation/src/context/index.ts","re-export","./context/index.js"
"server/packages/foundation/src/index.ts","4","server/packages/foundation/src/dependencies/index.ts","re-export","./dependencies/index.js"
"server/packages/foundation/src/dependencies/index.ts","1","server/packages/foundation/src/dependencies/runtime-dependencies.ts","re-export","./runtime-dependencies.js"
"server/packages/foundation/src/index.ts","5","server/packages/foundation/src/errors/index.ts","re-export","./errors/index.js"
"server/packages/foundation/src/index.ts","6","server/packages/foundation/src/lifecycle/index.ts","re-export","./lifecycle/index.js"
"server/packages/foundation/src/index.ts","7","server/packages/foundation/src/observability/index.ts","re-export","./observability/index.js"
"server/packages/foundation/src/index.ts","8","server/packages/foundation/src/resilience/index.ts","re-export","./resilience/index.js"
"server/packages/foundation/src/resilience/index.ts","1","server/packages/foundation/src/resilience/circuit-breaker.ts","re-export","./circuit-breaker.js"
"server/packages/foundation/src/resilience/circuit-breaker.ts","1","server/packages/foundation/src/dependencies/index.ts","import","../dependencies/index.js"
"server/packages/foundation/src/resilience/index.ts","2","server/packages/foundation/src/resilience/retry.ts","re-export","./retry.js"
"server/packages/foundation/src/resilience/retry.ts","1","server/packages/foundation/src/dependencies/index.ts","import","../dependencies/index.js"
"server/packages/foundation/src/index.ts","9","server/packages/foundation/src/tenancy/index.ts","re-export","./tenancy/index.js"
"server/packages/foundation/src/tenancy/index.ts","1","server/packages/foundation/src/tenancy/tenant-id.ts","re-export","./tenant-id.js"
"server/packages/foundation/src/tenancy/index.ts","2","server/packages/foundation/src/tenancy/tenant-provider.ts","re-export","./tenant-provider.js"
"server/packages/foundation/src/tenancy/tenant-provider.ts","1","server/packages/foundation/src/tenancy/tenant-id.ts","type-only","./tenant-id.js"
"server/packages/foundation/src/tenancy/index.ts","3","server/packages/foundation/src/tenancy/tenant-scope.ts","re-export","./tenant-scope.js"
"server/packages/foundation/src/tenancy/tenant-scope.ts","1","server/packages/foundation/src/tenancy/tenant-id.ts","type-only","./tenant-id.js"
"server/packages/foundation/src/index.ts","10","server/packages/foundation/src/transaction/index.ts","re-export","./transaction/index.js"
"server/packages/foundation/src/transaction/index.ts","1","server/packages/foundation/src/transaction/transaction-context.ts","re-export","./transaction-context.js"
"server/packages/foundation/src/transaction/index.ts","2","server/packages/foundation/src/transaction/transaction-runner.ts","re-export","./transaction-runner.js"
"server/packages/foundation/src/transaction/transaction-runner.ts","1","server/packages/foundation/src/transaction/transaction-context.ts","type-only","./transaction-context.js"
"server/packages/foundation/src/transaction/index.ts","3","server/packages/foundation/src/transaction/unit-of-work.ts","re-export","./unit-of-work.js"
"server/packages/foundation/src/transaction/unit-of-work.ts","1","server/packages/foundation/src/transaction/transaction-context.ts","type-only","./transaction-context.js"
"server/packages/foundation/src/transaction/unit-of-work.ts","2","server/packages/foundation/src/transaction/transaction-runner.ts","type-only","./transaction-runner.js"
"server/packages/foundation/src/transaction/unit-of-work.ts","3","server/packages/foundation/src/context/execution-context.ts","type-only","../context/execution-context.js"
"server/packages/foundation/src/transaction/index.ts","4","server/packages/foundation/src/transaction/exact-plane.ts","re-export","./exact-plane.js"
"server/packages/foundation/src/transaction/exact-plane.ts","1","server/packages/foundation/src/context/execution-context.ts","type-only","../context/execution-context.js"
"server/packages/foundation/src/transaction/exact-plane.ts","2","server/packages/foundation/src/transaction/unit-of-work.ts","type-only","./unit-of-work.js"
"server/packages/foundation/src/transaction/index.ts","5","server/packages/foundation/src/transaction/exact-plane-repository-provider.ts","re-export","./exact-plane-repository-provider.js"
"server/packages/foundation/src/transaction/exact-plane-repository-provider.ts","1","server/packages/foundation/src/context/execution-context.ts","type-only","../context/execution-context.js"
"server/packages/foundation/src/index.ts","11","server/packages/foundation/src/validation/index.ts","re-export","./validation/index.js"
"server/packages/foundation/src/index.ts","12","server/packages/foundation/src/stable-cohort.ts","re-export","./stable-cohort.js"
"server/packages/foundation/src/index.ts","13","server/packages/foundation/src/decimal-rounding.ts","re-export","./decimal-rounding.js"
"server/packages/foundation/src/index.ts","14","server/packages/foundation/src/local-graph-preview.ts","re-export","./local-graph-preview.js"
"server/packages/platform/metadata/src/metadata-service.ts","11","server/packages/platform/metadata/src/descriptor-parser.ts","import","./descriptor-parser.js"
"server/packages/platform/metadata/src/descriptor-parser.ts","1","packages/contracts/platform/entity-runtime/src/index.ts","import","@athyper/contract-platform-entity-runtime"
"server/packages/platform/metadata/src/descriptor-parser.ts","2","packages/contracts/platform/entity-runtime/src/index.ts","import","@athyper/contract-platform-entity-runtime"
"server/packages/platform/metadata/src/descriptor-parser.ts","3","server/packages/contracts/metadata/src/index.ts","import","@athyper/server-contract-metadata"
"server/packages/platform/metadata/src/descriptor-parser.ts","4","server/packages/contracts/metadata/src/index.ts","import","@athyper/server-contract-metadata"
"server/packages/platform/metadata/src/descriptor-parser.ts","5","server/packages/contracts/metadata/src/index.ts","import","@athyper/server-contract-metadata"
"server/packages/platform/metadata/src/descriptor-parser.ts","6","server/packages/contracts/metadata/src/index.ts","import","@athyper/server-contract-metadata"
"server/packages/platform/metadata/src/descriptor-parser.ts","7","packages/contracts/platform/entity-runtime/src/index.ts","import","@athyper/contract-platform-entity-runtime"
"server/packages/platform/metadata/src/descriptor-parser.ts","8","server/packages/contracts/metadata/src/index.ts","import","@athyper/server-contract-metadata"
"server/packages/platform/metadata/src/descriptor-parser.ts","9","packages/contracts/platform/entity-list/src/index.ts","import","@athyper/contract-platform-entity-list"
"server/packages/platform/metadata/src/descriptor-parser.ts","10","server/packages/contracts/metadata/src/index.ts","import","@athyper/server-contract-metadata"
"server/packages/platform/metadata/src/descriptor-parser.ts","11","server/packages/foundation/src/context/index.ts","import","@athyper/server-foundation/context"
"server/packages/platform/metadata/src/index.ts","2","server/packages/platform/metadata/src/artifact-resolution.ts","re-export","./artifact-resolution.js"
"server/packages/platform/metadata/src/artifact-resolution.ts","1","server/packages/contracts/publication/src/index.ts","import","@athyper/server-contract-publication"
"server/packages/platform/metadata/src/artifact-resolution.ts","8","server/packages/foundation/src/context/index.ts","type-only","@athyper/server-foundation/context"
"server/packages/platform/metadata/src/index.ts","3","server/packages/platform/metadata/src/compiled-entity-reader.ts","re-export","./compiled-entity-reader.js"
"server/packages/platform/metadata/src/compiled-entity-reader.ts","1","server/packages/contracts/publication/src/index.ts","type-only","@athyper/server-contract-publication"
"server/packages/platform/metadata/src/compiled-entity-reader.ts","2","server/packages/platform/metadata/src/artifact-resolution.ts","import","./artifact-resolution.js"
"server/packages/platform/metadata/src/index.ts","4","server/packages/platform/metadata/src/compiled-entity-flow-reader.ts","re-export","./compiled-entity-flow-reader.js"
"server/packages/platform/metadata/src/compiled-entity-flow-reader.ts","1","server/packages/foundation/src/context/index.ts","type-only","@athyper/server-foundation/context"
"server/packages/platform/metadata/src/compiled-entity-flow-reader.ts","2","server/packages/platform/metadata/src/compiled-entity-reader.ts","type-only","./compiled-entity-reader.js"
"server/packages/platform/metadata/src/compiled-entity-flow-reader.ts","133","packages/contracts/platform/entity-list/src/index.ts","type-only","@athyper/contract-platform-entity-list"
"server/packages/platform/metadata/src/index.ts","5","server/packages/platform/metadata/src/authorized-browser-projection.ts","re-export","./authorized-browser-projection.js"
"server/packages/platform/metadata/src/authorized-browser-projection.ts","2","server/packages/contracts/publication/src/index.ts","type-only","@athyper/server-contract-publication"
"server/packages/platform/metadata/src/authorized-browser-projection.ts","3","server/packages/platform/metadata/src/artifact-resolution.ts","type-only","./artifact-resolution.js"
"server/packages/platform/metadata/src/index.ts","6","server/packages/platform/metadata/src/native-runtime-projection.ts","re-export","./native-runtime-projection.js"
"server/packages/platform/metadata/src/native-runtime-projection.ts","1","server/packages/platform/metadata/src/intake-surface-projection.ts","import","./intake-surface-projection.js"
"server/packages/platform/metadata/src/intake-surface-projection.ts","1","packages/contracts/platform/entity-runtime/src/index.ts","re-export","@athyper/contract-platform-entity-runtime"
"server/packages/platform/metadata/src/native-runtime-projection.ts","2","server/packages/platform/metadata/src/intake-projection.ts","import","./intake-projection.js"
"server/packages/platform/metadata/src/intake-projection.ts","1","packages/contracts/platform/entity-runtime/src/index.ts","re-export","@athyper/contract-platform-entity-runtime"
"server/packages/platform/metadata/src/native-runtime-projection.ts","4","server/packages/platform/metadata/src/descriptor-parser.ts","import","./descriptor-parser.js"
"server/packages/platform/metadata/src/index.ts","7","server/packages/platform/metadata/src/distributed-descriptor-cache.ts","re-export","./distributed-descriptor-cache.js"
"server/packages/platform/metadata/src/distributed-descriptor-cache.ts","2","server/packages/contracts/metadata/src/index.ts","type-only","@athyper/server-contract-metadata"
"server/packages/platform/metadata/src/distributed-descriptor-cache.ts","3","server/packages/contracts/publication/src/index.ts","import","@athyper/server-contract-publication"
"server/packages/platform/metadata/src/distributed-descriptor-cache.ts","9","server/packages/platform/metadata/src/artifact-resolution.ts","type-only","./artifact-resolution.js"
"server/packages/platform/metadata/src/distributed-descriptor-cache.ts","14","server/packages/platform/metadata/src/descriptor-parser.ts","import","./descriptor-parser.js"
"server/packages/platform/metadata/src/index.ts","8","server/packages/platform/metadata/src/runtime-descriptor-repository.ts","re-export","./runtime-descriptor-repository.js"
"server/packages/platform/metadata/src/runtime-descriptor-repository.ts","1","server/packages/foundation/src/context/index.ts","type-only","@athyper/server-foundation/context"
"server/packages/platform/metadata/src/runtime-descriptor-repository.ts","2","server/packages/contracts/metadata/src/index.ts","type-only","@athyper/server-contract-metadata"
"server/packages/platform/metadata/src/runtime-descriptor-repository.ts","3","server/packages/contracts/publication/src/index.ts","import","@athyper/server-contract-publication"
"server/packages/platform/metadata/src/runtime-descriptor-repository.ts","8","server/packages/platform/metadata/src/descriptor-parser.ts","import","./descriptor-parser.js"
"server/packages/platform/metadata/src/runtime-descriptor-repository.ts","9","server/packages/platform/metadata/src/artifact-resolution.ts","type-only","./artifact-resolution.js"
"server/packages/platform/metadata/src/index.ts","9","server/packages/platform/metadata/src/descriptor-parser.ts","re-export","./descriptor-parser.js"
"server/packages/platform/metadata/src/index.ts","10","server/packages/platform/metadata/src/invalidation.ts","re-export","./invalidation.js"
"server/packages/platform/metadata/src/invalidation.ts","2","server/packages/foundation/src/context/index.ts","type-only","@athyper/server-foundation/context"
"server/packages/platform/experience/src/entity-section-service.ts","8","server/packages/platform/experience/src/entity-page-planner.ts","import","./entity-page-planner.js"
"server/packages/platform/experience/src/entity-page-planner.ts","1","server/packages/contracts/publication/src/index.ts","type-only","@athyper/server-contract-publication"
"server/packages/platform/experience/src/entity-runtime-routes.ts","6","server/packages/platform/experience/src/entity-operation-dispatcher.ts","import","./entity-operation-dispatcher.js"
"server/packages/platform/experience/src/entity-operation-dispatcher.ts","1","server/packages/contracts/auth/src/index.ts","type-only","@athyper/server-contract-auth"
"server/packages/platform/experience/src/entity-operation-dispatcher.ts","2","server/packages/contracts/publication/src/index.ts","type-only","@athyper/server-contract-publication"
"server/packages/platform/experience/src/entity-operation-dispatcher.ts","3","server/packages/platform/metadata/src/index.ts","import","@athyper/server-platform-metadata"
"server/packages/platform/experience/src/routes.ts","1","server/packages/contracts/auth/src/index.ts","type-only","@athyper/server-contract-auth"
"server/packages/platform/experience/src/routes.ts","2","server/packages/runtime/http/src/index.ts","import","@athyper/server-runtime-http"
"server/packages/platform/experience/src/routes.ts","4","server/packages/platform/experience/src/contracts.ts","import","./contracts.js"
"server/packages/platform/experience/src/contracts.ts","1","server/packages/foundation/src/context/index.ts","type-only","@athyper/server-foundation/context"
"server/packages/platform/experience/src/contracts.ts","2","packages/platform/foundation/i18n/src/index.ts","type-only","@athyper/platform-i18n"
"server/packages/platform/experience/src/routes.ts","5","server/packages/platform/experience/src/service.ts","import","./service.js"
"server/packages/platform/experience/src/service.ts","1","server/packages/foundation/src/index.ts","import","@athyper/server-foundation"
"server/packages/platform/experience/src/service.ts","3","packages/contracts/platform/dashboard/src/index.ts","import","@athyper/contract-platform-dashboard"
"server/packages/platform/experience/src/service.ts","13","packages/contracts/platform/dashboard/src/generated-defaults.ts","import","@athyper/contract-platform-dashboard/defaults"
"packages/contracts/platform/dashboard/src/generated-defaults.ts","2","packages/contracts/platform/dashboard/src/index.ts","type-only","./index.js"
"server/packages/platform/experience/src/service.ts","14","packages/platform/foundation/i18n/src/index.ts","import","@athyper/platform-i18n"
"server/packages/platform/experience/src/service.ts","22","server/packages/contracts/auth/src/index.ts","type-only","@athyper/server-contract-auth"
"server/packages/platform/experience/src/service.ts","23","server/packages/platform/experience/src/contracts.ts","type-only","./contracts.js"
"server/packages/platform/experience/src/service.ts","40","server/packages/platform/experience/src/ports.ts","type-only","./ports.js"
"server/packages/platform/experience/src/ports.ts","1","server/packages/contracts/experience/src/index.ts","re-export","@athyper/server-contract-experience"
"server/packages/contracts/experience/src/index.ts","1","server/packages/contracts/experience/src/ports.ts","re-export","./ports.js"
"server/packages/contracts/experience/src/ports.ts","1","server/packages/contracts/auth/src/index.ts","type-only","@athyper/server-contract-auth"
"server/packages/contracts/experience/src/ports.ts","2","server/packages/foundation/src/transaction/index.ts","type-only","@athyper/server-foundation/transaction"
"server/packages/contracts/experience/src/index.ts","2","server/packages/contracts/experience/src/errors.ts","re-export","./errors.js"
"server/packages/contracts/experience/src/index.ts","3","server/packages/contracts/experience/src/neon-action-policy.ts","re-export","./neon-action-policy.js"
"server/packages/platform/experience/src/service.ts","56","server/packages/platform/experience/src/neon-action-policy-registry.ts","import","./neon-action-policy-registry.js"
"server/packages/platform/experience/src/neon-action-policy-registry.ts","1","server/packages/contracts/experience/src/index.ts","type-only","@athyper/server-contract-experience"
"server/packages/platform/experience/src/service.ts","61","server/packages/contracts/experience/src/index.ts","import","@athyper/server-contract-experience"
"server/packages/platform/experience/src/service.ts","62","server/packages/contracts/experience/src/index.ts","re-export","@athyper/server-contract-experience"
"server/packages/platform/experience/src/service.ts","1550","server/packages/platform/experience/src/ports.ts","type-only","./ports.js"
"server/packages/services/master-data/src/business-partner-360-service.ts","1","server/packages/services/master-data/src/business-partner-provider-projection.ts","import","./business-partner-provider-projection.js"
"server/packages/services/master-data/src/business-partner-provider-projection.ts","1","server/packages/contracts/auth/src/index.ts","type-only","@athyper/server-contract-auth"
"server/packages/services/master-data/src/business-partner-provider-projection.ts","2","server/packages/contracts/master-data/src/index.ts","type-only","@athyper/server-contract-master-data"
"server/packages/contracts/master-data/src/index.ts","1","server/packages/contracts/master-data/src/models.ts","type-only","./models.js"
"server/packages/contracts/master-data/src/models.ts","1","server/packages/contracts/auth/src/index.ts","type-only","@athyper/server-contract-auth"
"server/packages/contracts/master-data/src/index.ts","2","server/packages/contracts/master-data/src/ports.ts","type-only","./ports.js"
"server/packages/contracts/master-data/src/ports.ts","1","server/packages/foundation/src/transaction/index.ts","type-only","@athyper/server-foundation/transaction"
"server/packages/contracts/master-data/src/ports.ts","2","server/packages/contracts/master-data/src/models.ts","type-only","./models.js"
"server/packages/contracts/master-data/src/index.ts","3","server/packages/contracts/master-data/src/business-partner-requests.ts","re-export","./business-partner-requests.js"
"server/packages/contracts/master-data/src/business-partner-requests.ts","1","server/packages/contracts/auth/src/index.ts","type-only","@athyper/server-contract-auth"
"server/packages/contracts/master-data/src/index.ts","4","server/packages/contracts/master-data/src/business-partner-request-ports.ts","type-only","./business-partner-request-ports.js"
"server/packages/contracts/master-data/src/business-partner-request-ports.ts","1","server/packages/foundation/src/transaction/index.ts","type-only","@athyper/server-foundation/transaction"
"server/packages/contracts/master-data/src/business-partner-request-ports.ts","2","server/packages/contracts/master-data/src/business-partner-requests.ts","type-only","./business-partner-requests.js"
"server/packages/contracts/master-data/src/business-partner-request-ports.ts","159","server/packages/contracts/master-data/src/business-partner-requests.ts","type-only","./business-partner-requests.js"
"server/packages/contracts/master-data/src/index.ts","5","server/packages/contracts/master-data/src/governed-internal-business-partner.ts","type-only","./governed-internal-business-partner.js"
"server/packages/contracts/master-data/src/governed-internal-business-partner.ts","1","server/packages/contracts/auth/src/index.ts","type-only","@athyper/server-contract-auth"
"server/packages/contracts/master-data/src/governed-internal-business-partner.ts","2","server/packages/foundation/src/transaction/index.ts","type-only","@athyper/server-foundation/transaction"
"server/packages/contracts/master-data/src/index.ts","6","server/packages/contracts/master-data/src/business-partner-eligibility.ts","re-export","./business-partner-eligibility.js"
"server/packages/contracts/master-data/src/business-partner-eligibility.ts","1","server/packages/contracts/auth/src/index.ts","type-only","@athyper/server-contract-auth"
"server/packages/contracts/master-data/src/index.ts","7","server/packages/contracts/master-data/src/business-partner-eligibility-ports.ts","type-only","./business-partner-eligibility-ports.js"
"server/packages/contracts/master-data/src/business-partner-eligibility-ports.ts","1","server/packages/foundation/src/transaction/index.ts","type-only","@athyper/server-foundation/transaction"
"server/packages/contracts/master-data/src/business-partner-eligibility-ports.ts","2","server/packages/contracts/master-data/src/business-partner-eligibility.ts","type-only","./business-partner-eligibility.js"
"server/packages/contracts/master-data/src/index.ts","8","server/packages/contracts/master-data/src/business-partner-360.ts","re-export","./business-partner-360.js"
"server/packages/contracts/master-data/src/business-partner-360.ts","1","server/packages/contracts/auth/src/index.ts","type-only","@athyper/server-contract-auth"
"server/packages/contracts/master-data/src/business-partner-360.ts","168","packages/contracts/platform/entity-runtime/src/index.ts","type-only","@athyper/contract-platform-entity-runtime"
"server/packages/contracts/master-data/src/business-partner-360.ts","375","server/packages/contracts/master-data/src/business-partner-360-sections.ts","type-only","./business-partner-360-sections.js"
"server/packages/contracts/master-data/src/business-partner-360-sections.ts","1","server/packages/contracts/auth/src/index.ts","type-only","@athyper/server-contract-auth"
"server/packages/contracts/master-data/src/business-partner-360-sections.ts","2","server/packages/contracts/master-data/src/business-partner-360.ts","type-only","./business-partner-360.js"
"server/packages/contracts/master-data/src/business-partner-360.ts","377","server/packages/contracts/master-data/src/business-partner-360-sections.ts","type-only","./business-partner-360-sections.js"
"server/packages/contracts/master-data/src/business-partner-360.ts","380","server/packages/contracts/master-data/src/business-partner-360-commercial-controls.ts","type-only","./business-partner-360-commercial-controls.js"
"server/packages/contracts/master-data/src/business-partner-360-commercial-controls.ts","1","server/packages/contracts/master-data/src/business-partner-360.ts","type-only","./business-partner-360.js"
"server/packages/contracts/master-data/src/business-partner-360-commercial-controls.ts","5","server/packages/contracts/auth/src/index.ts","type-only","@athyper/server-contract-auth"
"server/packages/contracts/master-data/src/business-partner-360.ts","382","server/packages/contracts/master-data/src/business-partner-360-commercial-controls.ts","type-only","./business-partner-360-commercial-controls.js"
"server/packages/contracts/master-data/src/index.ts","9","server/packages/contracts/master-data/src/business-partner-360-sections.ts","re-export","./business-partner-360-sections.js"
"server/packages/contracts/master-data/src/index.ts","10","server/packages/contracts/master-data/src/business-partner-360-role-sections.ts","re-export","./business-partner-360-role-sections.js"
"server/packages/contracts/master-data/src/business-partner-360-role-sections.ts","1","server/packages/contracts/master-data/src/business-partner-360.ts","type-only","./business-partner-360.js"
"server/packages/contracts/master-data/src/index.ts","11","server/packages/contracts/master-data/src/business-partner-360-commercial-controls.ts","re-export","./business-partner-360-commercial-controls.js"
"server/packages/contracts/master-data/src/index.ts","12","server/packages/contracts/master-data/src/business-partner-360-explainability.ts","re-export","./business-partner-360-explainability.js"
"server/packages/contracts/master-data/src/business-partner-360-explainability.ts","1","server/packages/contracts/master-data/src/business-partner-360.ts","type-only","./business-partner-360.js"
"server/packages/contracts/master-data/src/index.ts","13","server/packages/contracts/master-data/src/business-partner-360-network.ts","re-export","./business-partner-360-network.js"
"server/packages/contracts/master-data/src/business-partner-360-network.ts","1","server/packages/contracts/master-data/src/business-partner-360.ts","type-only","./business-partner-360.js"
"server/packages/contracts/master-data/src/index.ts","14","server/packages/contracts/master-data/src/business-partner-invitations.ts","re-export","./business-partner-invitations.js"
"server/packages/contracts/master-data/src/business-partner-invitations.ts","1","server/packages/contracts/auth/src/index.ts","type-only","@athyper/server-contract-auth"
"server/packages/contracts/master-data/src/business-partner-invitations.ts","2","server/packages/contracts/master-data/src/business-partner-requests.ts","type-only","./business-partner-requests.js"
"server/packages/contracts/master-data/src/index.ts","15","server/packages/contracts/master-data/src/business-partner-invitation-ports.ts","type-only","./business-partner-invitation-ports.js"
"server/packages/contracts/master-data/src/business-partner-invitation-ports.ts","1","server/packages/foundation/src/transaction/index.ts","type-only","@athyper/server-foundation/transaction"
"server/packages/contracts/master-data/src/business-partner-invitation-ports.ts","2","server/packages/contracts/master-data/src/business-partner-requests.ts","type-only","./business-partner-requests.js"
"server/packages/contracts/master-data/src/business-partner-invitation-ports.ts","3","server/packages/contracts/master-data/src/business-partner-invitations.ts","type-only","./business-partner-invitations.js"
"server/packages/contracts/master-data/src/index.ts","16","server/packages/contracts/master-data/src/workforce.ts","re-export","./workforce.js"
"server/packages/contracts/master-data/src/workforce.ts","1","server/packages/contracts/auth/src/index.ts","type-only","@athyper/server-contract-auth"
"server/packages/contracts/master-data/src/index.ts","17","server/packages/contracts/master-data/src/workforce-ports.ts","type-only","./workforce-ports.js"
"server/packages/contracts/master-data/src/workforce-ports.ts","1","server/packages/foundation/src/transaction/index.ts","type-only","@athyper/server-foundation/transaction"
"server/packages/contracts/master-data/src/workforce-ports.ts","2","server/packages/contracts/master-data/src/workforce.ts","type-only","./workforce.js"
"server/packages/contracts/master-data/src/workforce-ports.ts","179","server/packages/contracts/master-data/src/workforce.ts","type-only","./workforce.js"
"server/packages/contracts/master-data/src/index.ts","18","server/packages/contracts/master-data/src/supplier-workforce.ts","re-export","./supplier-workforce.js"
"server/packages/contracts/master-data/src/supplier-workforce.ts","102","server/packages/contracts/auth/src/index.ts","type-only","@athyper/server-contract-auth"
"server/packages/contracts/master-data/src/index.ts","21","server/packages/contracts/master-data/src/bank-account-identifiers.ts","re-export","./bank-account-identifiers.js"
"server/packages/contracts/master-data/src/index.ts","23","server/packages/contracts/master-data/src/supplier-onboarding-requirement.ts","re-export","./supplier-onboarding-requirement.js"
"server/packages/services/master-data/src/business-partner-provider-projection.ts","3","server/packages/contracts/master-data/src/index.ts","import","@athyper/server-contract-master-data"
"server/packages/services/master-data/src/business-partner-provider-projection.ts","4","server/packages/services/master-data/src/errors.ts","import","./errors.js"
"server/packages/services/master-data/src/business-partner-360-service.ts","5","server/packages/services/master-data/src/business-partner-record-header.ts","import","./business-partner-record-header.js"
"server/packages/services/master-data/src/business-partner-record-header.ts","1","packages/contracts/platform/entity-runtime/src/index.ts","import","@athyper/contract-platform-entity-runtime"
"server/packages/services/master-data/src/business-partner-record-header.ts","8","server/packages/contracts/master-data/src/index.ts","type-only","@athyper/server-contract-master-data"
"server/packages/services/master-data/src/business-partner-360-service.ts","6","server/packages/contracts/metadata/src/index.ts","type-only","@athyper/server-contract-metadata"
"server/packages/services/master-data/src/business-partner-360-service.ts","7","packages/platform/foundation/temporal/src/index.ts","import","@athyper/platform-temporal"
"server/packages/services/master-data/src/business-partner-360-service.ts","9","server/packages/contracts/auth/src/index.ts","type-only","@athyper/server-contract-auth"
"server/packages/services/master-data/src/business-partner-360-service.ts","10","server/packages/contracts/master-data/src/index.ts","import","@athyper/server-contract-master-data"
"server/packages/services/master-data/src/business-partner-360-service.ts","34","server/packages/contracts/master-data/src/index.ts","type-only","@athyper/server-contract-master-data"
"server/packages/services/master-data/src/business-partner-360-service.ts","38","server/packages/contracts/audit/src/index.ts","type-only","@athyper/server-contract-audit"
"server/packages/contracts/audit/src/index.ts","1","server/packages/contracts/audit/src/events.ts","type-only","./events.js"
"server/packages/contracts/audit/src/index.ts","2","server/packages/contracts/audit/src/governance.ts","type-only","./governance.js"
"server/packages/contracts/audit/src/governance.ts","1","server/packages/contracts/auth/src/index.ts","type-only","@athyper/server-contract-auth"
"server/packages/contracts/audit/src/governance.ts","2","server/packages/contracts/audit/src/events.ts","type-only","./events.js"
"server/packages/contracts/audit/src/index.ts","3","server/packages/contracts/audit/src/ports.ts","type-only","./ports.js"
"server/packages/contracts/audit/src/ports.ts","1","server/packages/contracts/audit/src/events.ts","type-only","./events.js"
"server/packages/contracts/audit/src/ports.ts","2","server/packages/contracts/auth/src/index.ts","type-only","@athyper/server-contract-auth"
"server/packages/contracts/audit/src/ports.ts","3","server/packages/contracts/audit/src/governance.ts","type-only","./governance.js"
"server/packages/services/master-data/src/business-partner-360-service.ts","39","server/packages/services/master-data/src/errors.ts","import","./errors.js"
"server/packages/services/master-data/src/business-partner-360-service.ts","40","server/packages/services/master-data/src/business-partner-360-policy.ts","import","./business-partner-360-policy.js"
"server/packages/services/master-data/src/business-partner-360-policy.ts","1","server/packages/contracts/auth/src/index.ts","type-only","@athyper/server-contract-auth"
"server/packages/services/master-data/src/business-partner-360-policy.ts","5","server/packages/contracts/master-data/src/index.ts","import","@athyper/server-contract-master-data"
"server/packages/services/master-data/src/business-partner-360-service.ts","41","server/packages/services/master-data/src/business-partner-360-mesh-network-adapter.ts","import","./business-partner-360-mesh-network-adapter.js"
"server/packages/services/master-data/src/business-partner-360-mesh-network-adapter.ts","1","packages/platform/foundation/temporal/src/index.ts","import","@athyper/platform-temporal"
"server/packages/services/master-data/src/business-partner-360-mesh-network-adapter.ts","2","server/packages/contracts/auth/src/index.ts","type-only","@athyper/server-contract-auth"
"server/packages/services/master-data/src/business-partner-360-mesh-network-adapter.ts","3","server/packages/contracts/master-data/src/index.ts","type-only","@athyper/server-contract-master-data"
"server/packages/services/master-data/src/business-partner-360-service.ts","45","server/packages/services/master-data/src/business-partner-360-completeness.ts","import","./business-partner-360-completeness.js"
"server/packages/services/master-data/src/business-partner-360-completeness.ts","2","server/packages/contracts/master-data/src/index.ts","import","@athyper/server-contract-master-data"
"server/packages/services/master-data/src/business-partner-360-service.ts","99","server/packages/contracts/master-data/src/index.ts","type-only","@athyper/server-contract-master-data"
"server/packages/services/master-data/src/business-partner-360-service.ts","127","server/packages/contracts/master-data/src/index.ts","type-only","@athyper/server-contract-master-data"
"server/packages/services/master-data/src/business-partner-360-service.ts","129","server/packages/contracts/auth/src/index.ts","type-only","@athyper/server-contract-auth"
"server/packages/services/master-data/src/business-partner-360-service.ts","135","server/packages/contracts/master-data/src/index.ts","type-only","@athyper/server-contract-master-data"
"server/packages/services/master-data/src/business-partner-360-service.ts","315","server/packages/contracts/auth/src/index.ts","type-only","@athyper/server-contract-auth"
"server/packages/services/master-data/src/business-partner-360-service.ts","316","server/packages/contracts/auth/src/index.ts","type-only","@athyper/server-contract-auth"
"server/packages/services/master-data/src/business-partner-360-service.ts","686","packages/contracts/platform/entity-runtime/src/index.ts","type-only","@athyper/contract-platform-entity-runtime"
"server/packages/services/master-data/src/business-partner-360-service.ts","1511","server/packages/contracts/auth/src/index.ts","type-only","@athyper/server-contract-auth"
"server/packages/services/master-data/src/kysely-business-partner-360-repository.ts","2","server/packages/services/master-data/src/errors.ts","import","./errors.js"
"server/packages/services/master-data/src/kysely-business-partner-360-repository.ts","3","server/packages/services/master-data/src/kysely-business-partner-360-explainability.ts","import","./kysely-business-partner-360-explainability.js"
"server/packages/services/master-data/src/kysely-business-partner-360-explainability.ts","1","server/packages/services/master-data/src/errors.ts","import","./errors.js"
"server/packages/services/master-data/src/kysely-business-partner-360-explainability.ts","3","server/packages/contracts/master-data/src/index.ts","type-only","@athyper/server-contract-master-data"
"server/packages/services/master-data/src/kysely-business-partner-360-explainability.ts","8","server/packages/services/master-data/src/business-partner-360-service.ts","type-only","./business-partner-360-service.js"
"server/packages/services/master-data/src/kysely-business-partner-360-explainability.ts","12","server/packages/services/master-data/src/business-partner-360-activity-mapper.ts","import","./business-partner-360-activity-mapper.js"
"server/packages/services/master-data/src/business-partner-360-activity-mapper.ts","1","server/packages/contracts/master-data/src/index.ts","type-only","@athyper/server-contract-master-data"
"server/packages/services/master-data/src/kysely-business-partner-360-repository.ts","4","server/packages/contracts/master-data/src/index.ts","import","@athyper/server-contract-master-data"
"server/packages/services/master-data/src/kysely-business-partner-360-repository.ts","13","server/packages/services/master-data/src/business-partner-360-service.ts","type-only","./business-partner-360-service.js"
"server/packages/services/master-data/src/kysely-business-partner-360-repository.ts","18","server/packages/services/master-data/src/business-partner-360-completeness.ts","type-only","./business-partner-360-completeness.js"
"server/packages/services/master-data/src/kysely-business-partner-360-repository.ts","22","server/packages/services/master-data/src/kysely-business-partner-case-repository.ts","import","./kysely-business-partner-case-repository.js"
"server/packages/services/master-data/src/kysely-business-partner-case-repository.ts","1","server/packages/services/master-data/src/supplier-activation-readiness.ts","import","./supplier-activation-readiness.js"
"server/packages/services/master-data/src/supplier-activation-readiness.ts","3","server/packages/contracts/master-data/src/index.ts","type-only","@athyper/server-contract-master-data"
"server/packages/services/master-data/src/supplier-activation-readiness.ts","4","server/packages/services/master-data/src/kysely-business-partner-eligibility-repository.ts","import","./kysely-business-partner-eligibility-repository.js"
"server/packages/services/master-data/src/kysely-business-partner-eligibility-repository.ts","1","server/packages/services/master-data/src/errors.ts","import","./errors.js"
"server/packages/services/master-data/src/kysely-business-partner-eligibility-repository.ts","3","server/packages/contracts/master-data/src/index.ts","type-only","@athyper/server-contract-master-data"
"server/packages/services/master-data/src/supplier-activation-readiness.ts","5","server/packages/services/master-data/src/supplier-onboarding-completion.ts","import","./supplier-onboarding-completion.js"
"server/packages/services/master-data/src/supplier-onboarding-completion.ts","3","server/packages/services/master-data/src/kysely-business-partner-eligibility-repository.ts","import","./kysely-business-partner-eligibility-repository.js"
"server/packages/services/master-data/src/supplier-onboarding-completion.ts","4","server/packages/services/master-data/src/errors.ts","import","./errors.js"
"server/packages/services/master-data/src/supplier-activation-readiness.ts","6","server/packages/services/master-data/src/errors.ts","import","./errors.js"
"server/packages/services/master-data/src/kysely-business-partner-case-repository.ts","2","server/packages/services/master-data/src/business-partner-request-capture.ts","import","./business-partner-request-capture.js"
"server/packages/services/master-data/src/business-partner-request-capture.ts","2","server/packages/contracts/master-data/src/index.ts","type-only","@athyper/server-contract-master-data"
"server/packages/services/master-data/src/business-partner-request-capture.ts","3","server/packages/services/master-data/src/errors.ts","import","./errors.js"
"server/packages/services/master-data/src/kysely-business-partner-case-repository.ts","4","server/packages/contracts/master-data/src/index.ts","type-only","@athyper/server-contract-master-data"
"server/packages/services/master-data/src/kysely-business-partner-case-repository.ts","15","server/packages/services/master-data/src/errors.ts","import","./errors.js"
"server/packages/services/master-data/src/kysely-business-partner-case-repository.ts","16","server/packages/services/master-data/src/kysely-business-partner-eligibility-repository.ts","import","./kysely-business-partner-eligibility-repository.js"
"server/packages/services/master-data/src/kysely-business-partner-360-repository.ts","23","server/packages/services/master-data/src/kysely-business-partner-360-sections.ts","import","./kysely-business-partner-360-sections.js"
"server/packages/services/master-data/src/kysely-business-partner-360-sections.ts","2","server/packages/contracts/master-data/src/index.ts","type-only","@athyper/server-contract-master-data"
"server/packages/services/master-data/src/kysely-business-partner-360-sections.ts","6","server/packages/services/master-data/src/business-partner-360-service.ts","type-only","./business-partner-360-service.js"
"server/packages/services/master-data/src/kysely-business-partner-360-repository.ts","27","server/packages/services/master-data/src/kysely-business-partner-360-role-sections.ts","import","./kysely-business-partner-360-role-sections.js"
"server/packages/services/master-data/src/kysely-business-partner-360-role-sections.ts","1","server/packages/services/master-data/src/business-partner-display-references.ts","import","./business-partner-display-references.js"
"server/packages/services/master-data/src/kysely-business-partner-360-role-sections.ts","3","server/packages/contracts/master-data/src/index.ts","type-only","@athyper/server-contract-master-data"
"server/packages/services/master-data/src/kysely-business-partner-360-role-sections.ts","9","server/packages/services/master-data/src/business-partner-360-service.ts","type-only","./business-partner-360-service.js"
"server/packages/services/master-data/src/kysely-business-partner-360-role-sections.ts","365","server/packages/contracts/master-data/src/index.ts","type-only","@athyper/server-contract-master-data"
"server/packages/services/master-data/src/kysely-business-partner-360-repository.ts","28","server/packages/services/master-data/src/kysely-business-partner-360-commercial-controls.ts","import","./kysely-business-partner-360-commercial-controls.js"
"server/packages/services/master-data/src/kysely-business-partner-360-commercial-controls.ts","1","server/packages/services/master-data/src/business-partner-bank-disclosure-card.ts","import","./business-partner-bank-disclosure-card.js"
"server/packages/services/master-data/src/kysely-business-partner-360-commercial-controls.ts","3","server/packages/contracts/master-data/src/index.ts","type-only","@athyper/server-contract-master-data"
"server/packages/services/master-data/src/kysely-business-partner-360-commercial-controls.ts","9","server/packages/services/master-data/src/business-partner-360-service.ts","type-only","./business-partner-360-service.js"
"server/packages/services/master-data/src/kysely-business-partner-360-repository.ts","29","server/packages/services/master-data/src/kysely-business-partner-360-bank-reveal.ts","import","./kysely-business-partner-360-bank-reveal.js"
"server/packages/services/master-data/src/kysely-business-partner-360-bank-reveal.ts","1","server/packages/services/master-data/src/business-partner-360-service.ts","type-only","./business-partner-360-service.js"
"server/packages/services/master-data/src/kysely-business-partner-360-repository.ts","30","server/packages/services/master-data/src/kysely-business-partner-360-explainability.ts","import","./kysely-business-partner-360-explainability.js"
"server/packages/services/master-data/src/kysely-business-partner-360-repository.ts","31","server/packages/services/master-data/src/kysely-business-partner-360-network.ts","import","./kysely-business-partner-360-network.js"
"server/packages/services/master-data/src/kysely-business-partner-360-network.ts","2","server/packages/contracts/master-data/src/index.ts","type-only","@athyper/server-contract-master-data"
"server/packages/services/master-data/src/kysely-business-partner-360-network.ts","3","server/packages/services/master-data/src/business-partner-360-service.ts","type-only","./business-partner-360-service.js"
"server/packages/services/master-data/src/business-partner-360-definition-resolver.ts","1","server/packages/services/master-data/src/business-partner-360-service.ts","type-only","./business-partner-360-service.js"
"server/packages/services/master-data/src/business-partner-360-mesh-http-transport.ts","1","server/packages/contracts/secrets/src/index.ts","type-only","@athyper/server-contract-secrets"
"server/packages/services/master-data/src/business-partner-360-mesh-http-transport.ts","2","server/packages/contracts/master-data/src/index.ts","type-only","@athyper/server-contract-master-data"
"server/packages/services/master-data/src/business-partner-360-mesh-http-transport.ts","3","server/packages/services/master-data/src/business-partner-360-mesh-network-adapter.ts","type-only","./business-partner-360-mesh-network-adapter.js"
"server/packages/services/master-data/src/secret-store-protected-value-resolver.ts","1","server/packages/contracts/secrets/src/index.ts","type-only","@athyper/server-contract-secrets"
"server/packages/services/master-data/src/secret-store-protected-value-resolver.ts","2","server/packages/services/master-data/src/business-partner-360-service.ts","type-only","./business-partner-360-service.js"
"server/packages/services/master-data/src/business-partner-request-service.ts","1","server/packages/services/master-data/src/supplier-onboarding-requirement.ts","import","./supplier-onboarding-requirement.js"
"server/packages/services/master-data/src/supplier-onboarding-requirement.ts","1","server/packages/contracts/master-data/src/index.ts","import","@athyper/server-contract-master-data"
"server/packages/services/master-data/src/supplier-onboarding-requirement.ts","5","server/packages/services/master-data/src/errors.ts","import","./errors.js"
"server/packages/services/master-data/src/business-partner-request-service.ts","2","server/packages/services/master-data/src/business-partner-request-capture.ts","import","./business-partner-request-capture.js"
"server/packages/services/master-data/src/business-partner-request-service.ts","3","server/packages/services/master-data/src/business-partner-profile-validation.ts","import","./business-partner-profile-validation.js"
"server/packages/services/master-data/src/business-partner-profile-validation.ts","1","server/packages/contracts/master-data/src/index.ts","type-only","@athyper/server-contract-master-data"
"server/packages/services/master-data/src/business-partner-profile-validation.ts","2","server/packages/services/master-data/src/errors.ts","import","./errors.js"
"server/packages/services/master-data/src/business-partner-request-service.ts","4","server/packages/services/master-data/src/business-partner-case-explanation.ts","import","./business-partner-case-explanation.js"
"server/packages/services/master-data/src/business-partner-case-explanation.ts","1","server/packages/contracts/master-data/src/index.ts","type-only","@athyper/server-contract-master-data"
"server/packages/services/master-data/src/business-partner-case-explanation.ts","2","server/packages/services/master-data/src/errors.ts","import","./errors.js"
"server/packages/services/master-data/src/business-partner-request-service.ts","5","packages/platform/foundation/temporal/src/index.ts","import","@athyper/platform-temporal"
"server/packages/services/master-data/src/business-partner-request-service.ts","7","server/packages/contracts/audit/src/index.ts","type-only","@athyper/server-contract-audit"
"server/packages/services/master-data/src/business-partner-request-service.ts","8","server/packages/contracts/auth/src/index.ts","type-only","@athyper/server-contract-auth"
"server/packages/services/master-data/src/business-partner-request-service.ts","12","server/packages/contracts/events/src/index.ts","type-only","@athyper/server-contract-events"
"server/packages/contracts/events/src/index.ts","1","server/packages/contracts/events/src/event-key.ts","re-export","./event-key.js"
"server/packages/contracts/events/src/index.ts","2","server/packages/contracts/events/src/idempotency.ts","re-export","./idempotency.js"
"server/packages/contracts/events/src/index.ts","3","server/packages/contracts/events/src/events.ts","type-only","./events.js"
"server/packages/contracts/events/src/index.ts","4","server/packages/contracts/events/src/ports.ts","type-only","./ports.js"
"server/packages/contracts/events/src/ports.ts","1","server/packages/contracts/events/src/events.ts","type-only","./events.js"
"server/packages/services/master-data/src/business-partner-request-service.ts","13","server/packages/contracts/master-data/src/index.ts","import","@athyper/server-contract-master-data"
"server/packages/services/master-data/src/business-partner-request-service.ts","34","server/packages/services/master-data/src/errors.ts","import","./errors.js"
"server/packages/services/master-data/src/business-partner-request-service.ts","35","server/packages/services/master-data/src/business-partner-notifications.ts","import","./business-partner-notifications.js"
"server/packages/services/master-data/src/business-partner-notifications.ts","2","packages/contracts/platform/entity-runtime/src/index.ts","import","@athyper/contract-platform-entity-runtime"
"server/packages/services/master-data/src/business-partner-notifications.ts","6","server/packages/contracts/master-data/src/index.ts","type-only","@athyper/server-contract-master-data"
"server/packages/services/master-data/src/business-partner-request-service.ts","36","server/packages/services/master-data/src/business-partner-onboarding-cycle.ts","type-only","./business-partner-onboarding-cycle.js"
"server/packages/services/master-data/src/business-partner-onboarding-cycle.ts","2","server/packages/contracts/master-data/src/index.ts","type-only","@athyper/server-contract-master-data"
"server/packages/services/master-data/src/business-partner-onboarding-cycle.ts","4","server/packages/services/master-data/src/errors.ts","import","./errors.js"
"server/packages/services/finance/src/ledger/business-partner-journal-activity.ts","1","server/packages/contracts/finance/src/index.ts","import","@athyper/server-contract-finance"
"server/packages/contracts/finance/src/index.ts","1","server/packages/contracts/finance/src/commands.ts","re-export","./commands.js"
"server/packages/contracts/finance/src/index.ts","2","server/packages/contracts/finance/src/budget.ts","re-export","./budget.js"
"server/packages/contracts/finance/src/budget.ts","1","server/packages/contracts/finance/src/commands.ts","type-only","./commands.js"
"server/packages/contracts/finance/src/budget.ts","7","server/packages/contracts/finance/src/foundation.ts","type-only","./foundation.js"
"server/packages/contracts/finance/src/foundation.ts","1","server/packages/contracts/finance/src/commands.ts","type-only","./commands.js"
"server/packages/contracts/finance/src/budget.ts","8","server/packages/contracts/finance/src/results.ts","type-only","./results.js"
"server/packages/contracts/finance/src/index.ts","3","server/packages/contracts/finance/src/ledger.ts","re-export","./ledger.js"
"server/packages/contracts/finance/src/ledger.ts","1","server/packages/contracts/finance/src/commands.ts","type-only","./commands.js"
"server/packages/contracts/finance/src/ledger.ts","2","server/packages/contracts/finance/src/foundation.ts","type-only","./foundation.js"
"server/packages/contracts/finance/src/ledger.ts","7","server/packages/contracts/finance/src/results.ts","type-only","./results.js"
"server/packages/contracts/finance/src/index.ts","4","server/packages/contracts/finance/src/closing.ts","re-export","./closing.js"
"server/packages/contracts/finance/src/closing.ts","1","server/packages/contracts/finance/src/commands.ts","type-only","./commands.js"
"server/packages/contracts/finance/src/closing.ts","2","server/packages/contracts/finance/src/foundation.ts","type-only","./foundation.js"
"server/packages/contracts/finance/src/closing.ts","3","server/packages/contracts/finance/src/results.ts","type-only","./results.js"
"server/packages/contracts/finance/src/index.ts","5","server/packages/contracts/finance/src/inventory.ts","re-export","./inventory.js"
"server/packages/contracts/finance/src/inventory.ts","1","server/packages/contracts/finance/src/commands.ts","type-only","./commands.js"
"server/packages/contracts/finance/src/inventory.ts","2","server/packages/contracts/finance/src/foundation.ts","type-only","./foundation.js"
"server/packages/contracts/finance/src/inventory.ts","3","server/packages/contracts/finance/src/results.ts","type-only","./results.js"
"server/packages/contracts/finance/src/index.ts","6","server/packages/contracts/finance/src/tax.ts","re-export","./tax.js"
"server/packages/contracts/finance/src/tax.ts","1","server/packages/contracts/finance/src/commands.ts","type-only","./commands.js"
"server/packages/contracts/finance/src/tax.ts","2","server/packages/contracts/finance/src/foundation.ts","type-only","./foundation.js"
"server/packages/contracts/finance/src/tax.ts","8","server/packages/contracts/finance/src/results.ts","type-only","./results.js"
"server/packages/contracts/finance/src/index.ts","7","server/packages/contracts/finance/src/errors.ts","re-export","./errors.js"
"server/packages/contracts/finance/src/index.ts","8","server/packages/contracts/finance/src/foundation.ts","re-export","./foundation.js"
"server/packages/contracts/finance/src/index.ts","9","server/packages/contracts/finance/src/permissions.ts","re-export","./permissions.js"
"server/packages/contracts/finance/src/index.ts","10","server/packages/contracts/finance/src/ports.ts","re-export","./ports.js"
"server/packages/contracts/finance/src/ports.ts","1","server/packages/contracts/finance/src/commands.ts","type-only","./commands.js"
"server/packages/contracts/finance/src/ports.ts","2","server/packages/contracts/finance/src/foundation.ts","type-only","./foundation.js"
"server/packages/contracts/finance/src/ports.ts","12","server/packages/contracts/finance/src/results.ts","type-only","./results.js"
"server/packages/contracts/finance/src/index.ts","11","server/packages/contracts/finance/src/results.ts","re-export","./results.js"
"server/packages/contracts/finance/src/index.ts","12","server/packages/contracts/finance/src/numbering.ts","re-export","./numbering.js"
"server/packages/contracts/finance/src/numbering.ts","1","server/packages/contracts/finance/src/commands.ts","type-only","./commands.js"
"server/packages/contracts/finance/src/numbering.ts","2","server/packages/contracts/finance/src/foundation.ts","type-only","./foundation.js"
"server/packages/services/finance/src/ledger/business-partner-journal-activity.ts","6","server/packages/services/finance/src/shared/kysely-finance-foundation.ts","type-only","../shared/kysely-finance-foundation.js"
"server/packages/services/finance/src/shared/kysely-finance-foundation.ts","1","server/packages/contracts/finance/src/index.ts","type-only","@athyper/server-contract-finance"
"server/packages/services/finance/src/shared/kysely-finance-foundation.ts","2","server/packages/contracts/finance/src/index.ts","import","@athyper/server-contract-finance"
"server/packages/services/records/src/query-service.ts","1","server/packages/services/records/src/authorized-aggregate.ts","import","./authorized-aggregate.js"
"server/packages/services/records/src/authorized-aggregate.ts","1","server/packages/contracts/records/src/index.ts","type-only","@athyper/server-contract-records"
"server/packages/contracts/records/src/index.ts","1","server/packages/contracts/records/src/mutation.ts","type-only","./mutation.js"
"server/packages/contracts/records/src/mutation.ts","1","server/packages/contracts/auth/src/index.ts","type-only","@athyper/server-contract-auth"
"server/packages/contracts/records/src/index.ts","2","server/packages/contracts/records/src/ports.ts","type-only","./ports.js"
"server/packages/contracts/records/src/ports.ts","1","server/packages/contracts/records/src/mutation.ts","type-only","./mutation.js"
"server/packages/contracts/records/src/ports.ts","9","server/packages/contracts/records/src/query.ts","type-only","./query.js"
"server/packages/contracts/records/src/query.ts","1","server/packages/contracts/auth/src/index.ts","type-only","@athyper/server-contract-auth"
"server/packages/contracts/records/src/query.ts","32","server/packages/contracts/records/src/ports.ts","type-only","./ports.js"
"server/packages/contracts/records/src/ports.ts","15","server/packages/contracts/records/src/advanced.ts","type-only","./advanced.js"
"server/packages/contracts/records/src/advanced.ts","1","server/packages/contracts/auth/src/index.ts","type-only","@athyper/server-contract-auth"
"server/packages/contracts/records/src/advanced.ts","2","server/packages/contracts/records/src/mutation.ts","type-only","./mutation.js"
"server/packages/contracts/records/src/advanced.ts","3","server/packages/contracts/records/src/query.ts","type-only","./query.js"
"server/packages/contracts/records/src/ports.ts","34","server/packages/contracts/metadata/src/index.ts","type-only","@athyper/server-contract-metadata"
"server/packages/contracts/records/src/ports.ts","38","server/packages/contracts/auth/src/index.ts","type-only","@athyper/server-contract-auth"
"server/packages/contracts/records/src/ports.ts","39","server/packages/foundation/src/transaction/index.ts","type-only","@athyper/server-foundation/transaction"
"server/packages/contracts/records/src/index.ts","3","server/packages/contracts/records/src/query.ts","type-only","./query.js"
"server/packages/contracts/records/src/index.ts","4","server/packages/contracts/records/src/advanced.ts","type-only","./advanced.js"
"server/packages/services/records/src/authorized-aggregate.ts","5","server/packages/services/records/src/errors.ts","import","./errors.js"
"server/packages/services/records/src/query-service.ts","2","server/packages/services/records/src/entity-backend-authorizer.ts","import","./entity-backend-authorizer.js"
"server/packages/services/records/src/entity-backend-authorizer.ts","2","server/packages/contracts/auth/src/index.ts","type-only","@athyper/server-contract-auth"
"server/packages/services/records/src/entity-backend-authorizer.ts","7","server/packages/contracts/metadata/src/index.ts","import","@athyper/server-contract-metadata"
"server/packages/services/records/src/entity-backend-authorizer.ts","13","server/packages/services/records/src/entity-authorization.ts","import","./entity-authorization.js"
"server/packages/services/records/src/entity-authorization.ts","2","packages/contracts/platform/entity-runtime/src/index.ts","import","@athyper/contract-platform-entity-runtime"
"server/packages/services/records/src/entity-authorization.ts","9","server/packages/contracts/auth/src/index.ts","type-only","@athyper/server-contract-auth"
"server/packages/services/records/src/entity-authorization.ts","13","server/packages/contracts/metadata/src/index.ts","import","@athyper/server-contract-metadata"
"server/packages/services/records/src/entity-backend-authorizer.ts","18","server/packages/services/records/src/entity-authorization-rollout.ts","import","./entity-authorization-rollout.js"
"server/packages/services/records/src/entity-authorization-rollout.ts","2","packages/contracts/platform/entity-runtime/src/index.ts","type-only","@athyper/contract-platform-entity-runtime"
"server/packages/services/records/src/entity-authorization-rollout.ts","3","server/packages/services/records/src/entity-authorization.ts","type-only","./entity-authorization.js"
"server/packages/services/records/src/entity-backend-authorizer.ts","437","server/packages/contracts/metadata/src/index.ts","type-only","@athyper/server-contract-metadata"
"server/packages/services/records/src/query-service.ts","4","server/packages/contracts/auth/src/index.ts","type-only","@athyper/server-contract-auth"
"server/packages/services/records/src/query-service.ts","8","server/packages/contracts/metadata/src/index.ts","type-only","@athyper/server-contract-metadata"
"server/packages/services/records/src/query-service.ts","13","server/packages/contracts/records/src/index.ts","type-only","@athyper/server-contract-records"
"server/packages/services/records/src/query-service.ts","22","server/packages/services/records/src/errors.ts","import","./errors.js"
"server/packages/services/records/src/query-service.ts","23","server/packages/services/records/src/list-query-policy.ts","import","./list-query-policy.js"
"server/packages/services/records/src/list-query-policy.ts","1","server/packages/contracts/metadata/src/index.ts","import","@athyper/server-contract-metadata"
"server/packages/services/records/src/list-query-policy.ts","2","server/packages/contracts/records/src/index.ts","type-only","@athyper/server-contract-records"
"server/packages/services/records/src/query-service.ts","24","server/packages/services/records/src/record-read-access.ts","import","./record-read-access.js"
"server/packages/services/records/src/record-read-access.ts","1","server/packages/services/records/src/entity-backend-authorizer.ts","import","./entity-backend-authorizer.js"
"server/packages/services/records/src/record-read-access.ts","2","server/packages/contracts/auth/src/index.ts","type-only","@athyper/server-contract-auth"
"server/packages/services/records/src/record-read-access.ts","3","server/packages/contracts/metadata/src/index.ts","type-only","@athyper/server-contract-metadata"
"server/packages/services/records/src/record-read-access.ts","4","server/packages/services/records/src/errors.ts","import","./errors.js"
"server/packages/services/records/src/kysely-record-repository.ts","1","server/packages/services/records/src/standard-view-relationship-sql.ts","import","./standard-view-relationship-sql.js"
"server/packages/services/records/src/standard-view-relationship-sql.ts","2","server/packages/contracts/metadata/src/index.ts","type-only","@athyper/server-contract-metadata"
"server/packages/services/records/src/standard-view-relationship-sql.ts","3","server/packages/contracts/records/src/index.ts","type-only","@athyper/server-contract-records"
"server/packages/services/records/src/standard-view-relationship-sql.ts","4","server/packages/platform/workflow/src/index.ts","import","@athyper/server-platform-workflow"
"server/packages/platform/workflow/src/index.ts","2","server/packages/platform/workflow/src/workflow-service.ts","re-export","./workflow-service.js"
"server/packages/platform/workflow/src/workflow-service.ts","2","server/packages/platform/workflow/src/inbox-cursor.ts","import","./inbox-cursor.js"
"server/packages/platform/workflow/src/inbox-cursor.ts","1","packages/platform/foundation/temporal/src/index.ts","import","@athyper/platform-temporal"
"server/packages/platform/workflow/src/inbox-cursor.ts","2","server/packages/platform/workflow/src/errors.ts","import","./errors.js"
"server/packages/platform/workflow/src/workflow-service.ts","3","packages/platform/foundation/temporal/src/index.ts","import","@athyper/platform-temporal"
"server/packages/platform/workflow/src/workflow-service.ts","4","server/packages/contracts/audit/src/index.ts","type-only","@athyper/server-contract-audit"
"server/packages/platform/workflow/src/workflow-service.ts","5","server/packages/contracts/auth/src/index.ts","type-only","@athyper/server-contract-auth"
"server/packages/platform/workflow/src/workflow-service.ts","6","server/packages/contracts/events/src/index.ts","type-only","@athyper/server-contract-events"
"server/packages/platform/workflow/src/workflow-service.ts","7","server/packages/contracts/metadata/src/index.ts","type-only","@athyper/server-contract-metadata"
"server/packages/platform/workflow/src/workflow-service.ts","8","server/packages/contracts/policy/src/index.ts","type-only","@athyper/server-contract-policy"
"server/packages/contracts/policy/src/index.ts","1","server/packages/contracts/policy/src/policy.ts","type-only","./policy.js"
"server/packages/contracts/policy/src/policy.ts","1","server/packages/contracts/auth/src/index.ts","type-only","@athyper/server-contract-auth"
"server/packages/contracts/policy/src/index.ts","2","server/packages/contracts/policy/src/ports.ts","type-only","./ports.js"
"server/packages/contracts/policy/src/ports.ts","1","server/packages/contracts/auth/src/index.ts","type-only","@athyper/server-contract-auth"
"server/packages/contracts/policy/src/ports.ts","2","server/packages/contracts/policy/src/policy.ts","type-only","./policy.js"
"server/packages/platform/workflow/src/workflow-service.ts","9","server/packages/contracts/workflow/src/index.ts","type-only","@athyper/server-contract-workflow"
"server/packages/contracts/workflow/src/index.ts","1","server/packages/contracts/workflow/src/work-items.ts","type-only","./work-items.js"
"server/packages/contracts/workflow/src/work-items.ts","1","server/packages/contracts/auth/src/index.ts","type-only","@athyper/server-contract-auth"
"server/packages/contracts/workflow/src/work-items.ts","74","server/packages/contracts/workflow/src/task-governance.ts","type-only","./task-governance.js"
"server/packages/contracts/workflow/src/index.ts","2","server/packages/contracts/workflow/src/ports.ts","type-only","./ports.js"
"server/packages/contracts/workflow/src/ports.ts","1","server/packages/contracts/metadata/src/index.ts","type-only","@athyper/server-contract-metadata"
"server/packages/contracts/workflow/src/ports.ts","2","server/packages/contracts/workflow/src/work-items.ts","type-only","./work-items.js"
"server/packages/contracts/workflow/src/ports.ts","11","server/packages/contracts/auth/src/index.ts","type-only","@athyper/server-contract-auth"
"server/packages/contracts/workflow/src/ports.ts","32","server/packages/contracts/workflow/src/work-items.ts","type-only","./work-items.js"
"server/packages/contracts/workflow/src/index.ts","3","server/packages/contracts/workflow/src/authoring.ts","type-only","./authoring.js"
"server/packages/contracts/workflow/src/authoring.ts","41","server/packages/contracts/workflow/src/work-items.ts","type-only","./work-items.js"
"server/packages/contracts/workflow/src/index.ts","4","server/packages/contracts/workflow/src/task-governance.ts","type-only","./task-governance.js"
"server/packages/platform/workflow/src/workflow-service.ts","10","server/packages/foundation/src/transaction/index.ts","type-only","@athyper/server-foundation/transaction"
"server/packages/platform/workflow/src/workflow-service.ts","11","server/packages/platform/workflow/src/errors.ts","import","./errors.js"
"server/packages/platform/workflow/src/index.ts","3","server/packages/platform/workflow/src/in-memory-workflow-repository.ts","re-export","./in-memory-workflow-repository.js"
"server/packages/platform/workflow/src/in-memory-workflow-repository.ts","1","server/packages/contracts/events/src/index.ts","type-only","@athyper/server-contract-events"
"server/packages/platform/workflow/src/in-memory-workflow-repository.ts","2","server/packages/platform/workflow/src/inbox-cursor.ts","import","./inbox-cursor.js"
"server/packages/platform/workflow/src/in-memory-workflow-repository.ts","3","packages/platform/foundation/temporal/src/index.ts","import","@athyper/platform-temporal"
"server/packages/platform/workflow/src/in-memory-workflow-repository.ts","5","server/packages/foundation/src/transaction/index.ts","type-only","@athyper/server-foundation/transaction"
"server/packages/platform/workflow/src/in-memory-workflow-repository.ts","6","server/packages/contracts/workflow/src/index.ts","type-only","@athyper/server-contract-workflow"
"server/packages/platform/workflow/src/index.ts","4","server/packages/platform/workflow/src/kysely-workflow-repository.ts","re-export","./kysely-workflow-repository.js"
"server/packages/platform/workflow/src/kysely-workflow-repository.ts","1","server/packages/platform/workflow/src/work-item-eligibility-sql.ts","import","./work-item-eligibility-sql.js"
"server/packages/platform/workflow/src/kysely-workflow-repository.ts","2","server/packages/platform/workflow/src/inbox-cursor.ts","import","./inbox-cursor.js"
"server/packages/platform/workflow/src/kysely-workflow-repository.ts","3","server/packages/contracts/workflow/src/index.ts","type-only","@athyper/server-contract-workflow"
"server/packages/platform/workflow/src/index.ts","5","server/packages/platform/workflow/src/workflow-routes.ts","re-export","./workflow-routes.js"
"server/packages/platform/workflow/src/workflow-routes.ts","1","server/packages/contracts/auth/src/index.ts","type-only","@athyper/server-contract-auth"
"server/packages/platform/workflow/src/workflow-routes.ts","2","server/packages/contracts/workflow/src/index.ts","type-only","@athyper/server-contract-workflow"
"server/packages/platform/workflow/src/workflow-routes.ts","4","server/packages/platform/workflow/src/errors.ts","import","./errors.js"
"server/packages/platform/workflow/src/index.ts","6","server/packages/platform/workflow/src/errors.ts","re-export","./errors.js"
"server/packages/platform/workflow/src/index.ts","7","server/packages/platform/workflow/src/authoring.ts","re-export","./authoring.js"
"server/packages/platform/workflow/src/authoring.ts","2","server/packages/contracts/workflow/src/index.ts","type-only","@athyper/server-contract-workflow"
"server/packages/platform/workflow/src/authoring.ts","3","server/packages/platform/workflow/src/errors.ts","import","./errors.js"
"server/packages/platform/workflow/src/index.ts","8","server/packages/platform/workflow/src/approver-resolution.ts","re-export","./approver-resolution.js"
"server/packages/platform/workflow/src/approver-resolution.ts","1","server/packages/contracts/workflow/src/index.ts","type-only","@athyper/server-contract-workflow"
"server/packages/platform/workflow/src/approver-resolution.ts","2","server/packages/platform/workflow/src/errors.ts","import","./errors.js"
"server/packages/platform/workflow/src/index.ts","9","server/packages/platform/workflow/src/approvals.ts","re-export","./approvals.js"
"server/packages/platform/workflow/src/approvals.ts","1","server/packages/platform/workflow/src/task-governance.ts","import","./task-governance.js"
"server/packages/platform/workflow/src/task-governance.ts","1","server/packages/contracts/workflow/src/index.ts","type-only","@athyper/server-contract-workflow"
"server/packages/platform/workflow/src/task-governance.ts","5","server/packages/platform/workflow/src/errors.ts","import","./errors.js"
"server/packages/platform/workflow/src/approvals.ts","12","server/packages/contracts/workflow/src/index.ts","type-only","@athyper/server-contract-workflow"
"server/packages/platform/workflow/src/approvals.ts","13","server/packages/contracts/workflow/src/index.ts","type-only","@athyper/server-contract-workflow"
"server/packages/platform/workflow/src/approvals.ts","14","server/packages/contracts/workflow/src/index.ts","type-only","@athyper/server-contract-workflow"
"server/packages/platform/workflow/src/approvals.ts","16","server/packages/contracts/workflow/src/index.ts","type-only","@athyper/server-contract-workflow"
"server/packages/platform/workflow/src/approvals.ts","16","server/packages/contracts/workflow/src/index.ts","type-only","@athyper/server-contract-workflow"
"server/packages/platform/workflow/src/approvals.ts","18","server/packages/contracts/workflow/src/index.ts","type-only","@athyper/server-contract-workflow"
"server/packages/platform/workflow/src/approvals.ts","28","server/packages/contracts/workflow/src/index.ts","type-only","@athyper/server-contract-workflow"
"server/packages/platform/workflow/src/index.ts","10","server/packages/platform/workflow/src/domain-commands.ts","re-export","./domain-commands.js"
"server/packages/platform/workflow/src/domain-commands.ts","1","server/packages/contracts/workflow/src/index.ts","type-only","@athyper/server-contract-workflow"
"server/packages/platform/workflow/src/index.ts","11","server/packages/platform/workflow/src/sla.ts","re-export","./sla.js"
"server/packages/platform/workflow/src/index.ts","12","server/packages/platform/workflow/src/sla-automation.ts","re-export","./sla-automation.js"
"server/packages/platform/workflow/src/sla-automation.ts","2","server/packages/foundation/src/context/index.ts","type-only","@athyper/server-foundation/context"
"server/packages/platform/workflow/src/sla-automation.ts","3","server/packages/foundation/src/transaction/index.ts","type-only","@athyper/server-foundation/transaction"
"server/packages/platform/workflow/src/index.ts","13","server/packages/platform/workflow/src/workflow-jobs.ts","re-export","./workflow-jobs.js"
"server/packages/platform/workflow/src/workflow-jobs.ts","2","server/packages/contracts/jobs/src/index.ts","type-only","@athyper/server-contract-jobs"
"server/packages/contracts/jobs/src/index.ts","1","server/packages/contracts/jobs/src/administration.ts","type-only","./administration.js"
"server/packages/contracts/jobs/src/administration.ts","1","server/packages/contracts/jobs/src/jobs.ts","type-only","./jobs.js"
"server/packages/contracts/jobs/src/jobs.ts","1","server/packages/foundation/src/context/index.ts","type-only","@athyper/server-foundation/context"
"server/packages/contracts/jobs/src/index.ts","2","server/packages/contracts/jobs/src/jobs.ts","type-only","./jobs.js"
"server/packages/contracts/jobs/src/index.ts","3","server/packages/contracts/jobs/src/governance.ts","type-only","./governance.js"
"server/packages/contracts/jobs/src/governance.ts","1","server/packages/foundation/src/context/index.ts","type-only","@athyper/server-foundation/context"
"server/packages/contracts/jobs/src/governance.ts","3","server/packages/contracts/jobs/src/jobs.ts","type-only","./jobs.js"
"server/packages/contracts/jobs/src/governance.ts","12","server/packages/contracts/jobs/src/scheduling.ts","type-only","./scheduling.js"
"server/packages/contracts/jobs/src/scheduling.ts","1","server/packages/contracts/jobs/src/jobs.ts","type-only","./jobs.js"
"server/packages/contracts/jobs/src/index.ts","4","server/packages/contracts/jobs/src/ports.ts","type-only","./ports.js"
"server/packages/contracts/jobs/src/ports.ts","1","server/packages/contracts/jobs/src/jobs.ts","type-only","./jobs.js"
"server/packages/contracts/jobs/src/index.ts","5","server/packages/contracts/jobs/src/scheduling.ts","type-only","./scheduling.js"
"server/packages/contracts/jobs/src/index.ts","6","server/packages/contracts/jobs/src/operations.ts","type-only","./operations.js"
"server/packages/contracts/jobs/src/operations.ts","1","server/packages/contracts/jobs/src/jobs.ts","type-only","./jobs.js"
"server/packages/contracts/jobs/src/index.ts","7","server/packages/contracts/jobs/src/errors.ts","re-export","./errors.js"
"server/packages/platform/workflow/src/workflow-jobs.ts","3","server/packages/foundation/src/context/index.ts","type-only","@athyper/server-foundation/context"
"server/packages/platform/workflow/src/workflow-jobs.ts","4","server/packages/platform/workflow/src/sla-automation.ts","type-only","./sla-automation.js"
"server/packages/platform/workflow/src/index.ts","14","server/packages/platform/workflow/src/recovery.ts","re-export","./recovery.js"
"server/packages/platform/workflow/src/recovery.ts","1","server/packages/contracts/workflow/src/index.ts","type-only","@athyper/server-contract-workflow"
"server/packages/platform/workflow/src/index.ts","16","server/packages/platform/workflow/src/work-item-eligibility-sql.ts","re-export","./work-item-eligibility-sql.js"
"server/packages/platform/workflow/src/index.ts","17","server/packages/platform/workflow/src/task-approval-runner.ts","re-export","./task-approval-runner.js"
"server/packages/platform/workflow/src/task-approval-runner.ts","2","server/packages/contracts/workflow/src/index.ts","type-only","@athyper/server-contract-workflow"
"server/packages/platform/workflow/src/task-approval-runner.ts","8","server/packages/platform/workflow/src/approvals.ts","import","./approvals.js"
"server/packages/platform/workflow/src/task-approval-runner.ts","12","server/packages/platform/workflow/src/errors.ts","import","./errors.js"
"server/packages/platform/workflow/src/task-approval-runner.ts","13","server/packages/platform/workflow/src/task-governance.ts","import","./task-governance.js"
"server/packages/platform/workflow/src/index.ts","18","server/packages/platform/workflow/src/task-governance.ts","re-export","./task-governance.js"
"server/packages/platform/workflow/src/index.ts","19","server/packages/platform/workflow/src/task-edit-rules.ts","re-export","./task-edit-rules.js"
"server/packages/platform/workflow/src/task-edit-rules.ts","1","server/packages/contracts/policy/src/index.ts","type-only","@athyper/server-contract-policy"
"server/packages/platform/workflow/src/task-edit-rules.ts","2","server/packages/contracts/workflow/src/index.ts","type-only","@athyper/server-contract-workflow"
"server/packages/platform/workflow/src/task-edit-rules.ts","3","server/packages/platform/workflow/src/errors.ts","import","./errors.js"
"server/packages/platform/workflow/src/task-edit-rules.ts","4","server/packages/platform/workflow/src/task-governance.ts","import","./task-governance.js"
"server/packages/services/records/src/kysely-record-repository.ts","2","server/packages/contracts/metadata/src/index.ts","import","@athyper/server-contract-metadata"
"server/packages/services/records/src/kysely-record-repository.ts","3","server/packages/foundation/src/context/index.ts","type-only","@athyper/server-foundation/context"
"server/packages/services/records/src/kysely-record-repository.ts","4","server/packages/contracts/metadata/src/index.ts","type-only","@athyper/server-contract-metadata"
"server/packages/services/records/src/kysely-record-repository.ts","5","server/packages/contracts/records/src/index.ts","type-only","@athyper/server-contract-records"
"server/packages/services/records/src/kysely-record-repository.ts","7","server/packages/services/records/src/record-cursor.ts","import","./record-cursor.js"
"server/packages/services/records/src/record-cursor.ts","2","server/packages/contracts/records/src/index.ts","type-only","@athyper/server-contract-records"
"server/packages/services/records/src/record-cursor.ts","3","server/packages/services/records/src/errors.ts","import","./errors.js"
"server/packages/platform/iam/src/iam-routes.ts","2","server/packages/contracts/auth/src/index.ts","type-only","@athyper/server-contract-auth"
"server/packages/platform/iam/src/iam-routes.ts","3","server/packages/foundation/src/context/index.ts","import","@athyper/server-foundation/context"
"server/packages/platform/iam/src/iam-routes.ts","4","server/packages/runtime/http/src/index.ts","import","@athyper/server-runtime-http"
"server/packages/platform/iam/src/iam-routes.ts","5","server/packages/platform/iam/src/provisioning.ts","import","./provisioning.js"
"server/packages/platform/iam/src/provisioning.ts","2","server/packages/foundation/src/context/index.ts","type-only","@athyper/server-foundation/context"
"server/packages/platform/iam/src/provisioning.ts","3","server/packages/platform/iam/src/iam-contracts.ts","import","./iam-contracts.js"
"server/packages/platform/iam/src/iam-contracts.ts","1","server/packages/foundation/src/context/index.ts","type-only","@athyper/server-foundation/context"
"server/packages/platform/iam/src/iam-routes.ts","6","server/packages/platform/iam/src/provisioning-vertical.ts","type-only","./provisioning-vertical.js"
"server/packages/platform/iam/src/provisioning-vertical.ts","2","server/packages/contracts/audit/src/index.ts","type-only","@athyper/server-contract-audit"
"server/packages/platform/iam/src/provisioning-vertical.ts","3","server/packages/contracts/auth/src/index.ts","type-only","@athyper/server-contract-auth"
"server/packages/platform/iam/src/provisioning-vertical.ts","4","server/packages/contracts/events/src/index.ts","import","@athyper/server-contract-events"
"server/packages/platform/iam/src/provisioning-vertical.ts","5","server/packages/foundation/src/context/index.ts","type-only","@athyper/server-foundation/context"
"server/packages/platform/iam/src/provisioning-vertical.ts","6","server/packages/platform/iam/src/iam-contracts.ts","import","./iam-contracts.js"
"server/packages/platform/iam/src/provisioning-vertical.ts","7","server/packages/platform/iam/src/provisioning.ts","import","./provisioning.js"
"server/packages/platform/iam/src/iam-service.ts","2","server/packages/contracts/audit/src/index.ts","type-only","@athyper/server-contract-audit"
"server/packages/platform/iam/src/iam-service.ts","3","server/packages/contracts/auth/src/index.ts","type-only","@athyper/server-contract-auth"
"server/packages/platform/iam/src/iam-service.ts","14","server/packages/foundation/src/context/index.ts","import","@athyper/server-foundation/context"
"server/packages/platform/iam/src/iam-service.ts","16","server/packages/platform/iam/src/iam-config.ts","type-only","./iam-config.js"
"server/packages/platform/iam/src/iam-service.ts","17","server/packages/platform/iam/src/required-actions.ts","import","./required-actions.js"
"server/apps/platform-host/src/composition/business-partner-definition-authorizer.ts","1","server/packages/platform/iam/src/index.ts","import","@athyper/server-platform-iam"
"server/packages/platform/iam/src/index.ts","1","server/packages/platform/iam/src/iam-config.ts","re-export","./iam-config.js"
"server/packages/platform/iam/src/index.ts","2","server/packages/platform/iam/src/iam-service.ts","re-export","./iam-service.js"
"server/packages/platform/iam/src/index.ts","3","server/packages/platform/iam/src/iam-routes.ts","re-export","./iam-routes.js"
"server/packages/platform/iam/src/index.ts","4","server/packages/platform/iam/src/permission-authorizer.ts","re-export","./permission-authorizer.js"
"server/packages/platform/iam/src/permission-authorizer.ts","1","server/packages/contracts/auth/src/index.ts","type-only","@athyper/server-contract-auth"
"server/packages/platform/iam/src/permission-authorizer.ts","247","server/packages/contracts/auth/src/index.ts","type-only","@athyper/server-contract-auth"
"server/packages/platform/iam/src/index.ts","5","server/packages/platform/iam/src/kysely-permission-resolver.ts","re-export","./kysely-permission-resolver.js"
"server/packages/platform/iam/src/kysely-permission-resolver.ts","2","server/packages/foundation/src/index.ts","import","@athyper/server-foundation"
"server/packages/platform/iam/src/kysely-permission-resolver.ts","3","server/packages/platform/iam/src/local-graph-bindings.ts","import","./local-graph-bindings.js"
"server/packages/platform/iam/src/local-graph-bindings.ts","1","server/packages/contracts/auth/src/index.ts","type-only","@athyper/server-contract-auth"
"server/packages/platform/iam/src/local-graph-bindings.ts","2","server/packages/foundation/src/index.ts","type-only","@athyper/server-foundation"
"server/packages/platform/iam/src/kysely-permission-resolver.ts","5","server/packages/contracts/auth/src/index.ts","type-only","@athyper/server-contract-auth"
"server/packages/platform/iam/src/index.ts","6","server/packages/platform/iam/src/kysely-identity-context-resolver.ts","re-export","./kysely-identity-context-resolver.js"
"server/packages/platform/iam/src/kysely-identity-context-resolver.ts","2","server/packages/contracts/auth/src/index.ts","type-only","@athyper/server-contract-auth"
"server/packages/platform/iam/src/kysely-identity-context-resolver.ts","3","server/packages/foundation/src/context/index.ts","type-only","@athyper/server-foundation/context"
"server/packages/platform/iam/src/kysely-identity-context-resolver.ts","4","server/packages/platform/iam/src/iam-service.ts","type-only","./iam-service.js"
"server/packages/platform/iam/src/kysely-identity-context-resolver.ts","5","server/packages/platform/iam/src/kysely-permission-resolver.ts","import","./kysely-permission-resolver.js"
"server/packages/platform/iam/src/index.ts","7","server/packages/platform/iam/src/iam-contracts.ts","re-export","./iam-contracts.js"
"server/packages/platform/iam/src/index.ts","8","server/packages/platform/iam/src/required-actions.ts","re-export","./required-actions.js"
"server/packages/platform/iam/src/index.ts","9","server/packages/platform/iam/src/provisioning.ts","re-export","./provisioning.js"
"server/packages/platform/iam/src/index.ts","10","server/packages/platform/iam/src/organization-reconciliation.ts","re-export","./organization-reconciliation.js"
"server/packages/platform/iam/src/organization-reconciliation.ts","2","server/packages/foundation/src/context/index.ts","type-only","@athyper/server-foundation/context"
"server/packages/platform/iam/src/organization-reconciliation.ts","3","server/packages/platform/iam/src/iam-contracts.ts","import","./iam-contracts.js"
"server/packages/platform/iam/src/index.ts","11","server/packages/platform/iam/src/gateway-envelope.ts","re-export","./gateway-envelope.js"
"server/packages/platform/iam/src/gateway-envelope.ts","2","server/packages/platform/iam/src/iam-contracts.ts","import","./iam-contracts.js"
"server/packages/platform/iam/src/index.ts","12","server/packages/platform/iam/src/provisioning-vertical.ts","re-export","./provisioning-vertical.js"
"server/packages/platform/iam/src/index.ts","13","server/packages/platform/iam/src/kysely-provisioning-repository.ts","re-export","./kysely-provisioning-repository.js"
"server/packages/platform/iam/src/kysely-provisioning-repository.ts","2","server/packages/platform/iam/src/provisioning.ts","type-only","./provisioning.js"
"server/packages/platform/iam/src/kysely-provisioning-repository.ts","3","server/packages/platform/iam/src/provisioning-vertical.ts","type-only","./provisioning-vertical.js"
"server/packages/platform/iam/src/index.ts","14","server/packages/platform/iam/src/trustiam-authority.ts","re-export","./trustiam-authority.js"
"server/packages/platform/iam/src/trustiam-authority.ts","2","server/packages/contracts/audit/src/index.ts","type-only","@athyper/server-contract-audit"
"server/packages/platform/iam/src/trustiam-authority.ts","3","server/packages/contracts/auth/src/index.ts","type-only","@athyper/server-contract-auth"
"server/packages/platform/iam/src/trustiam-authority.ts","4","server/packages/contracts/events/src/index.ts","import","@athyper/server-contract-events"
"server/packages/platform/iam/src/trustiam-authority.ts","5","server/packages/foundation/src/context/index.ts","type-only","@athyper/server-foundation/context"
"server/packages/platform/iam/src/trustiam-authority.ts","6","server/packages/platform/iam/src/iam-contracts.ts","import","./iam-contracts.js"
"server/packages/platform/iam/src/index.ts","15","server/packages/platform/iam/src/kysely-trustiam-authority-repository.ts","re-export","./kysely-trustiam-authority-repository.js"
"server/packages/platform/iam/src/kysely-trustiam-authority-repository.ts","2","server/packages/platform/iam/src/trustiam-authority.ts","type-only","./trustiam-authority.js"
"server/packages/platform/iam/src/index.ts","16","server/packages/platform/iam/src/identity-provisioning-service.ts","re-export","./identity-provisioning-service.js"
"server/packages/platform/iam/src/identity-provisioning-service.ts","2","server/packages/contracts/audit/src/index.ts","type-only","@athyper/server-contract-audit"
"server/packages/platform/iam/src/identity-provisioning-service.ts","3","server/packages/contracts/auth/src/index.ts","type-only","@athyper/server-contract-auth"
"server/packages/platform/iam/src/identity-provisioning-service.ts","4","server/packages/contracts/events/src/index.ts","type-only","@athyper/server-contract-events"
"server/packages/platform/iam/src/identity-provisioning-service.ts","5","server/packages/platform/iam/src/provisioning-vertical.ts","type-only","./provisioning-vertical.js"
"server/packages/platform/iam/src/index.ts","17","server/packages/platform/iam/src/kysely-identity-provisioning-attempt-repository.ts","re-export","./kysely-identity-provisioning-attempt-repository.js"
"server/packages/platform/iam/src/kysely-identity-provisioning-attempt-repository.ts","2","server/packages/platform/iam/src/identity-provisioning-service.ts","type-only","./identity-provisioning-service.js"
"server/packages/platform/iam/src/index.ts","18","server/packages/platform/iam/src/legacy-compatibility.ts","re-export","./legacy-compatibility.js"
"server/packages/platform/iam/src/index.ts","19","server/packages/platform/iam/src/projection-reconciliation.ts","re-export","./projection-reconciliation.js"
"server/packages/platform/iam/src/projection-reconciliation.ts","2","server/packages/foundation/src/context/index.ts","type-only","@athyper/server-foundation/context"
"server/packages/platform/iam/src/index.ts","20","server/packages/platform/iam/src/kysely-projection-reconciliation.ts","re-export","./kysely-projection-reconciliation.js"
"server/packages/platform/iam/src/kysely-projection-reconciliation.ts","2","server/packages/platform/iam/src/projection-reconciliation.ts","import","./projection-reconciliation.js"
"server/packages/platform/iam/src/index.ts","21","server/packages/platform/iam/src/identity-saga.ts","re-export","./identity-saga.js"
"server/packages/platform/iam/src/identity-saga.ts","2","server/packages/foundation/src/context/index.ts","type-only","@athyper/server-foundation/context"
"server/packages/platform/iam/src/index.ts","22","server/packages/platform/iam/src/kysely-identity-saga.ts","re-export","./kysely-identity-saga.js"
"server/packages/platform/iam/src/kysely-identity-saga.ts","2","server/packages/platform/iam/src/identity-saga.ts","type-only","./identity-saga.js"
"server/packages/platform/iam/src/index.ts","23","server/packages/platform/iam/src/external-worker-identity-intent.ts","re-export","./external-worker-identity-intent.js"
"server/packages/platform/iam/src/index.ts","24","server/packages/platform/iam/src/external-worker-identity-delivery.ts","re-export","./external-worker-identity-delivery.js"
"server/packages/platform/iam/src/external-worker-identity-delivery.ts","1","server/packages/contracts/jobs/src/index.ts","type-only","@athyper/server-contract-jobs"
"server/packages/platform/iam/src/external-worker-identity-delivery.ts","3","server/packages/platform/iam/src/external-worker-identity-intent.ts","type-only","./external-worker-identity-intent.js"
"server/packages/platform/iam/src/index.ts","25","server/packages/platform/iam/src/keycloak-identity-provider.ts","re-export","./keycloak-identity-provider.js"
"server/packages/platform/iam/src/keycloak-identity-provider.ts","1","server/packages/contracts/secrets/src/index.ts","type-only","@athyper/server-contract-secrets"
"server/packages/platform/iam/src/keycloak-identity-provider.ts","2","server/packages/platform/iam/src/identity-saga.ts","type-only","./identity-saga.js"
"server/packages/platform/iam/src/index.ts","27","server/packages/platform/iam/src/customer-portal-delivery.ts","re-export","./customer-portal-delivery.js"
"server/packages/platform/iam/src/customer-portal-delivery.ts","3","server/packages/contracts/jobs/src/index.ts","type-only","@athyper/server-contract-jobs"
"server/packages/platform/iam/src/index.ts","29","server/packages/platform/iam/src/identity-replay-approval.ts","re-export","./identity-replay-approval.js"
"server/packages/platform/iam/src/identity-replay-approval.ts","1","server/packages/platform/iam/src/permission-authorizer.ts","import","./permission-authorizer.js"
"server/packages/platform/iam/src/identity-replay-approval.ts","2","server/packages/contracts/auth/src/index.ts","type-only","@athyper/server-contract-auth"
"server/packages/platform/iam/src/index.ts","30","server/packages/platform/iam/src/kysely-identity-replay-approval.ts","re-export","./kysely-identity-replay-approval.js"
"server/packages/platform/iam/src/kysely-identity-replay-approval.ts","3","server/packages/contracts/audit/src/index.ts","type-only","@athyper/server-contract-audit"
"server/packages/platform/iam/src/kysely-identity-replay-approval.ts","4","server/packages/contracts/auth/src/index.ts","type-only","@athyper/server-contract-auth"
"server/packages/platform/iam/src/kysely-identity-replay-approval.ts","5","server/packages/platform/iam/src/identity-replay-approval.ts","import","./identity-replay-approval.js"
"server/packages/platform/iam/src/index.ts","31","server/packages/platform/iam/src/identity-replay-routes.ts","re-export","./identity-replay-routes.js"
"server/packages/platform/iam/src/identity-replay-routes.ts","2","server/packages/runtime/http/src/index.ts","import","@athyper/server-runtime-http"
"server/packages/platform/iam/src/identity-replay-routes.ts","8","server/packages/platform/iam/src/iam-routes.ts","import","./iam-routes.js"
"server/packages/platform/iam/src/identity-replay-routes.ts","9","server/packages/platform/iam/src/identity-replay-approval.ts","import","./identity-replay-approval.js"
"server/packages/platform/iam/src/index.ts","32","server/packages/platform/iam/src/shadow-authorizer.ts","re-export","./shadow-authorizer.js"
"server/packages/platform/iam/src/shadow-authorizer.ts","1","server/packages/contracts/auth/src/index.ts","type-only","@athyper/server-contract-auth"
"server/packages/platform/iam/src/index.ts","34","server/packages/platform/iam/src/kysely-context-refresh.ts","re-export","./kysely-context-refresh.js"
"server/packages/platform/iam/src/kysely-context-refresh.ts","2","server/packages/contracts/auth/src/index.ts","type-only","@athyper/server-contract-auth"
"server/packages/platform/iam/src/kysely-context-refresh.ts","3","server/packages/platform/iam/src/kysely-permission-resolver.ts","import","./kysely-permission-resolver.js"
