table,user_listed,owning_domain,exposure_type,work_package,consumer_or_exclusion,final_ddl_state,final_ddl_evidence,local_catalog_present,ownership_basis,draft_artifacts,active_artifacts,provider_source_evidence,completeness
public.schema_provisions,False,Database provisioning,internal infrastructure; no BP CRUD,BP2-00,No direct BP app entity recommended; retain owning domain. Review a concrete field/workflow dependency before expansion.,declared,server/db/ddl/common/_database/02_schema_provisions.sql:5,True,phase allocation and schema/domain classification; source consumers attached,none in inspected examples,none in current compiled activation,no explicit qualified reference found; inspect dynamic/indirect consumers before removal,artifact presence does not prove domain completeness; see core and field ledgers
shared.country,True,Shared reference,Reference entity/lookup,BP2-01,Reference entity/lookup; country-dependent state selector; preserve natural code values and country validation,declared,server/db/ddl/common/shared/03_tables.sql:11,True,phase allocation and schema/domain classification; source consumers attached,country/core,country/core,server/apps/platform-host/src/composition/register-services.ts:5386; server/db/scripts/seed/build-blueprint-packs.ts:20; server/packages/services/records/src/address-form-choices.ts:31; server/packages/services/records/src/bank-form-choices.ts:16,artifact presence does not prove domain completeness; see core and field ledgers
shared.currency,True,Shared reference,Reference entity/lookup,BP2-01,Reuse existing currency reference reader; verify compiled core/publication coverage before proposing a new entity,declared,server/db/ddl/common/shared/03_tables.sql:117,True,phase allocation and schema/domain classification; source consumers attached,none in inspected examples,none in current compiled activation,server/apps/platform-host/src/composition/register-services.ts:5361; server/packages/platform/control-admin/src/kysely-rounding-repository.ts:26; server/packages/services/finance/src/shared/kysely-finance-foundation.ts:42; server/packages/services/finance/src/shared/kysely-finance-foundation.ts:90,artifact presence does not prove domain completeness; see core and field ledgers
shared.language,True,Shared reference,Reference entity/lookup,BP2-01,Reference lookup where a real field consumes it; locale enablement stays governed; no localization implementation in this review,declared,server/db/ddl/common/shared/03_tables.sql:160,True,phase allocation and schema/domain classification; source consumers attached,none in inspected examples,none in current compiled activation,no explicit qualified reference found; inspect dynamic/indirect consumers before removal,artifact presence does not prove domain completeness; see core and field ledgers
shared.locale,True,Shared reference,Reference entity/lookup,BP2-01,Reference lookup where a real field consumes it; locale enablement stays governed; no localization implementation in this review,declared,server/db/ddl/common/shared/03_tables.sql:203,True,phase allocation and schema/domain classification; source consumers attached,none in inspected examples,none in current compiled activation,no explicit qualified reference found; inspect dynamic/indirect consumers before removal,artifact presence does not prove domain completeness; see core and field ledgers
shared.timezone,True,Shared reference,Reference entity/lookup,BP2-01,Reference lookup where a real field consumes it; locale enablement stays governed; no localization implementation in this review,declared,server/db/ddl/common/shared/03_tables.sql:247,True,phase allocation and schema/domain classification; source consumers attached,none in inspected examples,none in current compiled activation,no explicit qualified reference found; inspect dynamic/indirect consumers before removal,artifact presence does not prove domain completeness; see core and field ledgers
shared.uom,True,Shared reference,Reference entity/lookup,BP2-01,Reference lookup for actual uom_code fields; workforce billing units are a separate constrained vocabulary,declared,server/db/ddl/common/shared/03_tables.sql:296,True,phase allocation and schema/domain classification; source consumers attached,none in inspected examples,none in current compiled activation,no explicit qualified reference found; inspect dynamic/indirect consumers before removal,artifact presence does not prove domain completeness; see core and field ledgers
shared.state_region,True,Shared reference,Reference entity/lookup,BP2-01,Reference entity/lookup; country-dependent state selector; preserve natural code values and country validation,declared,server/db/ddl/common/shared/03_tables.sql:336,True,phase allocation and schema/domain classification; source consumers attached,none in inspected examples,none in current compiled activation,server/apps/platform-host/src/composition/register-services.ts:5364; server/apps/platform-host/src/composition/register-services.ts:7055; server/db/scripts/provisioning/business-partner-address-editor.ts:109; server/packages/services/master-data/src/business-partner-request-capture.ts:146; server/packages/services/records/src/address-form-choices.ts:12; server/packages/services/records/src/address-form-choices.ts:7,artifact presence does not prove domain completeness; see core and field ledgers
shared.classification_scheme,True,Classification/certification,Reference entity/related mapping,BP2-05,"Scheme/version-aware code lookup; crosswalks are subordinate mapping collections, not automatic remapping commands",declared,server/db/ddl/common/shared/03_tables.sql:378,True,phase allocation and schema/domain classification; source consumers attached,none in inspected examples,none in current compiled activation,no explicit qualified reference found; inspect dynamic/indirect consumers before removal,artifact presence does not prove domain completeness; see core and field ledgers
shared.commodity_code,True,Classification/certification,Reference entity/related mapping,BP2-05,"Scheme/version-aware code lookup; crosswalks are subordinate mapping collections, not automatic remapping commands",declared,server/db/ddl/common/shared/03_tables.sql:417,True,phase allocation and schema/domain classification; source consumers attached,none in inspected examples,none in current compiled activation,server/db/scripts/seed/build-blueprint-packs.ts:16; server/packages/planes/mesh/src/business-partner-profile-publication.ts:134; server/packages/services/master-data/src/kysely-business-partner-360-commercial-controls.ts:105; server/packages/services/master-data/src/kysely-business-partner-360-commercial-controls.ts:35,artifact presence does not prove domain completeness; see core and field ledgers
shared.industry_code,True,Classification/certification,Reference entity/related mapping,BP2-05,"Scheme/version-aware code lookup; crosswalks are subordinate mapping collections, not automatic remapping commands",declared,server/db/ddl/common/shared/03_tables.sql:471,True,phase allocation and schema/domain classification; source consumers attached,none in inspected examples,none in current compiled activation,server/apps/platform-host/src/composition/register-services.ts:5368; server/apps/platform-host/src/composition/register-services.ts:5369; server/db/scripts/provisioning/business-partner-full-profile.ts:176; server/db/scripts/provisioning/provision-development-business-partner-fixtures.ts:653; server/packages/planes/mesh/src/business-partner-profile-publication.ts:139; server/packages/services/master-data/src/kysely-business-partner-360-sections.ts:143,artifact presence does not prove domain completeness; see core and field ledgers
shared.commodity_crosswalk,True,Classification/certification,Reference entity/related mapping,BP2-05,"Scheme/version-aware code lookup; crosswalks are subordinate mapping collections, not automatic remapping commands",declared,server/db/ddl/common/shared/03_tables.sql:534,True,phase allocation and schema/domain classification; source consumers attached,none in inspected examples,none in current compiled activation,no explicit qualified reference found; inspect dynamic/indirect consumers before removal,artifact presence does not prove domain completeness; see core and field ledgers
shared.industry_crosswalk,True,Classification/certification,Reference entity/related mapping,BP2-05,"Scheme/version-aware code lookup; crosswalks are subordinate mapping collections, not automatic remapping commands",declared,server/db/ddl/common/shared/03_tables.sql:605,True,phase allocation and schema/domain classification; source consumers attached,none in inspected examples,none in current compiled activation,no explicit qualified reference found; inspect dynamic/indirect consumers before removal,artifact presence does not prove domain completeness; see core and field ledgers
shared.bank_institution,True,Banking,Reference entity/child lookup,BP2-09,Read-only bank directory entities; institution-dependent branch/identifier lookup; retain source authority,declared,server/db/ddl/common/shared/03_bank_master.sql:13,True,phase allocation and schema/domain classification; source consumers attached,none in inspected examples,none in current compiled activation,server/db/scripts/provisioning/business-partner-bank-editor.ts:121; server/packages/services/master-data/src/business-partner-request-capture.ts:192; server/packages/services/records/src/bank-form-choices.ts:3; server/packages/services/records/src/bank-form-choices.ts:41; server/packages/services/records/src/bank-form-choices.ts:51,artifact presence does not prove domain completeness; see core and field ledgers
shared.bank_branch,True,Banking,Reference entity/child lookup,BP2-09,Read-only bank directory entities; institution-dependent branch/identifier lookup; retain source authority,declared,server/db/ddl/common/shared/03_bank_master.sql:44,True,phase allocation and schema/domain classification; source consumers attached,none in inspected examples,none in current compiled activation,server/db/scripts/provisioning/business-partner-bank-editor.ts:139; server/packages/services/master-data/src/business-partner-request-capture.ts:192; server/packages/services/records/src/bank-form-choices.ts:4; server/packages/services/records/src/bank-form-choices.ts:41; server/packages/services/records/src/bank-form-choices.ts:51,artifact presence does not prove domain completeness; see core and field ledgers
shared.bank_identifier,True,Banking,Reference entity/child lookup,BP2-09,Read-only bank directory entities; institution-dependent branch/identifier lookup; retain source authority,declared,server/db/ddl/common/shared/03_bank_master.sql:77,True,phase allocation and schema/domain classification; source consumers attached,none in inspected examples,none in current compiled activation,no explicit qualified reference found; inspect dynamic/indirect consumers before removal,artifact presence does not prove domain completeness; see core and field ledgers
master.tenant,False,Platform identity/context dependencies,Retained platform dependency,BF-01,Retain platform scope/profile authority; not Business Partner sections,declared,server/db/ddl/common/master/03_platform_tables.sql:5,True,phase allocation and schema/domain classification; source consumers attached,none in inspected examples,none in current compiled activation,server/apps/platform-host/scripts/db-verification/business-partner-360/manage-business-partner-360-rollout.ts:230; server/apps/platform-host/scripts/db-verification/business-partner-360/manage-business-partner-360-rollout.ts:262; server/apps/platform-host/scripts/db-verification/business-partner-360/run-business-partner-360-materialization-evidence.ts:426; server/apps/platform-host/src/composition/entity-release-review-deployment.ts:72; server/apps/platform-host/src/composition/register-platform.ts:1363; server/apps/platform-host/src/monitoring/business-partner-metrics.ts:69; server/db/scripts/business-partner-360/provision-business-partner-360-acceptance-fixtures.ts:35; server/db/scripts/business-partner-360/record-business-partner-360-rollout-observation.ts:33; server/db/scripts/business-partner-360/run-business-partner-360-performance-evidence.ts:14; server/db/scripts/business-partner-360/run-business-partner-360-security-evidence.ts:23; server/db/scripts/business-partner-360/run-business-partner-s5-certification.ts:176; server/db/scripts/operations/authorization/repair-projection-owner-read-grants.ts:35; server/db/scripts/operations/authorization/repair-projection-owner-read-grants.ts:40; server/db/scripts/operations/authorization/repair-projection-owner-read-grants.ts:47; server/db/scripts/operations/authorization/reset-authorization-clean-slate.ts:93; server/db/scripts/operations/studio/project-meta-entity-admin-identities.ts:120; server/db/scripts/operations/studio/project-meta-entity-admin-identities.ts:137; server/db/scripts/operations/studio/project-meta-entity-admin-identities.ts:81; server/db/scripts/operations/studio/provision-meta-entity-authority.ts:94; server/db/scripts/provisioning/authorization-pack-applicator.ts:420; server/db/scripts/provisioning/authorization-pack-applicator.ts:426; server/db/scripts/provisioning/authorization-pack-applicator.ts:427; server/db/scripts/provisioning/authorization-pack-applicator.ts:428; server/db/scripts/provisioning/authorization-pack-applicator.ts:435; server/db/scripts/provisioning/authorization-pack-applicator.ts:885; server/db/scripts/provisioning/provision-business-partner-r2-fixtures.ts:66; server/db/scripts/provisioning/provision-business-partner-r5-fixtures.ts:62; server/db/scripts/provisioning/provision-business-partner-r7-fixtures.ts:52; server/db/scripts/provisioning/provision-cirrusatlantic-demo-authorization.ts:248; server/db/scripts/provisioning/provision-development-business-partner-fixtures.ts:324; server/db/scripts/provisioning/provision-development-business-partner-runtime.ts:372; server/db/scripts/provisioning/provision-development-business-partner-runtime.ts:397; server/db/scripts/provisioning/provision-development-phase1-list-fixtures.ts:27; server/db/scripts/provisioning/provision-development-phase1-list-fixtures.ts:63; server/db/scripts/reports/neon-finance-fx-defaults.ts:125; server/db/scripts/seed/build-blueprint-packs.ts:16; server/db/scripts/seed/build-blueprint-packs.ts:25; server/db/scripts/seed/build-blueprint-packs.ts:28; server/db/scripts/tests/integration/atlas/conversation-rls.ts:213; server/db/scripts/tests/integration/atlas/tools-rls.ts:218; server/db/scripts/tests/integration/ci-integrity.ts:477; server/db/scripts/tests/integration/ci-integrity.ts:501; server/db/scripts/tests/integration/ci-integrity.ts:509; server/packages/adapters/experience-postgres/src/index.ts:1010; server/packages/adapters/experience-postgres/src/index.ts:154; server/packages/adapters/experience-postgres/src/index.ts:96; server/packages/platform/control-admin/scripts/compare-feature-cohorts.ts:29; server/packages/platform/iam/src/kysely-permission-resolver.ts:75,artifact presence does not prove domain completeness; see core and field ledgers
master.tenant_profile,False,Platform identity/context dependencies,Retained platform dependency,BF-01,Retain platform scope/profile authority; not Business Partner sections,declared,server/db/ddl/common/master/03_platform_tables.sql:55,True,phase allocation and schema/domain classification; source consumers attached,none in inspected examples,none in current compiled activation,server/db/scripts/provisioning/authorization-pack-applicator.ts:568; server/db/scripts/provisioning/authorization-pack-applicator.ts:577; server/db/scripts/provisioning/authorization-pack-applicator.ts:579; server/db/scripts/provisioning/authorization-pack-applicator.ts:580; server/db/scripts/provisioning/authorization-pack-applicator.ts:581; server/db/scripts/provisioning/authorization-pack-applicator.ts:582; server/db/scripts/provisioning/authorization-pack-applicator.ts:583; server/db/scripts/provisioning/authorization-pack-applicator.ts:587; server/packages/adapters/experience-postgres/src/index.ts:155; server/packages/adapters/experience-postgres/src/index.ts:593; server/packages/adapters/experience-postgres/src/index.ts:97; server/packages/adapters/experience-postgres/src/index.ts:981,artifact presence does not prove domain completeness; see core and field ledgers
master.tenant_relationship,False,Experience/identity/content configuration,Deferred/adjacent; no new BP surface,BP2-00,No direct BP app entity recommended; retain owning domain. Review a concrete field/workflow dependency before expansion.,declared,server/db/ddl/common/master/03_platform_tables.sql:136,True,phase allocation and schema/domain classification; source consumers attached,none in inspected examples,none in current compiled activation,no explicit qualified reference found; inspect dynamic/indirect consumers before removal,artifact presence does not prove domain completeness; see core and field ledgers
master.workspace,False,Experience/identity/content configuration,Deferred/adjacent; no new BP surface,BP2-00,No direct BP app entity recommended; retain owning domain. Review a concrete field/workflow dependency before expansion.,declared,server/db/ddl/common/master/03_platform_tables.sql:199,True,phase allocation and schema/domain classification; source consumers attached,none in inspected examples,none in current compiled activation,no explicit qualified reference found; inspect dynamic/indirect consumers before removal,artifact presence does not prove domain completeness; see core and field ledgers
master.module,False,Experience/identity/content configuration,Deferred/adjacent; no new BP surface,BP2-00,No direct BP app entity recommended; retain owning domain. Review a concrete field/workflow dependency before expansion.,declared,server/db/ddl/common/master/03_platform_tables.sql:235,True,phase allocation and schema/domain classification; source consumers attached,none in inspected examples,none in current compiled activation,server/db/scripts/provisioning/authorization-pack-applicator.ts:604; server/db/scripts/seed/compile-final-authorization-seed-packs.ts:305,artifact presence does not prove domain completeness; see core and field ledgers
master.address,False,Address,Parent-owned collection/reference,BP2-02,"Link-aware related sections and child lookup metadata; preserve owner registry, tenant boundaries and contact verification",declared,server/db/ddl/common/master/03_platform_tables.sql:273,True,phase allocation and schema/domain classification; source consumers attached,address/core,address/core,server/apps/platform-host/scripts/db-verification/business-partner-360/verify-business-partner-360-reads.ts:37; server/db/scripts/provisioning/provision-development-business-partner-fixtures.ts:764; server/packages/services/master-data/src/kysely-business-partner-360-repository.ts:191; server/packages/services/master-data/src/kysely-business-partner-360-repository.ts:477; server/packages/services/master-data/src/kysely-business-partner-360-sections.ts:300; server/packages/services/master-data/src/kysely-master-data-repository.ts:102; server/packages/services/master-data/src/kysely-master-data-repository.ts:104; server/packages/services/master-data/src/kysely-master-data-repository.ts:138; server/packages/services/master-data/src/kysely-master-data-repository.ts:75; server/packages/services/master-data/src/kysely-master-data-repository.ts:82; server/packages/services/master-data/src/kysely-master-data-repository.ts:85; server/packages/services/master-data/src/services.ts:111; server/packages/services/master-data/src/services.ts:120,artifact presence does not prove domain completeness; see core and field ledgers
master.address_link,False,Address,Parent-owned collection/reference,BP2-02,"Link-aware related sections and child lookup metadata; preserve owner registry, tenant boundaries and contact verification",declared,server/db/ddl/common/master/03_platform_tables.sql:385,True,phase allocation and schema/domain classification; source consumers attached,address_link/core; business_partner/core,address_link/core; business_partner/core,server/apps/platform-host/scripts/db-verification/business-partner-360/verify-business-partner-360-reads.ts:38; server/apps/platform-host/scripts/db-verification/business-partner-360/verify-business-partner-360-reads.ts:62; server/db/scripts/provisioning/provision-development-business-partner-fixtures.ts:1245; server/db/scripts/provisioning/provision-development-business-partner-fixtures.ts:780; server/packages/services/master-data/src/kysely-business-partner-360-repository.ts:191; server/packages/services/master-data/src/kysely-business-partner-360-repository.ts:477; server/packages/services/master-data/src/kysely-business-partner-360-sections.ts:300; server/packages/services/master-data/src/kysely-business-partner-360-sections.ts:582; server/packages/services/master-data/src/kysely-master-data-repository.ts:100; server/packages/services/master-data/src/kysely-master-data-repository.ts:112; server/packages/services/master-data/src/kysely-master-data-repository.ts:120; server/packages/services/master-data/src/kysely-master-data-repository.ts:125; server/packages/services/master-data/src/kysely-master-data-repository.ts:138; server/packages/services/master-data/src/kysely-master-data-repository.ts:94; server/packages/services/master-data/src/master-data-authority.ts:28,artifact presence does not prove domain completeness; see core and field ledgers
master.address_event,True,Address,Read-only history,BP2-02,Read-only validation/history timeline; no generic create/update/delete,declared,server/db/ddl/common/master/03_platform_tables.sql:443,True,phase allocation and schema/domain classification; source consumers attached,none in inspected examples,none in current compiled activation,server/apps/platform-host/scripts/db-verification/business-partner-360/verify-business-partner-360-reads.ts:39; server/db/scripts/provisioning/provision-development-business-partner-fixtures.ts:793; server/packages/services/master-data/src/kysely-business-partner-360-sections.ts:307,artifact presence does not prove domain completeness; see core and field ledgers
master.contact_link,False,Contact/person,Parent-owned collection/reference,BP2-03,"Link-aware related sections and child lookup metadata; preserve owner registry, tenant boundaries and contact verification",declared,server/db/ddl/common/master/03_platform_tables.sql:492,True,phase allocation and schema/domain classification; source consumers attached,business_partner/presentation.section.contacts,business_partner/presentation.section.contacts,server/apps/platform-host/scripts/db-verification/business-partner-360/verify-business-partner-360-reads.ts:42; server/apps/platform-host/src/composition/register-services.ts:5249; server/apps/platform-host/src/composition/supplier-process-communications.ts:567; server/db/scripts/provisioning/provision-development-business-partner-fixtures.ts:843; server/db/scripts/provisioning/provision-development-notification-acceptance.ts:21; server/packages/platform/notifications/src/kysely-notification-preferences.ts:110; server/packages/platform/notifications/src/kysely-notification-repositories.ts:89; server/packages/platform/notifications/src/notification-planner.ts:56; server/packages/services/master-data/src/kysely-business-partner-360-repository.ts:198; server/packages/services/master-data/src/kysely-business-partner-360-sections.ts:242; server/packages/services/master-data/src/kysely-master-data-repository.ts:132; server/packages/services/master-data/src/kysely-master-data-repository.ts:24; server/packages/services/master-data/src/kysely-master-data-repository.ts:33; server/packages/services/master-data/src/kysely-master-data-repository.ts:39; server/packages/services/master-data/src/kysely-master-data-repository.ts:46; server/packages/services/master-data/src/kysely-master-data-repository.ts:52; server/packages/services/master-data/src/kysely-master-data-repository.ts:58; server/packages/services/master-data/src/kysely-master-data-repository.ts:68; server/packages/services/master-data/src/master-data-authority.ts:28,artifact presence does not prove domain completeness; see core and field ledgers
master.contact_email,False,Contact/person,Parent-owned collection/reference,BP2-03,"Link-aware related sections and child lookup metadata; preserve owner registry, tenant boundaries and contact verification",declared,server/db/ddl/common/master/03_platform_tables.sql:558,True,phase allocation and schema/domain classification; source consumers attached,business_partner/presentation.section.contacts,business_partner/presentation.section.contacts,server/apps/platform-host/scripts/db-verification/business-partner-360/verify-business-partner-360-reads.ts:43; server/db/scripts/provisioning/provision-development-business-partner-fixtures.ts:860; server/packages/services/master-data/src/kysely-business-partner-360-sections.ts:242,artifact presence does not prove domain completeness; see core and field ledgers
master.contact_phone,False,Contact/person,Parent-owned collection/reference,BP2-03,"Link-aware related sections and child lookup metadata; preserve owner registry, tenant boundaries and contact verification",declared,server/db/ddl/common/master/03_platform_tables.sql:604,True,phase allocation and schema/domain classification; source consumers attached,business_partner/presentation.section.contacts,business_partner/presentation.section.contacts,server/apps/platform-host/scripts/db-verification/business-partner-360/verify-business-partner-360-reads.ts:44; server/db/scripts/provisioning/provision-development-business-partner-fixtures.ts:864; server/packages/services/master-data/src/kysely-business-partner-360-sections.ts:242,artifact presence does not prove domain completeness; see core and field ledgers
master.principal,False,Platform identity/context dependencies,Retained platform dependency,BF-01,Retain platform scope/profile authority; not Business Partner sections,declared,server/db/ddl/common/master/03_platform_tables.sql:636,True,phase allocation and schema/domain classification; source consumers attached,none in inspected examples,none in current compiled activation,server/apps/platform-host/scripts/db-verification/business-partner-360/run-business-partner-360-materialization-evidence.ts:428; server/apps/platform-host/scripts/db-verification/business-partner-360/run-business-partner-360-materialization-evidence.ts:431; server/apps/platform-host/scripts/db-verification/provisioning/publish-development-business-partner-definition.ts:172; server/apps/platform-host/scripts/db-verification/provisioning/publish-development-compiled-entity-runtime.ts:106; server/apps/platform-host/scripts/db-verification/tests/integration/business-partner-case-contract-publication.ts:249; server/apps/platform-host/scripts/db-verification/tests/integration/business-partner-case-contract-publication.ts:48; server/apps/platform-host/scripts/db-verification/tests/integration/business-partner-case-contract-publication.ts:56; server/apps/platform-host/src/composition/business-partner-authorization-deployment.ts:284; server/apps/platform-host/src/composition/entity-release-review-deployment.ts:72; server/apps/platform-host/src/composition/register-platform.ts:1705; server/apps/platform-host/src/composition/register-platform.ts:584; server/apps/platform-host/src/composition/register-services.ts:2666; server/apps/platform-host/src/composition/register-services.ts:7206; server/apps/platform-host/src/composition/register-services.ts:7411; server/apps/platform-host/src/composition/supplier-process-communications.ts:59; server/apps/platform-host/src/monitoring/business-partner-metrics.ts:69; server/db/scripts/business-partner-360/provision-business-partner-360-acceptance-fixtures.ts:36; server/db/scripts/business-partner-360/provision-business-partner-360-acceptance-fixtures.ts:37; server/db/scripts/business-partner-360/run-business-partner-360-performance-evidence.ts:14; server/db/scripts/business-partner-360/run-business-partner-360-security-evidence.ts:23; server/db/scripts/business-partner-360/run-business-partner-s5-certification.ts:206; server/db/scripts/business-partner-360/run-business-partner-s5-certification.ts:55; server/db/scripts/operations/authorization/reset-authorization-clean-slate.ts:86; server/db/scripts/operations/studio/project-meta-entity-admin-identities.ts:126; server/db/scripts/operations/studio/project-meta-entity-admin-identities.ts:145; server/db/scripts/operations/studio/project-meta-entity-admin-identities.ts:174; server/db/scripts/operations/studio/project-meta-entity-admin-identities.ts:206; server/db/scripts/operations/studio/project-meta-entity-admin-identities.ts:89; server/db/scripts/operations/studio/provision-meta-entity-authority.ts:100; server/db/scripts/provisioning/authorization-pack-applicator.ts:394; server/db/scripts/provisioning/authorization-pack-applicator.ts:403; server/db/scripts/provisioning/authorization-pack-applicator.ts:408; server/db/scripts/provisioning/authorization-pack-applicator.ts:770; server/db/scripts/provisioning/authorization-pack-applicator.ts:778; server/db/scripts/provisioning/authorization-pack-applicator.ts:883; server/db/scripts/provisioning/provision-business-partner-r2-fixtures.ts:300; server/db/scripts/provisioning/provision-business-partner-r2-fixtures.ts:67; server/db/scripts/provisioning/provision-business-partner-r3-applicant.ts:42; server/db/scripts/provisioning/provision-business-partner-r5-fixtures.ts:62; server/db/scripts/provisioning/provision-business-partner-r7-fixtures.ts:53; server/db/scripts/provisioning/provision-cirrusatlantic-demo-authorization.ts:249; server/db/scripts/provisioning/provision-cirrusatlantic-demo-authorization.ts:313; server/db/scripts/provisioning/provision-cirrusatlantic-demo-authorization.ts:386; server/db/scripts/provisioning/provision-cirrusatlantic-demo-authorization.ts:399; server/db/scripts/provisioning/provision-cirrusatlantic-demo-authorization.ts:425; server/db/scripts/provisioning/provision-cirrusatlantic-demo-authorization.ts:444; server/db/scripts/provisioning/provision-cirrusatlantic-demo-authorization.ts:462; server/db/scripts/provisioning/provision-development-business-partner-fixtures.ts:1070; server/db/scripts/provisioning/provision-development-business-partner-fixtures.ts:325; server/db/scripts/provisioning/provision-development-business-partner-runtime.ts:397; server/db/scripts/provisioning/provision-development-business-partner-runtime.ts:440; server/db/scripts/provisioning/provision-development-business-partner-runtime.ts:465; server/db/scripts/provisioning/provision-development-northwind-mesh-fixture.ts:291; server/db/scripts/provisioning/provision-development-notification-acceptance.ts:21; server/db/scripts/provisioning/provision-development-phase1-list-fixtures.ts:27; server/db/scripts/provisioning/provision-development-phase1-list-fixtures.ts:40; server/db/scripts/provisioning/provision-development-phase1-list-fixtures.ts:63; server/db/scripts/provisioning/provision-three-tenant-demo-authorization.ts:158; server/db/scripts/reports/neon-authorization-quality.ts:403; server/db/scripts/seed/build-blueprint-packs.ts:20; server/db/scripts/tests/integration/atlas/conversation-rls.ts:225; server/db/scripts/tests/integration/atlas/conversation-rls.ts:231; server/db/scripts/tests/integration/atlas/tools-rls.ts:234; server/db/scripts/tests/integration/atlas/tools-rls.ts:242; server/db/scripts/tests/integration/business-partner-bank-verification.ts:39; server/db/scripts/tests/integration/ci-integrity.ts:301; server/db/scripts/tests/integration/ci-integrity.ts:333; server/db/scripts/tests/integration/ci-integrity.ts:334; server/db/scripts/tests/integration/ci-integrity.ts:408; server/db/scripts/tests/integration/customer-portal-consumer-probe.ts:25; server/packages/adapters/experience-postgres/src/index.ts:98; server/packages/platform/collaboration/src/kysely-collaboration-repository.ts:18; server/packages/platform/control-admin/scripts/compare-feature-cohorts.ts:38; server/packages/platform/iam/src/kysely-context-refresh.ts:27; server/packages/platform/iam/src/kysely-identity-saga.ts:308; server/packages/platform/iam/src/kysely-identity-saga.ts:314; server/packages/platform/iam/src/kysely-identity-saga.ts:320; server/packages/platform/iam/src/kysely-identity-saga.ts:388; server/packages/platform/iam/src/kysely-identity-saga.ts:408; server/packages/platform/iam/src/kysely-permission-resolver.ts:145; server/packages/platform/iam/src/kysely-permission-resolver.ts:76; server/packages/platform/notifications/src/outbox-planning.ts:59; server/packages/services/master-data/src/kysely-business-partner-360-sections.ts:500; server/packages/services/master-data/src/kysely-business-partner-case-repository.ts:1819,artifact presence does not prove domain completeness; see core and field ledgers
master.principal_profile,False,Platform identity/context dependencies,Retained platform dependency,BF-01,Retain platform scope/profile authority; not Business Partner sections,declared,server/db/ddl/common/master/03_platform_tables.sql:685,True,phase allocation and schema/domain classification; source consumers attached,none in inspected examples,none in current compiled activation,server/packages/adapters/experience-postgres/src/index.ts:99,artifact presence does not prove domain completeness; see core and field ledgers
master.principal_identity_binding,False,Platform identity/context dependencies,Retained platform dependency,BF-01,Retain platform scope/profile authority; not Business Partner sections,declared,server/db/ddl/common/master/03_platform_tables.sql:731,True,phase allocation and schema/domain classification; source consumers attached,none in inspected examples,none in current compiled activation,server/apps/platform-host/src/composition/entity-release-review-deployment.ts:72; server/apps/platform-host/src/composition/register-services.ts:7198; server/apps/platform-host/src/composition/register-services.ts:7202; server/db/scripts/checks/seeds/authorization-release-gates.ts:363; server/db/scripts/operations/iam/reconcile-runtime-subjects.ts:46; server/db/scripts/operations/iam/reconcile-runtime-subjects.ts:68; server/db/scripts/operations/iam/reconcile-runtime-subjects.ts:72; server/db/scripts/operations/studio/project-meta-entity-admin-identities.ts:153; server/db/scripts/operations/studio/project-meta-entity-admin-identities.ts:175; server/db/scripts/operations/studio/project-meta-entity-admin-identities.ts:207; server/db/scripts/operations/studio/project-meta-entity-admin-identities.ts:90; server/db/scripts/provisioning/authorization-pack-applicator.ts:781; server/db/scripts/provisioning/authorization-pack-applicator.ts:801; server/db/scripts/provisioning/authorization-pack-applicator.ts:809; server/db/scripts/provisioning/authorization-pack-applicator.ts:814; server/db/scripts/provisioning/authorization-pack-applicator.ts:882; server/db/scripts/provisioning/provision-business-partner-r3-applicant.ts:102; server/db/scripts/provisioning/provision-business-partner-r3-applicant.ts:47; server/db/scripts/provisioning/provision-cirrusatlantic-demo-authorization.ts:312; server/db/scripts/provisioning/provision-three-tenant-demo-authorization.ts:236; server/db/scripts/provisioning/verify-three-plane-contexts.ts:51; server/db/scripts/reports/neon-authorization-quality.ts:393; server/packages/adapters/experience-postgres/src/index.ts:80; server/packages/adapters/experience-postgres/src/index.ts:84; server/packages/platform/iam/src/kysely-identity-saga.ts:326; server/packages/platform/iam/src/kysely-identity-saga.ts:330; server/packages/platform/iam/src/kysely-identity-saga.ts:401,artifact presence does not prove domain completeness; see core and field ledgers
master.principal_ui_profile,False,Platform identity/context dependencies,Retained platform dependency,BF-01,Retain platform scope/profile authority; not Business Partner sections,declared,server/db/ddl/common/master/03_platform_tables.sql:812,True,phase allocation and schema/domain classification; source consumers attached,none in inspected examples,none in current compiled activation,server/packages/adapters/experience-postgres/src/index.ts:156; server/packages/adapters/experience-postgres/src/index.ts:647,artifact presence does not prove domain completeness; see core and field ledgers
master.principal_ui_preference,False,Experience/identity/content configuration,Deferred/adjacent; no new BP surface,BP2-00,No direct BP app entity recommended; retain owning domain. Review a concrete field/workflow dependency before expansion.,declared,server/db/ddl/common/master/03_platform_tables.sql:854,True,phase allocation and schema/domain classification; source consumers attached,none in inspected examples,none in current compiled activation,server/packages/platform/preferences/src/kysely-saved-view-repository.ts:100; server/packages/platform/preferences/src/kysely-saved-view-repository.ts:107; server/packages/platform/preferences/src/kysely-saved-view-repository.ts:116; server/packages/platform/preferences/src/kysely-saved-view-repository.ts:124; server/packages/platform/preferences/src/kysely-saved-view-repository.ts:82; server/packages/platform/preferences/src/kysely-saved-view-repository.ts:89; server/packages/platform/preferences/src/kysely-saved-view-repository.ts:90; server/packages/platform/preferences/src/kysely-saved-view-repository.ts:91,artifact presence does not prove domain completeness; see core and field ledgers
master.principal_notification_preference,False,Experience/identity/content configuration,Deferred/adjacent; no new BP surface,BP2-00,No direct BP app entity recommended; retain owning domain. Review a concrete field/workflow dependency before expansion.,declared,server/db/ddl/common/master/03_platform_tables.sql:887,True,phase allocation and schema/domain classification; source consumers attached,none in inspected examples,none in current compiled activation,server/apps/platform-host/src/composition/supplier-process-communications.ts:551; server/packages/platform/notifications/src/kysely-notification-preferences.ts:31; server/packages/platform/notifications/src/kysely-notification-preferences.ts:36; server/packages/platform/notifications/src/kysely-notification-preferences.ts:39; server/packages/platform/notifications/src/kysely-notification-preferences.ts:58; server/packages/platform/notifications/src/notification-planner.ts:55,artifact presence does not prove domain completeness; see core and field ledgers
master.saved_view,False,Shared experience dependencies,Retained shared experience dependency,BF-02,Reuse shared record/lookup facilities; no new BP-specific copies,declared,server/db/ddl/common/master/03_platform_tables.sql:921,True,phase allocation and schema/domain classification; source consumers attached,none in inspected examples,none in current compiled activation,server/packages/platform/preferences/src/kysely-saved-view-repository.ts:136; server/packages/platform/preferences/src/kysely-saved-view-repository.ts:20; server/packages/platform/preferences/src/kysely-saved-view-repository.ts:34; server/packages/platform/preferences/src/kysely-saved-view-repository.ts:48; server/packages/platform/preferences/src/kysely-saved-view-repository.ts:63; server/packages/platform/preferences/src/kysely-saved-view-repository.ts:71,artifact presence does not prove domain completeness; see core and field ledgers
master.record_bookmark,False,Shared experience dependencies,Retained shared experience dependency,BF-02,Reuse shared record/lookup facilities; no new BP-specific copies,declared,server/db/ddl/common/master/03_platform_tables.sql:984,True,phase allocation and schema/domain classification; source consumers attached,none in inspected examples,none in current compiled activation,server/packages/services/records/src/bookmarks/record-bookmark-service.ts:129; server/packages/services/records/src/bookmarks/record-bookmark-service.ts:235; server/packages/services/records/src/bookmarks/record-bookmark-service.ts:255; server/packages/services/records/src/bookmarks/record-bookmark-service.ts:88,artifact presence does not prove domain completeness; see core and field ledgers
master.external_reference,False,Shared experience dependencies,Retained shared experience dependency,BF-02,Reuse shared record/lookup facilities; no new BP-specific copies,declared,server/db/ddl/common/master/03_platform_tables.sql:1012,True,phase allocation and schema/domain classification; source consumers attached,none in inspected examples,none in current compiled activation,server/db/scripts/business-partner-360/backfill-mesh-external-reference-codes.ts:21; server/db/scripts/business-partner-360/backfill-mesh-external-reference-codes.ts:39; server/packages/planes/neon/src/business-partner-account-bank-linkage.ts:223; server/packages/planes/neon/src/business-partner-account-bank-linkage.ts:238; server/packages/planes/neon/src/business-partner-account-bank-linkage.ts:242; server/packages/services/master-data/src/kysely-business-partner-360-sections.ts:146; server/packages/services/master-data/src/kysely-business-partner-360-sections.ts:431,artifact presence does not prove domain completeness; see core and field ledgers
master.team,False,Experience/identity/content configuration,Deferred/adjacent; no new BP surface,BP2-00,No direct BP app entity recommended; retain owning domain. Review a concrete field/workflow dependency before expansion.,declared,server/db/ddl/common/master/03_platform_tables.sql:1066,True,phase allocation and schema/domain classification; source consumers attached,none in inspected examples,none in current compiled activation,no explicit qualified reference found; inspect dynamic/indirect consumers before removal,artifact presence does not prove domain completeness; see core and field ledgers
master.team_member,False,Experience/identity/content configuration,Deferred/adjacent; no new BP surface,BP2-00,No direct BP app entity recommended; retain owning domain. Review a concrete field/workflow dependency before expansion.,declared,server/db/ddl/common/master/03_platform_tables.sql:1111,True,phase allocation and schema/domain classification; source consumers attached,none in inspected examples,none in current compiled activation,server/packages/platform/workflow/src/work-item-eligibility-sql.ts:8,artifact presence does not prove domain completeness; see core and field ledgers
master.brand_profile,False,Experience/identity/content configuration,Deferred/adjacent; no new BP surface,BP2-00,No direct BP app entity recommended; retain owning domain. Review a concrete field/workflow dependency before expansion.,declared,server/db/ddl/common/master/03_platform_tables.sql:1146,True,phase allocation and schema/domain classification; source consumers attached,none in inspected examples,none in current compiled activation,no explicit qualified reference found; inspect dynamic/indirect consumers before removal,artifact presence does not prove domain completeness; see core and field ledgers
master.letterhead,False,Experience/identity/content configuration,Deferred/adjacent; no new BP surface,BP2-00,No direct BP app entity recommended; retain owning domain. Review a concrete field/workflow dependency before expansion.,declared,server/db/ddl/common/master/03_platform_tables.sql:1180,True,phase allocation and schema/domain classification; source consumers attached,none in inspected examples,none in current compiled activation,server/packages/services/documents/src/kysely-document-repositories.ts:41,artifact presence does not prove domain completeness; see core and field ledgers
master.print_profile,False,Experience/identity/content configuration,Deferred/adjacent; no new BP surface,BP2-00,No direct BP app entity recommended; retain owning domain. Review a concrete field/workflow dependency before expansion.,declared,server/db/ddl/common/master/03_platform_tables.sql:1225,True,phase allocation and schema/domain classification; source consumers attached,none in inspected examples,none in current compiled activation,server/packages/services/documents/src/kysely-document-repositories.ts:39,artifact presence does not prove domain completeness; see core and field ledgers
master.template,False,Experience/identity/content configuration,Deferred/adjacent; no new BP surface,BP2-00,No direct BP app entity recommended; retain owning domain. Review a concrete field/workflow dependency before expansion.,declared,server/db/ddl/common/master/03_platform_tables.sql:1258,True,phase allocation and schema/domain classification; source consumers attached,none in inspected examples,none in current compiled activation,server/packages/platform/control-admin/src/cycle/process-selection-catalog.ts:154; server/packages/services/documents/src/kysely-document-repositories.ts:19; server/packages/services/documents/src/kysely-document-repositories.ts:34,artifact presence does not prove domain completeness; see core and field ledgers
master.template_binding,False,Experience/identity/content configuration,Deferred/adjacent; no new BP surface,BP2-00,No direct BP app entity recommended; retain owning domain. Review a concrete field/workflow dependency before expansion.,declared,server/db/ddl/common/master/03_platform_tables.sql:1292,True,phase allocation and schema/domain classification; source consumers attached,none in inspected examples,none in current compiled activation,server/packages/platform/control-admin/src/cycle/process-selection-catalog.ts:155; server/packages/services/documents/src/kysely-document-repositories.ts:19; server/packages/services/documents/src/kysely-document-repositories.ts:33,artifact presence does not prove domain completeness; see core and field ledgers
master.legal_entity,False,Partner role/company context,Retained dependency/authorized lookup,BP2-06,Authorized context/lookups reused by BP; do not copy organization management into partner CRUD,declared,server/db/ddl/planes/neon/master/03_tables.sql:6,True,phase allocation and schema/domain classification; source consumers attached,none in inspected examples,none in current compiled activation,server/apps/platform-host/src/composition/register-platform.ts:1480; server/apps/platform-host/src/composition/register-services.ts:4048; server/db/scripts/provisioning/authorization-pack-applicator.ts:478; server/db/scripts/provisioning/authorization-pack-applicator.ts:487; server/db/scripts/provisioning/authorization-pack-applicator.ts:489; server/db/scripts/provisioning/authorization-pack-applicator.ts:490; server/db/scripts/provisioning/authorization-pack-applicator.ts:491; server/db/scripts/provisioning/authorization-pack-applicator.ts:494; server/db/scripts/provisioning/authorization-pack-applicator.ts:501; server/db/scripts/provisioning/authorization-pack-applicator.ts:857; server/db/scripts/provisioning/neon-scenario-foundation.ts:26; server/db/scripts/provisioning/provision-cirrusatlantic-demo-authorization.ts:256; server/db/scripts/seed/build-blueprint-packs.ts:22; server/db/scripts/seed/build-blueprint-packs.ts:28; server/db/scripts/seed/neon-authorization-inventory-model.ts:311; server/packages/adapters/experience-postgres/src/index.ts:327; server/packages/adapters/experience-postgres/src/index.ts:362; server/packages/services/master-data/src/business-partner-display-references.ts:6,artifact presence does not prove domain completeness; see core and field ledgers
master.company_code,False,Partner role/company context,Retained dependency/authorized lookup,BP2-06,Authorized context/lookups reused by BP; do not copy organization management into partner CRUD,declared,server/db/ddl/planes/neon/master/03_tables.sql:71,True,phase allocation and schema/domain classification; source consumers attached,none in inspected examples,none in current compiled activation,server/apps/platform-host/scripts/db-verification/business-partner-360/verify-business-partner-360-reads.ts:59; server/apps/platform-host/src/composition/business-partner-authorization-shadow.ts:607; server/apps/platform-host/src/composition/business-partner-stored-scopes.ts:121; server/apps/platform-host/src/composition/register-services.ts:4049; server/db/scripts/business-partner-360/provision-business-partner-360-acceptance-fixtures.ts:41; server/db/scripts/business-partner-360/run-business-partner-360-security-evidence.ts:37; server/db/scripts/business-partner-360/run-business-partner-360-security-evidence.ts:38; server/db/scripts/business-partner-360/run-business-partner-360-security-evidence.ts:79; server/db/scripts/provisioning/neon-scenario-foundation.ts:107; server/db/scripts/provisioning/neon-scenario-foundation.ts:199; server/db/scripts/provisioning/neon-scenario-foundation.ts:30; server/db/scripts/provisioning/neon-scenario-foundation.ts:39; server/db/scripts/provisioning/neon-scenario-foundation.ts:40; server/db/scripts/provisioning/neon-scenario-foundation.ts:41; server/db/scripts/provisioning/neon-scenario-foundation.ts:42; server/db/scripts/provisioning/provision-business-partner-r2-fixtures.ts:269; server/db/scripts/provisioning/provision-business-partner-r5-fixtures.ts:65; server/db/scripts/provisioning/provision-business-partner-r7-fixtures.ts:55; server/db/scripts/provisioning/provision-cirrusatlantic-demo-authorization.ts:257; server/db/scripts/provisioning/provision-cirrusatlantic-demo-authorization.ts:260; server/db/scripts/provisioning/provision-cirrusatlantic-demo-authorization.ts:289; server/db/scripts/provisioning/provision-development-business-partner-fixtures.ts:650; server/db/scripts/provisioning/provision-three-tenant-demo-authorization.ts:197; server/db/scripts/reports/neon-finance-fx-defaults.ts:83; server/db/scripts/seed/build-blueprint-packs.ts:22; server/db/scripts/seed/build-blueprint-packs.ts:25; server/db/scripts/seed/build-blueprint-packs.ts:28; server/db/scripts/seed/neon-authorization-inventory-model.ts:312; server/packages/adapters/experience-postgres/src/index.ts:327; server/packages/adapters/experience-postgres/src/index.ts:433; server/packages/services/finance/src/ledger/business-partner-journal-activity.ts:52; server/packages/services/master-data/src/business-partner-display-references.ts:5; server/packages/services/master-data/src/kysely-business-partner-360-commercial-controls.ts:170; server/packages/services/master-data/src/kysely-business-partner-360-commercial-controls.ts:242; server/packages/services/master-data/src/kysely-business-partner-360-repository.ts:97; server/packages/services/master-data/src/kysely-business-partner-360-role-sections.ts:352; server/packages/services/master-data/src/kysely-business-partner-eligibility-repository.ts:589,artifact presence does not prove domain completeness; see core and field ledgers
master.tax_jurisdiction,False,Business Partner identity,Entity collection/reference dependency,BP2-04,Partner identifier/tax collections with jurisdiction/type lookups; organizational registrations stay organization-owned,declared,server/db/ddl/planes/neon/master/03_tables.sql:115,True,phase allocation and schema/domain classification; source consumers attached,none in inspected examples,none in current compiled activation,server/apps/platform-host/scripts/db-verification/business-partner-360/run-business-partner-360-materialization-evidence.ts:474; server/apps/platform-host/src/composition/register-services.ts:5366; server/db/scripts/provisioning/provision-development-business-partner-fixtures.ts:885; server/db/scripts/provisioning/provision-development-business-partner-fixtures.ts:899; server/db/scripts/seed/build-blueprint-packs.ts:17; server/packages/services/master-data/src/kysely-business-partner-360-repository.ts:203; server/packages/services/master-data/src/kysely-business-partner-360-sections.ts:428,artifact presence does not prove domain completeness; see core and field ledgers
master.condition_type,False,Finance/treasury/tax,Deferred/adjacent; no new BP surface,BP2-00,No direct BP app entity recommended; retain owning domain. Review a concrete field/workflow dependency before expansion.,declared,server/db/ddl/planes/neon/master/03_tables.sql:186,True,phase allocation and schema/domain classification; source consumers attached,none in inspected examples,none in current compiled activation,no explicit qualified reference found; inspect dynamic/indirect consumers before removal,artifact presence does not prove domain completeness; see core and field ledgers
master.tax_type,False,Business Partner identity,Entity collection/reference dependency,BP2-04,Partner identifier/tax collections with jurisdiction/type lookups; organizational registrations stay organization-owned,declared,server/db/ddl/planes/neon/master/03_tables.sql:298,True,phase allocation and schema/domain classification; source consumers attached,none in inspected examples,none in current compiled activation,server/apps/platform-host/src/composition/register-services.ts:5366; server/db/scripts/seed/build-blueprint-packs.ts:17; server/packages/services/finance/src/tax/kysely-tax-configuration.ts:15,artifact presence does not prove domain completeness; see core and field ledgers
master.organization_tax_registration,False,Business Partner identity,Retained organization-owned reference; no BP CRUD,BP2-04,Partner identifier/tax collections with jurisdiction/type lookups; organizational registrations stay organization-owned,declared,server/db/ddl/planes/neon/master/03_tables.sql:344,True,phase allocation and schema/domain classification; source consumers attached,none in inspected examples,none in current compiled activation,no explicit qualified reference found; inspect dynamic/indirect consumers before removal,artifact presence does not prove domain completeness; see core and field ledgers
master.operating_organization,False,Partner role/company context,Retained dependency/authorized lookup,BP2-06,Authorized context/lookups reused by BP; do not copy organization management into partner CRUD,declared,server/db/ddl/planes/neon/master/03_tables.sql:384,True,phase allocation and schema/domain classification; source consumers attached,none in inspected examples,none in current compiled activation,server/apps/platform-host/scripts/db-verification/business-partner-360/run-business-partner-360-materialization-evidence.ts:436; server/apps/platform-host/scripts/db-verification/business-partner-360/verify-business-partner-360-reads.ts:60; server/apps/platform-host/scripts/db-verification/tests/integration/business-partner-r2-scope.ts:27; server/apps/platform-host/src/composition/business-partner-authorization-shadow.ts:598; server/apps/platform-host/src/composition/business-partner-stored-scopes.ts:112; server/apps/platform-host/src/composition/register-platform.ts:1480; server/db/scripts/business-partner-360/provision-business-partner-360-acceptance-fixtures.ts:38; server/db/scripts/business-partner-360/provision-business-partner-360-acceptance-fixtures.ts:39; server/db/scripts/business-partner-360/provision-business-partner-360-acceptance-fixtures.ts:45; server/db/scripts/provisioning/neon-scenario-foundation.ts:106; server/db/scripts/provisioning/neon-scenario-foundation.ts:68; server/db/scripts/provisioning/neon-scenario-foundation.ts:75; server/db/scripts/provisioning/neon-scenario-foundation.ts:76; server/db/scripts/provisioning/neon-scenario-foundation.ts:77; server/db/scripts/provisioning/neon-scenario-foundation.ts:85; server/db/scripts/provisioning/provision-business-partner-r2-fixtures.ts:216; server/db/scripts/provisioning/provision-business-partner-r2-fixtures.ts:223; server/db/scripts/provisioning/provision-business-partner-r2-fixtures.ts:68; server/db/scripts/provisioning/provision-business-partner-r5-fixtures.ts:63; server/db/scripts/provisioning/provision-cirrusatlantic-demo-authorization.ts:258; server/db/scripts/provisioning/provision-cirrusatlantic-demo-authorization.ts:261; server/db/scripts/provisioning/provision-development-business-partner-fixtures.ts:1133; server/db/scripts/provisioning/provision-development-business-partner-fixtures.ts:343; server/db/scripts/provisioning/provision-development-business-partner-fixtures.ts:352; server/db/scripts/provisioning/provision-development-business-partner-fixtures.ts:494; server/db/scripts/provisioning/provision-development-business-partner-fixtures.ts:572; server/db/scripts/provisioning/provision-development-business-partner-fixtures.ts:648; server/db/scripts/provisioning/provision-three-tenant-demo-authorization.ts:203; server/db/scripts/seed/neon-authorization-inventory-model.ts:313; server/packages/adapters/experience-postgres/src/index.ts:406; server/packages/adapters/experience-postgres/src/index.ts:413; server/packages/adapters/experience-postgres/src/index.ts:430; server/packages/planes/neon/src/business-partner-account-bank-linkage.ts:71; server/packages/services/finance/src/ledger/business-partner-journal-activity.ts:53; server/packages/services/master-data/src/business-partner-display-references.ts:4; server/packages/services/master-data/src/kysely-business-partner-360-repository.ts:81; server/packages/services/master-data/src/kysely-business-partner-360-role-sections.ts:349; server/packages/services/master-data/src/kysely-business-partner-case-repository.ts:486; server/packages/services/master-data/src/kysely-business-partner-eligibility-repository.ts:583; server/packages/services/master-data/src/master-data-authority.ts:26; server/packages/services/master-data/src/master-data-authority.ts:54,artifact presence does not prove domain completeness; see core and field ledgers
master.procurement_organization_profile,False,Partner role/company context,Retained dependency/authorized lookup,BP2-06,Authorized context/lookups reused by BP; do not copy organization management into partner CRUD,declared,server/db/ddl/planes/neon/master/03_tables.sql:430,True,phase allocation and schema/domain classification; source consumers attached,none in inspected examples,none in current compiled activation,server/db/scripts/provisioning/provision-business-partner-r2-fixtures.ts:257; server/db/scripts/provisioning/provision-business-partner-r2-fixtures.ts:258; server/packages/adapters/experience-postgres/src/index.ts:434,artifact presence does not prove domain completeness; see core and field ledgers
master.sales_organization_profile,False,Partner role/company context,Retained dependency/authorized lookup,BP2-06,Authorized context/lookups reused by BP; do not copy organization management into partner CRUD,declared,server/db/ddl/planes/neon/master/03_tables.sql:450,True,phase allocation and schema/domain classification; source consumers attached,none in inspected examples,none in current compiled activation,server/db/scripts/provisioning/provision-business-partner-r2-fixtures.ts:268; server/packages/adapters/experience-postgres/src/index.ts:435,artifact presence does not prove domain completeness; see core and field ledgers
master.operating_organization_company_assignment,False,Partner role/company context,Retained dependency/authorized lookup,BP2-06,Authorized context/lookups reused by BP; do not copy organization management into partner CRUD,declared,server/db/ddl/planes/neon/master/03_tables.sql:471,True,phase allocation and schema/domain classification; source consumers attached,none in inspected examples,none in current compiled activation,server/apps/platform-host/src/composition/business-partner-authorization-shadow.ts:617; server/apps/platform-host/src/composition/business-partner-stored-scopes.ts:131; server/db/scripts/business-partner-360/provision-business-partner-360-acceptance-fixtures.ts:40; server/db/scripts/business-partner-360/run-business-partner-360-security-evidence.ts:37; server/db/scripts/business-partner-360/run-business-partner-360-security-evidence.ts:79; server/db/scripts/provisioning/neon-scenario-foundation.ts:111; server/db/scripts/provisioning/neon-scenario-foundation.ts:118; server/db/scripts/provisioning/neon-scenario-foundation.ts:119; server/db/scripts/provisioning/neon-scenario-foundation.ts:120; server/db/scripts/provisioning/provision-business-partner-r2-fixtures.ts:236; server/db/scripts/provisioning/provision-business-partner-r2-fixtures.ts:245; server/db/scripts/provisioning/provision-business-partner-r5-fixtures.ts:64; server/db/scripts/provisioning/provision-cirrusatlantic-demo-authorization.ts:259; server/db/scripts/provisioning/provision-development-business-partner-fixtures.ts:1134; server/db/scripts/provisioning/provision-development-business-partner-fixtures.ts:649; server/packages/adapters/experience-postgres/src/index.ts:431; server/packages/services/finance/src/ledger/business-partner-journal-activity.ts:51; server/packages/services/master-data/src/kysely-business-partner-360-repository.ts:97; server/packages/services/master-data/src/kysely-business-partner-360-role-sections.ts:350; server/packages/services/master-data/src/kysely-business-partner-case-repository.ts:496; server/packages/services/master-data/src/kysely-business-partner-eligibility-repository.ts:590; server/packages/services/master-data/src/kysely-business-partner-eligibility-repository.ts:668,artifact presence does not prove domain completeness; see core and field ledgers
master.org_unit,False,External workforce,Retained dependency/authorized lookup,BP2-12,Authorized job/site/organization reference selectors; optional HR dimensions only where the workflow requires them,declared,server/db/ddl/planes/neon/master/03_tables.sql:502,True,phase allocation and schema/domain classification; source consumers attached,none in inspected examples,none in current compiled activation,server/apps/platform-host/src/composition/register-services.ts:4050; server/db/scripts/provisioning/neon-scenario-foundation.ts:153; server/db/scripts/provisioning/neon-scenario-foundation.ts:160; server/db/scripts/provisioning/neon-scenario-foundation.ts:161; server/db/scripts/provisioning/neon-scenario-foundation.ts:169; server/db/scripts/seed/build-blueprint-packs.ts:22; server/db/scripts/seed/build-blueprint-packs.ts:28,artifact presence does not prove domain completeness; see core and field ledgers
master.profit_center,False,External workforce,Retained dependency/authorized lookup,BP2-12,Authorized job/site/organization reference selectors; optional HR dimensions only where the workflow requires them,declared,server/db/ddl/planes/neon/master/03_tables.sql:546,True,phase allocation and schema/domain classification; source consumers attached,none in inspected examples,none in current compiled activation,no explicit qualified reference found; inspect dynamic/indirect consumers before removal,artifact presence does not prove domain completeness; see core and field ledgers
master.cost_center,False,External workforce,Retained dependency/authorized lookup,BP2-12,Authorized job/site/organization reference selectors; optional HR dimensions only where the workflow requires them,declared,server/db/ddl/planes/neon/master/03_tables.sql:597,True,phase allocation and schema/domain classification; source consumers attached,none in inspected examples,none in current compiled activation,no explicit qualified reference found; inspect dynamic/indirect consumers before removal,artifact presence does not prove domain completeness; see core and field ledgers
master.dimension_type,False,Finance/treasury/tax,Deferred/adjacent; no new BP surface,BP2-00,No direct BP app entity recommended; retain owning domain. Review a concrete field/workflow dependency before expansion.,declared,server/db/ddl/planes/neon/master/03_tables.sql:650,True,phase allocation and schema/domain classification; source consumers attached,none in inspected examples,none in current compiled activation,no explicit qualified reference found; inspect dynamic/indirect consumers before removal,artifact presence does not prove domain completeness; see core and field ledgers
master.dimension_value,False,Finance/treasury/tax,Deferred/adjacent; no new BP surface,BP2-00,No direct BP app entity recommended; retain owning domain. Review a concrete field/workflow dependency before expansion.,declared,server/db/ddl/planes/neon/master/03_tables.sql:691,True,phase allocation and schema/domain classification; source consumers attached,none in inspected examples,none in current compiled activation,no explicit qualified reference found; inspect dynamic/indirect consumers before removal,artifact presence does not prove domain completeness; see core and field ledgers
master.dimension_set,False,Finance/treasury/tax,Deferred/adjacent; no new BP surface,BP2-00,No direct BP app entity recommended; retain owning domain. Review a concrete field/workflow dependency before expansion.,declared,server/db/ddl/planes/neon/master/03_tables.sql:740,True,phase allocation and schema/domain classification; source consumers attached,none in inspected examples,none in current compiled activation,no explicit qualified reference found; inspect dynamic/indirect consumers before removal,artifact presence does not prove domain completeness; see core and field ledgers
master.dimension_set_item,False,Finance/treasury/tax,Deferred/adjacent; no new BP surface,BP2-00,No direct BP app entity recommended; retain owning domain. Review a concrete field/workflow dependency before expansion.,declared,server/db/ddl/planes/neon/master/03_tables.sql:758,True,phase allocation and schema/domain classification; source consumers attached,none in inspected examples,none in current compiled activation,no explicit qualified reference found; inspect dynamic/indirect consumers before removal,artifact presence does not prove domain completeness; see core and field ledgers
master.accounting_profile,False,Partner role/company context,Retained dependency/authorized lookup,BP2-06,Supplier/customer company profile lookups; subordinate payment terms and finance-maintained account constraints,declared,server/db/ddl/planes/neon/master/03_tables.sql:777,True,phase allocation and schema/domain classification; source consumers attached,none in inspected examples,none in current compiled activation,server/db/scripts/seed/build-blueprint-packs.ts:27,artifact presence does not prove domain completeness; see core and field ledgers
master.chart_of_account,False,Finance/treasury/tax,Deferred/adjacent; no new BP surface,BP2-00,No direct BP app entity recommended; retain owning domain. Review a concrete field/workflow dependency before expansion.,declared,server/db/ddl/planes/neon/master/03_tables.sql:820,True,phase allocation and schema/domain classification; source consumers attached,none in inspected examples,none in current compiled activation,server/db/scripts/provisioning/neon-scenario-foundation.ts:188; server/db/scripts/seed/build-blueprint-packs.ts:21,artifact presence does not prove domain completeness; see core and field ledgers
master.gl_account,False,Partner role/company context,Retained dependency/authorized lookup,BP2-06,Supplier/customer company profile lookups; subordinate payment terms and finance-maintained account constraints,declared,server/db/ddl/planes/neon/master/03_tables.sql:856,True,phase allocation and schema/domain classification; source consumers attached,none in inspected examples,none in current compiled activation,server/db/scripts/seed/build-blueprint-packs.ts:21,artifact presence does not prove domain completeness; see core and field ledgers
master.ledger_book,False,Finance/treasury/tax,Deferred/adjacent; no new BP surface,BP2-00,No direct BP app entity recommended; retain owning domain. Review a concrete field/workflow dependency before expansion.,declared,server/db/ddl/planes/neon/master/03_tables.sql:914,True,phase allocation and schema/domain classification; source consumers attached,none in inspected examples,none in current compiled activation,server/db/scripts/provisioning/neon-scenario-foundation.ts:203; server/db/scripts/reports/neon-finance-fx-defaults.ts:47; server/db/scripts/seed/build-blueprint-packs.ts:28; server/packages/services/finance/src/shared/kysely-finance-foundation.ts:65; server/packages/services/finance/src/shared/kysely-finance-foundation.ts:88,artifact presence does not prove domain completeness; see core and field ledgers
master.company_code_chart_assignment,False,Finance/treasury/tax,Deferred/adjacent; no new BP surface,BP2-00,No direct BP app entity recommended; retain owning domain. Review a concrete field/workflow dependency before expansion.,declared,server/db/ddl/planes/neon/master/03_tables.sql:959,True,phase allocation and schema/domain classification; source consumers attached,none in inspected examples,none in current compiled activation,server/db/scripts/provisioning/neon-scenario-foundation.ts:213,artifact presence does not prove domain completeness; see core and field ledgers
master.company_code_book_assignment,False,Finance/treasury/tax,Deferred/adjacent; no new BP surface,BP2-00,No direct BP app entity recommended; retain owning domain. Review a concrete field/workflow dependency before expansion.,declared,server/db/ddl/planes/neon/master/03_tables.sql:991,True,phase allocation and schema/domain classification; source consumers attached,none in inspected examples,none in current compiled activation,server/db/scripts/provisioning/neon-scenario-foundation.ts:223; server/db/scripts/reports/neon-finance-fx-defaults.ts:46; server/packages/services/finance/src/shared/kysely-finance-foundation.ts:66; server/packages/services/finance/src/shared/kysely-finance-foundation.ts:88,artifact presence does not prove domain completeness; see core and field ledgers
master.fiscal_period,False,Finance/treasury/tax,Deferred/adjacent; no new BP surface,BP2-00,No direct BP app entity recommended; retain owning domain. Review a concrete field/workflow dependency before expansion.,declared,server/db/ddl/planes/neon/master/03_tables.sql:1030,True,phase allocation and schema/domain classification; source consumers attached,none in inspected examples,none in current compiled activation,server/db/scripts/provisioning/neon-scenario-foundation.ts:238; server/packages/services/finance/src/numbering/kysely-numbering-repository.ts:30; server/packages/services/finance/src/shared/kysely-finance-foundation.ts:64,artifact presence does not prove domain completeness; see core and field ledgers
master.fx_rate,False,Finance/treasury/tax,Deferred/adjacent; no new BP surface,BP2-00,No direct BP app entity recommended; retain owning domain. Review a concrete field/workflow dependency before expansion.,declared,server/db/ddl/planes/neon/master/03_tables.sql:1110,True,phase allocation and schema/domain classification; source consumers attached,none in inspected examples,none in current compiled activation,server/db/scripts/reports/neon-finance-fx-defaults.ts:103; server/db/scripts/seed/build-blueprint-packs.ts:17,artifact presence does not prove domain completeness; see core and field ledgers
master.company_code_dimension_default,False,Finance/treasury/tax,Deferred/adjacent; no new BP surface,BP2-00,No direct BP app entity recommended; retain owning domain. Review a concrete field/workflow dependency before expansion.,declared,server/db/ddl/planes/neon/master/03_tables.sql:1156,True,phase allocation and schema/domain classification; source consumers attached,none in inspected examples,none in current compiled activation,no explicit qualified reference found; inspect dynamic/indirect consumers before removal,artifact presence does not prove domain completeness; see core and field ledgers
master.company_code_gl_account,False,Partner role/company context,Retained dependency/authorized lookup,BP2-06,Supplier/customer company profile lookups; subordinate payment terms and finance-maintained account constraints,declared,server/db/ddl/planes/neon/master/03_tables.sql:1189,True,phase allocation and schema/domain classification; source consumers attached,none in inspected examples,none in current compiled activation,no explicit qualified reference found; inspect dynamic/indirect consumers before removal,artifact presence does not prove domain completeness; see core and field ledgers
master.bank_provisional_reference,True,Banking,Protected projection/governed operation,BP2-09,Masked Banking projection with usage and company acceptance; verification/resolution through governed operations,declared,server/db/ddl/planes/neon/master/03_tables.sql:1242,True,phase allocation and schema/domain classification; source consumers attached,none in inspected examples,none in current compiled activation,no explicit qualified reference found; inspect dynamic/indirect consumers before removal,artifact presence does not prove domain completeness; see core and field ledgers
master.bank_account,False,Banking,Protected projection/governed operation,BP2-09,Masked Banking projection with usage and company acceptance; verification/resolution through governed operations,declared,server/db/ddl/planes/neon/master/03_tables.sql:1258,True,phase allocation and schema/domain classification; source consumers attached,business_partner_banking/core,business_partner_banking/core,server/db/scripts/provisioning/provision-development-business-partner-fixtures.ts:957; server/db/scripts/reports/neon-finance-fx-defaults.ts:60; server/db/scripts/tests/integration/business-partner-bank-verification.ts:45; server/packages/planes/neon/src/business-partner-account-bank-linkage.ts:109; server/packages/planes/neon/src/business-partner-account-bank-linkage.ts:112; server/packages/planes/neon/src/business-partner-account-bank-linkage.ts:119; server/packages/planes/neon/src/business-partner-account-bank-linkage.ts:123; server/packages/planes/neon/src/business-partner-account-bank-linkage.ts:124; server/packages/planes/neon/src/business-partner-account-bank-linkage.ts:387; server/packages/planes/neon/src/business-partner-account-bank-linkage.ts:96; server/packages/services/master-data/src/business-partner-360-service.ts:1479; server/packages/services/master-data/src/kysely-business-partner-360-bank-reveal.ts:3; server/packages/services/master-data/src/kysely-business-partner-360-commercial-controls.ts:162; server/packages/services/master-data/src/kysely-business-partner-eligibility-repository.ts:711; server/packages/services/master-data/src/kysely-business-partner-eligibility-repository.ts:715,artifact presence does not prove domain completeness; see core and field ledgers
master.bank_account_link,True,Banking,Protected projection/governed operation,BP2-09,Masked Banking projection with usage and company acceptance; verification/resolution through governed operations,declared,server/db/ddl/planes/neon/master/03_tables.sql:1361,True,phase allocation and schema/domain classification; source consumers attached,none in inspected examples,none in current compiled activation,server/db/scripts/provisioning/provision-development-business-partner-fixtures.ts:1153; server/db/scripts/provisioning/provision-development-business-partner-fixtures.ts:1249; server/db/scripts/provisioning/provision-development-business-partner-fixtures.ts:975; server/db/scripts/reports/neon-finance-fx-defaults.ts:59; server/db/scripts/tests/integration/business-partner-bank-verification.ts:48; server/packages/planes/neon/src/business-partner-account-bank-linkage.ts:111; server/packages/planes/neon/src/business-partner-account-bank-linkage.ts:119; server/packages/planes/neon/src/business-partner-account-bank-linkage.ts:137; server/packages/planes/neon/src/business-partner-account-bank-linkage.ts:142; server/packages/planes/neon/src/business-partner-account-bank-linkage.ts:387; server/packages/planes/neon/src/business-partner-account-bank-linkage.ts:477; server/packages/planes/neon/src/business-partner-account-bank-linkage.ts:514; server/packages/planes/neon/src/business-partner-account-bank-linkage.ts:75; server/packages/planes/neon/src/business-partner-account-bank-linkage.ts:96; server/packages/services/master-data/src/kysely-business-partner-360-bank-reveal.ts:3; server/packages/services/master-data/src/kysely-business-partner-360-commercial-controls.ts:146; server/packages/services/master-data/src/kysely-business-partner-360-commercial-controls.ts:162; server/packages/services/master-data/src/kysely-business-partner-360-commercial-controls.ts:241; server/packages/services/master-data/src/kysely-business-partner-360-commercial-controls.ts:286; server/packages/services/master-data/src/kysely-business-partner-360-repository.ts:482; server/packages/services/master-data/src/kysely-business-partner-eligibility-repository.ts:711; server/packages/services/master-data/src/kysely-business-partner-eligibility-repository.ts:715,artifact presence does not prove domain completeness; see core and field ledgers
master.bank_account_house_config,True,Banking,Deferred treasury setup; confirm boundary,BP2-09,"Internal-company treasury configuration; expose only where owner is an internal organization, not a supplier account",declared,server/db/ddl/planes/neon/master/03_tables.sql:1417,True,phase allocation and schema/domain classification; source consumers attached,none in inspected examples,none in current compiled activation,no explicit qualified reference found; inspect dynamic/indirect consumers before removal,artifact presence does not prove domain completeness; see core and field ledgers
master.bank_account_house_payment_method,False,Banking,Deferred treasury setup; confirm boundary,BP2-09,"Internal-company treasury configuration; expose only where owner is an internal organization, not a supplier account",declared,server/db/ddl/planes/neon/master/03_tables.sql:1465,False,phase allocation and schema/domain classification; source consumers attached,none in inspected examples,none in current compiled activation,no explicit qualified reference found; inspect dynamic/indirect consumers before removal,artifact presence does not prove domain completeness; see core and field ledgers
master.payment_method,False,Partner role/company context,Retained dependency/authorized lookup,BP2-06,Supplier/customer company profile lookups; subordinate payment terms and finance-maintained account constraints,declared,server/db/ddl/planes/neon/master/03_tables.sql:1500,True,phase allocation and schema/domain classification; source consumers attached,none in inspected examples,none in current compiled activation,no explicit qualified reference found; inspect dynamic/indirect consumers before removal,artifact presence does not prove domain completeness; see core and field ledgers
master.payment_term,False,Partner role/company context,Retained dependency/authorized lookup,BP2-06,Supplier/customer company profile lookups; subordinate payment terms and finance-maintained account constraints,declared,server/db/ddl/planes/neon/master/03_tables.sql:1564,True,phase allocation and schema/domain classification; source consumers attached,none in inspected examples,none in current compiled activation,server/db/scripts/provisioning/provision-business-partner-r5-fixtures.ts:61; server/db/scripts/provisioning/provision-development-business-partner-fixtures.ts:1142; server/db/scripts/seed/build-blueprint-packs.ts:18; server/packages/services/master-data/src/business-partner-display-references.ts:7,artifact presence does not prove domain completeness; see core and field ledgers
master.payment_term_clause,False,Partner role/company context,Retained dependency/authorized lookup,BP2-06,Supplier/customer company profile lookups; subordinate payment terms and finance-maintained account constraints,declared,server/db/ddl/planes/neon/master/03_tables.sql:1650,True,phase allocation and schema/domain classification; source consumers attached,none in inspected examples,none in current compiled activation,no explicit qualified reference found; inspect dynamic/indirect consumers before removal,artifact presence does not prove domain completeness; see core and field ledgers
master.payment_term_discount_tier,False,Partner role/company context,Retained dependency/authorized lookup,BP2-06,Supplier/customer company profile lookups; subordinate payment terms and finance-maintained account constraints,declared,server/db/ddl/planes/neon/master/03_tables.sql:1829,True,phase allocation and schema/domain classification; source consumers attached,none in inspected examples,none in current compiled activation,no explicit qualified reference found; inspect dynamic/indirect consumers before removal,artifact presence does not prove domain completeness; see core and field ledgers
master.business_partner,False,Business Partner identity,Existing entity/role extension,BP2-04,Extend existing core/role metadata; supplier and customer remain roles linked to one partner,declared,server/db/ddl/planes/neon/master/03_tables.sql:1885,True,phase allocation and schema/domain classification; source consumers attached,business_partner/core,business_partner/core,server/apps/platform-host/scripts/db-verification/business-partner-360/run-business-partner-360-materialization-evidence.ts:678; server/apps/platform-host/scripts/db-verification/business-partner-360/run-business-partner-360-materialization-evidence.ts:679; server/apps/platform-host/scripts/db-verification/business-partner-360/verify-business-partner-360-reads.ts:61; server/apps/platform-host/scripts/db-verification/tests/integration/business-partner-case-contract-publication.ts:269; server/apps/platform-host/scripts/db-verification/tests/integration/business-partner-case-contract-publication.ts:69; server/apps/platform-host/src/composition/business-partner-authorization-shadow.ts:587; server/apps/platform-host/src/composition/business-partner-stored-scopes.ts:64; server/apps/platform-host/src/composition/business-partner-stored-scopes.ts:76; server/apps/platform-host/src/composition/register-services.ts:3388; server/apps/platform-host/src/composition/register-services.ts:3390; server/apps/platform-host/src/composition/register-services.ts:4367; server/apps/platform-host/src/composition/register-services.ts:7511; server/apps/platform-host/src/monitoring/business-partner-metrics.ts:77; server/db/scripts/business-partner-360/provision-business-partner-360-acceptance-fixtures.ts:48; server/db/scripts/business-partner-360/provision-business-partner-360-acceptance-fixtures.ts:61; server/db/scripts/business-partner-360/run-business-partner-360-performance-evidence.ts:14; server/db/scripts/business-partner-360/run-business-partner-360-security-evidence.ts:10; server/db/scripts/business-partner-360/run-business-partner-360-security-evidence.ts:24; server/db/scripts/business-partner-360/run-business-partner-360-security-evidence.ts:27; server/db/scripts/business-partner-360/run-business-partner-360-security-evidence.ts:32; server/db/scripts/business-partner-360/run-business-partner-360-security-evidence.ts:33; server/db/scripts/business-partner-360/run-business-partner-360-security-evidence.ts:34; server/db/scripts/business-partner-360/run-business-partner-360-security-evidence.ts:77; server/db/scripts/business-partner-360/run-business-partner-s5-certification.ts:112; server/db/scripts/business-partner-360/run-business-partner-s5-certification.ts:114; server/db/scripts/business-partner-360/run-business-partner-s5-certification.ts:120; server/db/scripts/business-partner-360/run-business-partner-s5-certification.ts:121; server/db/scripts/business-partner-360/run-business-partner-s5-certification.ts:169; server/db/scripts/business-partner-360/run-business-partner-s5-certification.ts:205; server/db/scripts/business-partner-360/run-business-partner-s5-certification.ts:56; server/db/scripts/checks/ddl/governed-lifecycle-g0.ts:34; server/db/scripts/provisioning/provision-business-partner-r2-fixtures.ts:102; server/db/scripts/provisioning/provision-business-partner-r2-fixtures.ts:86; server/db/scripts/provisioning/provision-business-partner-r5-fixtures.ts:104; server/db/scripts/provisioning/provision-business-partner-r5-fixtures.ts:92; server/db/scripts/provisioning/provision-development-business-partner-fixtures.ts:1003; server/db/scripts/provisioning/provision-development-business-partner-fixtures.ts:378; server/db/scripts/provisioning/provision-development-business-partner-fixtures.ts:403; server/db/scripts/provisioning/provision-development-business-partner-fixtures.ts:424; server/db/scripts/provisioning/provision-development-business-partner-fixtures.ts:569; server/db/scripts/provisioning/provision-development-business-partner-fixtures.ts:744; server/db/scripts/provisioning/provision-development-business-partner-runtime.ts:181; server/db/scripts/provisioning/provision-development-business-partner-runtime.ts:248; server/db/scripts/provisioning/provision-development-business-partner-runtime.ts:281; server/db/scripts/provisioning/provision-development-business-partner-runtime.ts:375; server/db/scripts/provisioning/provision-development-business-partner-runtime.ts:399; server/db/scripts/provisioning/provision-development-business-partner-runtime.ts:409; server/db/scripts/provisioning/provision-development-business-partner-runtime.ts:425; server/db/scripts/provisioning/publish-development-list-experience.ts:510; server/db/scripts/provisioning/publish-document-relationship.ts:56; server/db/scripts/tests/integration/business-partner-bank-verification.ts:29; server/db/scripts/tests/integration/customer-portal-source-probe.ts:29; server/packages/contracts/master-data/src/business-partner-requests.ts:688; server/packages/planes/neon/src/business-partner-account-bank-linkage.ts:101; server/packages/planes/neon/src/business-partner-account-bank-linkage.ts:168; server/packages/planes/neon/src/business-partner-import.ts:105; server/packages/planes/neon/src/business-partner-import.ts:117; server/packages/planes/neon/src/business-partner-import.ts:68; server/packages/planes/neon/src/business-partner-profile-match.ts:69; server/packages/planes/neon/src/business-partner-profile-match.ts:74; server/packages/services/master-data/src/business-partner-request-validator.ts:127; server/packages/services/master-data/src/business-partner-request-validator.ts:143; server/packages/services/master-data/src/governed-internal-business-partner-service.ts:97; server/packages/services/master-data/src/kysely-business-partner-360-explainability.ts:277; server/packages/services/master-data/src/kysely-business-partner-360-explainability.ts:39; server/packages/services/master-data/src/kysely-business-partner-360-explainability.ts:42; server/packages/services/master-data/src/kysely-business-partner-360-explainability.ts:93; server/packages/services/master-data/src/kysely-business-partner-360-repository.ts:148; server/packages/services/master-data/src/kysely-business-partner-360-repository.ts:207; server/packages/services/master-data/src/kysely-business-partner-360-repository.ts:210; server/packages/services/master-data/src/kysely-business-partner-360-repository.ts:307; server/packages/services/master-data/src/kysely-business-partner-360-repository.ts:49; server/packages/services/master-data/src/kysely-business-partner-360-sections.ts:140; server/packages/services/master-data/src/kysely-business-partner-360-sections.ts:502; server/packages/services/master-data/src/kysely-business-partner-360-sections.ts:530; server/packages/services/master-data/src/kysely-business-partner-360-sections.ts:580; server/packages/services/master-data/src/kysely-business-partner-case-repository.ts:1195; server/packages/services/master-data/src/kysely-business-partner-case-repository.ts:1198; server/packages/services/master-data/src/kysely-business-partner-case-repository.ts:1341; server/packages/services/master-data/src/kysely-business-partner-case-repository.ts:138; server/packages/services/master-data/src/kysely-business-partner-case-repository.ts:171; server/packages/services/master-data/src/kysely-business-partner-case-repository.ts:202; server/packages/services/master-data/src/kysely-business-partner-case-repository.ts:38; server/packages/services/master-data/src/kysely-business-partner-case-repository.ts:39; server/packages/services/master-data/src/kysely-business-partner-case-repository.ts:468; server/packages/services/master-data/src/kysely-business-partner-case-repository.ts:505; server/packages/services/master-data/src/kysely-business-partner-eligibility-repository.ts:582; server/packages/services/master-data/src/kysely-business-partner-eligibility-repository.ts:668; server/packages/services/master-data/src/kysely-governed-internal-business-partner-repository.ts:33; server/packages/services/master-data/src/kysely-governed-internal-business-partner-repository.ts:51; server/packages/services/master-data/src/master-data-authority.ts:26; server/packages/services/master-data/src/master-data-authority.ts:45; server/packages/services/publication/src/business-partner-company-case-contract.ts:43; server/packages/services/publication/src/compiled-entity-collection-compiler.ts:40,artifact presence does not prove domain completeness; see core and field ledgers
master.supplier,False,Supplier,Existing entity/role extension,BP2-07,Extend existing core/role metadata; supplier and customer remain roles linked to one partner,declared,server/db/ddl/planes/neon/master/03_tables.sql:1976,True,phase allocation and schema/domain classification; source consumers attached,business_partner/core; supplier/core,business_partner/core; supplier/core,server/apps/platform-host/src/composition/supplier-process-documents.ts:157; server/db/scripts/business-partner-360/provision-business-partner-360-acceptance-fixtures.ts:58; server/db/scripts/business-partner-360/provision-business-partner-360-acceptance-fixtures.ts:71; server/db/scripts/business-partner-360/run-business-partner-360-security-evidence.ts:10; server/db/scripts/business-partner-360/run-business-partner-s5-certification.ts:169; server/db/scripts/business-partner-360/run-business-partner-s5-certification.ts:204; server/db/scripts/business-partner-360/run-business-partner-s5-certification.ts:58; server/db/scripts/provisioning/provision-business-partner-r2-fixtures.ts:109; server/db/scripts/provisioning/provision-business-partner-r2-fixtures.ts:154; server/db/scripts/provisioning/provision-business-partner-r2-fixtures.ts:155; server/db/scripts/provisioning/provision-business-partner-r7-fixtures.ts:54; server/db/scripts/provisioning/provision-development-business-partner-fixtures.ts:433; server/db/scripts/provisioning/provision-development-business-partner-fixtures.ts:454; server/db/scripts/provisioning/provision-development-business-partner-fixtures.ts:470; server/packages/planes/neon/src/business-partner-account-bank-linkage.ts:101; server/packages/planes/neon/src/business-partner-account-bank-linkage.ts:118; server/packages/planes/neon/src/business-partner-account-bank-linkage.ts:128; server/packages/planes/neon/src/business-partner-account-bank-linkage.ts:168; server/packages/planes/neon/src/business-partner-account-bank-linkage.ts:363; server/packages/planes/neon/src/business-partner-import.ts:124; server/packages/services/master-data/src/kysely-business-partner-360-commercial-controls.ts:261; server/packages/services/master-data/src/kysely-business-partner-360-repository.ts:325; server/packages/services/master-data/src/kysely-business-partner-360-repository.ts:480; server/packages/services/master-data/src/kysely-business-partner-360-repository.ts:55; server/packages/services/master-data/src/kysely-business-partner-360-role-sections.ts:30; server/packages/services/master-data/src/kysely-business-partner-360-role-sections.ts:353; server/packages/services/master-data/src/kysely-business-partner-360-role-sections.ts:91; server/packages/services/master-data/src/kysely-business-partner-case-repository.ts:1137; server/packages/services/master-data/src/kysely-business-partner-case-repository.ts:130; server/packages/services/master-data/src/kysely-business-partner-case-repository.ts:172; server/packages/services/master-data/src/kysely-business-partner-case-repository.ts:284; server/packages/services/master-data/src/kysely-business-partner-case-repository.ts:480; server/packages/services/master-data/src/kysely-business-partner-case-repository.ts:495; server/packages/services/master-data/src/kysely-business-partner-eligibility-repository.ts:153; server/packages/services/master-data/src/kysely-business-partner-eligibility-repository.ts:389; server/packages/services/master-data/src/kysely-business-partner-eligibility-repository.ts:586; server/packages/services/master-data/src/kysely-business-partner-eligibility-repository.ts:609; server/packages/services/master-data/src/kysely-business-partner-eligibility-repository.ts:668; server/packages/services/master-data/src/supplier-activation-readiness.ts:61; server/packages/services/master-data/src/supplier-onboarding-completion.ts:231; server/packages/services/master-data/src/supplier-onboarding-completion.ts:267; server/packages/services/records/src/kysely-record-repository.ts:104,artifact presence does not prove domain completeness; see core and field ledgers
master.customer,False,Customer,Existing entity/role extension,BP2-08,Extend existing core/role metadata; supplier and customer remain roles linked to one partner,declared,server/db/ddl/planes/neon/master/03_tables.sql:2016,True,phase allocation and schema/domain classification; source consumers attached,business_partner/core; customer/core,business_partner/core; customer/core,server/apps/platform-host/src/composition/register-services.ts:4767; server/db/scripts/business-partner-360/provision-business-partner-360-acceptance-fixtures.ts:59; server/db/scripts/business-partner-360/provision-business-partner-360-acceptance-fixtures.ts:72; server/db/scripts/business-partner-360/run-business-partner-360-security-evidence.ts:10; server/db/scripts/business-partner-360/run-business-partner-s5-certification.ts:169; server/db/scripts/provisioning/provision-business-partner-r2-fixtures.ts:120; server/db/scripts/provisioning/provision-business-partner-r2-fixtures.ts:156; server/db/scripts/provisioning/provision-business-partner-r2-fixtures.ts:157; server/db/scripts/provisioning/provision-business-partner-r5-fixtures.ts:109; server/db/scripts/tests/integration/customer-portal-source-probe.ts:29; server/packages/planes/neon/src/business-partner-account-bank-linkage.ts:168; server/packages/planes/neon/src/business-partner-import.ts:130; server/packages/platform/iam/src/customer-portal-delivery.ts:312; server/packages/services/master-data/src/kysely-business-partner-360-repository.ts:326; server/packages/services/master-data/src/kysely-business-partner-360-repository.ts:481; server/packages/services/master-data/src/kysely-business-partner-360-repository.ts:55; server/packages/services/master-data/src/kysely-business-partner-360-role-sections.ts:180; server/packages/services/master-data/src/kysely-business-partner-360-role-sections.ts:30; server/packages/services/master-data/src/kysely-business-partner-360-role-sections.ts:354; server/packages/services/master-data/src/kysely-business-partner-case-repository.ts:134; server/packages/services/master-data/src/kysely-business-partner-case-repository.ts:174; server/packages/services/master-data/src/kysely-business-partner-case-repository.ts:483; server/packages/services/master-data/src/kysely-business-partner-eligibility-repository.ts:153; server/packages/services/master-data/src/kysely-business-partner-eligibility-repository.ts:587; server/packages/services/master-data/src/kysely-business-partner-eligibility-repository.ts:609; server/packages/services/master-data/src/kysely-business-partner-eligibility-repository.ts:668; server/packages/services/records/src/kysely-record-repository.ts:104,artifact presence does not prove domain completeness; see core and field ledgers
master.business_partner_alias,True,Business Partner identity,Parent-owned collection,BP2-04,Related collections under Identity/Relationships; registered governed commands; retain directional relation semantics,declared,server/db/ddl/planes/neon/master/03_tables.sql:2054,True,phase allocation and schema/domain classification; source consumers attached,none in inspected examples,none in current compiled activation,server/apps/platform-host/src/composition/register-services.ts:3390; server/db/scripts/provisioning/provision-development-business-partner-fixtures.ts:754; server/packages/planes/neon/src/business-partner-import.ts:113; server/packages/services/master-data/src/kysely-business-partner-360-sections.ts:140,artifact presence does not prove domain completeness; see core and field ledgers
master.asset_class,False,Finance/treasury/tax,Deferred/adjacent; no new BP surface,BP2-00,No direct BP app entity recommended; retain owning domain. Review a concrete field/workflow dependency before expansion.,declared,server/db/ddl/planes/neon/master/03_tables.sql:2107,True,phase allocation and schema/domain classification; source consumers attached,none in inspected examples,none in current compiled activation,server/db/scripts/seed/build-blueprint-packs.ts:19,artifact presence does not prove domain completeness; see core and field ledgers
master.asset,False,Finance/treasury/tax,Deferred/adjacent; no new BP surface,BP2-00,No direct BP app entity recommended; retain owning domain. Review a concrete field/workflow dependency before expansion.,declared,server/db/ddl/planes/neon/master/03_tables.sql:2150,True,phase allocation and schema/domain classification; source consumers attached,none in inspected examples,none in current compiled activation,no explicit qualified reference found; inspect dynamic/indirect consumers before removal,artifact presence does not prove domain completeness; see core and field ledgers
master.asset_book,False,Finance/treasury/tax,Deferred/adjacent; no new BP surface,BP2-00,No direct BP app entity recommended; retain owning domain. Review a concrete field/workflow dependency before expansion.,declared,server/db/ddl/planes/neon/master/03_tables.sql:2217,True,phase allocation and schema/domain classification; source consumers attached,none in inspected examples,none in current compiled activation,no explicit qualified reference found; inspect dynamic/indirect consumers before removal,artifact presence does not prove domain completeness; see core and field ledgers
master.asset_component,False,Finance/treasury/tax,Deferred/adjacent; no new BP surface,BP2-00,No direct BP app entity recommended; retain owning domain. Review a concrete field/workflow dependency before expansion.,declared,server/db/ddl/planes/neon/master/03_tables.sql:2268,True,phase allocation and schema/domain classification; source consumers attached,none in inspected examples,none in current compiled activation,no explicit qualified reference found; inspect dynamic/indirect consumers before removal,artifact presence does not prove domain completeness; see core and field ledgers
master.asset_assignment_history,False,Finance/treasury/tax,Deferred/adjacent; no new BP surface,BP2-00,No direct BP app entity recommended; retain owning domain. Review a concrete field/workflow dependency before expansion.,declared,server/db/ddl/planes/neon/master/03_tables.sql:2311,True,phase allocation and schema/domain classification; source consumers attached,none in inspected examples,none in current compiled activation,no explicit qualified reference found; inspect dynamic/indirect consumers before removal,artifact presence does not prove domain completeness; see core and field ledgers
master.business_intent,False,Experience/identity/content configuration,Deferred/adjacent; no new BP surface,BP2-00,No direct BP app entity recommended; retain owning domain. Review a concrete field/workflow dependency before expansion.,declared,server/db/ddl/planes/neon/master/03_tables.sql:2366,True,phase allocation and schema/domain classification; source consumers attached,none in inspected examples,none in current compiled activation,server/db/scripts/seed/build-blueprint-packs.ts:16,artifact presence does not prove domain completeness; see core and field ledgers
master.person,False,External workforce,External-worker entity/safe person reference,BP2-12,"Dedicated external-worker entity; person identity is linked, not duplicated as an employee",declared,server/db/ddl/planes/neon/master/03_tables.sql:2398,True,phase allocation and schema/domain classification; source consumers attached,none in inspected examples,none in current compiled activation,server/apps/platform-host/src/composition/register-services.ts:4053; server/db/scripts/business-partner-360/run-business-partner-360-security-evidence.ts:11; server/db/scripts/provisioning/provision-business-partner-r7-fixtures.ts:80; server/db/scripts/tests/integration/customer-portal-source-probe.ts:40; server/packages/services/master-data/src/kysely-workforce-repository.ts:173; server/packages/services/master-data/src/kysely-workforce-repository.ts:25; server/packages/services/master-data/src/kysely-workforce-repository.ts:49; server/packages/services/master-data/src/kysely-workforce-request-repository.ts:82; server/packages/services/master-data/src/kysely-workforce-request-repository.ts:85; server/packages/services/master-data/src/kysely-workforce-request-repository.ts:93,artifact presence does not prove domain completeness; see core and field ledgers
master.person_sensitive_profile,False,External workforce,Intentionally internal protected provider,BP2-12,Protected provider only; do not expose as generic workforce collection or unrestricted field metadata,declared,server/db/ddl/planes/neon/master/03_tables.sql:2442,True,phase allocation and schema/domain classification; source consumers attached,none in inspected examples,none in current compiled activation,server/db/scripts/business-partner-360/run-business-partner-360-security-evidence.ts:11; server/packages/services/master-data/src/kysely-workforce-repository.ts:215,artifact presence does not prove domain completeness; see core and field ledgers
master.site,False,External workforce,Retained dependency/authorized lookup,BP2-12,Authorized job/site/organization reference selectors; optional HR dimensions only where the workflow requires them,declared,server/db/ddl/planes/neon/master/03_tables.sql:2480,True,phase allocation and schema/domain classification; source consumers attached,none in inspected examples,none in current compiled activation,no explicit qualified reference found; inspect dynamic/indirect consumers before removal,artifact presence does not prove domain completeness; see core and field ledgers
master.career_band,False,External workforce,Retained dependency/authorized lookup,BP2-12,Authorized job/site/organization reference selectors; optional HR dimensions only where the workflow requires them,declared,server/db/ddl/planes/neon/master/03_tables.sql:2528,True,phase allocation and schema/domain classification; source consumers attached,none in inspected examples,none in current compiled activation,no explicit qualified reference found; inspect dynamic/indirect consumers before removal,artifact presence does not prove domain completeness; see core and field ledgers
master.career_level,False,External workforce,Retained dependency/authorized lookup,BP2-12,Authorized job/site/organization reference selectors; optional HR dimensions only where the workflow requires them,declared,server/db/ddl/planes/neon/master/03_tables.sql:2548,True,phase allocation and schema/domain classification; source consumers attached,none in inspected examples,none in current compiled activation,no explicit qualified reference found; inspect dynamic/indirect consumers before removal,artifact presence does not prove domain completeness; see core and field ledgers
master.designation,False,External workforce,Retained dependency/authorized lookup,BP2-12,Authorized job/site/organization reference selectors; optional HR dimensions only where the workflow requires them,declared,server/db/ddl/planes/neon/master/03_tables.sql:2571,True,phase allocation and schema/domain classification; source consumers attached,none in inspected examples,none in current compiled activation,no explicit qualified reference found; inspect dynamic/indirect consumers before removal,artifact presence does not prove domain completeness; see core and field ledgers
master.job_family,False,External workforce,Retained dependency/authorized lookup,BP2-12,Authorized job/site/organization reference selectors; optional HR dimensions only where the workflow requires them,declared,server/db/ddl/planes/neon/master/03_tables.sql:2591,True,phase allocation and schema/domain classification; source consumers attached,none in inspected examples,none in current compiled activation,no explicit qualified reference found; inspect dynamic/indirect consumers before removal,artifact presence does not prove domain completeness; see core and field ledgers
master.job_function,False,External workforce,Retained dependency/authorized lookup,BP2-12,Authorized job/site/organization reference selectors; optional HR dimensions only where the workflow requires them,declared,server/db/ddl/planes/neon/master/03_tables.sql:2611,True,phase allocation and schema/domain classification; source consumers attached,none in inspected examples,none in current compiled activation,no explicit qualified reference found; inspect dynamic/indirect consumers before removal,artifact presence does not prove domain completeness; see core and field ledgers
master.pay_grade,False,External workforce,Retained dependency/authorized lookup,BP2-12,Authorized job/site/organization reference selectors; optional HR dimensions only where the workflow requires them,declared,server/db/ddl/planes/neon/master/03_tables.sql:2632,True,phase allocation and schema/domain classification; source consumers attached,none in inspected examples,none in current compiled activation,no explicit qualified reference found; inspect dynamic/indirect consumers before removal,artifact presence does not prove domain completeness; see core and field ledgers
master.job,False,External workforce,Retained dependency/authorized lookup,BP2-12,Authorized job/site/organization reference selectors; optional HR dimensions only where the workflow requires them,declared,server/db/ddl/planes/neon/master/03_tables.sql:2668,True,phase allocation and schema/domain classification; source consumers attached,none in inspected examples,none in current compiled activation,no explicit qualified reference found; inspect dynamic/indirect consumers before removal,artifact presence does not prove domain completeness; see core and field ledgers
master.holiday_calendar,False,Internal HR/payroll,Deferred/adjacent; no new BP surface,BP2-00,No direct BP app entity recommended; retain owning domain. Review a concrete field/workflow dependency before expansion.,declared,server/db/ddl/planes/neon/master/03_tables.sql:2695,True,phase allocation and schema/domain classification; source consumers attached,none in inspected examples,none in current compiled activation,server/db/scripts/seed/build-blueprint-packs.ts:18,artifact presence does not prove domain completeness; see core and field ledgers
master.holiday_calendar_day,False,Internal HR/payroll,Deferred/adjacent; no new BP surface,BP2-00,No direct BP app entity recommended; retain owning domain. Review a concrete field/workflow dependency before expansion.,declared,server/db/ddl/planes/neon/master/03_tables.sql:2738,True,phase allocation and schema/domain classification; source consumers attached,none in inspected examples,none in current compiled activation,no explicit qualified reference found; inspect dynamic/indirect consumers before removal,artifact presence does not prove domain completeness; see core and field ledgers
master.shift_type,False,Internal HR/payroll,Deferred/adjacent; no new BP surface,BP2-00,No direct BP app entity recommended; retain owning domain. Review a concrete field/workflow dependency before expansion.,declared,server/db/ddl/planes/neon/master/03_tables.sql:2767,True,phase allocation and schema/domain classification; source consumers attached,none in inspected examples,none in current compiled activation,no explicit qualified reference found; inspect dynamic/indirect consumers before removal,artifact presence does not prove domain completeness; see core and field ledgers
master.work_pattern,False,Internal HR/payroll,Deferred/adjacent; no new BP surface,BP2-00,No direct BP app entity recommended; retain owning domain. Review a concrete field/workflow dependency before expansion.,declared,server/db/ddl/planes/neon/master/03_tables.sql:2793,True,phase allocation and schema/domain classification; source consumers attached,none in inspected examples,none in current compiled activation,no explicit qualified reference found; inspect dynamic/indirect consumers before removal,artifact presence does not prove domain completeness; see core and field ledgers
master.work_pattern_day,False,Internal HR/payroll,Deferred/adjacent; no new BP surface,BP2-00,No direct BP app entity recommended; retain owning domain. Review a concrete field/workflow dependency before expansion.,declared,server/db/ddl/planes/neon/master/03_tables.sql:2821,True,phase allocation and schema/domain classification; source consumers attached,none in inspected examples,none in current compiled activation,no explicit qualified reference found; inspect dynamic/indirect consumers before removal,artifact presence does not prove domain completeness; see core and field ledgers
master.pay_component,False,Internal HR/payroll,Deferred/adjacent; no new BP surface,BP2-00,No direct BP app entity recommended; retain owning domain. Review a concrete field/workflow dependency before expansion.,declared,server/db/ddl/planes/neon/master/03_tables.sql:2856,True,phase allocation and schema/domain classification; source consumers attached,none in inspected examples,none in current compiled activation,no explicit qualified reference found; inspect dynamic/indirect consumers before removal,artifact presence does not prove domain completeness; see core and field ledgers
master.pay_group,False,Internal HR/payroll,Deferred/adjacent; no new BP surface,BP2-00,No direct BP app entity recommended; retain owning domain. Review a concrete field/workflow dependency before expansion.,declared,server/db/ddl/planes/neon/master/03_tables.sql:2887,True,phase allocation and schema/domain classification; source consumers attached,none in inspected examples,none in current compiled activation,server/db/scripts/seed/build-blueprint-packs.ts:23,artifact presence does not prove domain completeness; see core and field ledgers
master.pay_structure,False,Internal HR/payroll,Deferred/adjacent; no new BP surface,BP2-00,No direct BP app entity recommended; retain owning domain. Review a concrete field/workflow dependency before expansion.,declared,server/db/ddl/planes/neon/master/03_tables.sql:2914,True,phase allocation and schema/domain classification; source consumers attached,none in inspected examples,none in current compiled activation,no explicit qualified reference found; inspect dynamic/indirect consumers before removal,artifact presence does not prove domain completeness; see core and field ledgers
master.pay_structure_line,False,Internal HR/payroll,Deferred/adjacent; no new BP surface,BP2-00,No direct BP app entity recommended; retain owning domain. Review a concrete field/workflow dependency before expansion.,declared,server/db/ddl/planes/neon/master/03_tables.sql:2939,True,phase allocation and schema/domain classification; source consumers attached,none in inspected examples,none in current compiled activation,no explicit qualified reference found; inspect dynamic/indirect consumers before removal,artifact presence does not prove domain completeness; see core and field ledgers
master.statutory_scheme,False,Internal HR/payroll,Deferred/adjacent; no new BP surface,BP2-00,No direct BP app entity recommended; retain owning domain. Review a concrete field/workflow dependency before expansion.,declared,server/db/ddl/planes/neon/master/03_tables.sql:2962,True,phase allocation and schema/domain classification; source consumers attached,none in inspected examples,none in current compiled activation,no explicit qualified reference found; inspect dynamic/indirect consumers before removal,artifact presence does not prove domain completeness; see core and field ledgers
master.leave_type,False,Internal HR/payroll,Deferred/adjacent; no new BP surface,BP2-00,No direct BP app entity recommended; retain owning domain. Review a concrete field/workflow dependency before expansion.,declared,server/db/ddl/planes/neon/master/03_tables.sql:2988,True,phase allocation and schema/domain classification; source consumers attached,none in inspected examples,none in current compiled activation,no explicit qualified reference found; inspect dynamic/indirect consumers before removal,artifact presence does not prove domain completeness; see core and field ledgers
master.leave_plan,False,Internal HR/payroll,Deferred/adjacent; no new BP surface,BP2-00,No direct BP app entity recommended; retain owning domain. Review a concrete field/workflow dependency before expansion.,declared,server/db/ddl/planes/neon/master/03_tables.sql:3012,True,phase allocation and schema/domain classification; source consumers attached,none in inspected examples,none in current compiled activation,no explicit qualified reference found; inspect dynamic/indirect consumers before removal,artifact presence does not prove domain completeness; see core and field ledgers
master.leave_plan_rule,False,Internal HR/payroll,Deferred/adjacent; no new BP surface,BP2-00,No direct BP app entity recommended; retain owning domain. Review a concrete field/workflow dependency before expansion.,declared,server/db/ddl/planes/neon/master/03_tables.sql:3045,True,phase allocation and schema/domain classification; source consumers attached,none in inspected examples,none in current compiled activation,no explicit qualified reference found; inspect dynamic/indirect consumers before removal,artifact presence does not prove domain completeness; see core and field ledgers
master.position,False,External workforce,Retained dependency/authorized lookup,BP2-12,Authorized job/site/organization reference selectors; optional HR dimensions only where the workflow requires them,declared,server/db/ddl/planes/neon/master/03_tables.sql:3074,True,phase allocation and schema/domain classification; source consumers attached,none in inspected examples,none in current compiled activation,server/apps/platform-host/src/composition/register-services.ts:4051,artifact presence does not prove domain completeness; see core and field ledgers
master.employee,False,External workforce,Retained People dependency; no supplier-workforce substitution,BP2-12,Existing workforce example is employee-based; do not reuse as supplier external-workforce storage,declared,server/db/ddl/planes/neon/master/03_tables.sql:3111,True,phase allocation and schema/domain classification; source consumers attached,workforce/core,workforce/core,server/apps/platform-host/src/composition/register-services.ts:4053; server/db/scripts/business-partner-360/run-business-partner-360-security-evidence.ts:11; server/db/scripts/seed/build-blueprint-packs.ts:23; server/packages/services/master-data/src/kysely-workforce-repository.ts:104; server/packages/services/master-data/src/kysely-workforce-repository.ts:134; server/packages/services/master-data/src/kysely-workforce-repository.ts:173; server/packages/services/master-data/src/kysely-workforce-repository.ts:25; server/packages/services/master-data/src/kysely-workforce-repository.ts:49; server/packages/services/master-data/src/kysely-workforce-request-repository.ts:86,artifact presence does not prove domain completeness; see core and field ledgers
master.employment,False,External workforce,Retained People dependency; no supplier-workforce substitution,BP2-12,Existing workforce example is employee-based; do not reuse as supplier external-workforce storage,declared,server/db/ddl/planes/neon/master/03_tables.sql:3160,True,phase allocation and schema/domain classification; source consumers attached,none in inspected examples,none in current compiled activation,server/apps/platform-host/src/composition/register-services.ts:4053; server/db/scripts/business-partner-360/run-business-partner-360-security-evidence.ts:11; server/packages/services/master-data/src/kysely-workforce-repository.ts:104; server/packages/services/master-data/src/kysely-workforce-repository.ts:131; server/packages/services/master-data/src/kysely-workforce-repository.ts:173; server/packages/services/master-data/src/kysely-workforce-repository.ts:26; server/packages/services/master-data/src/kysely-workforce-repository.ts:50; server/packages/services/master-data/src/kysely-workforce-request-repository.ts:87; server/packages/services/master-data/src/kysely-workforce-request-repository.ts:91,artifact presence does not prove domain completeness; see core and field ledgers
master.work_assignment,False,External workforce,Retained People dependency; no supplier-workforce substitution,BP2-12,Existing workforce example is employee-based; do not reuse as supplier external-workforce storage,declared,server/db/ddl/planes/neon/master/03_tables.sql:3209,True,phase allocation and schema/domain classification; source consumers attached,none in inspected examples,none in current compiled activation,server/db/scripts/business-partner-360/run-business-partner-360-security-evidence.ts:11; server/packages/services/master-data/src/kysely-workforce-repository.ts:104; server/packages/services/master-data/src/kysely-workforce-repository.ts:128; server/packages/services/master-data/src/kysely-workforce-repository.ts:51; server/packages/services/master-data/src/kysely-workforce-request-repository.ts:87; server/packages/services/master-data/src/kysely-workforce-request-repository.ts:88; server/packages/services/master-data/src/kysely-workforce-request-repository.ts:91,artifact presence does not prove domain completeness; see core and field ledgers
master.external_worker,False,External workforce,External-worker entity/safe person reference,BP2-12,"Dedicated external-worker entity; person identity is linked, not duplicated as an employee",declared,server/db/ddl/planes/neon/master/03_tables.sql:3259,True,phase allocation and schema/domain classification; source consumers attached,none in inspected examples,none in current compiled activation,server/db/scripts/business-partner-360/run-business-partner-360-security-evidence.ts:11; server/db/scripts/provisioning/provision-business-partner-r7-fixtures.ts:86,artifact presence does not prove domain completeness; see core and field ledgers
master.employee_leave_enrollment,False,Internal HR/payroll,Deferred/adjacent; no new BP surface,BP2-00,No direct BP app entity recommended; retain owning domain. Review a concrete field/workflow dependency before expansion.,declared,server/db/ddl/planes/neon/master/03_tables.sql:3295,True,phase allocation and schema/domain classification; source consumers attached,none in inspected examples,none in current compiled activation,no explicit qualified reference found; inspect dynamic/indirect consumers before removal,artifact presence does not prove domain completeness; see core and field ledgers
master.employee_statutory_enrollment,False,Internal HR/payroll,Deferred/adjacent; no new BP surface,BP2-00,No direct BP app entity recommended; retain owning domain. Review a concrete field/workflow dependency before expansion.,declared,server/db/ddl/planes/neon/master/03_tables.sql:3319,True,phase allocation and schema/domain classification; source consumers attached,none in inspected examples,none in current compiled activation,no explicit qualified reference found; inspect dynamic/indirect consumers before removal,artifact presence does not prove domain completeness; see core and field ledgers
master.warehouse,False,Inventory/manufacturing,Deferred/adjacent; no new BP surface,BP2-00,No direct BP app entity recommended; retain owning domain. Review a concrete field/workflow dependency before expansion.,declared,server/db/ddl/planes/neon/master/03_tables.sql:3344,True,phase allocation and schema/domain classification; source consumers attached,none in inspected examples,none in current compiled activation,no explicit qualified reference found; inspect dynamic/indirect consumers before removal,artifact presence does not prove domain completeness; see core and field ledgers
master.risk_dimension,False,Risk,Safe risk projection or retained model dependency,BP2-14,Authorized qualification/risk summary with drilldown; preserve evidence and scoring ownership,declared,server/db/ddl/planes/neon/master/03_tables.sql:3389,True,phase allocation and schema/domain classification; source consumers attached,none in inspected examples,none in current compiled activation,no explicit qualified reference found; inspect dynamic/indirect consumers before removal,artifact presence does not prove domain completeness; see core and field ledgers
master.risk_driver_registry,False,Risk,Safe risk projection or retained model dependency,BP2-14,Authorized qualification/risk summary with drilldown; preserve evidence and scoring ownership,declared,server/db/ddl/planes/neon/master/03_tables.sql:3423,True,phase allocation and schema/domain classification; source consumers attached,none in inspected examples,none in current compiled activation,no explicit qualified reference found; inspect dynamic/indirect consumers before removal,artifact presence does not prove domain completeness; see core and field ledgers
master.risk_model,False,Risk,Safe risk projection or retained model dependency,BP2-14,Authorized qualification/risk summary with drilldown; preserve evidence and scoring ownership,declared,server/db/ddl/planes/neon/master/03_tables.sql:3445,True,phase allocation and schema/domain classification; source consumers attached,none in inspected examples,none in current compiled activation,server/db/scripts/provisioning/provision-business-partner-r5-fixtures.ts:85,artifact presence does not prove domain completeness; see core and field ledgers
master.risk_model_dimension,False,Risk,Safe risk projection or retained model dependency,BP2-14,Authorized qualification/risk summary with drilldown; preserve evidence and scoring ownership,declared,server/db/ddl/planes/neon/master/03_tables.sql:3488,True,phase allocation and schema/domain classification; source consumers attached,none in inspected examples,none in current compiled activation,no explicit qualified reference found; inspect dynamic/indirect consumers before removal,artifact presence does not prove domain completeness; see core and field ledgers
master.risk_source,False,Risk,Safe risk projection or retained model dependency,BP2-14,Authorized qualification/risk summary with drilldown; preserve evidence and scoring ownership,declared,server/db/ddl/planes/neon/master/03_tables.sql:3507,True,phase allocation and schema/domain classification; source consumers attached,none in inspected examples,none in current compiled activation,no explicit qualified reference found; inspect dynamic/indirect consumers before removal,artifact presence does not prove domain completeness; see core and field ledgers
master.party_risk_assessment,False,Risk,Safe risk projection or retained model dependency,BP2-14,Authorized qualification/risk summary with drilldown; preserve evidence and scoring ownership,declared,server/db/ddl/planes/neon/master/03_tables.sql:3540,True,phase allocation and schema/domain classification; source consumers attached,none in inspected examples,none in current compiled activation,server/apps/platform-host/src/composition/register-services.ts:4730; server/db/scripts/provisioning/provision-business-partner-r5-fixtures.ts:136; server/db/scripts/provisioning/provision-development-business-partner-fixtures.ts:1078; server/db/scripts/provisioning/provision-development-business-partner-fixtures.ts:1251; server/packages/services/master-data/src/kysely-business-partner-eligibility-repository.ts:701,artifact presence does not prove domain completeness; see core and field ledgers
master.party_risk_dimension_score,False,Risk,Safe risk projection or retained model dependency,BP2-14,Authorized qualification/risk summary with drilldown; preserve evidence and scoring ownership,declared,server/db/ddl/planes/neon/master/03_tables.sql:3625,True,phase allocation and schema/domain classification; source consumers attached,none in inspected examples,none in current compiled activation,no explicit qualified reference found; inspect dynamic/indirect consumers before removal,artifact presence does not prove domain completeness; see core and field ledgers
master.party_risk_evidence,False,Risk,Safe risk projection or retained model dependency,BP2-14,Authorized qualification/risk summary with drilldown; preserve evidence and scoring ownership,declared,server/db/ddl/planes/neon/master/03_tables.sql:3660,True,phase allocation and schema/domain classification; source consumers attached,none in inspected examples,none in current compiled activation,no explicit qualified reference found; inspect dynamic/indirect consumers before removal,artifact presence does not prove domain completeness; see core and field ledgers
master.party_risk_driver,False,Risk,Safe risk projection or retained model dependency,BP2-14,Authorized qualification/risk summary with drilldown; preserve evidence and scoring ownership,declared,server/db/ddl/planes/neon/master/03_tables.sql:3727,True,phase allocation and schema/domain classification; source consumers attached,none in inspected examples,none in current compiled activation,no explicit qualified reference found; inspect dynamic/indirect consumers before removal,artifact presence does not prove domain completeness; see core and field ledgers
master.party_risk_mitigation,False,Risk,Safe risk projection or retained model dependency,BP2-14,Authorized qualification/risk summary with drilldown; preserve evidence and scoring ownership,declared,server/db/ddl/planes/neon/master/03_tables.sql:3762,True,phase allocation and schema/domain classification; source consumers attached,none in inspected examples,none in current compiled activation,no explicit qualified reference found; inspect dynamic/indirect consumers before removal,artifact presence does not prove domain completeness; see core and field ledgers
master.party_risk_review_event,False,Risk,Safe risk projection or retained model dependency,BP2-14,Authorized qualification/risk summary with drilldown; preserve evidence and scoring ownership,declared,server/db/ddl/planes/neon/master/03_tables.sql:3813,True,phase allocation and schema/domain classification; source consumers attached,none in inspected examples,none in current compiled activation,no explicit qualified reference found; inspect dynamic/indirect consumers before removal,artifact presence does not prove domain completeness; see core and field ledgers
master.commodity_category,False,Classification/certification,Parent-owned collection/reference dependency,BP2-05,Partner capability/classification/certificate collections with shared reference lookups; type/category maintenance remains separate,declared,server/db/ddl/planes/neon/master/03_tables.sql:3861,True,phase allocation and schema/domain classification; source consumers attached,none in inspected examples,none in current compiled activation,server/apps/platform-host/scripts/db-verification/business-partner-360/run-business-partner-360-materialization-evidence.ts:480; server/apps/platform-host/src/composition/register-services.ts:5366; server/db/scripts/provisioning/provision-development-business-partner-fixtures.ts:921; server/db/scripts/provisioning/provision-development-business-partner-fixtures.ts:926; server/packages/services/master-data/src/kysely-business-partner-360-commercial-controls.ts:103; server/packages/services/master-data/src/kysely-business-partner-360-commercial-controls.ts:35,artifact presence does not prove domain completeness; see core and field ledgers
master.product,False,Inventory/manufacturing,Deferred/adjacent; no new BP surface,BP2-00,No direct BP app entity recommended; retain owning domain. Review a concrete field/workflow dependency before expansion.,declared,server/db/ddl/planes/neon/master/03_tables.sql:3900,True,phase allocation and schema/domain classification; source consumers attached,none in inspected examples,none in current compiled activation,no explicit qualified reference found; inspect dynamic/indirect consumers before removal,artifact presence does not prove domain completeness; see core and field ledgers
master.item,False,Inventory/manufacturing,Deferred/adjacent; no new BP surface,BP2-00,No direct BP app entity recommended; retain owning domain. Review a concrete field/workflow dependency before expansion.,declared,server/db/ddl/planes/neon/master/03_tables.sql:3938,True,phase allocation and schema/domain classification; source consumers attached,none in inspected examples,none in current compiled activation,no explicit qualified reference found; inspect dynamic/indirect consumers before removal,artifact presence does not prove domain completeness; see core and field ledgers
master.commodity_code_assignment,False,Classification/certification,Reference relation,BP2-05,Category-to-shared-code bridge; do not point BP commodity capability directly at shared commodity_code,declared,server/db/ddl/planes/neon/master/03_tables.sql:3989,True,phase allocation and schema/domain classification; source consumers attached,none in inspected examples,none in current compiled activation,server/packages/services/master-data/src/kysely-business-partner-360-commercial-controls.ts:104; server/packages/services/master-data/src/kysely-business-partner-360-commercial-controls.ts:35,artifact presence does not prove domain completeness; see core and field ledgers
master.catalog,False,Procurement,Deferred/adjacent; no new BP surface,BP2-00,No direct BP app entity recommended; retain owning domain. Review a concrete field/workflow dependency before expansion.,declared,server/db/ddl/planes/neon/master/03_tables.sql:4049,True,phase allocation and schema/domain classification; source consumers attached,none in inspected examples,none in current compiled activation,no explicit qualified reference found; inspect dynamic/indirect consumers before removal,artifact presence does not prove domain completeness; see core and field ledgers
master.catalog_item,False,Procurement,Deferred/adjacent; no new BP surface,BP2-00,No direct BP app entity recommended; retain owning domain. Review a concrete field/workflow dependency before expansion.,declared,server/db/ddl/planes/neon/master/03_tables.sql:4123,True,phase allocation and schema/domain classification; source consumers attached,none in inspected examples,none in current compiled activation,no explicit qualified reference found; inspect dynamic/indirect consumers before removal,artifact presence does not prove domain completeness; see core and field ledgers
master.catalog_price,False,Procurement,Deferred/adjacent; no new BP surface,BP2-00,No direct BP app entity recommended; retain owning domain. Review a concrete field/workflow dependency before expansion.,declared,server/db/ddl/planes/neon/master/03_tables.sql:4172,True,phase allocation and schema/domain classification; source consumers attached,none in inspected examples,none in current compiled activation,no explicit qualified reference found; inspect dynamic/indirect consumers before removal,artifact presence does not prove domain completeness; see core and field ledgers
master.bom,False,Inventory/manufacturing,Deferred/adjacent; no new BP surface,BP2-00,No direct BP app entity recommended; retain owning domain. Review a concrete field/workflow dependency before expansion.,declared,server/db/ddl/planes/neon/master/03_tables.sql:4221,True,phase allocation and schema/domain classification; source consumers attached,none in inspected examples,none in current compiled activation,no explicit qualified reference found; inspect dynamic/indirect consumers before removal,artifact presence does not prove domain completeness; see core and field ledgers
master.bom_component,False,Inventory/manufacturing,Deferred/adjacent; no new BP surface,BP2-00,No direct BP app entity recommended; retain owning domain. Review a concrete field/workflow dependency before expansion.,declared,server/db/ddl/planes/neon/master/03_tables.sql:4261,True,phase allocation and schema/domain classification; source consumers attached,none in inspected examples,none in current compiled activation,no explicit qualified reference found; inspect dynamic/indirect consumers before removal,artifact presence does not prove domain completeness; see core and field ledgers
master.project,False,Projects/planning/budget,Deferred/adjacent; no new BP surface,BP2-00,No direct BP app entity recommended; retain owning domain. Review a concrete field/workflow dependency before expansion.,declared,server/db/ddl/planes/neon/master/03_tables.sql:4314,True,phase allocation and schema/domain classification; source consumers attached,none in inspected examples,none in current compiled activation,no explicit qualified reference found; inspect dynamic/indirect consumers before removal,artifact presence does not prove domain completeness; see core and field ledgers
master.project_wbs,False,Projects/planning/budget,Deferred/adjacent; no new BP surface,BP2-00,No direct BP app entity recommended; retain owning domain. Review a concrete field/workflow dependency before expansion.,declared,server/db/ddl/planes/neon/master/03_tables.sql:4363,True,phase allocation and schema/domain classification; source consumers attached,none in inspected examples,none in current compiled activation,no explicit qualified reference found; inspect dynamic/indirect consumers before removal,artifact presence does not prove domain completeness; see core and field ledgers
master.project_item,False,Projects/planning/budget,Deferred/adjacent; no new BP surface,BP2-00,No direct BP app entity recommended; retain owning domain. Review a concrete field/workflow dependency before expansion.,declared,server/db/ddl/planes/neon/master/03_tables.sql:4409,True,phase allocation and schema/domain classification; source consumers attached,none in inspected examples,none in current compiled activation,no explicit qualified reference found; inspect dynamic/indirect consumers before removal,artifact presence does not prove domain completeness; see core and field ledgers
master.compensation_assignment,False,Internal HR/payroll,Deferred/adjacent; no new BP surface,BP2-00,No direct BP app entity recommended; retain owning domain. Review a concrete field/workflow dependency before expansion.,declared,server/db/ddl/planes/neon/master/03_tables.sql:4462,True,phase allocation and schema/domain classification; source consumers attached,none in inspected examples,none in current compiled activation,no explicit qualified reference found; inspect dynamic/indirect consumers before removal,artifact presence does not prove domain completeness; see core and field ledgers
master.business_partner_relationship,True,Business Partner identity,Parent-owned collection,BP2-04,Related collections under Identity/Relationships; registered governed commands; retain directional relation semantics,declared,server/db/ddl/planes/neon/master/03_tables.sql:4500,True,phase allocation and schema/domain classification; source consumers attached,none in inspected examples,none in current compiled activation,server/db/scripts/business-partner-360/run-business-partner-s5-certification.ts:169; server/db/scripts/provisioning/provision-development-business-partner-fixtures.ts:1016,artifact presence does not prove domain completeness; see core and field ledgers
master.business_partner_governance_relation,False,Business Partner identity,Parent-owned collection,BP2-04,Related collections under Identity/Relationships; registered governed commands; retain directional relation semantics,declared,server/db/ddl/planes/neon/master/03_tables.sql:4542,True,phase allocation and schema/domain classification; source consumers attached,business_partner/core; business_partner_governance_relation/core,business_partner/core; business_partner_governance_relation/core,server/db/scripts/provisioning/provision-development-business-partner-fixtures.ts:1029; server/db/scripts/provisioning/provision-development-business-partner-fixtures.ts:1041; server/db/scripts/provisioning/provision-development-business-partner-fixtures.ts:1053; server/packages/services/master-data/src/kysely-business-partner-360-repository.ts:485; server/packages/services/master-data/src/kysely-business-partner-360-sections.ts:374; server/packages/services/master-data/src/kysely-business-partner-360-sections.ts:584,artifact presence does not prove domain completeness; see core and field ledgers
master.business_partner_identifier,False,Business Partner identity,Entity collection/reference dependency,BP2-04,Partner identifier/tax collections with jurisdiction/type lookups; organizational registrations stay organization-owned,declared,server/db/ddl/planes/neon/master/03_tables.sql:4594,True,phase allocation and schema/domain classification; source consumers attached,business_partner/core; business_partner_identifier/core,business_partner/core; business_partner_identifier/core,server/db/scripts/business-partner-360/run-business-partner-360-performance-evidence.ts:15; server/db/scripts/business-partner-360/run-business-partner-360-performance-evidence.ts:17; server/db/scripts/business-partner-360/run-business-partner-360-performance-evidence.ts:18; server/db/scripts/provisioning/provision-development-business-partner-fixtures.ts:1247; server/db/scripts/provisioning/provision-development-business-partner-fixtures.ts:868; server/packages/services/master-data/src/kysely-business-partner-360-repository.ts:203; server/packages/services/master-data/src/kysely-business-partner-360-repository.ts:331; server/packages/services/master-data/src/kysely-business-partner-360-repository.ts:479; server/packages/services/master-data/src/kysely-business-partner-360-sections.ts:425; server/packages/services/master-data/src/kysely-business-partner-360-sections.ts:583,artifact presence does not prove domain completeness; see core and field ledgers
master.business_partner_tax_registration,False,Business Partner identity,Entity collection/reference dependency,BP2-04,Partner identifier/tax collections with jurisdiction/type lookups; organizational registrations stay organization-owned,declared,server/db/ddl/planes/neon/master/03_tables.sql:4636,True,phase allocation and schema/domain classification; source consumers attached,business_partner/core; business_partner_tax_registration/core,business_partner/core; business_partner_tax_registration/core,server/db/scripts/provisioning/provision-development-business-partner-fixtures.ts:1247; server/db/scripts/provisioning/provision-development-business-partner-fixtures.ts:903; server/packages/services/master-data/src/business-partner-360-service.ts:1366; server/packages/services/master-data/src/kysely-business-partner-360-repository.ts:203; server/packages/services/master-data/src/kysely-business-partner-360-repository.ts:331; server/packages/services/master-data/src/kysely-business-partner-360-repository.ts:479; server/packages/services/master-data/src/kysely-business-partner-360-sections.ts:122; server/packages/services/master-data/src/kysely-business-partner-360-sections.ts:428,artifact presence does not prove domain completeness; see core and field ledgers
master.business_partner_commodity_capability,False,Classification/certification,Parent-owned collection/reference dependency,BP2-05,Partner capability/classification/certificate collections with shared reference lookups; type/category maintenance remains separate,declared,server/db/ddl/planes/neon/master/03_tables.sql:4679,True,phase allocation and schema/domain classification; source consumers attached,business_partner/core; business_partner_commodity_capability/core,business_partner/core; business_partner_commodity_capability/core,server/db/scripts/provisioning/provision-development-business-partner-fixtures.ts:930; server/packages/services/master-data/src/kysely-business-partner-360-commercial-controls.ts:102; server/packages/services/master-data/src/kysely-business-partner-360-commercial-controls.ts:35; server/packages/services/master-data/src/kysely-business-partner-360-commercial-controls.ts:38; server/packages/services/master-data/src/kysely-business-partner-360-repository.ts:241; server/packages/services/master-data/src/kysely-business-partner-eligibility-repository.ts:156; server/packages/services/master-data/src/kysely-business-partner-eligibility-repository.ts:617,artifact presence does not prove domain completeness; see core and field ledgers
master.business_partner_industry_classification,False,Classification/certification,Parent-owned collection/reference dependency,BP2-05,Partner capability/classification/certificate collections with shared reference lookups; type/category maintenance remains separate,declared,server/db/ddl/planes/neon/master/03_tables.sql:4710,True,phase allocation and schema/domain classification; source consumers attached,business_partner/core; business_partner_industry_classification/core,business_partner/core; business_partner_industry_classification/core,server/db/scripts/provisioning/provision-development-business-partner-fixtures.ts:942; server/packages/services/master-data/src/kysely-business-partner-360-sections.ts:143,artifact presence does not prove domain completeness; see core and field ledgers
master.business_partner_operating_organization_assignment,False,Partner role/company context,Existing scope/profile relation,BP2-06,Roles/scope and company-context sections; separate organizational authority and intercompany setup,declared,server/db/ddl/planes/neon/master/03_tables.sql:4763,True,phase allocation and schema/domain classification; source consumers attached,business_partner/core; business_partner_operating_organization_assignment/core,business_partner/core; business_partner_operating_organization_assignment/core,server/apps/platform-host/src/composition/business-partner-authorization-shadow.ts:628; server/apps/platform-host/src/composition/business-partner-stored-scopes.ts:142; server/db/scripts/business-partner-360/provision-business-partner-360-acceptance-fixtures.ts:73; server/db/scripts/business-partner-360/run-business-partner-360-security-evidence.ts:10; server/db/scripts/business-partner-360/run-business-partner-360-security-evidence.ts:37; server/db/scripts/business-partner-360/run-business-partner-360-security-evidence.ts:79; server/db/scripts/provisioning/provision-business-partner-r2-fixtures.ts:131; server/db/scripts/provisioning/provision-business-partner-r2-fixtures.ts:158; server/db/scripts/provisioning/provision-business-partner-r2-fixtures.ts:159; server/db/scripts/provisioning/provision-business-partner-r5-fixtures.ts:113; server/db/scripts/provisioning/provision-development-business-partner-fixtures.ts:508; server/db/scripts/provisioning/provision-development-business-partner-fixtures.ts:528; server/db/scripts/provisioning/provision-development-business-partner-fixtures.ts:545; server/db/scripts/provisioning/provision-development-business-partner-fixtures.ts:570; server/db/scripts/tests/integration/customer-portal-source-probe.ts:29; server/packages/planes/neon/src/business-partner-import.ts:135; server/packages/planes/neon/src/business-partner-import.ts:79; server/packages/planes/neon/src/business-partner-profile-match.ts:70; server/packages/planes/neon/src/business-partner-profile-match.ts:74; server/packages/services/finance/src/ledger/business-partner-journal-activity.ts:56; server/packages/services/master-data/src/kysely-business-partner-360-repository.ts:323; server/packages/services/master-data/src/kysely-business-partner-360-repository.ts:324; server/packages/services/master-data/src/kysely-business-partner-360-repository.ts:65; server/packages/services/master-data/src/kysely-business-partner-360-repository.ts:84; server/packages/services/master-data/src/kysely-business-partner-360-role-sections.ts:180; server/packages/services/master-data/src/kysely-business-partner-360-role-sections.ts:33; server/packages/services/master-data/src/kysely-business-partner-360-role-sections.ts:348; server/packages/services/master-data/src/kysely-business-partner-360-role-sections.ts:73; server/packages/services/master-data/src/kysely-business-partner-360-role-sections.ts:91; server/packages/services/master-data/src/kysely-business-partner-case-repository.ts:469; server/packages/services/master-data/src/kysely-business-partner-case-repository.ts:474; server/packages/services/master-data/src/kysely-business-partner-case-repository.ts:486; server/packages/services/master-data/src/kysely-business-partner-eligibility-repository.ts:668; server/packages/services/master-data/src/master-data-authority.ts:27; server/packages/services/master-data/src/master-data-authority.ts:53; server/packages/services/records/src/kysely-record-repository.ts:103; server/packages/services/records/src/kysely-record-repository.ts:123,artifact presence does not prove domain completeness; see core and field ledgers
master.company_code_supplier_profile,False,Supplier,Existing scope/profile relation,BP2-07,Roles/scope and company-context sections; separate organizational authority and intercompany setup,declared,server/db/ddl/planes/neon/master/03_tables.sql:4793,True,phase allocation and schema/domain classification; source consumers attached,business_partner/core; supplier_company_profile/core,business_partner/core; supplier_company_profile/core,server/db/scripts/provisioning/provision-development-business-partner-fixtures.ts:1168; server/db/scripts/provisioning/provision-development-business-partner-fixtures.ts:1248; server/db/scripts/provisioning/provision-development-business-partner-fixtures.ts:989; server/db/scripts/tests/integration/business-partner-bank-verification.ts:107; server/db/scripts/tests/integration/business-partner-bank-verification.ts:139; server/packages/planes/neon/src/business-partner-account-bank-linkage.ts:102; server/packages/planes/neon/src/business-partner-account-bank-linkage.ts:118; server/packages/planes/neon/src/business-partner-account-bank-linkage.ts:129; server/packages/planes/neon/src/business-partner-account-bank-linkage.ts:141; server/packages/planes/neon/src/business-partner-account-bank-linkage.ts:363; server/packages/planes/neon/src/business-partner-account-bank-linkage.ts:453; server/packages/planes/neon/src/business-partner-account-bank-linkage.ts:485; server/packages/services/master-data/src/kysely-business-partner-360-commercial-controls.ts:260; server/packages/services/master-data/src/kysely-business-partner-360-repository.ts:325; server/packages/services/master-data/src/kysely-business-partner-360-repository.ts:480; server/packages/services/master-data/src/kysely-business-partner-360-role-sections.ts:162; server/packages/services/master-data/src/kysely-business-partner-360-role-sections.ts:355; server/packages/services/master-data/src/kysely-business-partner-360-role-sections.ts:88; server/packages/services/master-data/src/kysely-business-partner-360-role-sections.ts:91; server/packages/services/master-data/src/kysely-business-partner-case-repository.ts:285; server/packages/services/master-data/src/kysely-business-partner-case-repository.ts:494; server/packages/services/master-data/src/kysely-business-partner-eligibility-repository.ts:668; server/packages/services/master-data/src/kysely-business-partner-eligibility-repository.ts:711; server/packages/services/records/src/kysely-record-repository.ts:104,artifact presence does not prove domain completeness; see core and field ledgers
master.company_code_customer_profile,False,Customer,Existing scope/profile relation,BP2-08,Roles/scope and company-context sections; separate organizational authority and intercompany setup,declared,server/db/ddl/planes/neon/master/03_tables.sql:4828,True,phase allocation and schema/domain classification; source consumers attached,business_partner/core; customer_company_profile/core,business_partner/core; customer_company_profile/core,server/db/scripts/provisioning/provision-business-partner-r5-fixtures.ts:123; server/db/scripts/tests/integration/customer-portal-source-probe.ts:29; server/packages/services/master-data/src/kysely-business-partner-360-repository.ts:326; server/packages/services/master-data/src/kysely-business-partner-360-repository.ts:481; server/packages/services/master-data/src/kysely-business-partner-360-role-sections.ts:177; server/packages/services/master-data/src/kysely-business-partner-360-role-sections.ts:180; server/packages/services/master-data/src/kysely-business-partner-360-role-sections.ts:252; server/packages/services/master-data/src/kysely-business-partner-360-role-sections.ts:356; server/packages/services/master-data/src/kysely-business-partner-eligibility-repository.ts:668; server/packages/services/records/src/kysely-record-repository.ts:104,artifact presence does not prove domain completeness; see core and field ledgers
master.legal_entity_internal_partner_link,True,Partner role/company context,Existing scope/profile relation,BP2-06,Roles/scope and company-context sections; separate organizational authority and intercompany setup,declared,server/db/ddl/planes/neon/master/03_tables.sql:4866,True,phase allocation and schema/domain classification; source consumers attached,none in inspected examples,none in current compiled activation,server/packages/services/master-data/src/kysely-business-partner-360-repository.ts:108; server/packages/services/master-data/src/kysely-business-partner-360-role-sections.ts:36,artifact presence does not prove domain completeness; see core and field ledgers
master.intercompany_trading_pair,False,Partner role/company context,Existing scope/profile relation,BP2-06,Roles/scope and company-context sections; separate organizational authority and intercompany setup,declared,server/db/ddl/planes/neon/master/03_tables.sql:4899,True,phase allocation and schema/domain classification; source consumers attached,none in inspected examples,none in current compiled activation,no explicit qualified reference found; inspect dynamic/indirect consumers before removal,artifact presence does not prove domain completeness; see core and field ledgers
master.contact_person_identity_link,True,Contact/person,Parent-owned collection/reference,BP2-03,"Link-aware related sections and child lookup metadata; preserve owner registry, tenant boundaries and contact verification",declared,server/db/ddl/planes/neon/master/03_tables.sql:4942,True,phase allocation and schema/domain classification; source consumers attached,none in inspected examples,none in current compiled activation,server/db/scripts/tests/integration/customer-portal-source-probe.ts:46; server/packages/platform/iam/src/customer-portal-delivery.ts:328,artifact presence does not prove domain completeness; see core and field ledgers
master.certification_type,False,Classification/certification,Parent-owned collection/reference dependency,BP2-05,Partner capability/classification/certificate collections with shared reference lookups; type/category maintenance remains separate,declared,server/db/ddl/planes/neon/master/03_tables.sql:4962,True,phase allocation and schema/domain classification; source consumers attached,none in inspected examples,none in current compiled activation,server/apps/platform-host/scripts/db-verification/business-partner-360/run-business-partner-360-materialization-evidence.ts:441; server/apps/platform-host/src/composition/register-services.ts:5366; server/packages/services/master-data/src/kysely-business-partner-360-commercial-controls.ts:300,artifact presence does not prove domain completeness; see core and field ledgers
master.certification,False,Classification/certification,Parent-owned collection/reference dependency,BP2-05,Partner capability/classification/certificate collections with shared reference lookups; type/category maintenance remains separate,declared,server/db/ddl/planes/neon/master/03_tables.sql:4986,True,phase allocation and schema/domain classification; source consumers attached,business_partner/core; certification/core,business_partner/core; certification/core,server/db/scripts/provisioning/provision-development-business-partner-fixtures.ts:1221; server/db/scripts/provisioning/provision-development-business-partner-fixtures.ts:1250; server/packages/services/master-data/src/kysely-business-partner-360-commercial-controls.ts:300; server/packages/services/master-data/src/kysely-business-partner-360-repository.ts:330; server/packages/services/master-data/src/kysely-business-partner-360-repository.ts:483; server/packages/services/master-data/src/kysely-business-partner-360-sections.ts:531,artifact presence does not prove domain completeness; see core and field ledgers
master.organization_amendment,False,Organization,Deferred/adjacent; no new BP surface,BP2-00,No direct BP app entity recommended; retain owning domain. Review a concrete field/workflow dependency before expansion.,declared,server/db/ddl/planes/neon/master/03_tables.sql:5027,True,phase allocation and schema/domain classification; source consumers attached,none in inspected examples,none in current compiled activation,no explicit qualified reference found; inspect dynamic/indirect consumers before removal,artifact presence does not prove domain completeness; see core and field ledgers
snapshot.entity_snapshot_identity,False,Current shared request backbone,Retained shared case/snapshot authority,BF-04,Immutable case payload/revision lineage; expose safe request views only,declared,server/db/ddl/common/snapshot/03_tables.sql:1,True,phase allocation and schema/domain classification; source consumers attached,none in inspected examples,none in current compiled activation,server/apps/platform-host/scripts/db-verification/business-partner-360/run-business-partner-360-materialization-evidence.ts:637; server/apps/platform-host/src/composition/register-services.ts:1459; server/apps/platform-host/src/composition/supplier-process-documents.ts:185; server/apps/platform-host/src/composition/supplier-process-selection.ts:128; server/apps/platform-host/src/composition/supplier-process-submission.ts:102; server/db/scripts/business-partner-360/run-business-partner-360-security-evidence.ts:14; server/db/scripts/business-partner-360/run-business-partner-360-security-evidence.ts:77; server/packages/services/finance/src/shared/kysely-finance-foundation.ts:14; server/packages/services/master-data/src/kysely-business-partner-case-repository.ts:1399; server/packages/services/master-data/src/kysely-business-partner-case-repository.ts:1401; server/packages/services/master-data/src/kysely-business-partner-case-repository.ts:351; server/packages/services/master-data/src/kysely-business-partner-case-repository.ts:357; server/packages/services/master-data/src/kysely-business-partner-case-repository.ts:358; server/packages/services/records/src/snapshots/kysely-snapshot-repository.ts:105; server/packages/services/records/src/snapshots/kysely-snapshot-repository.ts:89,artifact presence does not prove domain completeness; see core and field ledgers
snapshot.entity_snapshot,False,Current shared request backbone,Retained shared case/snapshot authority,BF-04,Immutable case payload/revision lineage; expose safe request views only,declared,server/db/ddl/common/snapshot/03_tables.sql:78,True,phase allocation and schema/domain classification; source consumers attached,none in inspected examples,none in current compiled activation,server/apps/platform-host/src/composition/business-partner-stored-scopes.ts:49; server/apps/platform-host/src/composition/business-partner-stored-scopes.ts:64; server/apps/platform-host/src/composition/supplier-process-documents.ts:468; server/packages/contracts/master-data/src/business-partner-requests.ts:397; server/packages/services/master-data/src/business-partner-onboarding-cycle.ts:102; server/packages/services/master-data/src/kysely-business-partner-360-explainability.ts:39; server/packages/services/master-data/src/kysely-business-partner-case-repository.ts:1346; server/packages/services/master-data/src/kysely-business-partner-case-repository.ts:352; server/packages/services/master-data/src/kysely-business-partner-case-repository.ts:353; server/packages/services/master-data/src/kysely-business-partner-case-repository.ts:360; server/packages/services/master-data/src/kysely-business-partner-case-repository.ts:401; server/packages/services/master-data/src/kysely-business-partner-case-repository.ts:435; server/packages/services/master-data/src/kysely-business-partner-case-repository.ts:489; server/packages/services/master-data/src/kysely-business-partner-case-repository.ts:72; server/packages/services/master-data/src/kysely-governed-internal-business-partner-repository.ts:85; server/packages/services/records/src/snapshots/kysely-snapshot-repository.ts:105; server/packages/services/records/src/snapshots/kysely-snapshot-repository.ts:89; server/packages/services/records/src/standard-view-relationship-sql.ts:48,artifact presence does not prove domain completeness; see core and field ledgers
snapshot.entity_case_snapshot_lineage,False,Current shared request backbone,Retained shared case/snapshot authority,BF-04,Immutable case payload/revision lineage; expose safe request views only,declared,server/db/ddl/common/snapshot/03_tables.sql:90,True,phase allocation and schema/domain classification; source consumers attached,none in inspected examples,none in current compiled activation,server/packages/services/master-data/src/kysely-business-partner-case-repository.ts:1410,artifact presence does not prove domain completeness; see core and field ledgers
snapshot.subscription_plan_entitlement,False,Entitlements/usage,Deferred/adjacent; no new BP surface,BP2-00,No direct BP app entity recommended; retain owning domain. Review a concrete field/workflow dependency before expansion.,declared,server/db/ddl/common/snapshot/03_tables.sql:128,True,phase allocation and schema/domain classification; source consumers attached,none in inspected examples,none in current compiled activation,server/packages/platform/control-admin/src/kysely-entitlement-repository.ts:33,artifact presence does not prove domain completeness; see core and field ledgers
master.audit_reason_code,False,Audit configuration,Deferred/adjacent; no new BP surface,BP2-00,No direct BP app entity recommended; retain owning domain. Review a concrete field/workflow dependency before expansion.,declared,server/db/ddl/common/audit/03_tables.sql:6,True,phase allocation and schema/domain classification; source consumers attached,none in inspected examples,none in current compiled activation,no explicit qualified reference found; inspect dynamic/indirect consumers before removal,artifact presence does not prove domain completeness; see core and field ledgers
master.audit_event_contract,False,Audit configuration,Deferred/adjacent; no new BP surface,BP2-00,No direct BP app entity recommended; retain owning domain. Review a concrete field/workflow dependency before expansion.,declared,server/db/ddl/common/audit/03_tables.sql:49,True,phase allocation and schema/domain classification; source consumers attached,none in inspected examples,none in current compiled activation,server/db/scripts/checks/contracts/audit.ts:141; server/db/scripts/tests/integration/ci-integrity.ts:179; server/db/scripts/tests/integration/ci-integrity.ts:213; server/db/scripts/tests/integration/ci-integrity.ts:229; server/packages/platform/control-admin/src/kysely-entitlement-repository.ts:35; server/packages/platform/control-admin/src/kysely-feature-flag-repository.ts:35; server/packages/platform/control-admin/src/kysely-parameter-repository.ts:32,artifact presence does not prove domain completeness; see core and field ledgers
audit.audit_log,False,Audit and retention,internal infrastructure; no BP CRUD,BP2-00,No direct BP app entity recommended; retain owning domain. Review a concrete field/workflow dependency before expansion.,declared,server/db/ddl/common/audit/03_tables.sql:85,True,phase allocation and schema/domain classification; source consumers attached,none in inspected examples,none in current compiled activation,server/db/scripts/business-partner-360/run-business-partner-360-security-evidence.ts:14; server/db/scripts/business-partner-360/run-business-partner-360-security-evidence.ts:61; server/db/scripts/business-partner-360/run-business-partner-360-security-evidence.ts:77; server/db/scripts/business-partner-360/run-business-partner-s5-certification.ts:111; server/db/scripts/business-partner-360/run-business-partner-s5-certification.ts:200; server/db/scripts/checks/contracts/audit.ts:163; server/packages/platform/ai/src/credentials.ts:49; server/packages/services/master-data/src/kysely-business-partner-360-explainability.ts:142; server/packages/services/master-data/src/kysely-business-partner-360-explainability.ts:93; server/packages/test-utils/src/postgres-service-harness.ts:304,artifact presence does not prove domain completeness; see core and field ledgers
audit.audit_log_default,False,Audit and retention,internal infrastructure; no BP CRUD,BP2-00,No direct BP app entity recommended; retain owning domain. Review a concrete field/workflow dependency before expansion.,declared,server/db/ddl/common/audit/03_tables.sql:198,True,phase allocation and schema/domain classification; source consumers attached,none in inspected examples,none in current compiled activation,no explicit qualified reference found; inspect dynamic/indirect consumers before removal,artifact presence does not prove domain completeness; see core and field ledgers
audit.authorization_decision_evidence,False,Audit and retention,internal infrastructure; no BP CRUD,BP2-00,No direct BP app entity recommended; retain owning domain. Review a concrete field/workflow dependency before expansion.,declared,server/db/ddl/common/audit/03_tables.sql:219,True,phase allocation and schema/domain classification; source consumers attached,none in inspected examples,none in current compiled activation,no explicit qualified reference found; inspect dynamic/indirect consumers before removal,artifact presence does not prove domain completeness; see core and field ledgers
audit.authorization_decision_evidence_default,False,Audit and retention,internal infrastructure; no BP CRUD,BP2-00,No direct BP app entity recommended; retain owning domain. Review a concrete field/workflow dependency before expansion.,declared,server/db/ddl/common/audit/03_tables.sql:309,True,phase allocation and schema/domain classification; source consumers attached,none in inspected examples,none in current compiled activation,no explicit qualified reference found; inspect dynamic/indirect consumers before removal,artifact presence does not prove domain completeness; see core and field ledgers
audit.security_event,False,Audit and retention,internal infrastructure; no BP CRUD,BP2-00,No direct BP app entity recommended; retain owning domain. Review a concrete field/workflow dependency before expansion.,declared,server/db/ddl/common/audit/03_tables.sql:318,True,phase allocation and schema/domain classification; source consumers attached,none in inspected examples,none in current compiled activation,no explicit qualified reference found; inspect dynamic/indirect consumers before removal,artifact presence does not prove domain completeness; see core and field ledgers
audit.security_event_default,False,Audit and retention,internal infrastructure; no BP CRUD,BP2-00,No direct BP app entity recommended; retain owning domain. Review a concrete field/workflow dependency before expansion.,declared,server/db/ddl/common/audit/03_tables.sql:383,True,phase allocation and schema/domain classification; source consumers attached,none in inspected examples,none in current compiled activation,no explicit qualified reference found; inspect dynamic/indirect consumers before removal,artifact presence does not prove domain completeness; see core and field ledgers
audit.hash_anchor,False,Audit and retention,internal infrastructure; no BP CRUD,BP2-00,No direct BP app entity recommended; retain owning domain. Review a concrete field/workflow dependency before expansion.,declared,server/db/ddl/common/audit/03_tables.sql:392,True,phase allocation and schema/domain classification; source consumers attached,none in inspected examples,none in current compiled activation,no explicit qualified reference found; inspect dynamic/indirect consumers before removal,artifact presence does not prove domain completeness; see core and field ledgers
audit.export_request,False,Audit and retention,internal infrastructure; no BP CRUD,BP2-00,No direct BP app entity recommended; retain owning domain. Review a concrete field/workflow dependency before expansion.,declared,server/db/ddl/common/audit/03_tables.sql:433,True,phase allocation and schema/domain classification; source consumers attached,none in inspected examples,none in current compiled activation,no explicit qualified reference found; inspect dynamic/indirect consumers before removal,artifact presence does not prove domain completeness; see core and field ledgers
audit.export_manifest,False,Audit and retention,internal infrastructure; no BP CRUD,BP2-00,No direct BP app entity recommended; retain owning domain. Review a concrete field/workflow dependency before expansion.,declared,server/db/ddl/common/audit/03_tables.sql:461,True,phase allocation and schema/domain classification; source consumers attached,none in inspected examples,none in current compiled activation,no explicit qualified reference found; inspect dynamic/indirect consumers before removal,artifact presence does not prove domain completeness; see core and field ledgers
audit.integrity_check_evidence,False,Audit and retention,internal infrastructure; no BP CRUD,BP2-00,No direct BP app entity recommended; retain owning domain. Review a concrete field/workflow dependency before expansion.,declared,server/db/ddl/common/audit/03_tables.sql:486,True,phase allocation and schema/domain classification; source consumers attached,none in inspected examples,none in current compiled activation,no explicit qualified reference found; inspect dynamic/indirect consumers before removal,artifact presence does not prove domain completeness; see core and field ledgers
audit.legal_hold,False,Audit and retention,internal infrastructure; no BP CRUD,BP2-00,No direct BP app entity recommended; retain owning domain. Review a concrete field/workflow dependency before expansion.,declared,server/db/ddl/common/audit/03_tables.sql:504,True,phase allocation and schema/domain classification; source consumers attached,none in inspected examples,none in current compiled activation,server/packages/platform/audit/src/governance-service.ts:88; server/packages/platform/audit/src/governance-service.ts:92,artifact presence does not prove domain completeness; see core and field ledgers
audit.legal_hold_manifest,False,Audit and retention,internal infrastructure; no BP CRUD,BP2-00,No direct BP app entity recommended; retain owning domain. Review a concrete field/workflow dependency before expansion.,declared,server/db/ddl/common/audit/03_tables.sql:522,True,phase allocation and schema/domain classification; source consumers attached,none in inspected examples,none in current compiled activation,no explicit qualified reference found; inspect dynamic/indirect consumers before removal,artifact presence does not prove domain completeness; see core and field ledgers
audit.retention_policy,False,Audit and retention,internal infrastructure; no BP CRUD,BP2-00,No direct BP app entity recommended; retain owning domain. Review a concrete field/workflow dependency before expansion.,declared,server/db/ddl/common/audit/03_tables.sql:538,True,phase allocation and schema/domain classification; source consumers attached,none in inspected examples,none in current compiled activation,no explicit qualified reference found; inspect dynamic/indirect consumers before removal,artifact presence does not prove domain completeness; see core and field ledgers
document.attachment_series,False,Shared collaboration,Retained shared capability; owned by CA plan,BF-05,Reuse completed shared capability metadata and authorized services; no duplicate BP attachment/comment implementation,declared,server/db/ddl/common/document/03_foundation_tables.sql:4,True,phase allocation and schema/domain classification; source consumers attached,none in inspected examples,none in current compiled activation,server/apps/platform-host/src/composition/atlas-attachment-knowledge.ts:297; server/apps/platform-host/src/composition/register-services.ts:3656; server/packages/platform/ai/src/attachment-context.ts:48; server/packages/services/attachments/src/kysely-attachment-repository.ts:109; server/packages/services/attachments/src/kysely-attachment-repository.ts:54; server/packages/services/attachments/src/kysely-attachment-repository.ts:68; server/packages/services/attachments/src/kysely-attachment-repository.ts:84; server/packages/services/attachments/src/kysely-attachment-repository.ts:91; server/packages/services/attachments/src/kysely-attachment-repository.ts:98; server/packages/services/attachments/src/retrieval-admission.ts:74; server/packages/services/content/src/kysely-content-resources.ts:10; server/packages/services/content/src/kysely-content-resources.ts:9; server/packages/services/document-derivatives/src/document-derivatives.ts:523; server/packages/services/document-processing/src/kysely-document-processing-repository.ts:3; server/packages/services/documents/src/kysely-document-repositories.ts:128; server/packages/services/documents/src/kysely-document-repositories.ts:60; server/packages/services/documents/src/kysely-document-repositories.ts:74; server/packages/services/master-data/src/kysely-business-partner-360-commercial-controls.ts:300; server/packages/services/master-data/src/kysely-business-partner-360-sections.ts:526,artifact presence does not prove domain completeness; see core and field ledgers
document.attachment,False,Shared collaboration,Retained shared capability; owned by CA plan,BF-05,Reuse completed shared capability metadata and authorized services; no duplicate BP attachment/comment implementation,declared,server/db/ddl/common/document/03_foundation_tables.sql:29,True,phase allocation and schema/domain classification; source consumers attached,none in inspected examples,none in current compiled activation,server/apps/platform-host/src/composition/atlas-attachment-knowledge.ts:297; server/apps/platform-host/src/composition/atlas-document-grounding.ts:154; server/apps/platform-host/src/composition/business-partner-permission-transitions.ts:115; server/apps/platform-host/src/composition/register-services.ts:3048; server/apps/platform-host/src/composition/register-services.ts:3656; server/apps/platform-host/src/composition/register-services.ts:3728; server/apps/platform-host/src/composition/supplier-process-documents.ts:283; server/apps/platform-host/src/composition/supplier-process-documents.ts:567; server/apps/platform-host/src/scripts/qualify-document-infrastructure.ts:256; server/apps/platform-host/src/scripts/qualify-document-infrastructure.ts:306; server/packages/adapters/search-meilisearch/src/meilisearch-index.ts:321; server/packages/adapters/search-meilisearch/src/meilisearch-index.ts:323; server/packages/contracts/master-data/src/business-partner-360.ts:36; server/packages/platform/ai/src/attachment-context.ts:47; server/packages/platform/collaboration/src/kysely-collaboration-repository.ts:195; server/packages/platform/collaboration/src/kysely-collaboration-repository.ts:200; server/packages/platform/collaboration/src/kysely-collaboration-repository.ts:213; server/packages/services/attachments/src/attachment-lifecycle.ts:859; server/packages/services/attachments/src/attachment-lifecycle.ts:861; server/packages/services/attachments/src/attachment-routes.ts:274; server/packages/services/attachments/src/attachment-routes.ts:383; server/packages/services/attachments/src/attachment-routes.ts:388; server/packages/services/attachments/src/kysely-attachment-quota-ledger.ts:8; server/packages/services/attachments/src/kysely-attachment-repository.ts:105; server/packages/services/attachments/src/kysely-attachment-repository.ts:117; server/packages/services/attachments/src/kysely-attachment-repository.ts:122; server/packages/services/attachments/src/kysely-attachment-repository.ts:127; server/packages/services/attachments/src/kysely-attachment-repository.ts:132; server/packages/services/attachments/src/kysely-attachment-repository.ts:137; server/packages/services/attachments/src/kysely-attachment-repository.ts:144; server/packages/services/attachments/src/kysely-attachment-repository.ts:54; server/packages/services/attachments/src/kysely-attachment-repository.ts:72; server/packages/services/attachments/src/kysely-attachment-repository.ts:84; server/packages/services/attachments/src/kysely-attachment-repository.ts:91; server/packages/services/attachments/src/kysely-attachment-repository.ts:98; server/packages/services/attachments/src/retrieval-admission.ts:73; server/packages/services/content/src/kysely-content-resources.ts:10; server/packages/services/content/src/kysely-content-resources.ts:11; server/packages/services/content/src/kysely-content-resources.ts:12; server/packages/services/content/src/kysely-content-resources.ts:9; server/packages/services/document-derivatives/src/document-derivatives.ts:522; server/packages/services/document-processing/src/kysely-document-processing-repository.ts:3; server/packages/services/document-processing/src/kysely-document-processing-repository.ts:4; server/packages/services/documents/src/document-service.ts:74; server/packages/services/documents/src/kysely-document-repositories.ts:109; server/packages/services/documents/src/kysely-document-repositories.ts:122; server/packages/services/documents/src/kysely-document-repositories.ts:130; server/packages/services/documents/src/kysely-document-repositories.ts:63; server/packages/services/documents/src/kysely-document-repositories.ts:88; server/packages/services/master-data/src/business-partner-360-response-schemas.ts:2313; server/packages/services/master-data/src/business-partner-provider-projection.ts:533; server/packages/services/master-data/src/business-partner-request-capture.ts:212; server/packages/services/master-data/src/kysely-business-partner-360-commercial-controls.ts:300; server/packages/services/master-data/src/kysely-business-partner-360-sections.ts:525; server/packages/services/master-data/src/kysely-business-partner-360-sections.ts:579,artifact presence does not prove domain completeness; see core and field ledgers
document.attachment_folder,False,Shared collaboration,Retained shared capability; owned by CA plan,BF-05,Reuse completed shared capability metadata and authorized services; no duplicate BP attachment/comment implementation,declared,server/db/ddl/common/document/03_foundation_tables.sql:103,True,phase allocation and schema/domain classification; source consumers attached,none in inspected examples,none in current compiled activation,no explicit qualified reference found; inspect dynamic/indirect consumers before removal,artifact presence does not prove domain completeness; see core and field ledgers
document.attachment_link,False,Shared collaboration,Retained shared capability; owned by CA plan,BF-05,Reuse completed shared capability metadata and authorized services; no duplicate BP attachment/comment implementation,declared,server/db/ddl/common/document/03_foundation_tables.sql:131,True,phase allocation and schema/domain classification; source consumers attached,none in inspected examples,none in current compiled activation,server/apps/platform-host/src/composition/atlas-attachment-knowledge.ts:297; server/apps/platform-host/src/composition/register-services.ts:3048; server/apps/platform-host/src/composition/register-services.ts:3656; server/packages/platform/ai/src/attachment-context.ts:49; server/packages/platform/collaboration/src/kysely-collaboration-repository.ts:190; server/packages/platform/collaboration/src/kysely-collaboration-repository.ts:195; server/packages/services/attachments/src/kysely-attachment-repository.ts:77; server/packages/services/attachments/src/retrieval-admission.ts:75; server/packages/services/content/src/kysely-content-resources.ts:10; server/packages/services/content/src/kysely-content-resources.ts:11; server/packages/services/content/src/kysely-content-resources.ts:12; server/packages/services/content/src/kysely-content-resources.ts:9; server/packages/services/document-processing/src/kysely-document-processing-repository.ts:3; server/packages/services/documents/src/kysely-document-repositories.ts:110; server/packages/services/documents/src/kysely-document-repositories.ts:144; server/packages/services/documents/src/kysely-document-repositories.ts:77; server/packages/services/documents/src/kysely-document-repositories.ts:89; server/packages/services/master-data/src/business-partner-request-capture.ts:216; server/packages/services/master-data/src/business-partner-request-capture.ts:224; server/packages/services/master-data/src/kysely-business-partner-360-sections.ts:530,artifact presence does not prove domain completeness; see core and field ledgers
document.comment,False,Shared collaboration,Retained shared capability; owned by CA plan,BF-05,Reuse completed shared capability metadata and authorized services; no duplicate BP attachment/comment implementation,declared,server/db/ddl/common/document/03_foundation_tables.sql:160,True,phase allocation and schema/domain classification; source consumers attached,none in inspected examples,none in current compiled activation,server/apps/platform-host/src/composition/register-services.ts:3036; server/apps/platform-host/src/composition/register-services.ts:3048; server/apps/platform-host/src/composition/register-services.ts:3649; server/apps/platform-host/src/composition/register-services.ts:3718; server/apps/platform-host/src/composition/register-services.ts:4820; server/apps/platform-host/src/composition/register-services.ts:4827; server/packages/platform/collaboration/src/collaboration-service.ts:394; server/packages/platform/collaboration/src/collaboration-service.ts:396; server/packages/platform/collaboration/src/collaboration-service.ts:426; server/packages/platform/collaboration/src/collaboration-service.ts:440; server/packages/platform/collaboration/src/kysely-collaboration-repository.ts:100; server/packages/platform/collaboration/src/kysely-collaboration-repository.ts:121; server/packages/platform/collaboration/src/kysely-collaboration-repository.ts:150; server/packages/platform/collaboration/src/kysely-collaboration-repository.ts:174; server/packages/platform/collaboration/src/kysely-collaboration-repository.ts:190; server/packages/platform/collaboration/src/kysely-collaboration-repository.ts:195; server/packages/platform/collaboration/src/kysely-collaboration-repository.ts:46; server/packages/platform/collaboration/src/kysely-collaboration-repository.ts:65; server/packages/platform/collaboration/src/kysely-collaboration-repository.ts:74; server/packages/platform/collaboration/src/kysely-collaboration-repository.ts:84; server/packages/platform/collaboration/src/kysely-collaboration-repository.ts:92; server/packages/services/master-data/src/business-partner-provider-projection.ts:532; server/packages/services/master-data/src/kysely-business-partner-360-sections.ts:500; server/packages/services/master-data/src/kysely-business-partner-360-sections.ts:578,artifact presence does not prove domain completeness; see core and field ledgers
document.comment_draft,False,Shared collaboration,Retained shared capability; owned by CA plan,BF-05,Reuse completed shared capability metadata and authorized services; no duplicate BP attachment/comment implementation,declared,server/db/ddl/common/document/03_foundation_tables.sql:222,True,phase allocation and schema/domain classification; source consumers attached,none in inspected examples,none in current compiled activation,server/apps/platform-host/src/composition/register-services.ts:3059; server/packages/platform/collaboration/src/kysely-collaboration-repository.ts:131; server/packages/platform/collaboration/src/kysely-collaboration-repository.ts:137; server/packages/platform/collaboration/src/kysely-collaboration-repository.ts:195; server/packages/platform/collaboration/src/kysely-collaboration-repository.ts:200,artifact presence does not prove domain completeness; see core and field ledgers
document.comment_feed_cursor,False,Shared collaboration,Retained shared capability; owned by CA plan,BF-05,Reuse completed shared capability metadata and authorized services; no duplicate BP attachment/comment implementation,declared,server/db/ddl/common/document/03_foundation_tables.sql:264,True,phase allocation and schema/domain classification; source consumers attached,none in inspected examples,none in current compiled activation,server/packages/platform/collaboration/src/kysely-collaboration-repository.ts:143,artifact presence does not prove domain completeness; see core and field ledgers
document.comment_mention,False,Shared collaboration,Retained shared capability; owned by CA plan,BF-05,Reuse completed shared capability metadata and authorized services; no duplicate BP attachment/comment implementation,declared,server/db/ddl/common/document/03_foundation_tables.sql:289,True,phase allocation and schema/domain classification; source consumers attached,none in inspected examples,none in current compiled activation,server/packages/platform/collaboration/src/kysely-collaboration-repository.ts:183; server/packages/platform/collaboration/src/kysely-collaboration-repository.ts:187,artifact presence does not prove domain completeness; see core and field ledgers
document.comment_reaction,False,Shared collaboration,Retained shared capability; owned by CA plan,BF-05,Reuse completed shared capability metadata and authorized services; no duplicate BP attachment/comment implementation,declared,server/db/ddl/common/document/03_foundation_tables.sql:302,True,phase allocation and schema/domain classification; source consumers attached,none in inspected examples,none in current compiled activation,server/packages/platform/collaboration/src/kysely-collaboration-repository.ts:100; server/packages/platform/collaboration/src/kysely-collaboration-repository.ts:107,artifact presence does not prove domain completeness; see core and field ledgers
document.content_item,False,Shared collaboration,Retained shared capability; owned by CA plan,BF-05,Reuse completed shared capability metadata and authorized services; no duplicate BP attachment/comment implementation,declared,server/db/ddl/common/document/03_foundation_tables.sql:319,True,phase allocation and schema/domain classification; source consumers attached,none in inspected examples,none in current compiled activation,server/apps/platform-host/src/composition/register-services.ts:4052; server/packages/services/content/src/content-service.ts:7; server/packages/services/content/src/kysely-content-acl.ts:37; server/packages/services/content/src/kysely-content-acl.ts:7; server/packages/services/content/src/kysely-content-acl.ts:71; server/packages/services/content/src/kysely-content-quota.ts:7; server/packages/services/content/src/kysely-content-quota.ts:71; server/packages/services/content/src/kysely-content-repository.ts:11; server/packages/services/content/src/kysely-content-repository.ts:4; server/packages/services/content/src/kysely-content-repository.ts:5; server/packages/services/content/src/kysely-content-repository.ts:6; server/packages/services/content/src/kysely-content-repository.ts:7; server/packages/services/content/src/kysely-content-repository.ts:8; server/packages/services/master-data/src/kysely-workforce-request-repository.ts:81,artifact presence does not prove domain completeness; see core and field ledgers
document.content_item_link,False,Shared collaboration,Retained shared capability; owned by CA plan,BF-05,Reuse completed shared capability metadata and authorized services; no duplicate BP attachment/comment implementation,declared,server/db/ddl/common/document/03_foundation_tables.sql:358,True,phase allocation and schema/domain classification; source consumers attached,none in inspected examples,none in current compiled activation,server/packages/services/content/src/kysely-content-resources.ts:6; server/packages/services/content/src/kysely-content-resources.ts:7; server/packages/services/content/src/kysely-content-resources.ts:8,artifact presence does not prove domain completeness; see core and field ledgers
document.attachment_legal_hold,False,Shared collaboration,Retained shared capability; owned by CA plan,BF-05,Reuse completed shared capability metadata and authorized services; no duplicate BP attachment/comment implementation,declared,server/db/ddl/common/document/03_foundation_tables.sql:384,True,phase allocation and schema/domain classification; source consumers attached,none in inspected examples,none in current compiled activation,server/packages/services/attachments/src/kysely-attachment-repository.ts:144; server/packages/services/attachments/src/kysely-attachment-repository.ts:84; server/packages/services/attachments/src/kysely-attachment-repository.ts:91; server/packages/services/attachments/src/kysely-attachment-repository.ts:98,artifact presence does not prove domain completeness; see core and field ledgers
document.attachment_legal_hold_event,False,Shared collaboration,Retained shared capability; owned by CA plan,BF-05,Reuse completed shared capability metadata and authorized services; no duplicate BP attachment/comment implementation,declared,server/db/ddl/common/document/03_foundation_tables.sql:414,True,phase allocation and schema/domain classification; source consumers attached,none in inspected examples,none in current compiled activation,no explicit qualified reference found; inspect dynamic/indirect consumers before removal,artifact presence does not prove domain completeness; see core and field ledgers
document.attachment_derivative,False,Shared collaboration,Retained shared capability; owned by CA plan,BF-05,Reuse completed shared capability metadata and authorized services; no duplicate BP attachment/comment implementation,declared,server/db/ddl/common/document/03_foundation_tables.sql:432,True,phase allocation and schema/domain classification; source consumers attached,none in inspected examples,none in current compiled activation,server/packages/services/document-derivatives/src/derivative-scan-backfill.ts:429; server/packages/services/document-derivatives/src/derivative-scan-backfill.ts:451; server/packages/services/document-derivatives/src/derivative-scan-backfill.ts:463; server/packages/services/document-derivatives/src/derivative-scan-backfill.ts:483; server/packages/services/document-derivatives/src/derivative-scan-backfill.ts:503; server/packages/services/document-derivatives/src/document-derivatives.ts:380; server/packages/services/document-derivatives/src/document-derivatives.ts:391; server/packages/services/document-derivatives/src/document-derivatives.ts:392; server/packages/services/document-derivatives/src/document-derivatives.ts:406; server/packages/services/document-derivatives/src/document-derivatives.ts:414; server/packages/services/document-derivatives/src/document-derivatives.ts:443; server/packages/services/document-derivatives/src/document-derivatives.ts:458; server/packages/services/document-derivatives/src/document-derivatives.ts:471; server/packages/services/document-derivatives/src/document-derivatives.ts:484; server/packages/services/document-derivatives/src/document-derivatives.ts:502,artifact presence does not prove domain completeness; see core and field ledgers
document.comment_revision,False,Shared collaboration,Retained shared capability; owned by CA plan,BF-05,Reuse completed shared capability metadata and authorized services; no duplicate BP attachment/comment implementation,declared,server/db/ddl/common/document/03_foundation_tables.sql:481,False,phase allocation and schema/domain classification; source consumers attached,none in inspected examples,none in current compiled activation,no explicit qualified reference found; inspect dynamic/indirect consumers before removal,artifact presence does not prove domain completeness; see core and field ledgers
document.conversation,False,Shared collaboration/content,Deferred/adjacent; no new BP surface,BP2-00,No direct BP app entity recommended; retain owning domain. Review a concrete field/workflow dependency before expansion.,declared,server/db/ddl/planes/neon/document/03_tables.sql:22,True,phase allocation and schema/domain classification; source consumers attached,none in inspected examples,none in current compiled activation,server/db/scripts/tests/integration/atlas/conversation-rls.ts:158; server/db/scripts/tests/integration/atlas/conversation-rls.ts:279; server/db/scripts/tests/integration/atlas/conversation-rls.ts:292; server/db/scripts/tests/integration/atlas/conversation-rls.ts:75; server/db/scripts/tests/integration/atlas/tools-rls.ts:588; server/db/scripts/tests/integration/atlas/tools-rls.ts:77; server/packages/platform/ai/src/kysely-run-repository.ts:59; server/packages/platform/ai/src/kysely-thread-repository.ts:137; server/packages/platform/ai/src/kysely-thread-repository.ts:157; server/packages/platform/ai/src/kysely-thread-repository.ts:168; server/packages/platform/ai/src/kysely-thread-repository.ts:189; server/packages/platform/ai/src/kysely-thread-repository.ts:22; server/packages/platform/ai/src/kysely-thread-repository.ts:59; server/packages/platform/ai/src/learning-candidates.ts:29; server/packages/platform/ai/src/learning-candidates.ts:67; server/packages/platform/ai/src/response-feedback.ts:32,artifact presence does not prove domain completeness; see core and field ledgers
document.conversation_participant,False,Shared collaboration/content,Deferred/adjacent; no new BP surface,BP2-00,No direct BP app entity recommended; retain owning domain. Review a concrete field/workflow dependency before expansion.,declared,server/db/ddl/planes/neon/document/03_tables.sql:61,True,phase allocation and schema/domain classification; source consumers attached,none in inspected examples,none in current compiled activation,server/db/scripts/tests/integration/atlas/conversation-rls.ts:294; server/db/scripts/tests/integration/atlas/conversation-rls.ts:91; server/db/scripts/tests/integration/atlas/conversation-rls.ts:99; server/db/scripts/tests/integration/atlas/tools-rls.ts:100; server/db/scripts/tests/integration/atlas/tools-rls.ts:92; server/packages/platform/ai/src/kysely-thread-repository.ts:201; server/packages/platform/ai/src/kysely-thread-repository.ts:21; server/packages/platform/ai/src/kysely-thread-repository.ts:214; server/packages/platform/ai/src/kysely-thread-repository.ts:68,artifact presence does not prove domain completeness; see core and field ledgers
document.multipart_upload,False,Shared collaboration/content,Deferred/adjacent; no new BP surface,BP2-00,No direct BP app entity recommended; retain owning domain. Review a concrete field/workflow dependency before expansion.,declared,server/db/ddl/planes/neon/document/03_tables.sql:94,True,phase allocation and schema/domain classification; source consumers attached,none in inspected examples,none in current compiled activation,no explicit qualified reference found; inspect dynamic/indirect consumers before removal,artifact presence does not prove domain completeness; see core and field ledgers
document.workflow_request,False,Process orchestration,Deferred/adjacent; no new BP surface,BP2-00,No direct BP app entity recommended; retain owning domain. Review a concrete field/workflow dependency before expansion.,declared,server/db/ddl/planes/neon/document/03_tables.sql:155,True,phase allocation and schema/domain classification; source consumers attached,none in inspected examples,none in current compiled activation,server/apps/platform-host/src/composition/supplier-process-documents.ts:494; server/apps/platform-host/src/composition/supplier-process-tasks.ts:199; server/apps/platform-host/src/composition/supplier-process-tasks.ts:204; server/apps/platform-host/src/composition/supplier-process-tasks.ts:308; server/apps/platform-host/src/composition/supplier-process-tasks.ts:352; server/apps/platform-host/src/composition/supplier-process-tasks.ts:456; server/apps/platform-host/src/composition/supplier-process-tasks.ts:504; server/apps/platform-host/src/composition/supplier-process-tasks.ts:653; server/packages/platform/workflow/src/kysely-workflow-repository.ts:61; server/packages/services/master-data/src/kysely-business-partner-case-repository.ts:1312; server/packages/services/master-data/src/kysely-business-partner-case-repository.ts:1313; server/packages/services/master-data/src/kysely-business-partner-case-repository.ts:1802; server/packages/services/master-data/src/kysely-business-partner-case-repository.ts:2106; server/packages/services/master-data/src/kysely-business-partner-case-repository.ts:384; server/packages/services/master-data/src/kysely-business-partner-case-repository.ts:774; server/packages/services/master-data/src/kysely-business-partner-case-repository.ts:788; server/packages/services/master-data/src/kysely-business-partner-case-repository.ts:793; server/packages/services/master-data/src/kysely-workforce-request-repository.ts:116; server/packages/services/master-data/src/kysely-workforce-request-repository.ts:117; server/packages/services/master-data/src/kysely-workforce-request-repository.ts:33; server/packages/services/master-data/src/kysely-workforce-request-repository.ts:59; server/packages/services/master-data/src/kysely-workforce-request-repository.ts:68; server/packages/services/master-data/src/kysely-workforce-request-repository.ts:71; server/packages/services/records/src/standard-view-relationship-sql.ts:14,artifact presence does not prove domain completeness; see core and field ledgers
document.workflow_stage,False,Process orchestration,Deferred/adjacent; no new BP surface,BP2-00,No direct BP app entity recommended; retain owning domain. Review a concrete field/workflow dependency before expansion.,declared,server/db/ddl/planes/neon/document/03_tables.sql:211,True,phase allocation and schema/domain classification; source consumers attached,none in inspected examples,none in current compiled activation,server/apps/platform-host/src/composition/supplier-process-communications.ts:102; server/apps/platform-host/src/composition/supplier-process-tasks.ts:214; server/apps/platform-host/src/composition/supplier-process-tasks.ts:254; server/apps/platform-host/src/composition/supplier-process-tasks.ts:258; server/apps/platform-host/src/composition/supplier-process-tasks.ts:456; server/apps/platform-host/src/composition/supplier-process-tasks.ts:504; server/packages/platform/workflow/src/kysely-workflow-repository.ts:63; server/packages/services/master-data/src/kysely-business-partner-case-repository.ts:1803; server/packages/services/master-data/src/kysely-business-partner-case-repository.ts:1819; server/packages/services/master-data/src/kysely-business-partner-case-repository.ts:774; server/packages/services/master-data/src/kysely-business-partner-case-repository.ts:815; server/packages/services/master-data/src/kysely-business-partner-case-repository.ts:928; server/packages/services/master-data/src/kysely-business-partner-case-repository.ts:941; server/packages/services/master-data/src/kysely-business-partner-case-repository.ts:957; server/packages/services/master-data/src/kysely-business-partner-case-repository.ts:965; server/packages/services/master-data/src/kysely-workforce-request-repository.ts:116; server/packages/services/master-data/src/kysely-workforce-request-repository.ts:117; server/packages/services/master-data/src/kysely-workforce-request-repository.ts:33; server/packages/services/master-data/src/kysely-workforce-request-repository.ts:58; server/packages/services/master-data/src/kysely-workforce-request-repository.ts:60; server/packages/services/master-data/src/kysely-workforce-request-repository.ts:68; server/packages/services/master-data/src/kysely-workforce-request-repository.ts:71,artifact presence does not prove domain completeness; see core and field ledgers
document.commitment,False,Procurement,Deferred/adjacent; no new BP surface,BP2-00,No direct BP app entity recommended; retain owning domain. Review a concrete field/workflow dependency before expansion.,declared,server/db/ddl/planes/neon/document/03_tables.sql:254,True,phase allocation and schema/domain classification; source consumers attached,none in inspected examples,none in current compiled activation,server/packages/services/finance/src/ledger/commitment-service.ts:17,artifact presence does not prove domain completeness; see core and field ledgers
document.commitment_line,False,Procurement,Deferred/adjacent; no new BP surface,BP2-00,No direct BP app entity recommended; retain owning domain. Review a concrete field/workflow dependency before expansion.,declared,server/db/ddl/planes/neon/document/03_tables.sql:325,True,phase allocation and schema/domain classification; source consumers attached,none in inspected examples,none in current compiled activation,no explicit qualified reference found; inspect dynamic/indirect consumers before removal,artifact presence does not prove domain completeness; see core and field ledgers
document.commitment_release_allocation,False,Procurement,Deferred/adjacent; no new BP surface,BP2-00,No direct BP app entity recommended; retain owning domain. Review a concrete field/workflow dependency before expansion.,declared,server/db/ddl/planes/neon/document/03_tables.sql:407,True,phase allocation and schema/domain classification; source consumers attached,none in inspected examples,none in current compiled activation,no explicit qualified reference found; inspect dynamic/indirect consumers before removal,artifact presence does not prove domain completeness; see core and field ledgers
document.purchase_invoice,False,Procurement,Deferred/adjacent; no new BP surface,BP2-00,No direct BP app entity recommended; retain owning domain. Review a concrete field/workflow dependency before expansion.,declared,server/db/ddl/planes/neon/document/03_tables.sql:442,True,phase allocation and schema/domain classification; source consumers attached,none in inspected examples,none in current compiled activation,server/apps/platform-host/src/composition/register-services.ts:1308,artifact presence does not prove domain completeness; see core and field ledgers
document.purchase_invoice_line,False,Procurement,Deferred/adjacent; no new BP surface,BP2-00,No direct BP app entity recommended; retain owning domain. Review a concrete field/workflow dependency before expansion.,declared,server/db/ddl/planes/neon/document/03_tables.sql:543,True,phase allocation and schema/domain classification; source consumers attached,none in inspected examples,none in current compiled activation,no explicit qualified reference found; inspect dynamic/indirect consumers before removal,artifact presence does not prove domain completeness; see core and field ledgers
document.invoice_match_case,False,Finance/treasury/tax,Deferred/adjacent; no new BP surface,BP2-00,No direct BP app entity recommended; retain owning domain. Review a concrete field/workflow dependency before expansion.,declared,server/db/ddl/planes/neon/document/03_tables.sql:625,True,phase allocation and schema/domain classification; source consumers attached,none in inspected examples,none in current compiled activation,no explicit qualified reference found; inspect dynamic/indirect consumers before removal,artifact presence does not prove domain completeness; see core and field ledgers
document.accounting_distribution,False,Finance/treasury/tax,Deferred/adjacent; no new BP surface,BP2-00,No direct BP app entity recommended; retain owning domain. Review a concrete field/workflow dependency before expansion.,declared,server/db/ddl/planes/neon/document/03_tables.sql:661,True,phase allocation and schema/domain classification; source consumers attached,none in inspected examples,none in current compiled activation,no explicit qualified reference found; inspect dynamic/indirect consumers before removal,artifact presence does not prove domain completeness; see core and field ledgers
document.payment_term_application,False,Finance/treasury/tax,Deferred/adjacent; no new BP surface,BP2-00,No direct BP app entity recommended; retain owning domain. Review a concrete field/workflow dependency before expansion.,declared,server/db/ddl/planes/neon/document/03_tables.sql:717,True,phase allocation and schema/domain classification; source consumers attached,none in inspected examples,none in current compiled activation,no explicit qualified reference found; inspect dynamic/indirect consumers before removal,artifact presence does not prove domain completeness; see core and field ledgers
document.payment_entry,False,Finance/treasury/tax,Deferred/adjacent; no new BP surface,BP2-00,No direct BP app entity recommended; retain owning domain. Review a concrete field/workflow dependency before expansion.,declared,server/db/ddl/planes/neon/document/03_tables.sql:796,True,phase allocation and schema/domain classification; source consumers attached,none in inspected examples,none in current compiled activation,no explicit qualified reference found; inspect dynamic/indirect consumers before removal,artifact presence does not prove domain completeness; see core and field ledgers
document.payment_entry_allocation,False,Finance/treasury/tax,Deferred/adjacent; no new BP surface,BP2-00,No direct BP app entity recommended; retain owning domain. Review a concrete field/workflow dependency before expansion.,declared,server/db/ddl/planes/neon/document/03_tables.sql:881,True,phase allocation and schema/domain classification; source consumers attached,none in inspected examples,none in current compiled activation,no explicit qualified reference found; inspect dynamic/indirect consumers before removal,artifact presence does not prove domain completeness; see core and field ledgers
document.journal_entry,False,Finance/treasury/tax,Deferred/adjacent; no new BP surface,BP2-00,No direct BP app entity recommended; retain owning domain. Review a concrete field/workflow dependency before expansion.,declared,server/db/ddl/planes/neon/document/03_tables.sql:933,True,phase allocation and schema/domain classification; source consumers attached,none in inspected examples,none in current compiled activation,server/apps/platform-host/src/composition/register-services.ts:1307; server/packages/contracts/finance/src/ledger.ts:10; server/packages/services/finance/src/ledger/business-partner-journal-activity.ts:93; server/packages/services/finance/src/ledger/cross-book-posting-service.ts:29; server/packages/services/finance/src/ledger/gl-posting-service.ts:30; server/packages/services/finance/src/ledger/gl-posting-service.ts:31,artifact presence does not prove domain completeness; see core and field ledgers
document.journal_line,False,Finance/treasury/tax,Deferred/adjacent; no new BP surface,BP2-00,No direct BP app entity recommended; retain owning domain. Review a concrete field/workflow dependency before expansion.,declared,server/db/ddl/planes/neon/document/03_tables.sql:993,True,phase allocation and schema/domain classification; source consumers attached,none in inspected examples,none in current compiled activation,server/packages/services/finance/src/ledger/business-partner-journal-activity.ts:97,artifact presence does not prove domain completeness; see core and field ledgers
document.journal_line_reference,False,Finance/treasury/tax,Deferred/adjacent; no new BP surface,BP2-00,No direct BP app entity recommended; retain owning domain. Review a concrete field/workflow dependency before expansion.,declared,server/db/ddl/planes/neon/document/03_tables.sql:1049,True,phase allocation and schema/domain classification; source consumers attached,none in inspected examples,none in current compiled activation,no explicit qualified reference found; inspect dynamic/indirect consumers before removal,artifact presence does not prove domain completeness; see core and field ledgers
document.purchase_requisition,False,Procurement,Deferred/adjacent; no new BP surface,BP2-00,No direct BP app entity recommended; retain owning domain. Review a concrete field/workflow dependency before expansion.,declared,server/db/ddl/planes/neon/document/03_tables.sql:1116,True,phase allocation and schema/domain classification; source consumers attached,none in inspected examples,none in current compiled activation,no explicit qualified reference found; inspect dynamic/indirect consumers before removal,artifact presence does not prove domain completeness; see core and field ledgers
document.purchase_requisition_line,False,Procurement,Deferred/adjacent; no new BP surface,BP2-00,No direct BP app entity recommended; retain owning domain. Review a concrete field/workflow dependency before expansion.,declared,server/db/ddl/planes/neon/document/03_tables.sql:1173,True,phase allocation and schema/domain classification; source consumers attached,none in inspected examples,none in current compiled activation,no explicit qualified reference found; inspect dynamic/indirect consumers before removal,artifact presence does not prove domain completeness; see core and field ledgers
document.purchase_order_confirmation,False,Procurement,Deferred/adjacent; no new BP surface,BP2-00,No direct BP app entity recommended; retain owning domain. Review a concrete field/workflow dependency before expansion.,declared,server/db/ddl/planes/neon/document/03_tables.sql:1240,True,phase allocation and schema/domain classification; source consumers attached,none in inspected examples,none in current compiled activation,no explicit qualified reference found; inspect dynamic/indirect consumers before removal,artifact presence does not prove domain completeness; see core and field ledgers
document.purchase_order_confirmation_line,False,Procurement,Deferred/adjacent; no new BP surface,BP2-00,No direct BP app entity recommended; retain owning domain. Review a concrete field/workflow dependency before expansion.,declared,server/db/ddl/planes/neon/document/03_tables.sql:1281,True,phase allocation and schema/domain classification; source consumers attached,none in inspected examples,none in current compiled activation,no explicit qualified reference found; inspect dynamic/indirect consumers before removal,artifact presence does not prove domain completeness; see core and field ledgers
document.delivery_note,False,Procurement,Deferred/adjacent; no new BP surface,BP2-00,No direct BP app entity recommended; retain owning domain. Review a concrete field/workflow dependency before expansion.,declared,server/db/ddl/planes/neon/document/03_tables.sql:1308,True,phase allocation and schema/domain classification; source consumers attached,none in inspected examples,none in current compiled activation,no explicit qualified reference found; inspect dynamic/indirect consumers before removal,artifact presence does not prove domain completeness; see core and field ledgers
document.delivery_note_line,False,Procurement,Deferred/adjacent; no new BP surface,BP2-00,No direct BP app entity recommended; retain owning domain. Review a concrete field/workflow dependency before expansion.,declared,server/db/ddl/planes/neon/document/03_tables.sql:1362,True,phase allocation and schema/domain classification; source consumers attached,none in inspected examples,none in current compiled activation,no explicit qualified reference found; inspect dynamic/indirect consumers before removal,artifact presence does not prove domain completeness; see core and field ledgers
document.receipt,False,Procurement,Deferred/adjacent; no new BP surface,BP2-00,No direct BP app entity recommended; retain owning domain. Review a concrete field/workflow dependency before expansion.,declared,server/db/ddl/planes/neon/document/03_tables.sql:1403,True,phase allocation and schema/domain classification; source consumers attached,none in inspected examples,none in current compiled activation,no explicit qualified reference found; inspect dynamic/indirect consumers before removal,artifact presence does not prove domain completeness; see core and field ledgers
document.receipt_line,False,Procurement,Deferred/adjacent; no new BP surface,BP2-00,No direct BP app entity recommended; retain owning domain. Review a concrete field/workflow dependency before expansion.,declared,server/db/ddl/planes/neon/document/03_tables.sql:1459,True,phase allocation and schema/domain classification; source consumers attached,none in inspected examples,none in current compiled activation,no explicit qualified reference found; inspect dynamic/indirect consumers before removal,artifact presence does not prove domain completeness; see core and field ledgers
document.service_sheet,False,Workforce/procurement/finance,Scoped summary/deep link to owning workflow,BP2-13,Supplier-filtered related summaries/deep links with governed lifecycle; detailed execution stays in Workforce/Procurement/Finance,declared,server/db/ddl/planes/neon/document/03_tables.sql:1525,True,phase allocation and schema/domain classification; source consumers attached,none in inspected examples,none in current compiled activation,no explicit qualified reference found; inspect dynamic/indirect consumers before removal,artifact presence does not prove domain completeness; see core and field ledgers
document.service_sheet_line,False,Workforce/procurement/finance,Scoped summary/deep link to owning workflow,BP2-13,Supplier-filtered related summaries/deep links with governed lifecycle; detailed execution stays in Workforce/Procurement/Finance,declared,server/db/ddl/planes/neon/document/03_tables.sql:1582,True,phase allocation and schema/domain classification; source consumers attached,none in inspected examples,none in current compiled activation,no explicit qualified reference found; inspect dynamic/indirect consumers before removal,artifact presence does not prove domain completeness; see core and field ledgers
document.pricing_component,False,Finance/treasury/tax,Deferred/adjacent; no new BP surface,BP2-00,No direct BP app entity recommended; retain owning domain. Review a concrete field/workflow dependency before expansion.,declared,server/db/ddl/planes/neon/document/03_tables.sql:1646,True,phase allocation and schema/domain classification; source consumers attached,none in inspected examples,none in current compiled activation,no explicit qualified reference found; inspect dynamic/indirect consumers before removal,artifact presence does not prove domain completeness; see core and field ledgers
document.schedule_line,False,Procurement,Deferred/adjacent; no new BP surface,BP2-00,No direct BP app entity recommended; retain owning domain. Review a concrete field/workflow dependency before expansion.,declared,server/db/ddl/planes/neon/document/03_tables.sql:1751,True,phase allocation and schema/domain classification; source consumers attached,none in inspected examples,none in current compiled activation,no explicit qualified reference found; inspect dynamic/indirect consumers before removal,artifact presence does not prove domain completeness; see core and field ledgers
document.catalog_import,False,Procurement,Deferred/adjacent; no new BP surface,BP2-00,No direct BP app entity recommended; retain owning domain. Review a concrete field/workflow dependency before expansion.,declared,server/db/ddl/planes/neon/document/03_tables.sql:1825,True,phase allocation and schema/domain classification; source consumers attached,none in inspected examples,none in current compiled activation,no explicit qualified reference found; inspect dynamic/indirect consumers before removal,artifact presence does not prove domain completeness; see core and field ledgers
document.catalog_import_line,False,Procurement,Deferred/adjacent; no new BP surface,BP2-00,No direct BP app entity recommended; retain owning domain. Review a concrete field/workflow dependency before expansion.,declared,server/db/ddl/planes/neon/document/03_tables.sql:1874,True,phase allocation and schema/domain classification; source consumers attached,none in inspected examples,none in current compiled activation,no explicit qualified reference found; inspect dynamic/indirect consumers before removal,artifact presence does not prove domain completeness; see core and field ledgers
document.punchout_cart,False,Procurement,Deferred/adjacent; no new BP surface,BP2-00,No direct BP app entity recommended; retain owning domain. Review a concrete field/workflow dependency before expansion.,declared,server/db/ddl/planes/neon/document/03_tables.sql:1966,True,phase allocation and schema/domain classification; source consumers attached,none in inspected examples,none in current compiled activation,no explicit qualified reference found; inspect dynamic/indirect consumers before removal,artifact presence does not prove domain completeness; see core and field ledgers
document.punchout_cart_line,False,Procurement,Deferred/adjacent; no new BP surface,BP2-00,No direct BP app entity recommended; retain owning domain. Review a concrete field/workflow dependency before expansion.,declared,server/db/ddl/planes/neon/document/03_tables.sql:2007,True,phase allocation and schema/domain classification; source consumers attached,none in inspected examples,none in current compiled activation,no explicit qualified reference found; inspect dynamic/indirect consumers before removal,artifact presence does not prove domain completeness; see core and field ledgers
document.production_order,False,Inventory/manufacturing,Deferred/adjacent; no new BP surface,BP2-00,No direct BP app entity recommended; retain owning domain. Review a concrete field/workflow dependency before expansion.,declared,server/db/ddl/planes/neon/document/03_tables.sql:2070,True,phase allocation and schema/domain classification; source consumers attached,none in inspected examples,none in current compiled activation,no explicit qualified reference found; inspect dynamic/indirect consumers before removal,artifact presence does not prove domain completeness; see core and field ledgers
document.production_order_component,False,Inventory/manufacturing,Deferred/adjacent; no new BP surface,BP2-00,No direct BP app entity recommended; retain owning domain. Review a concrete field/workflow dependency before expansion.,declared,server/db/ddl/planes/neon/document/03_tables.sql:2131,True,phase allocation and schema/domain classification; source consumers attached,none in inspected examples,none in current compiled activation,no explicit qualified reference found; inspect dynamic/indirect consumers before removal,artifact presence does not prove domain completeness; see core and field ledgers
document.sales_order,False,Sales,Deferred/adjacent; no new BP surface,BP2-00,No direct BP app entity recommended; retain owning domain. Review a concrete field/workflow dependency before expansion.,declared,server/db/ddl/planes/neon/document/03_tables.sql:2182,True,phase allocation and schema/domain classification; source consumers attached,none in inspected examples,none in current compiled activation,no explicit qualified reference found; inspect dynamic/indirect consumers before removal,artifact presence does not prove domain completeness; see core and field ledgers
document.sales_order_line,False,Sales,Deferred/adjacent; no new BP surface,BP2-00,No direct BP app entity recommended; retain owning domain. Review a concrete field/workflow dependency before expansion.,declared,server/db/ddl/planes/neon/document/03_tables.sql:2218,True,phase allocation and schema/domain classification; source consumers attached,none in inspected examples,none in current compiled activation,no explicit qualified reference found; inspect dynamic/indirect consumers before removal,artifact presence does not prove domain completeness; see core and field ledgers
document.stocktake,False,Inventory/manufacturing,Deferred/adjacent; no new BP surface,BP2-00,No direct BP app entity recommended; retain owning domain. Review a concrete field/workflow dependency before expansion.,declared,server/db/ddl/planes/neon/document/03_tables.sql:2265,True,phase allocation and schema/domain classification; source consumers attached,none in inspected examples,none in current compiled activation,no explicit qualified reference found; inspect dynamic/indirect consumers before removal,artifact presence does not prove domain completeness; see core and field ledgers
document.stocktake_line,False,Inventory/manufacturing,Deferred/adjacent; no new BP surface,BP2-00,No direct BP app entity recommended; retain owning domain. Review a concrete field/workflow dependency before expansion.,declared,server/db/ddl/planes/neon/document/03_tables.sql:2306,True,phase allocation and schema/domain classification; source consumers attached,none in inspected examples,none in current compiled activation,no explicit qualified reference found; inspect dynamic/indirect consumers before removal,artifact presence does not prove domain completeness; see core and field ledgers
document.sales_opportunity,False,Sales,Deferred/adjacent; no new BP surface,BP2-00,No direct BP app entity recommended; retain owning domain. Review a concrete field/workflow dependency before expansion.,declared,server/db/ddl/planes/neon/document/03_tables.sql:2350,True,phase allocation and schema/domain classification; source consumers attached,none in inspected examples,none in current compiled activation,no explicit qualified reference found; inspect dynamic/indirect consumers before removal,artifact presence does not prove domain completeness; see core and field ledgers
document.sales_opportunity_company,False,Sales,Deferred/adjacent; no new BP surface,BP2-00,No direct BP app entity recommended; retain owning domain. Review a concrete field/workflow dependency before expansion.,declared,server/db/ddl/planes/neon/document/03_tables.sql:2391,True,phase allocation and schema/domain classification; source consumers attached,none in inspected examples,none in current compiled activation,no explicit qualified reference found; inspect dynamic/indirect consumers before removal,artifact presence does not prove domain completeness; see core and field ledgers
document.sales_quotation,False,Sales,Deferred/adjacent; no new BP surface,BP2-00,No direct BP app entity recommended; retain owning domain. Review a concrete field/workflow dependency before expansion.,declared,server/db/ddl/planes/neon/document/03_tables.sql:2411,True,phase allocation and schema/domain classification; source consumers attached,none in inspected examples,none in current compiled activation,no explicit qualified reference found; inspect dynamic/indirect consumers before removal,artifact presence does not prove domain completeness; see core and field ledgers
document.sales_quotation_company,False,Sales,Deferred/adjacent; no new BP surface,BP2-00,No direct BP app entity recommended; retain owning domain. Review a concrete field/workflow dependency before expansion.,declared,server/db/ddl/planes/neon/document/03_tables.sql:2450,True,phase allocation and schema/domain classification; source consumers attached,none in inspected examples,none in current compiled activation,no explicit qualified reference found; inspect dynamic/indirect consumers before removal,artifact presence does not prove domain completeness; see core and field ledgers
document.sales_quotation_allocation,False,Sales,Deferred/adjacent; no new BP surface,BP2-00,No direct BP app entity recommended; retain owning domain. Review a concrete field/workflow dependency before expansion.,declared,server/db/ddl/planes/neon/document/03_tables.sql:2470,True,phase allocation and schema/domain classification; source consumers attached,none in inspected examples,none in current compiled activation,no explicit qualified reference found; inspect dynamic/indirect consumers before removal,artifact presence does not prove domain completeness; see core and field ledgers
document.sales_order_intercompany_fulfillment,False,Sales,Deferred/adjacent; no new BP surface,BP2-00,No direct BP app entity recommended; retain owning domain. Review a concrete field/workflow dependency before expansion.,declared,server/db/ddl/planes/neon/document/03_tables.sql:2504,True,phase allocation and schema/domain classification; source consumers attached,none in inspected examples,none in current compiled activation,no explicit qualified reference found; inspect dynamic/indirect consumers before removal,artifact presence does not prove domain completeness; see core and field ledgers
document.bank_statement,False,Finance/treasury/tax,Deferred/adjacent; no new BP surface,BP2-00,No direct BP app entity recommended; retain owning domain. Review a concrete field/workflow dependency before expansion.,declared,server/db/ddl/planes/neon/document/03_tables.sql:2544,True,phase allocation and schema/domain classification; source consumers attached,none in inspected examples,none in current compiled activation,no explicit qualified reference found; inspect dynamic/indirect consumers before removal,artifact presence does not prove domain completeness; see core and field ledgers
document.bank_statement_line,False,Finance/treasury/tax,Deferred/adjacent; no new BP surface,BP2-00,No direct BP app entity recommended; retain owning domain. Review a concrete field/workflow dependency before expansion.,declared,server/db/ddl/planes/neon/document/03_tables.sql:2585,True,phase allocation and schema/domain classification; source consumers attached,none in inspected examples,none in current compiled activation,no explicit qualified reference found; inspect dynamic/indirect consumers before removal,artifact presence does not prove domain completeness; see core and field ledgers
document.bank_recon_case,False,Finance/treasury/tax,Deferred/adjacent; no new BP surface,BP2-00,No direct BP app entity recommended; retain owning domain. Review a concrete field/workflow dependency before expansion.,declared,server/db/ddl/planes/neon/document/03_tables.sql:2620,True,phase allocation and schema/domain classification; source consumers attached,none in inspected examples,none in current compiled activation,no explicit qualified reference found; inspect dynamic/indirect consumers before removal,artifact presence does not prove domain completeness; see core and field ledgers
document.bank_recon_case_line,False,Finance/treasury/tax,Deferred/adjacent; no new BP surface,BP2-00,No direct BP app entity recommended; retain owning domain. Review a concrete field/workflow dependency before expansion.,declared,server/db/ddl/planes/neon/document/03_tables.sql:2670,True,phase allocation and schema/domain classification; source consumers attached,none in inspected examples,none in current compiled activation,no explicit qualified reference found; inspect dynamic/indirect consumers before removal,artifact presence does not prove domain completeness; see core and field ledgers
document.depreciation_run,False,Finance/treasury/tax,Deferred/adjacent; no new BP surface,BP2-00,No direct BP app entity recommended; retain owning domain. Review a concrete field/workflow dependency before expansion.,declared,server/db/ddl/planes/neon/document/03_tables.sql:2693,True,phase allocation and schema/domain classification; source consumers attached,none in inspected examples,none in current compiled activation,no explicit qualified reference found; inspect dynamic/indirect consumers before removal,artifact presence does not prove domain completeness; see core and field ledgers
document.depreciation_run_line,False,Finance/treasury/tax,Deferred/adjacent; no new BP surface,BP2-00,No direct BP app entity recommended; retain owning domain. Review a concrete field/workflow dependency before expansion.,declared,server/db/ddl/planes/neon/document/03_tables.sql:2745,True,phase allocation and schema/domain classification; source consumers attached,none in inspected examples,none in current compiled activation,no explicit qualified reference found; inspect dynamic/indirect consumers before removal,artifact presence does not prove domain completeness; see core and field ledgers
document.depreciation_schedule,False,Finance/treasury/tax,Deferred/adjacent; no new BP surface,BP2-00,No direct BP app entity recommended; retain owning domain. Review a concrete field/workflow dependency before expansion.,declared,server/db/ddl/planes/neon/document/03_tables.sql:2791,True,phase allocation and schema/domain classification; source consumers attached,none in inspected examples,none in current compiled activation,no explicit qualified reference found; inspect dynamic/indirect consumers before removal,artifact presence does not prove domain completeness; see core and field ledgers
document.sourcing_event,False,Procurement,Deferred/adjacent; no new BP surface,BP2-00,No direct BP app entity recommended; retain owning domain. Review a concrete field/workflow dependency before expansion.,declared,server/db/ddl/planes/neon/document/03_tables.sql:2842,True,phase allocation and schema/domain classification; source consumers attached,none in inspected examples,none in current compiled activation,no explicit qualified reference found; inspect dynamic/indirect consumers before removal,artifact presence does not prove domain completeness; see core and field ledgers
document.sourcing_event_company,False,Procurement,Deferred/adjacent; no new BP surface,BP2-00,No direct BP app entity recommended; retain owning domain. Review a concrete field/workflow dependency before expansion.,declared,server/db/ddl/planes/neon/document/03_tables.sql:2895,True,phase allocation and schema/domain classification; source consumers attached,none in inspected examples,none in current compiled activation,no explicit qualified reference found; inspect dynamic/indirect consumers before removal,artifact presence does not prove domain completeness; see core and field ledgers
document.sourcing_event_demand,False,Procurement,Deferred/adjacent; no new BP surface,BP2-00,No direct BP app entity recommended; retain owning domain. Review a concrete field/workflow dependency before expansion.,declared,server/db/ddl/planes/neon/document/03_tables.sql:2917,True,phase allocation and schema/domain classification; source consumers attached,none in inspected examples,none in current compiled activation,no explicit qualified reference found; inspect dynamic/indirect consumers before removal,artifact presence does not prove domain completeness; see core and field ledgers
document.sourcing_event_award,False,Procurement,Deferred/adjacent; no new BP surface,BP2-00,No direct BP app entity recommended; retain owning domain. Review a concrete field/workflow dependency before expansion.,declared,server/db/ddl/planes/neon/document/03_tables.sql:2952,True,phase allocation and schema/domain classification; source consumers attached,none in inspected examples,none in current compiled activation,no explicit qualified reference found; inspect dynamic/indirect consumers before removal,artifact presence does not prove domain completeness; see core and field ledgers
document.sourcing_event_award_allocation,False,Procurement,Deferred/adjacent; no new BP surface,BP2-00,No direct BP app entity recommended; retain owning domain. Review a concrete field/workflow dependency before expansion.,declared,server/db/ddl/planes/neon/document/03_tables.sql:2990,True,phase allocation and schema/domain classification; source consumers attached,none in inspected examples,none in current compiled activation,no explicit qualified reference found; inspect dynamic/indirect consumers before removal,artifact presence does not prove domain completeness; see core and field ledgers
document.sourcing_event_intercompany_allocation,False,Procurement,Deferred/adjacent; no new BP surface,BP2-00,No direct BP app entity recommended; retain owning domain. Review a concrete field/workflow dependency before expansion.,declared,server/db/ddl/planes/neon/document/03_tables.sql:3023,True,phase allocation and schema/domain classification; source consumers attached,none in inspected examples,none in current compiled activation,no explicit qualified reference found; inspect dynamic/indirect consumers before removal,artifact presence does not prove domain completeness; see core and field ledgers
document.shift_assignment,False,Internal HR/payroll,Deferred/adjacent; no new BP surface,BP2-00,No direct BP app entity recommended; retain owning domain. Review a concrete field/workflow dependency before expansion.,declared,server/db/ddl/planes/neon/document/03_tables.sql:3060,True,phase allocation and schema/domain classification; source consumers attached,none in inspected examples,none in current compiled activation,no explicit qualified reference found; inspect dynamic/indirect consumers before removal,artifact presence does not prove domain completeness; see core and field ledgers
document.time_punch,False,Internal HR/payroll,Deferred/adjacent; no new BP surface,BP2-00,No direct BP app entity recommended; retain owning domain. Review a concrete field/workflow dependency before expansion.,declared,server/db/ddl/planes/neon/document/03_tables.sql:3078,True,phase allocation and schema/domain classification; source consumers attached,none in inspected examples,none in current compiled activation,no explicit qualified reference found; inspect dynamic/indirect consumers before removal,artifact presence does not prove domain completeness; see core and field ledgers
document.attendance_day,False,Internal HR/payroll,Deferred/adjacent; no new BP surface,BP2-00,No direct BP app entity recommended; retain owning domain. Review a concrete field/workflow dependency before expansion.,declared,server/db/ddl/planes/neon/document/03_tables.sql:3094,True,phase allocation and schema/domain classification; source consumers attached,none in inspected examples,none in current compiled activation,no explicit qualified reference found; inspect dynamic/indirect consumers before removal,artifact presence does not prove domain completeness; see core and field ledgers
document.attendance_adjustment_request,False,Internal HR/payroll,Deferred/adjacent; no new BP surface,BP2-00,No direct BP app entity recommended; retain owning domain. Review a concrete field/workflow dependency before expansion.,declared,server/db/ddl/planes/neon/document/03_tables.sql:3114,True,phase allocation and schema/domain classification; source consumers attached,none in inspected examples,none in current compiled activation,no explicit qualified reference found; inspect dynamic/indirect consumers before removal,artifact presence does not prove domain completeness; see core and field ledgers
document.compensation_change,False,Internal HR/payroll,Deferred/adjacent; no new BP surface,BP2-00,No direct BP app entity recommended; retain owning domain. Review a concrete field/workflow dependency before expansion.,declared,server/db/ddl/planes/neon/document/03_tables.sql:3133,True,phase allocation and schema/domain classification; source consumers attached,none in inspected examples,none in current compiled activation,no explicit qualified reference found; inspect dynamic/indirect consumers before removal,artifact presence does not prove domain completeness; see core and field ledgers
document.employee_tax_declaration,False,Internal HR/payroll,Deferred/adjacent; no new BP surface,BP2-00,No direct BP app entity recommended; retain owning domain. Review a concrete field/workflow dependency before expansion.,declared,server/db/ddl/planes/neon/document/03_tables.sql:3157,True,phase allocation and schema/domain classification; source consumers attached,none in inspected examples,none in current compiled activation,no explicit qualified reference found; inspect dynamic/indirect consumers before removal,artifact presence does not prove domain completeness; see core and field ledgers
document.employee_tax_declaration_line,False,Internal HR/payroll,Deferred/adjacent; no new BP surface,BP2-00,No direct BP app entity recommended; retain owning domain. Review a concrete field/workflow dependency before expansion.,declared,server/db/ddl/planes/neon/document/03_tables.sql:3175,True,phase allocation and schema/domain classification; source consumers attached,none in inspected examples,none in current compiled activation,no explicit qualified reference found; inspect dynamic/indirect consumers before removal,artifact presence does not prove domain completeness; see core and field ledgers
document.leave_request,False,Internal HR/payroll,Deferred/adjacent; no new BP surface,BP2-00,No direct BP app entity recommended; retain owning domain. Review a concrete field/workflow dependency before expansion.,declared,server/db/ddl/planes/neon/document/03_tables.sql:3189,True,phase allocation and schema/domain classification; source consumers attached,none in inspected examples,none in current compiled activation,no explicit qualified reference found; inspect dynamic/indirect consumers before removal,artifact presence does not prove domain completeness; see core and field ledgers
document.leave_balance_entry,False,Internal HR/payroll,Deferred/adjacent; no new BP surface,BP2-00,No direct BP app entity recommended; retain owning domain. Review a concrete field/workflow dependency before expansion.,declared,server/db/ddl/planes/neon/document/03_tables.sql:3209,True,phase allocation and schema/domain classification; source consumers attached,none in inspected examples,none in current compiled activation,no explicit qualified reference found; inspect dynamic/indirect consumers before removal,artifact presence does not prove domain completeness; see core and field ledgers
document.people_request,False,Internal HR/payroll,Deferred/adjacent; no new BP surface,BP2-00,No direct BP app entity recommended; retain owning domain. Review a concrete field/workflow dependency before expansion.,declared,server/db/ddl/planes/neon/document/03_tables.sql:3224,True,phase allocation and schema/domain classification; source consumers attached,none in inspected examples,none in current compiled activation,no explicit qualified reference found; inspect dynamic/indirect consumers before removal,artifact presence does not prove domain completeness; see core and field ledgers
document.workforce_request,False,External workforce,Retained People dependency; no supplier-workforce substitution,BP2-12,Separate People-owned workforce lifecycle from supplier external-worker engagement,declared,server/db/ddl/planes/neon/document/03_tables.sql:3244,True,phase allocation and schema/domain classification; source consumers attached,none in inspected examples,none in current compiled activation,server/apps/platform-host/src/composition/register-services.ts:4609; server/packages/services/master-data/src/kysely-workforce-repository.ts:53; server/packages/services/master-data/src/kysely-workforce-repository.ts:61; server/packages/services/master-data/src/kysely-workforce-request-repository.ts:11; server/packages/services/master-data/src/kysely-workforce-request-repository.ts:116; server/packages/services/master-data/src/kysely-workforce-request-repository.ts:117; server/packages/services/master-data/src/kysely-workforce-request-repository.ts:119; server/packages/services/master-data/src/kysely-workforce-request-repository.ts:17; server/packages/services/master-data/src/kysely-workforce-request-repository.ts:33; server/packages/services/master-data/src/kysely-workforce-request-repository.ts:38; server/packages/services/master-data/src/kysely-workforce-request-repository.ts:47; server/packages/services/master-data/src/kysely-workforce-request-repository.ts:50; server/packages/services/master-data/src/kysely-workforce-request-repository.ts:57; server/packages/services/master-data/src/kysely-workforce-request-repository.ts:62; server/packages/services/master-data/src/kysely-workforce-request-repository.ts:70; server/packages/services/master-data/src/kysely-workforce-request-repository.ts:77; server/packages/services/master-data/src/kysely-workforce-request-repository.ts:78; server/packages/services/master-data/src/kysely-workforce-request-repository.ts:94,artifact presence does not prove domain completeness; see core and field ledgers
document.workforce_request_validation,False,External workforce,Retained People dependency; no supplier-workforce substitution,BP2-12,Separate People-owned workforce lifecycle from supplier external-worker engagement,declared,server/db/ddl/planes/neon/document/03_tables.sql:3383,True,phase allocation and schema/domain classification; source consumers attached,none in inspected examples,none in current compiled activation,server/apps/platform-host/src/composition/register-services.ts:4609; server/packages/services/master-data/src/kysely-workforce-request-repository.ts:49; server/packages/services/master-data/src/kysely-workforce-request-repository.ts:57,artifact presence does not prove domain completeness; see core and field ledgers
document.hr_case,False,Internal HR/payroll,Deferred/adjacent; no new BP surface,BP2-00,No direct BP app entity recommended; retain owning domain. Review a concrete field/workflow dependency before expansion.,declared,server/db/ddl/planes/neon/document/03_tables.sql:3401,True,phase allocation and schema/domain classification; source consumers attached,none in inspected examples,none in current compiled activation,no explicit qualified reference found; inspect dynamic/indirect consumers before removal,artifact presence does not prove domain completeness; see core and field ledgers
document.onboarding_case,False,Internal HR/payroll,Deferred/adjacent; no new BP surface,BP2-00,No direct BP app entity recommended; retain owning domain. Review a concrete field/workflow dependency before expansion.,declared,server/db/ddl/planes/neon/document/03_tables.sql:3418,True,phase allocation and schema/domain classification; source consumers attached,none in inspected examples,none in current compiled activation,server/packages/services/master-data/src/kysely-workforce-repository.ts:27; server/packages/services/master-data/src/kysely-workforce-repository.ts:52; server/packages/services/master-data/src/kysely-workforce-repository.ts:73; server/packages/services/master-data/src/kysely-workforce-request-repository.ts:89,artifact presence does not prove domain completeness; see core and field ledgers
document.offboarding_case,False,Internal HR/payroll,Deferred/adjacent; no new BP surface,BP2-00,No direct BP app entity recommended; retain owning domain. Review a concrete field/workflow dependency before expansion.,declared,server/db/ddl/planes/neon/document/03_tables.sql:3431,True,phase allocation and schema/domain classification; source consumers attached,none in inspected examples,none in current compiled activation,server/packages/services/master-data/src/kysely-workforce-repository.ts:116; server/packages/services/master-data/src/kysely-workforce-repository.ts:122; server/packages/services/master-data/src/kysely-workforce-repository.ts:156; server/packages/services/master-data/src/kysely-workforce-repository.ts:54; server/packages/services/master-data/src/kysely-workforce-repository.ts:89,artifact presence does not prove domain completeness; see core and field ledgers
document.payroll_period,False,Internal HR/payroll,Deferred/adjacent; no new BP surface,BP2-00,No direct BP app entity recommended; retain owning domain. Review a concrete field/workflow dependency before expansion.,declared,server/db/ddl/planes/neon/document/03_tables.sql:3444,True,phase allocation and schema/domain classification; source consumers attached,none in inspected examples,none in current compiled activation,no explicit qualified reference found; inspect dynamic/indirect consumers before removal,artifact presence does not prove domain completeness; see core and field ledgers
document.payroll_run,False,Internal HR/payroll,Deferred/adjacent; no new BP surface,BP2-00,No direct BP app entity recommended; retain owning domain. Review a concrete field/workflow dependency before expansion.,declared,server/db/ddl/planes/neon/document/03_tables.sql:3459,True,phase allocation and schema/domain classification; source consumers attached,none in inspected examples,none in current compiled activation,no explicit qualified reference found; inspect dynamic/indirect consumers before removal,artifact presence does not prove domain completeness; see core and field ledgers
document.payroll_run_employee,False,Internal HR/payroll,Deferred/adjacent; no new BP surface,BP2-00,No direct BP app entity recommended; retain owning domain. Review a concrete field/workflow dependency before expansion.,declared,server/db/ddl/planes/neon/document/03_tables.sql:3483,True,phase allocation and schema/domain classification; source consumers attached,none in inspected examples,none in current compiled activation,no explicit qualified reference found; inspect dynamic/indirect consumers before removal,artifact presence does not prove domain completeness; see core and field ledgers
document.payroll_result,False,Internal HR/payroll,Deferred/adjacent; no new BP surface,BP2-00,No direct BP app entity recommended; retain owning domain. Review a concrete field/workflow dependency before expansion.,declared,server/db/ddl/planes/neon/document/03_tables.sql:3496,True,phase allocation and schema/domain classification; source consumers attached,none in inspected examples,none in current compiled activation,no explicit qualified reference found; inspect dynamic/indirect consumers before removal,artifact presence does not prove domain completeness; see core and field ledgers
document.payroll_result_line,False,Internal HR/payroll,Deferred/adjacent; no new BP surface,BP2-00,No direct BP app entity recommended; retain owning domain. Review a concrete field/workflow dependency before expansion.,declared,server/db/ddl/planes/neon/document/03_tables.sql:3514,True,phase allocation and schema/domain classification; source consumers attached,none in inspected examples,none in current compiled activation,no explicit qualified reference found; inspect dynamic/indirect consumers before removal,artifact presence does not prove domain completeness; see core and field ledgers
document.policy_acknowledgment,False,Internal HR/payroll,Deferred/adjacent; no new BP surface,BP2-00,No direct BP app entity recommended; retain owning domain. Review a concrete field/workflow dependency before expansion.,declared,server/db/ddl/planes/neon/document/03_tables.sql:3530,True,phase allocation and schema/domain classification; source consumers attached,none in inspected examples,none in current compiled activation,no explicit qualified reference found; inspect dynamic/indirect consumers before removal,artifact presence does not prove domain completeness; see core and field ledgers
document.project_task,False,Projects/planning/budget,Deferred/adjacent; no new BP surface,BP2-00,No direct BP app entity recommended; retain owning domain. Review a concrete field/workflow dependency before expansion.,declared,server/db/ddl/planes/neon/document/03_tables.sql:3569,True,phase allocation and schema/domain classification; source consumers attached,none in inspected examples,none in current compiled activation,no explicit qualified reference found; inspect dynamic/indirect consumers before removal,artifact presence does not prove domain completeness; see core and field ledgers
document.project_task_requirement,False,Projects/planning/budget,Deferred/adjacent; no new BP surface,BP2-00,No direct BP app entity recommended; retain owning domain. Review a concrete field/workflow dependency before expansion.,declared,server/db/ddl/planes/neon/document/03_tables.sql:3623,True,phase allocation and schema/domain classification; source consumers attached,none in inspected examples,none in current compiled activation,no explicit qualified reference found; inspect dynamic/indirect consumers before removal,artifact presence does not prove domain completeness; see core and field ledgers
document.budget_profile,False,Projects/planning/budget,Deferred/adjacent; no new BP surface,BP2-00,No direct BP app entity recommended; retain owning domain. Review a concrete field/workflow dependency before expansion.,declared,server/db/ddl/planes/neon/document/03_tables.sql:3664,True,phase allocation and schema/domain classification; source consumers attached,none in inspected examples,none in current compiled activation,no explicit qualified reference found; inspect dynamic/indirect consumers before removal,artifact presence does not prove domain completeness; see core and field ledgers
document.budget_allocation,False,Projects/planning/budget,Deferred/adjacent; no new BP surface,BP2-00,No direct BP app entity recommended; retain owning domain. Review a concrete field/workflow dependency before expansion.,declared,server/db/ddl/planes/neon/document/03_tables.sql:3716,True,phase allocation and schema/domain classification; source consumers attached,none in inspected examples,none in current compiled activation,no explicit qualified reference found; inspect dynamic/indirect consumers before removal,artifact presence does not prove domain completeness; see core and field ledgers
document.planning_scenario,False,Projects/planning/budget,Deferred/adjacent; no new BP surface,BP2-00,No direct BP app entity recommended; retain owning domain. Review a concrete field/workflow dependency before expansion.,declared,server/db/ddl/planes/neon/document/03_tables.sql:3766,True,phase allocation and schema/domain classification; source consumers attached,none in inspected examples,none in current compiled activation,no explicit qualified reference found; inspect dynamic/indirect consumers before removal,artifact presence does not prove domain completeness; see core and field ledgers
document.planning_scenario_line,False,Projects/planning/budget,Deferred/adjacent; no new BP surface,BP2-00,No direct BP app entity recommended; retain owning domain. Review a concrete field/workflow dependency before expansion.,declared,server/db/ddl/planes/neon/document/03_tables.sql:3813,True,phase allocation and schema/domain classification; source consumers attached,none in inspected examples,none in current compiled activation,no explicit qualified reference found; inspect dynamic/indirect consumers before removal,artifact presence does not prove domain completeness; see core and field ledgers
document.asset_transaction,False,Finance/treasury/tax,Deferred/adjacent; no new BP surface,BP2-00,No direct BP app entity recommended; retain owning domain. Review a concrete field/workflow dependency before expansion.,declared,server/db/ddl/planes/neon/document/03_tables.sql:3869,True,phase allocation and schema/domain classification; source consumers attached,none in inspected examples,none in current compiled activation,no explicit qualified reference found; inspect dynamic/indirect consumers before removal,artifact presence does not prove domain completeness; see core and field ledgers
document.fx_revaluation_run,False,Finance/treasury/tax,Deferred/adjacent; no new BP surface,BP2-00,No direct BP app entity recommended; retain owning domain. Review a concrete field/workflow dependency before expansion.,declared,server/db/ddl/planes/neon/document/03_tables.sql:3902,True,phase allocation and schema/domain classification; source consumers attached,none in inspected examples,none in current compiled activation,server/packages/planes/neon/src/register-finance.ts:143; server/packages/services/finance/src/closing/closing-services.ts:20; server/packages/services/finance/src/closing/kysely-closing-repositories.ts:19; server/packages/services/finance/src/closing/kysely-closing-repositories.ts:6,artifact presence does not prove domain completeness; see core and field ledgers
document.intercompany_agreement,False,Finance/treasury/tax,Deferred/adjacent; no new BP surface,BP2-00,No direct BP app entity recommended; retain owning domain. Review a concrete field/workflow dependency before expansion.,declared,server/db/ddl/planes/neon/document/03_tables.sql:3932,True,phase allocation and schema/domain classification; source consumers attached,none in inspected examples,none in current compiled activation,no explicit qualified reference found; inspect dynamic/indirect consumers before removal,artifact presence does not prove domain completeness; see core and field ledgers
document.intercompany_transaction,False,Finance/treasury/tax,Deferred/adjacent; no new BP surface,BP2-00,No direct BP app entity recommended; retain owning domain. Review a concrete field/workflow dependency before expansion.,declared,server/db/ddl/planes/neon/document/03_tables.sql:3967,True,phase allocation and schema/domain classification; source consumers attached,none in inspected examples,none in current compiled activation,no explicit qualified reference found; inspect dynamic/indirect consumers before removal,artifact presence does not prove domain completeness; see core and field ledgers
document.ic_elimination,False,Finance/treasury/tax,Deferred/adjacent; no new BP surface,BP2-00,No direct BP app entity recommended; retain owning domain. Review a concrete field/workflow dependency before expansion.,declared,server/db/ddl/planes/neon/document/03_tables.sql:4003,True,phase allocation and schema/domain classification; source consumers attached,none in inspected examples,none in current compiled activation,server/packages/planes/neon/src/register-finance.ts:145; server/packages/services/finance/src/closing/closing-services.ts:32; server/packages/services/finance/src/closing/kysely-closing-repositories.ts:10,artifact presence does not prove domain completeness; see core and field ledgers
document.match_exception,False,Finance/treasury/tax,Deferred/adjacent; no new BP surface,BP2-00,No direct BP app entity recommended; retain owning domain. Review a concrete field/workflow dependency before expansion.,declared,server/db/ddl/planes/neon/document/03_tables.sql:4039,True,phase allocation and schema/domain classification; source consumers attached,none in inspected examples,none in current compiled activation,no explicit qualified reference found; inspect dynamic/indirect consumers before removal,artifact presence does not prove domain completeness; see core and field ledgers
document.netting_batch,False,Finance/treasury/tax,Deferred/adjacent; no new BP surface,BP2-00,No direct BP app entity recommended; retain owning domain. Review a concrete field/workflow dependency before expansion.,declared,server/db/ddl/planes/neon/document/03_tables.sql:4060,True,phase allocation and schema/domain classification; source consumers attached,none in inspected examples,none in current compiled activation,no explicit qualified reference found; inspect dynamic/indirect consumers before removal,artifact presence does not prove domain completeness; see core and field ledgers
document.obligation_horizon,False,Projects/planning/budget,Deferred/adjacent; no new BP surface,BP2-00,No direct BP app entity recommended; retain owning domain. Review a concrete field/workflow dependency before expansion.,declared,server/db/ddl/planes/neon/document/03_tables.sql:4095,True,phase allocation and schema/domain classification; source consumers attached,none in inspected examples,none in current compiled activation,no explicit qualified reference found; inspect dynamic/indirect consumers before removal,artifact presence does not prove domain completeness; see core and field ledgers
document.payment_remittance_output,False,Finance/treasury/tax,Deferred/adjacent; no new BP surface,BP2-00,No direct BP app entity recommended; retain owning domain. Review a concrete field/workflow dependency before expansion.,declared,server/db/ddl/planes/neon/document/03_tables.sql:4131,True,phase allocation and schema/domain classification; source consumers attached,none in inspected examples,none in current compiled activation,no explicit qualified reference found; inspect dynamic/indirect consumers before removal,artifact presence does not prove domain completeness; see core and field ledgers
document.payment_term_discount_result,False,Finance/treasury/tax,Deferred/adjacent; no new BP surface,BP2-00,No direct BP app entity recommended; retain owning domain. Review a concrete field/workflow dependency before expansion.,declared,server/db/ddl/planes/neon/document/03_tables.sql:4151,True,phase allocation and schema/domain classification; source consumers attached,none in inspected examples,none in current compiled activation,no explicit qualified reference found; inspect dynamic/indirect consumers before removal,artifact presence does not prove domain completeness; see core and field ledgers
document.wht_certificate,False,Finance/treasury/tax,Deferred/adjacent; no new BP surface,BP2-00,No direct BP app entity recommended; retain owning domain. Review a concrete field/workflow dependency before expansion.,declared,server/db/ddl/planes/neon/document/03_tables.sql:4173,True,phase allocation and schema/domain classification; source consumers attached,none in inspected examples,none in current compiled activation,no explicit qualified reference found; inspect dynamic/indirect consumers before removal,artifact presence does not prove domain completeness; see core and field ledgers
document.import_request,False,Records transfer,Deferred/adjacent; no new BP surface,BP2-00,No direct BP app entity recommended; retain owning domain. Review a concrete field/workflow dependency before expansion.,declared,server/db/ddl/planes/neon/document/03_tables.sql:4198,True,phase allocation and schema/domain classification; source consumers attached,none in inspected examples,none in current compiled activation,no explicit qualified reference found; inspect dynamic/indirect consumers before removal,artifact presence does not prove domain completeness; see core and field ledgers
document.import_request_chunk,False,Records transfer,Deferred/adjacent; no new BP surface,BP2-00,No direct BP app entity recommended; retain owning domain. Review a concrete field/workflow dependency before expansion.,declared,server/db/ddl/planes/neon/document/03_tables.sql:4218,True,phase allocation and schema/domain classification; source consumers attached,none in inspected examples,none in current compiled activation,no explicit qualified reference found; inspect dynamic/indirect consumers before removal,artifact presence does not prove domain completeness; see core and field ledgers
document.render_output,False,Shared collaboration/content,Deferred/adjacent; no new BP surface,BP2-00,No direct BP app entity recommended; retain owning domain. Review a concrete field/workflow dependency before expansion.,declared,server/db/ddl/planes/neon/document/03_tables.sql:4273,True,phase allocation and schema/domain classification; source consumers attached,none in inspected examples,none in current compiled activation,no explicit qualified reference found; inspect dynamic/indirect consumers before removal,artifact presence does not prove domain completeness; see core and field ledgers
document.user_profile_update_request,False,Experience/identity/content configuration,Deferred/adjacent; no new BP surface,BP2-00,No direct BP app entity recommended; retain owning domain. Review a concrete field/workflow dependency before expansion.,declared,server/db/ddl/planes/neon/document/03_tables.sql:4310,True,phase allocation and schema/domain classification; source consumers attached,none in inspected examples,none in current compiled activation,no explicit qualified reference found; inspect dynamic/indirect consumers before removal,artifact presence does not prove domain completeness; see core and field ledgers
document.multipart_upload_part,False,Shared collaboration/content,Deferred/adjacent; no new BP surface,BP2-00,No direct BP app entity recommended; retain owning domain. Review a concrete field/workflow dependency before expansion.,declared,server/db/ddl/planes/neon/document/03_tables.sql:4347,True,phase allocation and schema/domain classification; source consumers attached,none in inspected examples,none in current compiled activation,no explicit qualified reference found; inspect dynamic/indirect consumers before removal,artifact presence does not prove domain completeness; see core and field ledgers
document.business_partner_invitation,False,BP workflow dependencies,Governed workflow/evidence dependency,BF-04,Governed workflow/evidence surfaces; retain verification/invitation/activation authority,declared,server/db/ddl/planes/neon/document/03_tables.sql:4371,True,phase allocation and schema/domain classification; source consumers attached,none in inspected examples,none in current compiled activation,server/apps/platform-host/src/composition/register-services.ts:4643; server/packages/services/master-data/src/kysely-business-partner-case-repository.ts:1347; server/packages/services/master-data/src/kysely-business-partner-case-repository.ts:436; server/packages/services/master-data/src/kysely-business-partner-case-repository.ts:489; server/packages/services/master-data/src/kysely-business-partner-invitation-repository.ts:150; server/packages/services/master-data/src/kysely-business-partner-invitation-repository.ts:168; server/packages/services/master-data/src/kysely-business-partner-invitation-repository.ts:180; server/packages/services/master-data/src/kysely-business-partner-invitation-repository.ts:203; server/packages/services/master-data/src/kysely-business-partner-invitation-repository.ts:22; server/packages/services/master-data/src/kysely-business-partner-invitation-repository.ts:42; server/packages/services/master-data/src/kysely-business-partner-invitation-repository.ts:53; server/packages/services/master-data/src/kysely-business-partner-invitation-repository.ts:65; server/packages/services/master-data/src/kysely-business-partner-invitation-repository.ts:77; server/packages/services/master-data/src/kysely-business-partner-invitation-repository.ts:89,artifact presence does not prove domain completeness; see core and field ledgers
document.workforce_iam_projection,False,External workforce,Retained People dependency; no supplier-workforce substitution,BP2-12,Separate People-owned workforce lifecycle from supplier external-worker engagement,declared,server/db/ddl/planes/neon/document/03_tables.sql:4398,True,phase allocation and schema/domain classification; source consumers attached,none in inspected examples,none in current compiled activation,server/db/scripts/checks/ddl/governed-lifecycle-g0.ts:36; server/db/scripts/checks/ddl/governed-lifecycle-g0.ts:91,artifact presence does not prove domain completeness; see core and field ledgers
document.business_partner_request,False,Shared entity case/snapshot,retired: never expose or recreate,BF-04,Legacy CREATE declaration is followed by DROP TABLE; inspect current entity_case/snapshot provider instead,retired,server/db/ddl/planes/neon/document/11_grants.sql:609,False,phase allocation and schema/domain classification; source consumers attached,business_partner_request/core,business_partner_request/core,server/apps/platform-host/scripts/db-verification/business-partner-360/run-business-partner-360-materialization-evidence.ts:585; server/apps/platform-host/scripts/db-verification/business-partner-360/run-business-partner-360-materialization-evidence.ts:676; server/apps/platform-host/scripts/db-verification/business-partner-360/run-business-partner-360-materialization-evidence.ts:677; server/db/scripts/business-partner-360/run-business-partner-360-performance-evidence.ts:16; server/db/scripts/business-partner-360/run-business-partner-360-performance-evidence.ts:17; server/db/scripts/business-partner-360/run-business-partner-360-performance-evidence.ts:18; server/db/scripts/business-partner-360/run-business-partner-360-security-evidence.ts:12; server/db/scripts/business-partner-360/run-business-partner-360-security-evidence.ts:56; server/db/scripts/business-partner-360/run-business-partner-360-security-evidence.ts:63; server/db/scripts/business-partner-360/run-business-partner-360-security-evidence.ts:77; server/db/scripts/business-partner-360/run-business-partner-360-security-evidence.ts:78; server/db/scripts/checks/ddl/governed-lifecycle-g0.ts:33,retired: case/snapshot correction required
document.business_partner_request_evidence,False,Shared entity case/snapshot,retired: never expose or recreate,BF-04,Legacy CREATE declaration is followed by DROP TABLE; inspect current entity_case/snapshot provider instead,retired,server/db/ddl/planes/neon/document/11_grants.sql:608,False,phase allocation and schema/domain classification; source consumers attached,none in inspected examples,none in current compiled activation,no explicit qualified reference found; inspect dynamic/indirect consumers before removal,retired: case/snapshot correction required
document.business_partner_request_validation,False,Shared entity case/snapshot,retired: never expose or recreate,BF-04,Legacy CREATE declaration is followed by DROP TABLE; inspect current entity_case/snapshot provider instead,retired,server/db/ddl/planes/neon/document/11_grants.sql:607,False,phase allocation and schema/domain classification; source consumers attached,none in inspected examples,none in current compiled activation,no explicit qualified reference found; inspect dynamic/indirect consumers before removal,retired: case/snapshot correction required
document.business_partner_request_address,False,Shared entity case/snapshot,retired: never expose or recreate,BF-04,Legacy CREATE declaration is followed by DROP TABLE; inspect current entity_case/snapshot provider instead,retired,server/db/ddl/planes/neon/document/11_grants.sql:601,False,phase allocation and schema/domain classification; source consumers attached,none in inspected examples,none in current compiled activation,server/db/scripts/business-partner-360/run-business-partner-360-security-evidence.ts:12; server/db/scripts/business-partner-360/run-business-partner-360-security-evidence.ts:77,retired: case/snapshot correction required
document.business_partner_request_contact_person,False,Shared entity case/snapshot,retired: never expose or recreate,BF-04,Legacy CREATE declaration is followed by DROP TABLE; inspect current entity_case/snapshot provider instead,retired,server/db/ddl/planes/neon/document/11_grants.sql:600,False,phase allocation and schema/domain classification; source consumers attached,none in inspected examples,none in current compiled activation,no explicit qualified reference found; inspect dynamic/indirect consumers before removal,retired: case/snapshot correction required
document.business_partner_request_contact_channel,False,Shared entity case/snapshot,retired: never expose or recreate,BF-04,Legacy CREATE declaration is followed by DROP TABLE; inspect current entity_case/snapshot provider instead,retired,server/db/ddl/planes/neon/document/11_grants.sql:599,False,phase allocation and schema/domain classification; source consumers attached,none in inspected examples,none in current compiled activation,no explicit qualified reference found; inspect dynamic/indirect consumers before removal,retired: case/snapshot correction required
document.business_partner_request_identifier,False,Shared entity case/snapshot,retired: never expose or recreate,BF-04,Legacy CREATE declaration is followed by DROP TABLE; inspect current entity_case/snapshot provider instead,retired,server/db/ddl/planes/neon/document/11_grants.sql:602,False,phase allocation and schema/domain classification; source consumers attached,none in inspected examples,none in current compiled activation,server/db/scripts/business-partner-360/run-business-partner-360-security-evidence.ts:12,retired: case/snapshot correction required
document.business_partner_request_tax_registration,False,Shared entity case/snapshot,retired: never expose or recreate,BF-04,Legacy CREATE declaration is followed by DROP TABLE; inspect current entity_case/snapshot provider instead,retired,server/db/ddl/planes/neon/document/11_grants.sql:603,False,phase allocation and schema/domain classification; source consumers attached,none in inspected examples,none in current compiled activation,server/db/scripts/business-partner-360/run-business-partner-360-security-evidence.ts:13,retired: case/snapshot correction required
document.business_partner_request_classification,False,Shared entity case/snapshot,retired: never expose or recreate,BF-04,Legacy CREATE declaration is followed by DROP TABLE; inspect current entity_case/snapshot provider instead,retired,server/db/ddl/planes/neon/document/11_grants.sql:604,False,phase allocation and schema/domain classification; source consumers attached,none in inspected examples,none in current compiled activation,no explicit qualified reference found; inspect dynamic/indirect consumers before removal,retired: case/snapshot correction required
document.business_partner_request_certification,False,Shared entity case/snapshot,retired: never expose or recreate,BF-04,Legacy CREATE declaration is followed by DROP TABLE; inspect current entity_case/snapshot provider instead,retired,server/db/ddl/planes/neon/document/11_grants.sql:605,False,phase allocation and schema/domain classification; source consumers attached,none in inspected examples,none in current compiled activation,no explicit qualified reference found; inspect dynamic/indirect consumers before removal,retired: case/snapshot correction required
document.business_partner_request_materialization_item,False,Shared entity case/snapshot,retired: never expose or recreate,BF-04,Legacy CREATE declaration is followed by DROP TABLE; inspect current entity_case/snapshot provider instead,retired,server/db/ddl/planes/neon/document/11_grants.sql:606,False,phase allocation and schema/domain classification; source consumers attached,none in inspected examples,none in current compiled activation,server/apps/platform-host/scripts/db-verification/business-partner-360/run-business-partner-360-materialization-evidence.ts:630; server/apps/platform-host/scripts/db-verification/business-partner-360/run-business-partner-360-materialization-evidence.ts:660; server/db/scripts/business-partner-360/run-business-partner-360-security-evidence.ts:13,retired: case/snapshot correction required
document.mesh_business_partner_match,False,Neon integrations,Governed Neon acceptance workflow,BP2-15,Neon-owned match/accept/change review; Mesh application work remains deferred,declared,server/db/ddl/planes/neon/document/03_tables.sql:5002,True,phase allocation and schema/domain classification; source consumers attached,none in inspected examples,none in current compiled activation,server/apps/platform-host/src/composition/register-services.ts:4499; server/packages/planes/neon/src/business-partner-profile-match.ts:58; server/packages/planes/neon/src/business-partner-profile-match.ts:75; server/packages/planes/neon/src/business-partner-profile-match.ts:76; server/packages/planes/neon/src/business-partner-profile-match.ts:77; server/packages/services/master-data/src/kysely-business-partner-360-network.ts:20; server/packages/services/master-data/src/kysely-business-partner-360-network.ts:33,artifact presence does not prove domain completeness; see core and field ledgers
document.mesh_business_partner_acceptance,False,Neon integrations,Governed Neon acceptance workflow,BP2-15,Neon-owned match/accept/change review; Mesh application work remains deferred,declared,server/db/ddl/planes/neon/document/03_tables.sql:5035,True,phase allocation and schema/domain classification; source consumers attached,none in inspected examples,none in current compiled activation,server/apps/platform-host/src/composition/register-services.ts:4499; server/packages/planes/neon/src/business-partner-profile-match.ts:57; server/packages/planes/neon/src/business-partner-profile-match.ts:78; server/packages/planes/neon/src/business-partner-profile-match.ts:79; server/packages/services/master-data/src/kysely-business-partner-360-network.ts:21; server/packages/services/master-data/src/kysely-business-partner-360-network.ts:34,artifact presence does not prove domain completeness; see core and field ledgers
document.mesh_business_partner_acceptance_event,False,Neon integrations,Governed Neon acceptance workflow,BP2-15,Neon-owned match/accept/change review; Mesh application work remains deferred,declared,server/db/ddl/planes/neon/document/03_tables.sql:5064,True,phase allocation and schema/domain classification; source consumers attached,none in inspected examples,none in current compiled activation,server/apps/platform-host/src/composition/register-services.ts:4499; server/packages/planes/neon/src/business-partner-profile-match.ts:59; server/packages/planes/neon/src/business-partner-profile-match.ts:78; server/packages/planes/neon/src/business-partner-profile-match.ts:79; server/packages/planes/neon/src/business-partner-profile-match.ts:80; server/packages/planes/neon/src/business-partner-profile-match.ts:81; server/packages/services/master-data/src/kysely-business-partner-360-network.ts:22,artifact presence does not prove domain completeness; see core and field ledgers
document.business_partner_bank_verification,False,Banking,Governed workflow/evidence dependency,BP2-09,Governed workflow/evidence surfaces; retain verification/invitation/activation authority,declared,server/db/ddl/planes/neon/document/03_tables.sql:5092,True,phase allocation and schema/domain classification; source consumers attached,none in inspected examples,none in current compiled activation,server/apps/platform-host/src/composition/register-services.ts:2535; server/db/scripts/tests/integration/business-partner-bank-verification.ts:139; server/db/scripts/tests/integration/business-partner-bank-verification.ts:29; server/packages/planes/neon/src/business-partner-account-bank-linkage.ts:344; server/packages/planes/neon/src/business-partner-account-bank-linkage.ts:351; server/packages/planes/neon/src/business-partner-account-bank-linkage.ts:380; server/packages/planes/neon/src/business-partner-account-bank-linkage.ts:411; server/packages/planes/neon/src/business-partner-account-bank-linkage.ts:415; server/packages/planes/neon/src/business-partner-account-bank-linkage.ts:488; server/packages/services/master-data/src/kysely-business-partner-360-commercial-controls.ts:175; server/packages/services/master-data/src/kysely-business-partner-360-commercial-controls.ts:243; server/packages/services/master-data/src/kysely-business-partner-360-repository.ts:328,artifact presence does not prove domain completeness; see core and field ledgers
document.business_partner_duplicate_resolution,False,BP workflow dependencies,Governed workflow/evidence dependency,BF-04,Governed workflow/evidence surfaces; retain verification/invitation/activation authority,declared,server/db/ddl/planes/neon/document/03_tables.sql:5137,True,phase allocation and schema/domain classification; source consumers attached,none in inspected examples,none in current compiled activation,no explicit qualified reference found; inspect dynamic/indirect consumers before removal,artifact presence does not prove domain completeness; see core and field ledgers
document.supplier_activation_evidence,False,Supplier,Governed workflow/evidence dependency,BP2-07,Governed workflow/evidence surfaces; retain verification/invitation/activation authority,declared,server/db/ddl/planes/neon/document/03_tables.sql:5155,True,phase allocation and schema/domain classification; source consumers attached,none in inspected examples,none in current compiled activation,server/apps/platform-host/src/composition/register-services.ts:4730; server/apps/platform-host/src/composition/supplier-process-documents.ts:157; server/packages/services/master-data/src/kysely-business-partner-case-repository.ts:1137; server/packages/services/master-data/src/kysely-business-partner-eligibility-repository.ts:372; server/packages/services/master-data/src/kysely-business-partner-eligibility-repository.ts:403; server/packages/services/master-data/src/supplier-activation-readiness.ts:17; server/packages/services/master-data/src/supplier-onboarding-completion.ts:231,artifact presence does not prove domain completeness; see core and field ledgers
document.business_partner_invitation_recovery,False,BP workflow dependencies,Governed workflow/evidence dependency,BF-04,Governed workflow/evidence surfaces; retain verification/invitation/activation authority,declared,server/db/ddl/planes/neon/document/03_tables.sql:5173,True,phase allocation and schema/domain classification; source consumers attached,none in inspected examples,none in current compiled activation,server/apps/platform-host/src/composition/register-services.ts:4643; server/packages/services/master-data/src/kysely-business-partner-invitation-repository.ts:185,artifact presence does not prove domain completeness; see core and field ledgers
document.workforce_requisition,False,Workforce/procurement/finance,Scoped summary/deep link to owning workflow,BP2-13,Supplier-filtered related summaries/deep links with governed lifecycle; detailed execution stays in Workforce/Procurement/Finance,declared,server/db/ddl/planes/neon/document/03_tables.sql:5183,True,phase allocation and schema/domain classification; source consumers attached,none in inspected examples,none in current compiled activation,server/db/scripts/provisioning/provision-business-partner-r7-fixtures.ts:140; server/db/scripts/provisioning/provision-business-partner-r7-fixtures.ts:67; server/packages/services/master-data/src/supplier-workforce-requisition-repository.ts:6,artifact presence does not prove domain completeness; see core and field ledgers
document.workforce_requisition_supplier,False,Workforce/procurement/finance,Scoped summary/deep link to owning workflow,BP2-13,Supplier-filtered related summaries/deep links with governed lifecycle; detailed execution stays in Workforce/Procurement/Finance,declared,server/db/ddl/planes/neon/document/03_tables.sql:5214,True,phase allocation and schema/domain classification; source consumers attached,none in inspected examples,none in current compiled activation,no explicit qualified reference found; inspect dynamic/indirect consumers before removal,artifact presence does not prove domain completeness; see core and field ledgers
document.external_candidate_submission,False,Workforce/procurement/finance,Scoped summary/deep link to owning workflow,BP2-13,Supplier-filtered related summaries/deep links with governed lifecycle; detailed execution stays in Workforce/Procurement/Finance,declared,server/db/ddl/planes/neon/document/03_tables.sql:5230,True,phase allocation and schema/domain classification; source consumers attached,none in inspected examples,none in current compiled activation,no explicit qualified reference found; inspect dynamic/indirect consumers before removal,artifact presence does not prove domain completeness; see core and field ledgers
document.external_candidate_evaluation,False,Workforce/procurement/finance,Scoped summary/deep link to owning workflow,BP2-13,Supplier-filtered related summaries/deep links with governed lifecycle; detailed execution stays in Workforce/Procurement/Finance,declared,server/db/ddl/planes/neon/document/03_tables.sql:5251,True,phase allocation and schema/domain classification; source consumers attached,none in inspected examples,none in current compiled activation,no explicit qualified reference found; inspect dynamic/indirect consumers before removal,artifact presence does not prove domain completeness; see core and field ledgers
document.contingent_work_order,False,Workforce/procurement/finance,Scoped summary/deep link to owning workflow,BP2-13,Supplier-filtered related summaries/deep links with governed lifecycle; detailed execution stays in Workforce/Procurement/Finance,declared,server/db/ddl/planes/neon/document/03_tables.sql:5269,True,phase allocation and schema/domain classification; source consumers attached,none in inspected examples,none in current compiled activation,no explicit qualified reference found; inspect dynamic/indirect consumers before removal,artifact presence does not prove domain completeness; see core and field ledgers
document.contingent_work_order_revision,False,Workforce/procurement/finance,Scoped summary/deep link to owning workflow,BP2-13,Supplier-filtered related summaries/deep links with governed lifecycle; detailed execution stays in Workforce/Procurement/Finance,declared,server/db/ddl/planes/neon/document/03_tables.sql:5291,True,phase allocation and schema/domain classification; source consumers attached,none in inspected examples,none in current compiled activation,no explicit qualified reference found; inspect dynamic/indirect consumers before removal,artifact presence does not prove domain completeness; see core and field ledgers
document.statement_of_work,False,Workforce/procurement/finance,Scoped summary/deep link to owning workflow,BP2-13,Supplier-filtered related summaries/deep links with governed lifecycle; detailed execution stays in Workforce/Procurement/Finance,declared,server/db/ddl/planes/neon/document/03_tables.sql:5319,True,phase allocation and schema/domain classification; source consumers attached,none in inspected examples,none in current compiled activation,server/db/scripts/provisioning/provision-business-partner-r7-fixtures.ts:98,artifact presence does not prove domain completeness; see core and field ledgers
document.statement_of_work_revision,False,Workforce/procurement/finance,Scoped summary/deep link to owning workflow,BP2-13,Supplier-filtered related summaries/deep links with governed lifecycle; detailed execution stays in Workforce/Procurement/Finance,declared,server/db/ddl/planes/neon/document/03_tables.sql:5341,True,phase allocation and schema/domain classification; source consumers attached,none in inspected examples,none in current compiled activation,no explicit qualified reference found; inspect dynamic/indirect consumers before removal,artifact presence does not prove domain completeness; see core and field ledgers
document.statement_of_work_item,False,Workforce/procurement/finance,Scoped summary/deep link to owning workflow,BP2-13,Supplier-filtered related summaries/deep links with governed lifecycle; detailed execution stays in Workforce/Procurement/Finance,declared,server/db/ddl/planes/neon/document/03_tables.sql:5368,True,phase allocation and schema/domain classification; source consumers attached,none in inspected examples,none in current compiled activation,no explicit qualified reference found; inspect dynamic/indirect consumers before removal,artifact presence does not prove domain completeness; see core and field ledgers
document.worker_engagement,False,Workforce/procurement/finance,Scoped summary/deep link to owning workflow,BP2-13,Supplier-filtered related summaries/deep links with governed lifecycle; detailed execution stays in Workforce/Procurement/Finance,declared,server/db/ddl/planes/neon/document/03_tables.sql:5391,True,phase allocation and schema/domain classification; source consumers attached,none in inspected examples,none in current compiled activation,server/db/scripts/provisioning/provision-business-partner-r7-fixtures.ts:112; server/db/scripts/provisioning/provision-business-partner-r7-fixtures.ts:141,artifact presence does not prove domain completeness; see core and field ledgers
document.worker_operational_placement,False,Workforce/procurement/finance,Scoped summary/deep link to owning workflow,BP2-13,Supplier-filtered related summaries/deep links with governed lifecycle; detailed execution stays in Workforce/Procurement/Finance,declared,server/db/ddl/planes/neon/document/03_tables.sql:5429,True,phase allocation and schema/domain classification; source consumers attached,none in inspected examples,none in current compiled activation,server/db/scripts/provisioning/provision-business-partner-r7-fixtures.ts:138,artifact presence does not prove domain completeness; see core and field ledgers
document.worker_compliance_item,False,Workforce/procurement/finance,Scoped summary/deep link to owning workflow,BP2-13,Supplier-filtered related summaries/deep links with governed lifecycle; detailed execution stays in Workforce/Procurement/Finance,declared,server/db/ddl/planes/neon/document/03_tables.sql:5448,True,phase allocation and schema/domain classification; source consumers attached,none in inspected examples,none in current compiled activation,no explicit qualified reference found; inspect dynamic/indirect consumers before removal,artifact presence does not prove domain completeness; see core and field ledgers
document.engagement_onboarding_case,False,Workforce/procurement/finance,Scoped summary/deep link to owning workflow,BP2-13,Supplier-filtered related summaries/deep links with governed lifecycle; detailed execution stays in Workforce/Procurement/Finance,declared,server/db/ddl/planes/neon/document/03_tables.sql:5468,True,phase allocation and schema/domain classification; source consumers attached,none in inspected examples,none in current compiled activation,no explicit qualified reference found; inspect dynamic/indirect consumers before removal,artifact presence does not prove domain completeness; see core and field ledgers
document.external_time_sheet,False,Workforce/procurement/finance,Scoped summary/deep link to owning workflow,BP2-13,Supplier-filtered related summaries/deep links with governed lifecycle; detailed execution stays in Workforce/Procurement/Finance,declared,server/db/ddl/planes/neon/document/03_tables.sql:5493,True,phase allocation and schema/domain classification; source consumers attached,none in inspected examples,none in current compiled activation,no explicit qualified reference found; inspect dynamic/indirect consumers before removal,artifact presence does not prove domain completeness; see core and field ledgers
document.external_time_entry,False,Workforce/procurement/finance,Scoped summary/deep link to owning workflow,BP2-13,Supplier-filtered related summaries/deep links with governed lifecycle; detailed execution stays in Workforce/Procurement/Finance,declared,server/db/ddl/planes/neon/document/03_tables.sql:5523,True,phase allocation and schema/domain classification; source consumers attached,none in inspected examples,none in current compiled activation,no explicit qualified reference found; inspect dynamic/indirect consumers before removal,artifact presence does not prove domain completeness; see core and field ledgers
document.external_expense_sheet,False,Workforce/procurement/finance,Scoped summary/deep link to owning workflow,BP2-13,Supplier-filtered related summaries/deep links with governed lifecycle; detailed execution stays in Workforce/Procurement/Finance,declared,server/db/ddl/planes/neon/document/03_tables.sql:5539,True,phase allocation and schema/domain classification; source consumers attached,none in inspected examples,none in current compiled activation,no explicit qualified reference found; inspect dynamic/indirect consumers before removal,artifact presence does not prove domain completeness; see core and field ledgers
document.external_expense_item,False,Workforce/procurement/finance,Scoped summary/deep link to owning workflow,BP2-13,Supplier-filtered related summaries/deep links with governed lifecycle; detailed execution stays in Workforce/Procurement/Finance,declared,server/db/ddl/planes/neon/document/03_tables.sql:5569,True,phase allocation and schema/domain classification; source consumers attached,none in inspected examples,none in current compiled activation,no explicit qualified reference found; inspect dynamic/indirect consumers before removal,artifact presence does not prove domain completeness; see core and field ledgers
document.external_service_entry,False,Workforce/procurement/finance,Scoped summary/deep link to owning workflow,BP2-13,Supplier-filtered related summaries/deep links with governed lifecycle; detailed execution stays in Workforce/Procurement/Finance,declared,server/db/ddl/planes/neon/document/03_tables.sql:5584,True,phase allocation and schema/domain classification; source consumers attached,none in inspected examples,none in current compiled activation,no explicit qualified reference found; inspect dynamic/indirect consumers before removal,artifact presence does not prove domain completeness; see core and field ledgers
document.external_service_entry_line,False,Workforce/procurement/finance,Scoped summary/deep link to owning workflow,BP2-13,Supplier-filtered related summaries/deep links with governed lifecycle; detailed execution stays in Workforce/Procurement/Finance,declared,server/db/ddl/planes/neon/document/03_tables.sql:5607,True,phase allocation and schema/domain classification; source consumers attached,none in inspected examples,none in current compiled activation,no explicit qualified reference found; inspect dynamic/indirect consumers before removal,artifact presence does not prove domain completeness; see core and field ledgers
document.external_workforce_invoice_allocation,False,Workforce/procurement/finance,Scoped summary/deep link to owning workflow,BP2-13,Supplier-filtered related summaries/deep links with governed lifecycle; detailed execution stays in Workforce/Procurement/Finance,declared,server/db/ddl/planes/neon/document/03_tables.sql:5622,True,phase allocation and schema/domain classification; source consumers attached,none in inspected examples,none in current compiled activation,no explicit qualified reference found; inspect dynamic/indirect consumers before removal,artifact presence does not prove domain completeness; see core and field ledgers
document.service_sheet_source_allocation,False,Workforce/procurement/finance,Scoped summary/deep link to owning workflow,BP2-13,Supplier-filtered related summaries/deep links with governed lifecycle; detailed execution stays in Workforce/Procurement/Finance,declared,server/db/ddl/planes/neon/document/03_tables.sql:5637,True,phase allocation and schema/domain classification; source consumers attached,none in inspected examples,none in current compiled activation,server/packages/services/finance/src/external-workforce/kysely-service-sheet-source-repository.ts:19; server/packages/services/finance/src/external-workforce/kysely-service-sheet-source-repository.ts:35,artifact presence does not prove domain completeness; see core and field ledgers
document.mesh_profile_change_resolution,False,Neon integrations,Governed Neon acceptance workflow,BP2-15,Neon-owned match/accept/change review; Mesh application work remains deferred,declared,server/db/ddl/planes/neon/document/03_tables.sql:5665,True,phase allocation and schema/domain classification; source consumers attached,none in inspected examples,none in current compiled activation,server/packages/planes/neon/src/business-partner-profile-match.ts:39; server/packages/planes/neon/src/business-partner-profile-match.ts:43; server/packages/planes/neon/src/business-partner-profile-match.ts:49; server/packages/services/master-data/src/kysely-business-partner-case-repository.ts:223,artifact presence does not prove domain completeness; see core and field ledgers
document.mesh_profile_change_case,False,Neon integrations,Governed Neon acceptance workflow,BP2-15,Neon-owned match/accept/change review; Mesh application work remains deferred,declared,server/db/ddl/planes/neon/document/03_tables.sql:5690,True,phase allocation and schema/domain classification; source consumers attached,none in inspected examples,none in current compiled activation,server/packages/planes/neon/src/business-partner-profile-match.ts:39; server/packages/planes/neon/src/business-partner-profile-match.ts:50; server/packages/services/master-data/src/kysely-business-partner-case-repository.ts:325,artifact presence does not prove domain completeness; see core and field ledgers
snapshot.template_version,False,Experience/identity/content configuration,Deferred/adjacent; no new BP surface,BP2-00,No direct BP app entity recommended; retain owning domain. Review a concrete field/workflow dependency before expansion.,declared,server/db/ddl/planes/neon/snapshot/03_tables.sql:1,True,phase allocation and schema/domain classification; source consumers attached,none in inspected examples,none in current compiled activation,server/packages/platform/control-admin/src/cycle/process-selection-catalog.ts:154; server/packages/services/documents/src/kysely-document-repositories.ts:19; server/packages/services/documents/src/kysely-document-repositories.ts:36,artifact presence does not prove domain completeness; see core and field ledgers
snapshot.content_item_version,False,Shared collaboration/content,Deferred/adjacent; no new BP surface,BP2-00,No direct BP app entity recommended; retain owning domain. Review a concrete field/workflow dependency before expansion.,declared,server/db/ddl/planes/neon/snapshot/03_tables.sql:64,True,phase allocation and schema/domain classification; source consumers attached,none in inspected examples,none in current compiled activation,server/apps/platform-host/src/composition/register-services.ts:4052; server/packages/services/content/src/kysely-content-repository.ts:10; server/packages/services/content/src/kysely-content-repository.ts:5; server/packages/services/content/src/kysely-content-repository.ts:6; server/packages/services/content/src/kysely-content-repository.ts:8; server/packages/services/content/src/kysely-content-repository.ts:9; server/packages/services/master-data/src/kysely-workforce-request-repository.ts:81,artifact presence does not prove domain completeness; see core and field ledgers
snapshot.bom,False,Inventory/manufacturing,Deferred/adjacent; no new BP surface,BP2-00,No direct BP app entity recommended; retain owning domain. Review a concrete field/workflow dependency before expansion.,declared,server/db/ddl/planes/neon/snapshot/03_tables.sql:98,True,phase allocation and schema/domain classification; source consumers attached,none in inspected examples,none in current compiled activation,no explicit qualified reference found; inspect dynamic/indirect consumers before removal,artifact presence does not prove domain completeness; see core and field ledgers
snapshot.bom_component,False,Inventory/manufacturing,Deferred/adjacent; no new BP surface,BP2-00,No direct BP app entity recommended; retain owning domain. Review a concrete field/workflow dependency before expansion.,declared,server/db/ddl/planes/neon/snapshot/03_tables.sql:142,True,phase allocation and schema/domain classification; source consumers attached,none in inspected examples,none in current compiled activation,no explicit qualified reference found; inspect dynamic/indirect consumers before removal,artifact presence does not prove domain completeness; see core and field ledgers
snapshot.mesh_business_partner_profile_received,False,Neon integrations,Immutable snapshot; safe projection only,BP2-15,Immutable received evidence; approved projected fields only,declared,server/db/ddl/planes/neon/snapshot/03_tables.sql:184,True,phase allocation and schema/domain classification; source consumers attached,none in inspected examples,none in current compiled activation,server/apps/platform-host/src/composition/register-services.ts:2450; server/db/scripts/business-partner-360/provision-business-partner-360-acceptance-fixtures.ts:78; server/db/scripts/business-partner-360/run-business-partner-360-security-evidence.ts:65; server/db/scripts/business-partner-360/run-business-partner-360-security-evidence.ts:68; server/packages/planes/neon/src/business-partner-account-bank-linkage.ts:168; server/packages/planes/neon/src/business-partner-profile-match.ts:52; server/packages/planes/neon/src/business-partner-profile-match.ts:61; server/packages/planes/neon/src/business-partner-profile-match.ts:73; server/packages/planes/neon/src/business-partner-profile-projection.ts:71; server/packages/planes/neon/src/business-partner-profile-projection.ts:72; server/packages/planes/neon/src/business-partner-profile-projection.ts:76; server/packages/planes/neon/src/mesh-external-reference-code.ts:11; server/packages/services/master-data/src/business-partner-360-service.ts:845; server/packages/services/master-data/src/kysely-business-partner-360-network.ts:19; server/packages/services/master-data/src/kysely-business-partner-360-network.ts:31,artifact presence does not prove domain completeness; see core and field ledgers
snapshot.mesh_bank_account_disclosure_received,False,Neon integrations,Immutable snapshot; safe projection only,BP2-15,Immutable received evidence; approved projected fields only,declared,server/db/ddl/planes/neon/snapshot/03_tables.sql:217,True,phase allocation and schema/domain classification; source consumers attached,none in inspected examples,none in current compiled activation,server/packages/planes/neon/src/business-partner-account-bank-linkage.ts:276; server/packages/planes/neon/src/business-partner-account-bank-linkage.ts:328; server/packages/services/master-data/src/kysely-business-partner-360-commercial-controls.ts:171; server/packages/services/master-data/src/kysely-business-partner-360-commercial-controls.ts:173; server/packages/services/master-data/src/kysely-business-partner-360-commercial-controls.ts:236; server/packages/services/master-data/src/kysely-business-partner-360-network.ts:24,artifact presence does not prove domain completeness; see core and field ledgers
control.subscription_plan,False,Application configuration,Retained app/context/entitlement dependency,BF-02,"Existing navigation, entitlement, feature and parameter authority; no BP-specific copy",declared,server/db/ddl/planes/neon/control/03_tables.sql:4,True,phase allocation and schema/domain classification; source consumers attached,none in inspected examples,none in current compiled activation,server/db/scripts/provisioning/authorization-pack-applicator.ts:417; server/packages/adapters/experience-postgres/src/index.ts:195; server/packages/platform/control-admin/src/control-administration-ownership.ts:71; server/packages/platform/control-admin/src/kysely-entitlement-repository.ts:147; server/packages/platform/control-admin/src/kysely-entitlement-repository.ts:152; server/packages/platform/control-admin/src/kysely-entitlement-repository.ts:21; server/packages/platform/control-admin/src/kysely-entitlement-repository.ts:32,artifact presence does not prove domain completeness; see core and field ledgers
control.owner_type,False,Shared reference,Retained registry/lookup infrastructure,BP2-01,Reuse canonical owner registry and published lookup definitions; internal revision/receipt records not app entities,declared,server/db/ddl/planes/neon/control/03_tables.sql:40,True,phase allocation and schema/domain classification; source consumers attached,none in inspected examples,none in current compiled activation,server/apps/platform-host/src/composition/register-services.ts:5249; server/apps/platform-host/src/composition/supplier-process-communications.ts:567; server/db/scripts/business-partner-360/backfill-mesh-external-reference-codes.ts:23; server/db/scripts/business-partner-360/run-business-partner-360-security-evidence.ts:45; server/db/scripts/provisioning/provision-development-business-partner-fixtures.ts:651; server/db/scripts/provisioning/provision-development-business-partner-fixtures.ts:652; server/db/scripts/provisioning/provision-development-notification-acceptance.ts:21; server/db/scripts/tests/integration/business-partner-bank-verification.ts:48; server/db/scripts/tests/integration/ci-integrity.ts:184; server/db/scripts/tests/integration/ci-integrity.ts:220; server/db/scripts/tests/integration/ci-integrity.ts:246; server/db/scripts/tests/integration/customer-portal-source-probe.ts:43; server/packages/planes/neon/src/business-partner-account-bank-linkage.ts:103; server/packages/planes/neon/src/business-partner-account-bank-linkage.ts:212; server/packages/planes/neon/src/business-partner-account-bank-linkage.ts:387; server/packages/platform/iam/src/customer-portal-delivery.ts:328; server/packages/platform/notifications/src/kysely-notification-preferences.ts:110; server/packages/platform/notifications/src/kysely-notification-repositories.ts:90; server/packages/platform/notifications/src/notification-planner.ts:56; server/packages/services/master-data/src/kysely-business-partner-360-bank-reveal.ts:3; server/packages/services/master-data/src/kysely-business-partner-360-commercial-controls.ts:162; server/packages/services/master-data/src/kysely-business-partner-360-repository.ts:181; server/packages/services/master-data/src/kysely-business-partner-360-repository.ts:482; server/packages/services/master-data/src/kysely-business-partner-360-sections.ts:33; server/packages/services/master-data/src/kysely-master-data-repository.ts:132; server/packages/services/master-data/src/kysely-master-data-repository.ts:138; server/packages/services/master-data/src/kysely-master-data-repository.ts:16; server/packages/services/master-data/src/kysely-master-data-repository.ts:24; server/packages/services/master-data/src/kysely-master-data-repository.ts:46; server/packages/services/master-data/src/kysely-master-data-repository.ts:60; server/packages/services/master-data/src/master-data-authority.ts:46,artifact presence does not prove domain completeness; see core and field ledgers
control.owner_type_purpose,False,Shared reference,Retained registry/lookup infrastructure,BP2-01,Reuse canonical owner registry and published lookup definitions; internal revision/receipt records not app entities,declared,server/db/ddl/planes/neon/control/03_tables.sql:123,True,phase allocation and schema/domain classification; source consumers attached,none in inspected examples,none in current compiled activation,server/db/scripts/tests/integration/ci-integrity.ts:185,artifact presence does not prove domain completeness; see core and field ledgers
control.org_unit_type,False,Organization,Deferred/adjacent; no new BP surface,BP2-00,No direct BP app entity recommended; retain owning domain. Review a concrete field/workflow dependency before expansion.,declared,server/db/ddl/planes/neon/control/03_tables.sql:138,True,phase allocation and schema/domain classification; source consumers attached,none in inspected examples,none in current compiled activation,server/db/scripts/provisioning/neon-scenario-foundation.ts:130; server/db/scripts/provisioning/neon-scenario-foundation.ts:136; server/db/scripts/provisioning/neon-scenario-foundation.ts:137; server/db/scripts/provisioning/neon-scenario-foundation.ts:145,artifact presence does not prove domain completeness; see core and field ledgers
control.risk_source_config,False,Risk,Retained risk-provider dependency,BP2-14,"Risk-provider configuration; administer outside BP, show authorized derived outcomes",declared,server/db/ddl/planes/neon/control/03_tables.sql:174,True,phase allocation and schema/domain classification; source consumers attached,none in inspected examples,none in current compiled activation,no explicit qualified reference found; inspect dynamic/indirect consumers before removal,artifact presence does not prove domain completeness; see core and field ledgers
control.business_partner_qualification,True,Supplier,Governed entity/command,BP2-07,MetaEntity read/detail surfaces and registered decide/revoke/lift operations; no generic writes to final decisions,declared,server/db/ddl/planes/neon/control/03_tables.sql:208,True,phase allocation and schema/domain classification; source consumers attached,business_partner/core; business_partner_qualification/core,business_partner/core; business_partner_qualification/core,server/apps/platform-host/src/composition/register-services.ts:4730; server/db/scripts/business-partner-360/run-business-partner-s5-certification.ts:122; server/db/scripts/business-partner-360/run-business-partner-s5-certification.ts:123; server/db/scripts/business-partner-360/run-business-partner-s5-certification.ts:169; server/db/scripts/business-partner-360/run-business-partner-s5-certification.ts:203; server/db/scripts/business-partner-360/run-business-partner-s5-certification.ts:59; server/db/scripts/provisioning/provision-development-business-partner-fixtures.ts:1091; server/db/scripts/provisioning/provision-development-business-partner-fixtures.ts:1250; server/packages/services/master-data/src/kysely-business-partner-360-commercial-controls.ts:291; server/packages/services/master-data/src/kysely-business-partner-360-commercial-controls.ts:38; server/packages/services/master-data/src/kysely-business-partner-360-commercial-controls.ts:431; server/packages/services/master-data/src/kysely-business-partner-360-repository.ts:329; server/packages/services/master-data/src/kysely-business-partner-360-repository.ts:483; server/packages/services/master-data/src/kysely-business-partner-eligibility-repository.ts:416; server/packages/services/master-data/src/kysely-business-partner-eligibility-repository.ts:430; server/packages/services/master-data/src/kysely-business-partner-eligibility-repository.ts:559; server/packages/services/master-data/src/kysely-business-partner-eligibility-repository.ts:571; server/packages/services/master-data/src/kysely-business-partner-eligibility-repository.ts:623; server/packages/services/master-data/src/kysely-business-partner-eligibility-repository.ts:645; server/packages/services/master-data/src/kysely-business-partner-eligibility-repository.ts:674,artifact presence does not prove domain completeness; see core and field ledgers
control.supplier_preference_designation,False,Supplier,Governed entity/command,BP2-07,MetaEntity read/detail surfaces and registered decide/revoke/lift operations; no generic writes to final decisions,declared,server/db/ddl/planes/neon/control/03_tables.sql:276,True,phase allocation and schema/domain classification; source consumers attached,none in inspected examples,none in current compiled activation,server/apps/platform-host/src/composition/register-services.ts:4730; server/db/scripts/business-partner-360/run-business-partner-s5-certification.ts:169; server/db/scripts/provisioning/provision-development-business-partner-fixtures.ts:1111; server/packages/services/master-data/src/kysely-business-partner-360-commercial-controls.ts:294; server/packages/services/master-data/src/kysely-business-partner-360-repository.ts:483; server/packages/services/master-data/src/kysely-business-partner-eligibility-repository.ts:445; server/packages/services/master-data/src/kysely-business-partner-eligibility-repository.ts:460; server/packages/services/master-data/src/kysely-business-partner-eligibility-repository.ts:481; server/packages/services/master-data/src/kysely-business-partner-eligibility-repository.ts:503; server/packages/services/master-data/src/kysely-business-partner-eligibility-repository.ts:529; server/packages/services/master-data/src/kysely-business-partner-eligibility-repository.ts:547; server/packages/services/master-data/src/kysely-business-partner-eligibility-repository.ts:804,artifact presence does not prove domain completeness; see core and field ledgers
control.customer_account_designation,True,Customer,Governed entity/command,BP2-08,MetaEntity read/detail surfaces and registered decide/revoke/lift operations; no generic writes to final decisions,declared,server/db/ddl/planes/neon/control/03_tables.sql:347,True,phase allocation and schema/domain classification; source consumers attached,none in inspected examples,none in current compiled activation,server/db/scripts/business-partner-360/run-business-partner-s5-certification.ts:169; server/packages/services/master-data/src/business-partner-request-validator.ts:119; server/packages/services/master-data/src/kysely-business-partner-360-role-sections.ts:180; server/packages/services/master-data/src/kysely-business-partner-eligibility-repository.ts:182; server/packages/services/master-data/src/kysely-business-partner-eligibility-repository.ts:194; server/packages/services/master-data/src/kysely-business-partner-eligibility-repository.ts:215; server/packages/services/master-data/src/kysely-business-partner-eligibility-repository.ts:237; server/packages/services/master-data/src/kysely-business-partner-eligibility-repository.ts:252,artifact presence does not prove domain completeness; see core and field ledgers
control.business_partner_block,True,Partner governance,Governed entity/command,BP2-10,MetaEntity read/detail surfaces and registered decide/revoke/lift operations; no generic writes to final decisions,declared,server/db/ddl/planes/neon/control/03_tables.sql:413,True,phase allocation and schema/domain classification; source consumers attached,none in inspected examples,none in current compiled activation,server/apps/platform-host/src/composition/register-services.ts:4730; server/packages/services/master-data/src/kysely-business-partner-360-commercial-controls.ts:297; server/packages/services/master-data/src/kysely-business-partner-eligibility-repository.ts:689,artifact presence does not prove domain completeness; see core and field ledgers
control.formula_expression,False,Policy/formula engine,Deferred/adjacent; no new BP surface,BP2-00,No direct BP app entity recommended; retain owning domain. Review a concrete field/workflow dependency before expansion.,declared,server/db/ddl/planes/neon/control/03_tables.sql:464,True,phase allocation and schema/domain classification; source consumers attached,none in inspected examples,none in current compiled activation,no explicit qualified reference found; inspect dynamic/indirect consumers before removal,artifact presence does not prove domain completeness; see core and field ledgers
control.formula_expression_version,False,Policy/formula engine,Deferred/adjacent; no new BP surface,BP2-00,No direct BP app entity recommended; retain owning domain. Review a concrete field/workflow dependency before expansion.,declared,server/db/ddl/planes/neon/control/03_tables.sql:515,True,phase allocation and schema/domain classification; source consumers attached,none in inspected examples,none in current compiled activation,no explicit qualified reference found; inspect dynamic/indirect consumers before removal,artifact presence does not prove domain completeness; see core and field ledgers
control.rate_table,False,Policy/formula engine,Deferred/adjacent; no new BP surface,BP2-00,No direct BP app entity recommended; retain owning domain. Review a concrete field/workflow dependency before expansion.,declared,server/db/ddl/planes/neon/control/03_tables.sql:567,True,phase allocation and schema/domain classification; source consumers attached,none in inspected examples,none in current compiled activation,no explicit qualified reference found; inspect dynamic/indirect consumers before removal,artifact presence does not prove domain completeness; see core and field ledgers
control.rate_table_row,False,Policy/formula engine,Deferred/adjacent; no new BP surface,BP2-00,No direct BP app entity recommended; retain owning domain. Review a concrete field/workflow dependency before expansion.,declared,server/db/ddl/planes/neon/control/03_tables.sql:609,True,phase allocation and schema/domain classification; source consumers attached,none in inspected examples,none in current compiled activation,no explicit qualified reference found; inspect dynamic/indirect consumers before removal,artifact presence does not prove domain completeness; see core and field ledgers
control.item_inventory_policy,False,Inventory/manufacturing,Deferred/adjacent; no new BP surface,BP2-00,No direct BP app entity recommended; retain owning domain. Review a concrete field/workflow dependency before expansion.,declared,server/db/ddl/planes/neon/control/03_tables.sql:652,True,phase allocation and schema/domain classification; source consumers attached,none in inspected examples,none in current compiled activation,no explicit qualified reference found; inspect dynamic/indirect consumers before removal,artifact presence does not prove domain completeness; see core and field ledgers
control.planning_model,False,Projects/planning/budget,Deferred/adjacent; no new BP surface,BP2-00,No direct BP app entity recommended; retain owning domain. Review a concrete field/workflow dependency before expansion.,declared,server/db/ddl/planes/neon/control/03_tables.sql:690,True,phase allocation and schema/domain classification; source consumers attached,none in inspected examples,none in current compiled activation,no explicit qualified reference found; inspect dynamic/indirect consumers before removal,artifact presence does not prove domain completeness; see core and field ledgers
control.planning_driver,False,Projects/planning/budget,Deferred/adjacent; no new BP surface,BP2-00,No direct BP app entity recommended; retain owning domain. Review a concrete field/workflow dependency before expansion.,declared,server/db/ddl/planes/neon/control/03_tables.sql:739,True,phase allocation and schema/domain classification; source consumers attached,none in inspected examples,none in current compiled activation,no explicit qualified reference found; inspect dynamic/indirect consumers before removal,artifact presence does not prove domain completeness; see core and field ledgers
control.planning_driver_dependency,False,Projects/planning/budget,Deferred/adjacent; no new BP surface,BP2-00,No direct BP app entity recommended; retain owning domain. Review a concrete field/workflow dependency before expansion.,declared,server/db/ddl/planes/neon/control/03_tables.sql:792,True,phase allocation and schema/domain classification; source consumers attached,none in inspected examples,none in current compiled activation,no explicit qualified reference found; inspect dynamic/indirect consumers before removal,artifact presence does not prove domain completeness; see core and field ledgers
control.budget_control_policy,False,Projects/planning/budget,Deferred/adjacent; no new BP surface,BP2-00,No direct BP app entity recommended; retain owning domain. Review a concrete field/workflow dependency before expansion.,declared,server/db/ddl/planes/neon/control/03_tables.sql:817,True,phase allocation and schema/domain classification; source consumers attached,none in inspected examples,none in current compiled activation,no explicit qualified reference found; inspect dynamic/indirect consumers before removal,artifact presence does not prove domain completeness; see core and field ledgers
control.payment_execution_profile,False,Finance/treasury/tax,Deferred/adjacent; no new BP surface,BP2-00,No direct BP app entity recommended; retain owning domain. Review a concrete field/workflow dependency before expansion.,declared,server/db/ddl/planes/neon/control/03_tables.sql:890,True,phase allocation and schema/domain classification; source consumers attached,none in inspected examples,none in current compiled activation,no explicit qualified reference found; inspect dynamic/indirect consumers before removal,artifact presence does not prove domain completeness; see core and field ledgers
control.asset_class_book_policy,False,Finance/treasury/tax,Deferred/adjacent; no new BP surface,BP2-00,No direct BP app entity recommended; retain owning domain. Review a concrete field/workflow dependency before expansion.,declared,server/db/ddl/planes/neon/control/03_tables.sql:946,True,phase allocation and schema/domain classification; source consumers attached,none in inspected examples,none in current compiled activation,no explicit qualified reference found; inspect dynamic/indirect consumers before removal,artifact presence does not prove domain completeness; see core and field ledgers
control.commodity_code_classification_policy,False,Classification/certification,Retained classification-policy dependency,BP2-05,Reference constraints for capability selection; retain procurement/sales policy ownership,declared,server/db/ddl/planes/neon/control/03_tables.sql:1058,True,phase allocation and schema/domain classification; source consumers attached,none in inspected examples,none in current compiled activation,server/db/scripts/seed/build-blueprint-packs.ts:16,artifact presence does not prove domain completeness; see core and field ledgers
control.commodity_category_buy_policy,False,Classification/certification,Retained classification-policy dependency,BP2-05,Reference constraints for capability selection; retain procurement/sales policy ownership,declared,server/db/ddl/planes/neon/control/03_tables.sql:1124,True,phase allocation and schema/domain classification; source consumers attached,none in inspected examples,none in current compiled activation,no explicit qualified reference found; inspect dynamic/indirect consumers before removal,artifact presence does not prove domain completeness; see core and field ledgers
control.commodity_category_sell_policy,False,Classification/certification,Retained classification-policy dependency,BP2-05,Reference constraints for capability selection; retain procurement/sales policy ownership,declared,server/db/ddl/planes/neon/control/03_tables.sql:1166,True,phase allocation and schema/domain classification; source consumers attached,none in inspected examples,none in current compiled activation,no explicit qualified reference found; inspect dynamic/indirect consumers before removal,artifact presence does not prove domain completeness; see core and field ledgers
control.commodity_category_inventory_policy,False,Classification/certification,Retained classification-policy dependency,BP2-05,Reference constraints for capability selection; retain procurement/sales policy ownership,declared,server/db/ddl/planes/neon/control/03_tables.sql:1208,True,phase allocation and schema/domain classification; source consumers attached,none in inspected examples,none in current compiled activation,no explicit qualified reference found; inspect dynamic/indirect consumers before removal,artifact presence does not prove domain completeness; see core and field ledgers
control.procurement_match_tolerance_policy,False,Procurement,Deferred/adjacent; no new BP surface,BP2-00,No direct BP app entity recommended; retain owning domain. Review a concrete field/workflow dependency before expansion.,declared,server/db/ddl/planes/neon/control/03_tables.sql:1250,True,phase allocation and schema/domain classification; source consumers attached,none in inspected examples,none in current compiled activation,no explicit qualified reference found; inspect dynamic/indirect consumers before removal,artifact presence does not prove domain completeness; see core and field ledgers
control.fx_policy,False,Finance/treasury/tax,Deferred/adjacent; no new BP surface,BP2-00,No direct BP app entity recommended; retain owning domain. Review a concrete field/workflow dependency before expansion.,declared,server/db/ddl/planes/neon/control/03_tables.sql:1293,True,phase allocation and schema/domain classification; source consumers attached,none in inspected examples,none in current compiled activation,server/db/scripts/reports/neon-finance-fx-defaults.ts:97,artifact presence does not prove domain completeness; see core and field ledgers
control.dimension_policy,False,Finance/treasury/tax,Deferred/adjacent; no new BP surface,BP2-00,No direct BP app entity recommended; retain owning domain. Review a concrete field/workflow dependency before expansion.,declared,server/db/ddl/planes/neon/control/03_tables.sql:1364,True,phase allocation and schema/domain classification; source consumers attached,none in inspected examples,none in current compiled activation,server/db/scripts/checks/contracts/dimension-policy.ts:141; server/db/scripts/checks/contracts/dimension-policy.ts:29,artifact presence does not prove domain completeness; see core and field ledgers
control.dimension_policy_allowed_value,False,Finance/treasury/tax,Deferred/adjacent; no new BP surface,BP2-00,No direct BP app entity recommended; retain owning domain. Review a concrete field/workflow dependency before expansion.,declared,server/db/ddl/planes/neon/control/03_tables.sql:1456,True,phase allocation and schema/domain classification; source consumers attached,none in inspected examples,none in current compiled activation,server/db/scripts/checks/contracts/dimension-policy.ts:141,artifact presence does not prove domain completeness; see core and field ledgers
control.tax_rate_schedule,False,Finance/treasury/tax,Deferred/adjacent; no new BP surface,BP2-00,No direct BP app entity recommended; retain owning domain. Review a concrete field/workflow dependency before expansion.,declared,server/db/ddl/planes/neon/control/03_tables.sql:1478,True,phase allocation and schema/domain classification; source consumers attached,none in inspected examples,none in current compiled activation,server/packages/services/finance/src/tax/kysely-tax-configuration.ts:15,artifact presence does not prove domain completeness; see core and field ledgers
control.tax_group,False,Finance/treasury/tax,Deferred/adjacent; no new BP surface,BP2-00,No direct BP app entity recommended; retain owning domain. Review a concrete field/workflow dependency before expansion.,declared,server/db/ddl/planes/neon/control/03_tables.sql:1535,True,phase allocation and schema/domain classification; source consumers attached,none in inspected examples,none in current compiled activation,server/db/scripts/seed/build-blueprint-packs.ts:17; server/packages/services/finance/src/tax/kysely-tax-configuration.ts:13,artifact presence does not prove domain completeness; see core and field ledgers
control.tax_group_component,False,Finance/treasury/tax,Deferred/adjacent; no new BP surface,BP2-00,No direct BP app entity recommended; retain owning domain. Review a concrete field/workflow dependency before expansion.,declared,server/db/ddl/planes/neon/control/03_tables.sql:1577,True,phase allocation and schema/domain classification; source consumers attached,none in inspected examples,none in current compiled activation,server/packages/services/finance/src/tax/kysely-tax-configuration.ts:15,artifact presence does not prove domain completeness; see core and field ledgers
control.tax_resolution_rule,False,Finance/treasury/tax,Deferred/adjacent; no new BP surface,BP2-00,No direct BP app entity recommended; retain owning domain. Review a concrete field/workflow dependency before expansion.,declared,server/db/ddl/planes/neon/control/03_tables.sql:1595,True,phase allocation and schema/domain classification; source consumers attached,none in inspected examples,none in current compiled activation,server/packages/services/finance/src/tax/kysely-tax-configuration.ts:13,artifact presence does not prove domain completeness; see core and field ledgers
control.wht_threshold_config,False,Finance/treasury/tax,Deferred/adjacent; no new BP surface,BP2-00,No direct BP app entity recommended; retain owning domain. Review a concrete field/workflow dependency before expansion.,declared,server/db/ddl/planes/neon/control/03_tables.sql:1647,True,phase allocation and schema/domain classification; source consumers attached,none in inspected examples,none in current compiled activation,no explicit qualified reference found; inspect dynamic/indirect consumers before removal,artifact presence does not prove domain completeness; see core and field ledgers
control.accounting_profile_policy,False,Finance/treasury/tax,Deferred/adjacent; no new BP surface,BP2-00,No direct BP app entity recommended; retain owning domain. Review a concrete field/workflow dependency before expansion.,declared,server/db/ddl/planes/neon/control/03_tables.sql:1693,True,phase allocation and schema/domain classification; source consumers attached,none in inspected examples,none in current compiled activation,server/db/scripts/seed/build-blueprint-packs.ts:27,artifact presence does not prove domain completeness; see core and field ledgers
control.accounting_profile_event,False,Finance/treasury/tax,Deferred/adjacent; no new BP surface,BP2-00,No direct BP app entity recommended; retain owning domain. Review a concrete field/workflow dependency before expansion.,declared,server/db/ddl/planes/neon/control/03_tables.sql:1729,True,phase allocation and schema/domain classification; source consumers attached,none in inspected examples,none in current compiled activation,no explicit qualified reference found; inspect dynamic/indirect consumers before removal,artifact presence does not prove domain completeness; see core and field ledgers
control.accounting_profile_entry,False,Finance/treasury/tax,Deferred/adjacent; no new BP surface,BP2-00,No direct BP app entity recommended; retain owning domain. Review a concrete field/workflow dependency before expansion.,declared,server/db/ddl/planes/neon/control/03_tables.sql:1763,True,phase allocation and schema/domain classification; source consumers attached,none in inspected examples,none in current compiled activation,no explicit qualified reference found; inspect dynamic/indirect consumers before removal,artifact presence does not prove domain completeness; see core and field ledgers
control.accounting_profile_assignment,False,Finance/treasury/tax,Deferred/adjacent; no new BP surface,BP2-00,No direct BP app entity recommended; retain owning domain. Review a concrete field/workflow dependency before expansion.,declared,server/db/ddl/planes/neon/control/03_tables.sql:1793,True,phase allocation and schema/domain classification; source consumers attached,none in inspected examples,none in current compiled activation,no explicit qualified reference found; inspect dynamic/indirect consumers before removal,artifact presence does not prove domain completeness; see core and field ledgers
control.posting_role_account_assignment,False,Finance/treasury/tax,Deferred/adjacent; no new BP surface,BP2-00,No direct BP app entity recommended; retain owning domain. Review a concrete field/workflow dependency before expansion.,declared,server/db/ddl/planes/neon/control/03_tables.sql:1835,True,phase allocation and schema/domain classification; source consumers attached,none in inspected examples,none in current compiled activation,no explicit qualified reference found; inspect dynamic/indirect consumers before removal,artifact presence does not prove domain completeness; see core and field ledgers
control.cross_book_posting_policy,False,Finance/treasury/tax,Deferred/adjacent; no new BP surface,BP2-00,No direct BP app entity recommended; retain owning domain. Review a concrete field/workflow dependency before expansion.,declared,server/db/ddl/planes/neon/control/03_tables.sql:1876,True,phase allocation and schema/domain classification; source consumers attached,none in inspected examples,none in current compiled activation,no explicit qualified reference found; inspect dynamic/indirect consumers before removal,artifact presence does not prove domain completeness; see core and field ledgers
control.cross_book_account_assignment,False,Finance/treasury/tax,Deferred/adjacent; no new BP surface,BP2-00,No direct BP app entity recommended; retain owning domain. Review a concrete field/workflow dependency before expansion.,declared,server/db/ddl/planes/neon/control/03_tables.sql:1928,True,phase allocation and schema/domain classification; source consumers attached,none in inspected examples,none in current compiled activation,no explicit qualified reference found; inspect dynamic/indirect consumers before removal,artifact presence does not prove domain completeness; see core and field ledgers
control.fiscal_calendar_config,False,Finance/treasury/tax,Deferred/adjacent; no new BP surface,BP2-00,No direct BP app entity recommended; retain owning domain. Review a concrete field/workflow dependency before expansion.,declared,server/db/ddl/planes/neon/control/03_tables.sql:1945,True,phase allocation and schema/domain classification; source consumers attached,none in inspected examples,none in current compiled activation,no explicit qualified reference found; inspect dynamic/indirect consumers before removal,artifact presence does not prove domain completeness; see core and field ledgers
control.fiscal_calendar_period_rule,False,Finance/treasury/tax,Deferred/adjacent; no new BP surface,BP2-00,No direct BP app entity recommended; retain owning domain. Review a concrete field/workflow dependency before expansion.,declared,server/db/ddl/planes/neon/control/03_tables.sql:2007,True,phase allocation and schema/domain classification; source consumers attached,none in inspected examples,none in current compiled activation,no explicit qualified reference found; inspect dynamic/indirect consumers before removal,artifact presence does not prove domain completeness; see core and field ledgers
control.mesh_business_partner_profile_inbox,True,Neon integrations,Intentionally internal ingestion/retry records,BP2-15,No generic BP entities; authorized status/reconciliation projection only; preserve replay/idempotency semantics,declared,server/db/ddl/planes/neon/control/03_tables.sql:2068,True,phase allocation and schema/domain classification; source consumers attached,none in inspected examples,none in current compiled activation,server/apps/platform-host/src/composition/register-services.ts:2450; server/apps/platform-host/src/composition/register-services.ts:2640; server/db/scripts/business-partner-360/provision-business-partner-360-acceptance-fixtures.ts:77; server/db/scripts/business-partner-360/run-business-partner-360-security-evidence.ts:64; server/packages/planes/neon/src/business-partner-profile-projection.ts:67; server/packages/planes/neon/src/business-partner-profile-projection.ts:68; server/packages/planes/neon/src/business-partner-profile-projection.ts:69; server/packages/planes/neon/src/business-partner-profile-projection.ts:80; server/packages/planes/neon/src/business-partner-profile-projection.ts:84,artifact presence does not prove domain completeness; see core and field ledgers
control.mesh_business_partner_profile_processing_attempt,True,Neon integrations,Intentionally internal ingestion/retry records,BP2-15,No generic BP entities; authorized status/reconciliation projection only; preserve replay/idempotency semantics,declared,server/db/ddl/planes/neon/control/03_tables.sql:2102,True,phase allocation and schema/domain classification; source consumers attached,none in inspected examples,none in current compiled activation,server/apps/platform-host/src/composition/register-services.ts:2450; server/apps/platform-host/src/composition/register-services.ts:2644; server/packages/planes/neon/src/business-partner-profile-projection.ts:67; server/packages/planes/neon/src/business-partner-profile-projection.ts:75; server/packages/planes/neon/src/business-partner-profile-projection.ts:79; server/packages/planes/neon/src/business-partner-profile-projection.ts:84,artifact presence does not prove domain completeness; see core and field ledgers
control.mesh_workforce_claim_inbox,True,Neon integrations,Intentionally internal ingestion/retry records,BP2-15,No generic BP entities; authorized status/reconciliation projection only; preserve replay/idempotency semantics,declared,server/db/ddl/planes/neon/control/03_tables.sql:2128,True,phase allocation and schema/domain classification; source consumers attached,none in inspected examples,none in current compiled activation,no explicit qualified reference found; inspect dynamic/indirect consumers before removal,artifact presence does not prove domain completeness; see core and field ledgers
control.mesh_workforce_claim_processing_attempt,True,Neon integrations,Intentionally internal ingestion/retry records,BP2-15,No generic BP entities; authorized status/reconciliation projection only; preserve replay/idempotency semantics,declared,server/db/ddl/planes/neon/control/03_tables.sql:2165,True,phase allocation and schema/domain classification; source consumers attached,none in inspected examples,none in current compiled activation,no explicit qualified reference found; inspect dynamic/indirect consumers before removal,artifact presence does not prove domain completeness; see core and field ledgers
control.mesh_business_partner_profile_projection,True,Neon integrations,Read-only safe projection/governed acceptance,BP2-15,Safe read-only Network/Banking provenance in Neon; acceptance via governed commands; no Mesh app implementation,declared,server/db/ddl/planes/neon/control/03_tables.sql:2197,True,phase allocation and schema/domain classification; source consumers attached,none in inspected examples,none in current compiled activation,server/apps/platform-host/src/composition/register-services.ts:2450; server/db/scripts/business-partner-360/provision-business-partner-360-acceptance-fixtures.ts:79; server/packages/planes/neon/src/business-partner-account-bank-linkage.ts:168; server/packages/planes/neon/src/business-partner-profile-match.ts:73; server/packages/planes/neon/src/business-partner-profile-projection.ts:71; server/packages/planes/neon/src/business-partner-profile-projection.ts:73; server/packages/planes/neon/src/business-partner-profile-projection.ts:74; server/packages/planes/neon/src/business-partner-profile-projection.ts:76; server/packages/planes/neon/src/mesh-external-reference-code.ts:10; server/packages/services/master-data/src/kysely-business-partner-360-network.ts:18; server/packages/services/master-data/src/kysely-business-partner-360-network.ts:32; server/packages/services/master-data/src/kysely-business-partner-case-repository.ts:224,artifact presence does not prove domain completeness; see core and field ledgers
control.mesh_business_partner_account_link,True,Neon integrations,Read-only safe projection/governed acceptance,BP2-15,Safe read-only Network/Banking provenance in Neon; acceptance via governed commands; no Mesh app implementation,declared,server/db/ddl/planes/neon/control/03_tables.sql:2228,True,phase allocation and schema/domain classification; source consumers attached,none in inspected examples,none in current compiled activation,server/apps/platform-host/src/composition/register-services.ts:2535; server/db/scripts/business-partner-360/backfill-mesh-external-reference-codes.ts:20; server/db/scripts/business-partner-360/provision-business-partner-360-acceptance-fixtures.ts:60; server/db/scripts/business-partner-360/provision-business-partner-360-acceptance-fixtures.ts:80; server/packages/planes/neon/src/business-partner-account-bank-linkage.ts:148; server/packages/planes/neon/src/business-partner-account-bank-linkage.ts:155; server/packages/planes/neon/src/business-partner-account-bank-linkage.ts:186; server/packages/planes/neon/src/business-partner-account-bank-linkage.ts:207; server/packages/planes/neon/src/business-partner-account-bank-linkage.ts:243; server/packages/planes/neon/src/business-partner-account-bank-linkage.ts:264; server/packages/planes/neon/src/business-partner-account-bank-linkage.ts:363; server/packages/planes/neon/src/business-partner-account-bank-linkage.ts:450; server/packages/services/master-data/src/kysely-business-partner-360-commercial-controls.ts:235; server/packages/services/master-data/src/kysely-business-partner-360-network.ts:17; server/packages/services/master-data/src/kysely-business-partner-360-network.ts:30; server/packages/services/master-data/src/kysely-business-partner-360-repository.ts:486; server/packages/services/master-data/src/kysely-business-partner-case-repository.ts:283,artifact presence does not prove domain completeness; see core and field ledgers
control.mesh_bank_account_disclosure_inbox,True,Neon integrations,Intentionally internal ingestion/retry records,BP2-15,No generic BP entities; authorized status/reconciliation projection only; preserve replay/idempotency semantics,declared,server/db/ddl/planes/neon/control/03_tables.sql:2268,True,phase allocation and schema/domain classification; source consumers attached,none in inspected examples,none in current compiled activation,server/apps/platform-host/src/composition/register-services.ts:2535; server/apps/platform-host/src/composition/register-services.ts:2641; server/packages/planes/neon/src/business-partner-account-bank-linkage.ts:253; server/packages/planes/neon/src/business-partner-account-bank-linkage.ts:292,artifact presence does not prove domain completeness; see core and field ledgers
control.mesh_bank_account_projection,True,Neon integrations,Read-only safe projection/governed acceptance,BP2-15,Safe read-only Network/Banking provenance in Neon; acceptance via governed commands; no Mesh app implementation,declared,server/db/ddl/planes/neon/control/03_tables.sql:2297,True,phase allocation and schema/domain classification; source consumers attached,none in inspected examples,none in current compiled activation,server/apps/platform-host/src/composition/register-services.ts:2535; server/apps/platform-host/src/composition/register-services.ts:2645; server/db/scripts/tests/integration/business-partner-bank-verification.ts:113; server/db/scripts/tests/integration/business-partner-bank-verification.ts:139; server/packages/planes/neon/src/business-partner-account-bank-linkage.ts:276; server/packages/planes/neon/src/business-partner-account-bank-linkage.ts:317; server/packages/planes/neon/src/business-partner-account-bank-linkage.ts:332; server/packages/planes/neon/src/business-partner-account-bank-linkage.ts:336; server/packages/planes/neon/src/business-partner-account-bank-linkage.ts:363; server/packages/planes/neon/src/business-partner-account-bank-linkage.ts:427; server/packages/planes/neon/src/business-partner-account-bank-linkage.ts:484; server/packages/services/master-data/src/kysely-business-partner-360-commercial-controls.ts:172; server/packages/services/master-data/src/kysely-business-partner-360-commercial-controls.ts:234; server/packages/services/master-data/src/kysely-business-partner-360-network.ts:23; server/packages/services/master-data/src/kysely-business-partner-360-network.ts:35; server/packages/services/master-data/src/kysely-business-partner-case-repository.ts:282,artifact presence does not prove domain completeness; see core and field ledgers
control.company_fiscal_calendar_assignment,False,Finance/treasury/tax,Deferred/adjacent; no new BP surface,BP2-00,No direct BP app entity recommended; retain owning domain. Review a concrete field/workflow dependency before expansion.,declared,server/db/ddl/planes/neon/control/03_tables.sql:2326,True,phase allocation and schema/domain classification; source consumers attached,none in inspected examples,none in current compiled activation,no explicit qualified reference found; inspect dynamic/indirect consumers before removal,artifact presence does not prove domain completeness; see core and field ledgers
control.customer_credit_review,True,Customer,Governed entity/command,BP2-08,MetaEntity read/detail surfaces and registered decide/revoke/lift operations; no generic writes to final decisions,declared,server/db/ddl/planes/neon/control/03_tables.sql:2367,True,phase allocation and schema/domain classification; source consumers attached,none in inspected examples,none in current compiled activation,server/db/scripts/business-partner-360/run-business-partner-s5-certification.ts:169; server/packages/services/master-data/src/business-partner-request-validator.ts:119; server/packages/services/master-data/src/kysely-business-partner-360-commercial-controls.ts:445; server/packages/services/master-data/src/kysely-business-partner-360-commercial-controls.ts:448; server/packages/services/master-data/src/kysely-business-partner-360-commercial-controls.ts:513; server/packages/services/master-data/src/kysely-business-partner-360-repository.ts:327; server/packages/services/master-data/src/kysely-business-partner-360-repository.ts:484; server/packages/services/master-data/src/kysely-business-partner-eligibility-repository.ts:264; server/packages/services/master-data/src/kysely-business-partner-eligibility-repository.ts:276; server/packages/services/master-data/src/kysely-business-partner-eligibility-repository.ts:297; server/packages/services/master-data/src/kysely-business-partner-eligibility-repository.ts:319; server/packages/services/master-data/src/kysely-business-partner-eligibility-repository.ts:332; server/packages/services/master-data/src/kysely-business-partner-eligibility-repository.ts:775,artifact presence does not prove domain completeness; see core and field ledgers
control.business_partner_mutation_evidence,True,Partner governance,Read-only evidence/history,BP2-10,Read-only timeline/evidence projection; mutation/service owner remains authoritative,declared,server/db/ddl/planes/neon/control/03_tables.sql:2418,True,phase allocation and schema/domain classification; source consumers attached,none in inspected examples,none in current compiled activation,server/db/scripts/business-partner-360/run-business-partner-s5-certification.ts:109; server/db/scripts/business-partner-360/run-business-partner-s5-certification.ts:119; server/db/scripts/business-partner-360/run-business-partner-s5-certification.ts:124; server/db/scripts/business-partner-360/run-business-partner-s5-certification.ts:125; server/db/scripts/business-partner-360/run-business-partner-s5-certification.ts:126; server/db/scripts/business-partner-360/run-business-partner-s5-certification.ts:169; server/db/scripts/business-partner-360/run-business-partner-s5-certification.ts:201; server/db/scripts/business-partner-360/run-business-partner-s5-certification.ts:46,artifact presence does not prove domain completeness; see core and field ledgers
control.customer_lifecycle_event,True,Partner governance,Read-only evidence/history,BP2-10,Read-only timeline/evidence projection; mutation/service owner remains authoritative,declared,server/db/ddl/planes/neon/control/03_tables.sql:2459,True,phase allocation and schema/domain classification; source consumers attached,none in inspected examples,none in current compiled activation,server/db/scripts/business-partner-360/collect-customer-downstream-evidence.ts:70; server/db/scripts/business-partner-360/run-business-partner-s5-certification.ts:169; server/packages/platform/iam/src/customer-portal-delivery.ts:312,artifact presence does not prove domain completeness; see core and field ledgers
control.business_partner_decision_scope,True,Partner governance,Parent-owned decision scope,BP2-10,Parent-owned include/exclude scope rows; authorize through the parent decision,declared,server/db/ddl/planes/neon/control/03_tables.sql:2505,True,phase allocation and schema/domain classification; source consumers attached,none in inspected examples,none in current compiled activation,server/db/scripts/business-partner-360/run-business-partner-s5-certification.ts:202; server/db/scripts/provisioning/provision-development-business-partner-fixtures.ts:1197; server/db/scripts/provisioning/provision-development-business-partner-fixtures.ts:1198; server/packages/services/master-data/src/kysely-business-partner-360-commercial-controls.ts:291; server/packages/services/master-data/src/kysely-business-partner-360-commercial-controls.ts:294; server/packages/services/master-data/src/kysely-business-partner-360-commercial-controls.ts:38; server/packages/services/master-data/src/kysely-business-partner-360-commercial-controls.ts:448; server/packages/services/master-data/src/kysely-business-partner-360-repository.ts:327; server/packages/services/master-data/src/kysely-business-partner-360-repository.ts:483; server/packages/services/master-data/src/kysely-business-partner-360-repository.ts:484; server/packages/services/master-data/src/kysely-business-partner-360-role-sections.ts:180; server/packages/services/master-data/src/kysely-business-partner-eligibility-repository.ts:154; server/packages/services/master-data/src/kysely-business-partner-eligibility-repository.ts:155; server/packages/services/master-data/src/kysely-business-partner-eligibility-repository.ts:156; server/packages/services/master-data/src/kysely-business-partner-eligibility-repository.ts:160; server/packages/services/master-data/src/kysely-business-partner-eligibility-repository.ts:161; server/packages/services/master-data/src/kysely-business-partner-eligibility-repository.ts:162; server/packages/services/master-data/src/kysely-business-partner-eligibility-repository.ts:166; server/packages/services/master-data/src/kysely-business-partner-eligibility-repository.ts:167; server/packages/services/master-data/src/kysely-business-partner-eligibility-repository.ts:171; server/packages/services/master-data/src/kysely-business-partner-eligibility-repository.ts:172; server/packages/services/master-data/src/kysely-business-partner-eligibility-repository.ts:252; server/packages/services/master-data/src/kysely-business-partner-eligibility-repository.ts:332; server/packages/services/master-data/src/kysely-business-partner-eligibility-repository.ts:547; server/packages/services/master-data/src/kysely-business-partner-eligibility-repository.ts:674; server/packages/services/master-data/src/kysely-business-partner-eligibility-repository.ts:775; server/packages/services/master-data/src/kysely-business-partner-eligibility-repository.ts:804,artifact presence does not prove domain completeness; see core and field ledgers
control.external_workforce_rate_card,True,Workforce commercial policy,Governed rate root/child rows,BP2-11,Company-governed rate-card entity with supplier-filtered child rows; preserve effective dates and constrained billing units,declared,server/db/ddl/planes/neon/control/03_tables.sql:2557,True,phase allocation and schema/domain classification; source consumers attached,none in inspected examples,none in current compiled activation,no explicit qualified reference found; inspect dynamic/indirect consumers before removal,artifact presence does not prove domain completeness; see core and field ledgers
control.external_workforce_rate,True,Workforce commercial policy,Governed rate root/child rows,BP2-11,Company-governed rate-card entity with supplier-filtered child rows; preserve effective dates and constrained billing units,declared,server/db/ddl/planes/neon/control/03_tables.sql:2589,True,phase allocation and schema/domain classification; source consumers attached,none in inspected examples,none in current compiled activation,no explicit qualified reference found; inspect dynamic/indirect consumers before removal,artifact presence does not prove domain completeness; see core and field ledgers
control.supplier_communication_policy,False,Supplier,Retained process/policy dependency,BP2-07,"Use existing process/activation/task authority; BP shows eligible actions and outcomes, not raw configuration editors",declared,server/db/ddl/planes/neon/control/03_tables.sql:2643,True,phase allocation and schema/domain classification; source consumers attached,none in inspected examples,none in current compiled activation,server/apps/platform-host/src/composition/supplier-process-communications.ts:48,artifact presence does not prove domain completeness; see core and field ledgers
control.workspace,False,Application configuration,Retained app/context/entitlement dependency,BF-02,"Existing navigation, entitlement, feature and parameter authority; no BP-specific copy",declared,server/db/ddl/common/control/03_tables.sql:5,True,phase allocation and schema/domain classification; source consumers attached,none in inspected examples,none in current compiled activation,server/packages/adapters/experience-postgres/src/index.ts:219,artifact presence does not prove domain completeness; see core and field ledgers
control.module,False,Application configuration,Retained app/context/entitlement dependency,BF-02,"Existing navigation, entitlement, feature and parameter authority; no BP-specific copy",declared,server/db/ddl/common/control/03_tables.sql:38,True,phase allocation and schema/domain classification; source consumers attached,none in inspected examples,none in current compiled activation,server/db/scripts/checks/ddl/three-plane-model.ts:150; server/db/scripts/checks/ddl/three-plane-model.ts:152; server/db/scripts/operations/studio/project-meta-entity-admin-identities.ts:198; server/db/scripts/operations/studio/project-meta-entity-admin-identities.ts:201; server/db/scripts/provisioning/provision-development-phase1-list-fixtures.ts:56; server/db/scripts/tests/integration/entity-capability-ca01.ts:101; server/packages/adapters/experience-postgres/src/index.ts:217; server/packages/planes/studio/meta-entity-authoring/src/kysely-authoring-repository.ts:209; server/packages/platform/control-admin/src/control-administration-ownership.ts:71; server/packages/platform/control-admin/src/kysely-entitlement-repository.ts:14; server/packages/platform/control-admin/src/kysely-entitlement-repository.ts:148; server/packages/platform/control-admin/src/kysely-entitlement-repository.ts:60; server/packages/platform/control-admin/src/kysely-entitlement-repository.ts:86; server/packages/platform/iam/src/kysely-permission-resolver.ts:510,artifact presence does not prove domain completeness; see core and field ledgers
control.workspace_module,False,Application configuration,Retained app/context/entitlement dependency,BF-02,"Existing navigation, entitlement, feature and parameter authority; no BP-specific copy",declared,server/db/ddl/common/control/03_tables.sql:70,True,phase allocation and schema/domain classification; source consumers attached,none in inspected examples,none in current compiled activation,server/packages/adapters/experience-postgres/src/index.ts:218,artifact presence does not prove domain completeness; see core and field ledgers
control.subscription_plan_module,False,Application configuration,Retained app/context/entitlement dependency,BF-02,"Existing navigation, entitlement, feature and parameter authority; no BP-specific copy",declared,server/db/ddl/common/control/03_tables.sql:94,True,phase allocation and schema/domain classification; source consumers attached,none in inspected examples,none in current compiled activation,server/packages/platform/control-admin/src/control-administration-ownership.ts:71; server/packages/platform/control-admin/src/kysely-entitlement-repository.ts:14,artifact presence does not prove domain completeness; see core and field ledgers
control.connector_type,False,Integration/connectors,Deferred/adjacent; no new BP surface,BP2-00,No direct BP app entity recommended; retain owning domain. Review a concrete field/workflow dependency before expansion.,declared,server/db/ddl/common/control/03_tables.sql:131,True,phase allocation and schema/domain classification; source consumers attached,none in inspected examples,none in current compiled activation,server/packages/platform/control-admin/src/control-administration-ownership.ts:75; server/packages/services/integration/src/kysely-integration-repository.ts:32; server/packages/services/integration/src/kysely-integration-repository.ts:35; server/packages/services/integration/src/kysely-integration-repository.ts:43,artifact presence does not prove domain completeness; see core and field ledgers
control.connector_instance,False,Integration/connectors,Deferred/adjacent; no new BP surface,BP2-00,No direct BP app entity recommended; retain owning domain. Review a concrete field/workflow dependency before expansion.,declared,server/db/ddl/common/control/03_tables.sql:166,True,phase allocation and schema/domain classification; source consumers attached,none in inspected examples,none in current compiled activation,server/packages/platform/control-admin/src/control-administration-ownership.ts:80; server/packages/platform/control-admin/src/kysely-connector-repository.ts:102; server/packages/platform/control-admin/src/kysely-connector-repository.ts:198; server/packages/platform/control-admin/src/kysely-connector-repository.ts:237; server/packages/platform/control-admin/src/kysely-connector-repository.ts:257; server/packages/platform/control-admin/src/kysely-connector-repository.ts:53; server/packages/platform/control-admin/src/kysely-connector-repository.ts:57; server/packages/services/integration/src/kysely-integration-repository.ts:56,artifact presence does not prove domain completeness; see core and field ledgers
control.integration_endpoint,False,Integration/connectors,Deferred/adjacent; no new BP surface,BP2-00,No direct BP app entity recommended; retain owning domain. Review a concrete field/workflow dependency before expansion.,declared,server/db/ddl/common/control/03_tables.sql:210,True,phase allocation and schema/domain classification; source consumers attached,none in inspected examples,none in current compiled activation,server/packages/platform/control-admin/src/control-administration-ownership.ts:80; server/packages/platform/control-admin/src/kysely-connector-repository.ts:105; server/packages/platform/control-admin/src/kysely-connector-repository.ts:187; server/packages/platform/control-admin/src/kysely-connector-repository.ts:272; server/packages/platform/control-admin/src/kysely-connector-repository.ts:62; server/packages/platform/control-admin/src/kysely-connector-repository.ts:66; server/packages/services/integration/src/kysely-integration-repository.ts:69,artifact presence does not prove domain completeness; see core and field ledgers
control.webhook_subscription,False,Integration/connectors,Deferred/adjacent; no new BP surface,BP2-00,No direct BP app entity recommended; retain owning domain. Review a concrete field/workflow dependency before expansion.,declared,server/db/ddl/common/control/03_tables.sql:265,True,phase allocation and schema/domain classification; source consumers attached,none in inspected examples,none in current compiled activation,server/packages/services/integration/src/kysely-inbound-webhook-policy.ts:5,artifact presence does not prove domain completeness; see core and field ledgers
control.cycle_type,False,Supplier,Retained process/policy dependency,BP2-07,"Use existing process/activation/task authority; BP shows eligible actions and outcomes, not raw configuration editors",declared,server/db/ddl/common/control/03_tables.sql:317,True,phase allocation and schema/domain classification; source consumers attached,none in inspected examples,none in current compiled activation,server/db/scripts/seed/build-blueprint-packs.ts:26; server/packages/platform/control-admin/src/control-administration-ownership.ts:82; server/packages/platform/control-admin/src/cycle/kysely-cycle-template-repository.ts:77; server/packages/services/master-data/src/business-partner-onboarding-cycle.ts:58; server/packages/services/master-data/src/business-partner-onboarding-cycle.ts:98,artifact presence does not prove domain completeness; see core and field ledgers
control.cycle_phase,False,Supplier,Retained process/policy dependency,BP2-07,"Use existing process/activation/task authority; BP shows eligible actions and outcomes, not raw configuration editors",declared,server/db/ddl/common/control/03_tables.sql:357,True,phase allocation and schema/domain classification; source consumers attached,none in inspected examples,none in current compiled activation,server/db/scripts/seed/build-blueprint-packs.ts:26; server/packages/platform/control-admin/src/control-administration-ownership.ts:83,artifact presence does not prove domain completeness; see core and field ledgers
control.cycle_task_category,False,Supplier,Retained process/policy dependency,BP2-07,"Use existing process/activation/task authority; BP shows eligible actions and outcomes, not raw configuration editors",declared,server/db/ddl/common/control/03_tables.sql:395,True,phase allocation and schema/domain classification; source consumers attached,none in inspected examples,none in current compiled activation,server/packages/platform/control-admin/src/control-administration-ownership.ts:84,artifact presence does not prove domain completeness; see core and field ledgers
control.cycle_task_template,False,Supplier,Retained process/policy dependency,BP2-07,"Use existing process/activation/task authority; BP shows eligible actions and outcomes, not raw configuration editors",declared,server/db/ddl/common/control/03_tables.sql:429,True,phase allocation and schema/domain classification; source consumers attached,none in inspected examples,none in current compiled activation,server/db/scripts/seed/build-blueprint-packs.ts:26; server/packages/platform/control-admin/src/control-administration-ownership.ts:85,artifact presence does not prove domain completeness; see core and field ledgers
control.cycle_task_dependency,False,Supplier,Retained process/policy dependency,BP2-07,"Use existing process/activation/task authority; BP shows eligible actions and outcomes, not raw configuration editors",declared,server/db/ddl/common/control/03_tables.sql:488,True,phase allocation and schema/domain classification; source consumers attached,none in inspected examples,none in current compiled activation,server/packages/platform/control-admin/src/control-administration-ownership.ts:86,artifact presence does not prove domain completeness; see core and field ledgers
control.cycle_cross_dependency,False,Supplier,Retained process/policy dependency,BP2-07,"Use existing process/activation/task authority; BP shows eligible actions and outcomes, not raw configuration editors",declared,server/db/ddl/common/control/03_tables.sql:513,True,phase allocation and schema/domain classification; source consumers attached,none in inspected examples,none in current compiled activation,server/packages/platform/control-admin/src/control-administration-ownership.ts:87,artifact presence does not prove domain completeness; see core and field ledgers
control.cycle_carryforward_rule,False,Supplier,Retained process/policy dependency,BP2-07,"Use existing process/activation/task authority; BP shows eligible actions and outcomes, not raw configuration editors",declared,server/db/ddl/common/control/03_tables.sql:542,True,phase allocation and schema/domain classification; source consumers attached,none in inspected examples,none in current compiled activation,server/packages/platform/control-admin/src/control-administration-ownership.ts:88,artifact presence does not prove domain completeness; see core and field ledgers
control.cycle_template_revision,False,Supplier,Retained process/policy dependency,BP2-07,"Use existing process/activation/task authority; BP shows eligible actions and outcomes, not raw configuration editors",declared,server/db/ddl/common/control/03_tables.sql:569,True,phase allocation and schema/domain classification; source consumers attached,none in inspected examples,none in current compiled activation,server/apps/platform-host/src/composition/register-services.ts:7793; server/apps/platform-host/src/composition/supplier-process-submission.ts:156; server/packages/platform/control-admin/src/control-administration-ownership.ts:89; server/packages/platform/control-admin/src/cycle/kysely-cycle-template-repository.ts:112; server/packages/platform/control-admin/src/cycle/kysely-cycle-template-repository.ts:124; server/packages/platform/control-admin/src/cycle/kysely-cycle-template-repository.ts:140; server/packages/platform/control-admin/src/cycle/kysely-cycle-template-repository.ts:145; server/packages/platform/control-admin/src/cycle/kysely-cycle-template-repository.ts:39; server/packages/platform/control-admin/src/cycle/kysely-cycle-template-repository.ts:53; server/packages/platform/control-admin/src/cycle/kysely-cycle-template-repository.ts:84; server/packages/platform/control-admin/src/cycle/kysely-cycle-template-repository.ts:95; server/packages/platform/control-admin/src/cycle/process-selection-catalog.ts:132; server/packages/platform/governance/src/cycles/kysely-cycle-execution-repository.ts:27; server/packages/platform/governance/src/cycles/kysely-cycle-execution-repository.ts:28; server/packages/services/master-data/src/business-partner-onboarding-cycle.ts:59; server/packages/services/master-data/src/kysely-business-partner-case-repository.ts:1253; server/packages/services/master-data/src/kysely-business-partner-case-repository.ts:1261,artifact presence does not prove domain completeness; see core and field ledgers
control.bank_account_validation_rule,True,Banking,Retained banking policy dependency,BP2-09,Internal validation policy/reference; not an editable partner section,declared,server/db/ddl/common/control/03_tables.sql:602,True,phase allocation and schema/domain classification; source consumers attached,none in inspected examples,none in current compiled activation,server/packages/platform/control-admin/src/control-administration-ownership.ts:73; server/packages/platform/control-admin/src/kysely-bank-validation-repository.ts:112; server/packages/platform/control-admin/src/kysely-bank-validation-repository.ts:118; server/packages/platform/control-admin/src/kysely-bank-validation-repository.ts:19; server/packages/platform/control-admin/src/kysely-bank-validation-repository.ts:31; server/packages/platform/control-admin/src/kysely-bank-validation-repository.ts:43; server/packages/platform/control-admin/src/kysely-bank-validation-repository.ts:67; server/packages/services/master-data/src/business-partner-request-capture.ts:171; server/packages/services/records/src/bank-form-choices.ts:17; server/packages/services/records/src/bank-form-choices.ts:32,artifact presence does not prove domain completeness; see core and field ledgers
control.usage_metric_catalog,False,Entitlements/usage,Deferred/adjacent; no new BP surface,BP2-00,No direct BP app entity recommended; retain owning domain. Review a concrete field/workflow dependency before expansion.,declared,server/db/ddl/common/control/03_tables.sql:668,True,phase allocation and schema/domain classification; source consumers attached,none in inspected examples,none in current compiled activation,server/packages/platform/control-admin/src/control-administration-ownership.ts:72; server/packages/platform/control-admin/src/kysely-entitlement-repository.ts:153; server/packages/platform/control-admin/src/kysely-entitlement-repository.ts:18; server/packages/platform/control-admin/src/kysely-entitlement-repository.ts:87; server/packages/services/attachments/src/kysely-attachment-quota-ledger.ts:109; server/packages/services/attachments/src/kysely-attachment-quota-ledger.ts:117; server/packages/services/attachments/src/kysely-attachment-quota-ledger.ts:99; server/packages/services/content/src/kysely-content-quota.ts:85,artifact presence does not prove domain completeness; see core and field ledgers
control.subscription_plan_usage_limit,False,Entitlements/usage,Deferred/adjacent; no new BP surface,BP2-00,No direct BP app entity recommended; retain owning domain. Review a concrete field/workflow dependency before expansion.,declared,server/db/ddl/common/control/03_tables.sql:703,True,phase allocation and schema/domain classification; source consumers attached,none in inspected examples,none in current compiled activation,server/packages/platform/control-admin/src/control-administration-ownership.ts:72; server/packages/platform/control-admin/src/kysely-entitlement-repository.ts:18,artifact presence does not prove domain completeness; see core and field ledgers
control.tenant_usage_limit_override,False,Entitlements/usage,Deferred/adjacent; no new BP surface,BP2-00,No direct BP app entity recommended; retain owning domain. Review a concrete field/workflow dependency before expansion.,declared,server/db/ddl/common/control/03_tables.sql:734,True,phase allocation and schema/domain classification; source consumers attached,none in inspected examples,none in current compiled activation,server/packages/platform/control-admin/src/control-administration-ownership.ts:78; server/packages/platform/control-admin/src/kysely-entitlement-repository.ts:129; server/packages/platform/control-admin/src/kysely-entitlement-repository.ts:152; server/packages/platform/control-admin/src/kysely-entitlement-repository.ts:188; server/packages/platform/control-admin/src/kysely-entitlement-repository.ts:30; server/packages/platform/control-admin/src/kysely-entitlement-repository.ts:92; server/packages/platform/control-admin/src/kysely-entitlement-repository.ts:97,artifact presence does not prove domain completeness; see core and field ledgers
control.feature_flag_catalog,False,Application configuration,Retained app/context/entitlement dependency,BF-02,"Existing navigation, entitlement, feature and parameter authority; no BP-specific copy",declared,server/db/ddl/common/control/03_tables.sql:780,True,phase allocation and schema/domain classification; source consumers attached,none in inspected examples,none in current compiled activation,server/apps/platform-host/scripts/db-verification/business-partner-360/manage-business-partner-360-rollout.ts:223; server/apps/platform-host/scripts/db-verification/business-partner-360/manage-business-partner-360-rollout.ts:251; server/apps/platform-host/scripts/db-verification/business-partner-360/manage-business-partner-360-rollout.ts:294; server/apps/platform-host/scripts/db-verification/business-partner-360/manage-business-partner-360-rollout.ts:311; server/db/scripts/business-partner-360/record-business-partner-360-rollout-observation.ts:33; server/db/scripts/provisioning/provision-development-business-partner-runtime.ts:439; server/packages/adapters/experience-postgres/src/index.ts:283; server/packages/platform/control-admin/scripts/compare-feature-cohorts.ts:24; server/packages/platform/control-admin/src/control-administration-ownership.ts:70; server/packages/platform/control-admin/src/kysely-feature-flag-repository.ts:112; server/packages/platform/control-admin/src/kysely-feature-flag-repository.ts:169; server/packages/platform/control-admin/src/kysely-feature-flag-repository.ts:29; server/packages/platform/control-admin/src/kysely-feature-flag-repository.ts:47; server/packages/platform/control-admin/src/kysely-feature-flag-repository.ts:57; server/packages/platform/control-admin/src/kysely-feature-flag-repository.ts:66,artifact presence does not prove domain completeness; see core and field ledgers
control.feature_flag_override,False,Application configuration,Retained app/context/entitlement dependency,BF-02,"Existing navigation, entitlement, feature and parameter authority; no BP-specific copy",declared,server/db/ddl/common/control/03_tables.sql:824,True,phase allocation and schema/domain classification; source consumers attached,none in inspected examples,none in current compiled activation,server/apps/platform-host/scripts/db-verification/business-partner-360/manage-business-partner-360-rollout.ts:230; server/apps/platform-host/scripts/db-verification/business-partner-360/manage-business-partner-360-rollout.ts:270; server/apps/platform-host/scripts/db-verification/business-partner-360/manage-business-partner-360-rollout.ts:278; server/apps/platform-host/scripts/db-verification/business-partner-360/manage-business-partner-360-rollout.ts:283; server/apps/platform-host/scripts/db-verification/business-partner-360/manage-business-partner-360-rollout.ts:317; server/db/scripts/business-partner-360/record-business-partner-360-rollout-observation.ts:33; server/db/scripts/provisioning/provision-development-business-partner-runtime.ts:443; server/db/scripts/provisioning/provision-development-business-partner-runtime.ts:444; server/packages/adapters/experience-postgres/src/index.ts:284; server/packages/platform/control-admin/scripts/compare-feature-cohorts.ts:42; server/packages/platform/control-admin/src/control-administration-ownership.ts:76; server/packages/platform/control-admin/src/kysely-feature-flag-repository.ts:118; server/packages/platform/control-admin/src/kysely-feature-flag-repository.ts:123; server/packages/platform/control-admin/src/kysely-feature-flag-repository.ts:150; server/packages/platform/control-admin/src/kysely-feature-flag-repository.ts:160; server/packages/platform/control-admin/src/kysely-feature-flag-repository.ts:238; server/packages/platform/control-admin/src/kysely-feature-flag-repository.ts:244; server/packages/platform/control-admin/src/kysely-feature-flag-repository.ts:26; server/packages/platform/control-admin/src/kysely-feature-flag-repository.ts:59; server/packages/platform/control-admin/src/kysely-feature-flag-repository.ts:81; server/packages/platform/control-admin/src/kysely-feature-flag-repository.ts:99,artifact presence does not prove domain completeness; see core and field ledgers
control.parameter_definition,False,Application configuration,Retained app/context/entitlement dependency,BF-02,"Existing navigation, entitlement, feature and parameter authority; no BP-specific copy",declared,server/db/ddl/common/control/03_tables.sql:853,True,phase allocation and schema/domain classification; source consumers attached,none in inspected examples,none in current compiled activation,server/db/scripts/tests/integration/ci-integrity.ts:180; server/db/scripts/tests/integration/ci-integrity.ts:216; server/db/scripts/tests/integration/ci-integrity.ts:237; server/packages/platform/control-admin/src/control-administration-ownership.ts:74; server/packages/platform/control-admin/src/kysely-parameter-repository.ts:23; server/packages/platform/control-admin/src/kysely-parameter-repository.ts:44; server/packages/platform/control-admin/src/kysely-parameter-repository.ts:54; server/packages/platform/control-admin/src/kysely-parameter-repository.ts:75; server/packages/platform/control-admin/src/kysely-parameter-repository.ts:95,artifact presence does not prove domain completeness; see core and field ledgers
control.tenant_parameter_value,False,Application configuration,Retained app/context/entitlement dependency,BF-02,"Existing navigation, entitlement, feature and parameter authority; no BP-specific copy",declared,server/db/ddl/common/control/03_tables.sql:909,True,phase allocation and schema/domain classification; source consumers attached,none in inspected examples,none in current compiled activation,server/packages/platform/control-admin/src/control-administration-ownership.ts:77; server/packages/platform/control-admin/src/kysely-parameter-repository.ts:124; server/packages/platform/control-admin/src/kysely-parameter-repository.ts:147; server/packages/platform/control-admin/src/kysely-parameter-repository.ts:151; server/packages/platform/control-admin/src/kysely-parameter-repository.ts:178; server/packages/platform/control-admin/src/kysely-parameter-repository.ts:194; server/packages/platform/control-admin/src/kysely-parameter-repository.ts:26; server/packages/platform/control-admin/src/kysely-parameter-repository.ts:272; server/packages/platform/control-admin/src/kysely-parameter-repository.ts:277; server/packages/platform/control-admin/src/kysely-parameter-repository.ts:95,artifact presence does not prove domain completeness; see core and field ledgers
control.lookup_domain,False,Shared reference,Retained registry/lookup infrastructure,BP2-01,Reuse canonical owner registry and published lookup definitions; internal revision/receipt records not app entities,declared,server/db/ddl/common/control/03_tables.sql:949,True,phase allocation and schema/domain classification; source consumers attached,none in inspected examples,none in current compiled activation,server/db/scripts/tests/integration/ci-integrity.ts:186; server/packages/platform/control-admin/src/control-administration-ownership.ts:94; server/packages/platform/control-admin/src/kysely-lookup-repository.ts:141; server/packages/platform/control-admin/src/kysely-lookup-repository.ts:176; server/packages/platform/control-admin/src/kysely-lookup-repository.ts:200; server/packages/platform/control-admin/src/kysely-lookup-repository.ts:23; server/packages/platform/control-admin/src/kysely-lookup-repository.ts:34; server/packages/platform/control-admin/src/kysely-lookup-repository.ts:80; server/packages/platform/control-admin/src/kysely-lookup-repository.ts:94,artifact presence does not prove domain completeness; see core and field ledgers
control.lookup_value,False,Shared reference,Retained registry/lookup infrastructure,BP2-01,Reuse canonical owner registry and published lookup definitions; internal revision/receipt records not app entities,declared,server/db/ddl/common/control/03_tables.sql:970,True,phase allocation and schema/domain classification; source consumers attached,none in inspected examples,none in current compiled activation,server/db/scripts/tests/integration/ci-integrity.ts:187; server/packages/platform/control-admin/src/control-administration-ownership.ts:94; server/packages/platform/control-admin/src/kysely-lookup-repository.ts:110; server/packages/platform/control-admin/src/kysely-lookup-repository.ts:127; server/packages/platform/control-admin/src/kysely-lookup-repository.ts:131; server/packages/platform/control-admin/src/kysely-lookup-repository.ts:137; server/packages/platform/control-admin/src/kysely-lookup-repository.ts:186; server/packages/platform/control-admin/src/kysely-lookup-repository.ts:196; server/packages/platform/control-admin/src/kysely-lookup-repository.ts:227; server/packages/platform/control-admin/src/kysely-lookup-repository.ts:44,artifact presence does not prove domain completeness; see core and field ledgers
control.cron_schedule,False,Scheduling,Deferred/adjacent; no new BP surface,BP2-00,No direct BP app entity recommended; retain owning domain. Review a concrete field/workflow dependency before expansion.,declared,server/db/ddl/common/control/03_tables.sql:994,True,phase allocation and schema/domain classification; source consumers attached,none in inspected examples,none in current compiled activation,server/packages/services/jobs/src/kysely-job-repositories.ts:365; server/packages/services/jobs/src/kysely-job-repositories.ts:378; server/packages/services/jobs/src/kysely-job-repositories.ts:403; server/packages/services/jobs/src/kysely-job-repositories.ts:429; server/packages/services/jobs/src/kysely-job-repositories.ts:437,artifact presence does not prove domain completeness; see core and field ledgers
control.cron_schedule_change_log,False,Scheduling,Deferred/adjacent; no new BP surface,BP2-00,No direct BP app entity recommended; retain owning domain. Review a concrete field/workflow dependency before expansion.,declared,server/db/ddl/common/control/03_tables.sql:1032,True,phase allocation and schema/domain classification; source consumers attached,none in inspected examples,none in current compiled activation,server/packages/services/jobs/src/kysely-job-repositories.ts:461; server/packages/services/jobs/src/kysely-job-repositories.ts:499,artifact presence does not prove domain completeness; see core and field ledgers
control.notification_provider,False,Workflow supporting configuration,Retained numbering/notification dependency,BF-04,Reuse shared numbering and notification behavior; no direct BP data surfaces,declared,server/db/ddl/common/control/03_tables.sql:1049,True,phase allocation and schema/domain classification; source consumers attached,none in inspected examples,none in current compiled activation,no explicit qualified reference found; inspect dynamic/indirect consumers before removal,artifact presence does not prove domain completeness; see core and field ledgers
control.notification_template,False,Workflow supporting configuration,Retained numbering/notification dependency,BF-04,Reuse shared numbering and notification behavior; no direct BP data surfaces,declared,server/db/ddl/common/control/03_tables.sql:1080,True,phase allocation and schema/domain classification; source consumers attached,none in inspected examples,none in current compiled activation,server/packages/platform/notifications/src/notification-planner.ts:54,artifact presence does not prove domain completeness; see core and field ledgers
control.notification_routing_rule,False,Workflow supporting configuration,Retained numbering/notification dependency,BF-04,Reuse shared numbering and notification behavior; no direct BP data surfaces,declared,server/db/ddl/common/control/03_tables.sql:1109,True,phase allocation and schema/domain classification; source consumers attached,none in inspected examples,none in current compiled activation,server/packages/platform/notifications/src/notification-planner.ts:53; server/packages/platform/notifications/src/outbox-planning.ts:59,artifact presence does not prove domain completeness; see core and field ledgers
control.numbering_policy,False,Workflow supporting configuration,Retained numbering/notification dependency,BF-04,Reuse shared numbering and notification behavior; no direct BP data surfaces,declared,server/db/ddl/common/control/03_tables.sql:1152,True,phase allocation and schema/domain classification; source consumers attached,none in inspected examples,none in current compiled activation,server/packages/services/finance/src/numbering/kysely-numbering-repository.ts:15; server/packages/services/numbering/src/kysely-numbering-repository.ts:33,artifact presence does not prove domain completeness; see core and field ledgers
control.policy_definition,False,Policy/formula engine,Deferred/adjacent; no new BP surface,BP2-00,No direct BP app entity recommended; retain owning domain. Review a concrete field/workflow dependency before expansion.,declared,server/db/ddl/common/control/03_tables.sql:1220,True,phase allocation and schema/domain classification; source consumers attached,none in inspected examples,none in current compiled activation,server/apps/platform-host/src/composition/register-adapters.ts:769; server/apps/platform-host/src/composition/register-services.ts:7191; server/apps/platform-host/src/composition/task-edit-policy-authoring.ts:38; server/db/scripts/checks/security/field-security.ts:17; server/db/scripts/checks/security/field-security.ts:31; server/packages/platform/control-admin/src/cycle/process-selection-catalog.ts:120; server/packages/platform/policy/src/kysely-policy-authoring-repository.ts:12; server/packages/platform/policy/src/kysely-policy-authoring-repository.ts:41; server/packages/platform/policy/src/kysely-policy-authoring-repository.ts:61; server/packages/platform/policy/src/kysely-policy-authoring-repository.ts:72; server/packages/platform/policy/src/kysely-policy-authoring-repository.ts:83; server/packages/platform/policy/src/kysely-policy-authoring-repository.ts:89; server/packages/platform/policy/src/kysely-policy-authoring-repository.ts:97; server/packages/platform/policy/src/kysely-policy-repository.ts:47; server/packages/platform/policy/src/kysely-policy-repository.ts:71,artifact presence does not prove domain completeness; see core and field ledgers
control.policy_rule,False,Policy/formula engine,Deferred/adjacent; no new BP surface,BP2-00,No direct BP app entity recommended; retain owning domain. Review a concrete field/workflow dependency before expansion.,declared,server/db/ddl/common/control/03_tables.sql:1252,True,phase allocation and schema/domain classification; source consumers attached,none in inspected examples,none in current compiled activation,server/packages/platform/policy/src/kysely-policy-authoring-repository.ts:25; server/packages/platform/policy/src/kysely-policy-authoring-repository.ts:43; server/packages/platform/policy/src/kysely-policy-repository.ts:48; server/packages/platform/policy/src/kysely-policy-repository.ts:72,artifact presence does not prove domain completeness; see core and field ledgers
control.policy_test_case,False,Policy/formula engine,Deferred/adjacent; no new BP surface,BP2-00,No direct BP app entity recommended; retain owning domain. Review a concrete field/workflow dependency before expansion.,declared,server/db/ddl/common/control/03_tables.sql:1288,True,phase allocation and schema/domain classification; source consumers attached,none in inspected examples,none in current compiled activation,server/packages/platform/policy/src/kysely-policy-authoring-repository.ts:52; server/packages/platform/policy/src/kysely-policy-authoring-repository.ts:55; server/packages/platform/policy/src/kysely-policy-authoring-repository.ts:61; server/packages/platform/policy/src/kysely-policy-authoring-repository.ts:64; server/packages/platform/policy/src/kysely-policy-authoring-repository.ts:68; server/packages/platform/policy/src/kysely-policy-authoring-repository.ts:72,artifact presence does not prove domain completeness; see core and field ledgers
control.policy_test_result,False,Policy/formula engine,Deferred/adjacent; no new BP surface,BP2-00,No direct BP app entity recommended; retain owning domain. Review a concrete field/workflow dependency before expansion.,declared,server/db/ddl/common/control/03_tables.sql:1323,True,phase allocation and schema/domain classification; source consumers attached,none in inspected examples,none in current compiled activation,server/apps/platform-host/src/composition/task-edit-policy-authoring.ts:40; server/packages/platform/policy/src/kysely-policy-authoring-repository.ts:77,artifact presence does not prove domain completeness; see core and field ledgers
control.policy_activation,False,Policy/formula engine,Deferred/adjacent; no new BP surface,BP2-00,No direct BP app entity recommended; retain owning domain. Review a concrete field/workflow dependency before expansion.,declared,server/db/ddl/common/control/03_tables.sql:1332,True,phase allocation and schema/domain classification; source consumers attached,none in inspected examples,none in current compiled activation,no explicit qualified reference found; inspect dynamic/indirect consumers before removal,artifact presence does not prove domain completeness; see core and field ledgers
control.policy_evaluation_history,False,Policy/formula engine,Deferred/adjacent; no new BP surface,BP2-00,No direct BP app entity recommended; retain owning domain. Review a concrete field/workflow dependency before expansion.,declared,server/db/ddl/common/control/03_tables.sql:1339,True,phase allocation and schema/domain classification; source consumers attached,none in inspected examples,none in current compiled activation,no explicit qualified reference found; inspect dynamic/indirect consumers before removal,artifact presence does not prove domain completeness; see core and field ledgers
control.rounding_rule,False,Finance/treasury/tax,Deferred/adjacent; no new BP surface,BP2-00,No direct BP app entity recommended; retain owning domain. Review a concrete field/workflow dependency before expansion.,declared,server/db/ddl/common/control/03_tables.sql:1358,True,phase allocation and schema/domain classification; source consumers attached,none in inspected examples,none in current compiled activation,server/apps/platform-host/src/composition/register-services.ts:1456; server/packages/platform/control-admin/src/control-administration-ownership.ts:79; server/packages/platform/control-admin/src/kysely-rounding-repository.ts:118; server/packages/platform/control-admin/src/kysely-rounding-repository.ts:140; server/packages/platform/control-admin/src/kysely-rounding-repository.ts:42; server/packages/platform/control-admin/src/kysely-rounding-repository.ts:74; server/packages/platform/control-admin/src/kysely-rounding-repository.ts:80; server/packages/services/finance/src/shared/kysely-finance-foundation.ts:29,artifact presence does not prove domain completeness; see core and field ledgers
control.rounding_context,False,Finance/treasury/tax,Deferred/adjacent; no new BP surface,BP2-00,No direct BP app entity recommended; retain owning domain. Review a concrete field/workflow dependency before expansion.,declared,server/db/ddl/common/control/03_tables.sql:1406,True,phase allocation and schema/domain classification; source consumers attached,none in inspected examples,none in current compiled activation,server/packages/platform/control-admin/src/control-administration-ownership.ts:79; server/packages/platform/control-admin/src/kysely-rounding-repository.ts:122; server/packages/platform/control-admin/src/kysely-rounding-repository.ts:84; server/packages/platform/control-admin/src/kysely-rounding-repository.ts:89; server/packages/services/finance/src/shared/kysely-finance-foundation.ts:28,artifact presence does not prove domain completeness; see core and field ledgers
control.ui_locale_catalog,False,Shared reference,Retained locale governance; localization deferred,BP2-01,Existing plane/tenant locale governance; defer localization workstream,declared,server/db/ddl/common/control/03_tables.sql:1433,True,phase allocation and schema/domain classification; source consumers attached,none in inspected examples,none in current compiled activation,server/packages/adapters/experience-postgres/src/index.ts:569; server/packages/adapters/experience-postgres/src/index.ts:615; server/packages/adapters/experience-postgres/src/index.ts:971; server/packages/adapters/experience-postgres/src/index.ts:978,artifact presence does not prove domain completeness; see core and field ledgers
master.tenant_locale_activation,False,Platform identity/context dependencies,Retained platform dependency,BF-01,Retain platform scope/profile authority; not Business Partner sections,declared,server/db/ddl/common/control/03_tables.sql:1471,True,phase allocation and schema/domain classification; source consumers attached,none in inspected examples,none in current compiled activation,server/packages/adapters/experience-postgres/src/index.ts:604; server/packages/adapters/experience-postgres/src/index.ts:610; server/packages/adapters/experience-postgres/src/index.ts:976; server/packages/adapters/experience-postgres/src/index.ts:979,artifact presence does not prove domain completeness; see core and field ledgers
control.tenant_module_entitlement_override,False,Application configuration,Retained app/context/entitlement dependency,BF-02,"Existing navigation, entitlement, feature and parameter authority; no BP-specific copy",declared,server/db/ddl/common/control/03_tables.sql:1503,True,phase allocation and schema/domain classification; source consumers attached,none in inspected examples,none in current compiled activation,server/packages/platform/control-admin/src/kysely-entitlement-repository.ts:129; server/packages/platform/control-admin/src/kysely-entitlement-repository.ts:147; server/packages/platform/control-admin/src/kysely-entitlement-repository.ts:188; server/packages/platform/control-admin/src/kysely-entitlement-repository.ts:31; server/packages/platform/control-admin/src/kysely-entitlement-repository.ts:92; server/packages/platform/control-admin/src/kysely-entitlement-repository.ts:97,artifact presence does not prove domain completeness; see core and field ledgers
control.process_selection_publication,False,Supplier,Retained process/policy dependency,BP2-07,"Use existing process/activation/task authority; BP shows eligible actions and outcomes, not raw configuration editors",declared,server/db/ddl/common/control/03_tables.sql:1535,True,phase allocation and schema/domain classification; source consumers attached,none in inspected examples,none in current compiled activation,server/apps/platform-host/src/composition/supplier-process-selection.ts:167; server/apps/platform-host/src/composition/task-rule-publication.ts:13; server/apps/platform-host/src/composition/task-rule-publication.ts:65; server/packages/platform/control-admin/src/cycle/process-selection-publication.ts:100; server/packages/platform/control-admin/src/cycle/process-selection-publication.ts:59; server/packages/platform/control-admin/src/cycle/process-selection-publication.ts:92,artifact presence does not prove domain completeness; see core and field ledgers
control.process_selection_catalog_revision,False,Supplier,Retained process/policy dependency,BP2-07,"Use existing process/activation/task authority; BP shows eligible actions and outcomes, not raw configuration editors",declared,server/db/ddl/common/control/03_tables.sql:1560,True,phase allocation and schema/domain classification; source consumers attached,none in inspected examples,none in current compiled activation,server/apps/platform-host/src/composition/supplier-process-documents.ts:295; server/apps/platform-host/src/composition/supplier-process-documents.ts:440; server/apps/platform-host/src/composition/supplier-process-tasks.ts:173; server/apps/platform-host/src/composition/supplier-process-workflow.ts:35; server/apps/platform-host/src/composition/task-rule-publication.ts:68; server/packages/platform/control-admin/src/cycle/process-selection-catalog.ts:44; server/packages/platform/control-admin/src/cycle/process-selection-catalog.ts:79,artifact presence does not prove domain completeness; see core and field ledgers
control.supplier_activation_policy,False,Supplier,Retained process/policy dependency,BP2-07,"Use existing process/activation/task authority; BP shows eligible actions and outcomes, not raw configuration editors",declared,server/db/ddl/common/control/03_tables.sql:1574,True,phase allocation and schema/domain classification; source consumers attached,none in inspected examples,none in current compiled activation,server/packages/services/master-data/src/supplier-onboarding-completion.ts:25,artifact presence does not prove domain completeness; see core and field ledgers
runtime_meta.tenant_usage_counter,False,Runtime metadata and usage,internal infrastructure; no BP CRUD,BP2-00,No direct BP app entity recommended; retain owning domain. Review a concrete field/workflow dependency before expansion.,declared,server/db/ddl/common/runtime_meta/03_tables.sql:3,True,phase allocation and schema/domain classification; source consumers attached,none in inspected examples,none in current compiled activation,server/packages/services/attachments/src/kysely-attachment-quota-ledger.ts:104; server/packages/services/attachments/src/kysely-attachment-quota-ledger.ts:109; server/packages/services/attachments/src/kysely-attachment-quota-ledger.ts:123; server/packages/services/content/src/kysely-content-quota.ts:106; server/packages/services/content/src/kysely-content-quota.ts:50; server/packages/services/content/src/kysely-content-quota.ts:74; server/packages/services/content/src/kysely-content-quota.ts:90; server/packages/services/content/src/kysely-content-quota.ts:94,artifact presence does not prove domain completeness; see core and field ledgers
runtime_meta.usage_reservation,False,Runtime metadata and usage,internal infrastructure; no BP CRUD,BP2-00,No direct BP app entity recommended; retain owning domain. Review a concrete field/workflow dependency before expansion.,declared,server/db/ddl/common/runtime_meta/03_tables.sql:26,True,phase allocation and schema/domain classification; source consumers attached,none in inspected examples,none in current compiled activation,server/packages/services/attachments/src/kysely-attachment-quota-ledger.ts:117; server/packages/services/attachments/src/kysely-attachment-quota-ledger.ts:32; server/packages/services/attachments/src/kysely-attachment-quota-ledger.ts:57; server/packages/services/attachments/src/kysely-attachment-quota-ledger.ts:73; server/packages/services/attachments/src/kysely-attachment-quota-ledger.ts:82; server/packages/services/attachments/src/kysely-attachment-quota-ledger.ts:90; server/packages/services/content/src/kysely-content-quota.ts:100; server/packages/services/content/src/kysely-content-quota.ts:20; server/packages/services/content/src/kysely-content-quota.ts:32; server/packages/services/content/src/kysely-content-quota.ts:45; server/packages/services/content/src/kysely-content-quota.ts:56; server/packages/services/content/src/kysely-content-quota.ts:64,artifact presence does not prove domain completeness; see core and field ledgers
runtime_meta.authorization_epoch,False,Runtime metadata and usage,internal infrastructure; no BP CRUD,BP2-00,No direct BP app entity recommended; retain owning domain. Review a concrete field/workflow dependency before expansion.,declared,server/db/ddl/common/runtime_meta/03_tables.sql:70,True,phase allocation and schema/domain classification; source consumers attached,none in inspected examples,none in current compiled activation,no explicit qualified reference found; inspect dynamic/indirect consumers before removal,artifact presence does not prove domain completeness; see core and field ledgers
runtime_meta.entity_number_counter,False,Runtime metadata and usage,internal infrastructure; no BP CRUD,BP2-00,No direct BP app entity recommended; retain owning domain. Review a concrete field/workflow dependency before expansion.,declared,server/db/ddl/common/runtime_meta/03_tables.sql:86,True,phase allocation and schema/domain classification; source consumers attached,none in inspected examples,none in current compiled activation,server/packages/services/finance/src/numbering/kysely-numbering-repository.ts:36; server/packages/services/finance/src/numbering/kysely-numbering-repository.ts:39; server/packages/services/finance/src/numbering/kysely-numbering-repository.ts:45; server/packages/services/numbering/src/kysely-numbering-repository.ts:16; server/packages/services/numbering/src/kysely-numbering-repository.ts:19; server/packages/services/numbering/src/kysely-numbering-repository.ts:24,artifact presence does not prove domain completeness; see core and field ledgers
runtime_meta.entity_number_allocation,False,Runtime metadata and usage,internal infrastructure; no BP CRUD,BP2-00,No direct BP app entity recommended; retain owning domain. Review a concrete field/workflow dependency before expansion.,declared,server/db/ddl/common/runtime_meta/03_tables.sql:132,True,phase allocation and schema/domain classification; source consumers attached,none in inspected examples,none in current compiled activation,server/packages/services/finance/src/numbering/kysely-numbering-repository.ts:48; server/packages/services/finance/src/numbering/kysely-numbering-repository.ts:54; server/packages/services/finance/src/numbering/kysely-numbering-repository.ts:63; server/packages/services/numbering/src/kysely-numbering-repository.ts:26; server/packages/services/numbering/src/kysely-numbering-repository.ts:34,artifact presence does not prove domain completeness; see core and field ledgers
runtime_meta.applied_release,False,Runtime metadata and usage,internal infrastructure; no BP CRUD,BP2-00,No direct BP app entity recommended; retain owning domain. Review a concrete field/workflow dependency before expansion.,declared,server/db/ddl/common/runtime_meta/03_tables.sql:163,True,phase allocation and schema/domain classification; source consumers attached,none in inspected examples,none in current compiled activation,server/apps/platform-host/src/composition/business-partner-authorization-deployment.ts:400; server/apps/platform-host/src/composition/entity-release-review-deployment.ts:145; server/apps/platform-host/src/composition/local-graph-preview.ts:126; server/apps/platform-host/src/composition/local-graph-preview.ts:163; server/apps/platform-host/src/composition/meta-entity-activation-inspection.ts:80; server/apps/platform-host/src/composition/register-services.ts:6836; server/apps/platform-host/src/composition/register-services.ts:6871; server/db/scripts/provisioning/provision-development-business-partner-runtime.ts:405; server/db/scripts/provisioning/publish-development-list-experience.ts:310; server/db/scripts/provisioning/publish-development-list-experience.ts:732; server/db/scripts/provisioning/publish-development-record-presentation.ts:64; server/db/scripts/provisioning/publish-development-standard-views.ts:52; server/db/scripts/provisioning/publish-document-relationship.ts:38; server/db/scripts/tests/integration/entity-capability-ca01.ts:181; server/packages/platform/metadata/src/runtime-descriptor-repository.ts:35; server/packages/platform/metadata/src/runtime-descriptor-repository.ts:73; server/packages/platform/metadata/src/runtime-descriptor-repository.ts:98; server/packages/services/publication/src/kysely-local-projection-repository.ts:145; server/packages/services/publication/src/kysely-local-projection-repository.ts:270; server/packages/services/publication/src/kysely-local-projection-repository.ts:277; server/packages/services/publication/src/kysely-local-projection-repository.ts:287,artifact presence does not prove domain completeness; see core and field ledgers
runtime_meta.release_activation_head,False,Runtime metadata and usage,internal infrastructure; no BP CRUD,BP2-00,No direct BP app entity recommended; retain owning domain. Review a concrete field/workflow dependency before expansion.,declared,server/db/ddl/common/runtime_meta/03_tables.sql:188,True,phase allocation and schema/domain classification; source consumers attached,none in inspected examples,none in current compiled activation,server/apps/platform-host/src/composition/business-partner-authorization-deployment.ts:400; server/apps/platform-host/src/composition/entity-release-review-deployment.ts:114; server/apps/platform-host/src/composition/entity-release-review-deployment.ts:145; server/apps/platform-host/src/composition/local-graph-preview.ts:125; server/apps/platform-host/src/composition/local-graph-preview.ts:163; server/apps/platform-host/src/composition/meta-entity-activation-inspection.ts:79; server/apps/platform-host/src/composition/register-services.ts:6808; server/apps/platform-host/src/composition/register-services.ts:6810; server/apps/platform-host/src/composition/register-services.ts:6836; server/apps/platform-host/src/composition/register-services.ts:6841; server/apps/platform-host/src/composition/register-services.ts:6871; server/apps/platform-host/src/composition/register-services.ts:6876; server/db/scripts/provisioning/publish-development-list-experience.ts:310; server/db/scripts/provisioning/publish-development-list-experience.ts:492; server/db/scripts/provisioning/publish-development-list-experience.ts:733; server/db/scripts/provisioning/publish-development-record-presentation.ts:64; server/db/scripts/provisioning/publish-development-standard-views.ts:52; server/db/scripts/provisioning/publish-document-relationship.ts:38; server/packages/platform/iam/src/kysely-permission-resolver.ts:260; server/packages/platform/metadata/src/runtime-descriptor-repository.ts:34; server/packages/platform/metadata/src/runtime-descriptor-repository.ts:72,artifact presence does not prove domain completeness; see core and field ledgers
runtime_meta.release_activation_event,False,Runtime metadata and usage,internal infrastructure; no BP CRUD,BP2-00,No direct BP app entity recommended; retain owning domain. Review a concrete field/workflow dependency before expansion.,declared,server/db/ddl/common/runtime_meta/03_tables.sql:199,True,phase allocation and schema/domain classification; source consumers attached,none in inspected examples,none in current compiled activation,no explicit qualified reference found; inspect dynamic/indirect consumers before removal,artifact presence does not prove domain completeness; see core and field ledgers
runtime_meta.entity_contract,False,Runtime metadata and usage,internal infrastructure; no BP CRUD,BP2-00,No direct BP app entity recommended; retain owning domain. Review a concrete field/workflow dependency before expansion.,declared,server/db/ddl/common/runtime_meta/03_tables.sql:216,True,phase allocation and schema/domain classification; source consumers attached,none in inspected examples,none in current compiled activation,server/apps/platform-host/scripts/db-verification/tests/integration/business-partner-case-contract-publication.ts:269; server/apps/platform-host/scripts/db-verification/tests/integration/business-partner-case-contract-publication.ts:69; server/apps/platform-host/src/composition/entity-release-review-deployment.ts:114; server/apps/platform-host/src/composition/entity-release-review-deployment.ts:145; server/apps/platform-host/src/composition/local-graph-preview.ts:128; server/apps/platform-host/src/composition/local-graph-preview.ts:165; server/apps/platform-host/src/composition/meta-entity-activation-inspection.ts:81; server/apps/platform-host/src/composition/register-services.ts:6809; server/apps/platform-host/src/composition/register-services.ts:6837; server/apps/platform-host/src/composition/register-services.ts:6872; server/apps/platform-host/src/composition/register-services.ts:7511; server/apps/platform-host/src/composition/register-services.ts:7563; server/db/scripts/provisioning/provision-development-business-partner-runtime.ts:375; server/db/scripts/provisioning/provision-development-business-partner-runtime.ts:399; server/db/scripts/provisioning/publish-development-list-experience.ts:310; server/db/scripts/provisioning/publish-development-record-presentation.ts:64; server/db/scripts/provisioning/publish-development-standard-views.ts:52; server/db/scripts/provisioning/publish-document-relationship.ts:38; server/packages/platform/iam/src/kysely-permission-resolver.ts:259; server/packages/platform/metadata/src/runtime-descriptor-repository.ts:40; server/packages/services/master-data/src/kysely-business-partner-case-repository.ts:111; server/packages/services/publication/src/kysely-local-projection-repository.ts:73; server/packages/services/publication/src/kysely-local-projection-repository.ts:92,artifact presence does not prove domain completeness; see core and field ledgers
runtime_meta.entity_descriptor,False,Runtime metadata and usage,internal infrastructure; no BP CRUD,BP2-00,No direct BP app entity recommended; retain owning domain. Review a concrete field/workflow dependency before expansion.,declared,server/db/ddl/common/runtime_meta/03_tables.sql:269,True,phase allocation and schema/domain classification; source consumers attached,none in inspected examples,none in current compiled activation,server/apps/platform-host/src/composition/entity-release-review-deployment.ts:145; server/apps/platform-host/src/composition/local-graph-preview.ts:127; server/apps/platform-host/src/composition/local-graph-preview.ts:164; server/apps/platform-host/src/composition/meta-entity-activation-inspection.ts:82; server/apps/platform-host/src/composition/register-services.ts:6838; server/apps/platform-host/src/composition/register-services.ts:6873; server/db/scripts/checks/ddl/identity-header.ts:40; server/db/scripts/checks/ddl/identity-header.ts:5; server/db/scripts/provisioning/publish-development-list-experience.ts:310; server/db/scripts/provisioning/publish-development-record-presentation.ts:64; server/db/scripts/provisioning/publish-development-standard-views.ts:52; server/db/scripts/provisioning/publish-document-relationship.ts:38; server/packages/platform/iam/src/kysely-permission-resolver.ts:258; server/packages/platform/metadata/src/runtime-descriptor-repository.ts:37,artifact presence does not prove domain completeness; see core and field ledgers
runtime_meta.applied_release_payload,False,Runtime metadata and usage,internal infrastructure; no BP CRUD,BP2-00,No direct BP app entity recommended; retain owning domain. Review a concrete field/workflow dependency before expansion.,declared,server/db/ddl/common/runtime_meta/03_tables.sql:322,True,phase allocation and schema/domain classification; source consumers attached,none in inspected examples,none in current compiled activation,server/packages/platform/metadata/src/runtime-descriptor-repository.ts:75; server/packages/platform/metadata/src/runtime-descriptor-repository.ts:99,artifact presence does not prove domain completeness; see core and field ledgers
runtime_meta.experience_surface_projection,False,Runtime metadata and usage,internal infrastructure; no BP CRUD,BP2-00,No direct BP app entity recommended; retain owning domain. Review a concrete field/workflow dependency before expansion.,declared,server/db/ddl/common/runtime_meta/03_tables.sql:351,True,phase allocation and schema/domain classification; source consumers attached,none in inspected examples,none in current compiled activation,server/packages/adapters/experience-postgres/src/index.ts:795; server/packages/adapters/experience-postgres/src/index.ts:799; server/packages/adapters/experience-postgres/src/index.ts:802; server/packages/adapters/experience-postgres/src/index.ts:823,artifact presence does not prove domain completeness; see core and field ledgers
ops.authorization_parity_certification,False,Platform operations,internal infrastructure; no BP CRUD,BP2-00,No direct BP app entity recommended; retain owning domain. Review a concrete field/workflow dependency before expansion.,declared,server/db/ddl/common/ops/03_tables.sql:1,True,phase allocation and schema/domain classification; source consumers attached,none in inspected examples,none in current compiled activation,server/db/scripts/operations/authorization/manage-authorization-operation-activation.ts:17; server/db/scripts/operations/authorization/manage-authorization-operation-activation.ts:20,artifact presence does not prove domain completeness; see core and field ledgers
ops.authorization_qualification_cohort_requirement,False,Platform operations,internal infrastructure; no BP CRUD,BP2-00,No direct BP app entity recommended; retain owning domain. Review a concrete field/workflow dependency before expansion.,declared,server/db/ddl/common/ops/03_tables.sql:42,True,phase allocation and schema/domain classification; source consumers attached,none in inspected examples,none in current compiled activation,no explicit qualified reference found; inspect dynamic/indirect consumers before removal,artifact presence does not prove domain completeness; see core and field ledgers
ops.authorization_operation_rollout,False,Platform operations,internal infrastructure; no BP CRUD,BP2-00,No direct BP app entity recommended; retain owning domain. Review a concrete field/workflow dependency before expansion.,declared,server/db/ddl/common/ops/03_tables.sql:59,True,phase allocation and schema/domain classification; source consumers attached,none in inspected examples,none in current compiled activation,server/db/scripts/operations/authorization/manage-authorization-operation-activation.ts:20,artifact presence does not prove domain completeness; see core and field ledgers
ops.authorization_operation_cutover_drill,False,Platform operations,internal infrastructure; no BP CRUD,BP2-00,No direct BP app entity recommended; retain owning domain. Review a concrete field/workflow dependency before expansion.,declared,server/db/ddl/common/ops/03_tables.sql:95,True,phase allocation and schema/domain classification; source consumers attached,none in inspected examples,none in current compiled activation,no explicit qualified reference found; inspect dynamic/indirect consumers before removal,artifact presence does not prove domain completeness; see core and field ledgers
ops.authorization_shadow_comparison,False,Platform operations,internal infrastructure; no BP CRUD,BP2-00,No direct BP app entity recommended; retain owning domain. Review a concrete field/workflow dependency before expansion.,declared,server/db/ddl/common/ops/03_tables.sql:117,True,phase allocation and schema/domain classification; source consumers attached,none in inspected examples,none in current compiled activation,no explicit qualified reference found; inspect dynamic/indirect consumers before removal,artifact presence does not prove domain completeness; see core and field ledgers
ops.identity_admission_shadow_comparison,False,Platform operations,internal infrastructure; no BP CRUD,BP2-00,No direct BP app entity recommended; retain owning domain. Review a concrete field/workflow dependency before expansion.,declared,server/db/ddl/common/ops/03_tables.sql:176,True,phase allocation and schema/domain classification; source consumers attached,none in inspected examples,none in current compiled activation,no explicit qualified reference found; inspect dynamic/indirect consumers before removal,artifact presence does not prove domain completeness; see core and field ledgers
ops.authorization_session_shadow_comparison,False,Platform operations,internal infrastructure; no BP CRUD,BP2-00,No direct BP app entity recommended; retain owning domain. Review a concrete field/workflow dependency before expansion.,declared,server/db/ddl/common/ops/03_tables.sql:214,True,phase allocation and schema/domain classification; source consumers attached,none in inspected examples,none in current compiled activation,no explicit qualified reference found; inspect dynamic/indirect consumers before removal,artifact presence does not prove domain completeness; see core and field ledgers
ops.job_execution,False,Platform operations,internal infrastructure; no BP CRUD,BP2-00,No direct BP app entity recommended; retain owning domain. Review a concrete field/workflow dependency before expansion.,declared,server/db/ddl/common/ops/03_tables.sql:242,True,phase allocation and schema/domain classification; source consumers attached,none in inspected examples,none in current compiled activation,server/packages/services/jobs/src/kysely-job-repositories.ts:140; server/packages/services/jobs/src/kysely-job-repositories.ts:147; server/packages/services/jobs/src/kysely-job-repositories.ts:168; server/packages/services/jobs/src/kysely-job-repositories.ts:223; server/packages/services/jobs/src/kysely-job-repositories.ts:273; server/packages/services/jobs/src/kysely-job-repositories.ts:283; server/packages/services/jobs/src/kysely-job-repositories.ts:303; server/packages/services/jobs/src/kysely-job-repositories.ts:337; server/packages/services/jobs/src/kysely-job-repositories.ts:524; server/packages/services/jobs/src/kysely-job-repositories.ts:715,artifact presence does not prove domain completeness; see core and field ledgers
ops.job_execution_attempt,False,Platform operations,internal infrastructure; no BP CRUD,BP2-00,No direct BP app entity recommended; retain owning domain. Review a concrete field/workflow dependency before expansion.,declared,server/db/ddl/common/ops/03_tables.sql:311,True,phase allocation and schema/domain classification; source consumers attached,none in inspected examples,none in current compiled activation,server/packages/services/jobs/src/kysely-job-repositories.ts:539,artifact presence does not prove domain completeness; see core and field ledgers
ops.job_execution_command,False,Platform operations,internal infrastructure; no BP CRUD,BP2-00,No direct BP app entity recommended; retain owning domain. Review a concrete field/workflow dependency before expansion.,declared,server/db/ddl/common/ops/03_tables.sql:351,True,phase allocation and schema/domain classification; source consumers attached,none in inspected examples,none in current compiled activation,server/packages/services/jobs/src/kysely-job-repositories.ts:263,artifact presence does not prove domain completeness; see core and field ledgers
ops.record_edit_lock,False,Platform operations,internal infrastructure; no BP CRUD,BP2-00,No direct BP app entity recommended; retain owning domain. Review a concrete field/workflow dependency before expansion.,declared,server/db/ddl/common/ops/03_tables.sql:379,True,phase allocation and schema/domain classification; source consumers attached,none in inspected examples,none in current compiled activation,no explicit qualified reference found; inspect dynamic/indirect consumers before removal,artifact presence does not prove domain completeness; see core and field ledgers
ops.record_import_session,False,Platform operations,internal infrastructure; no BP CRUD,BP2-00,No direct BP app entity recommended; retain owning domain. Review a concrete field/workflow dependency before expansion.,declared,server/db/ddl/common/ops/03_tables.sql:395,True,phase allocation and schema/domain classification; source consumers attached,none in inspected examples,none in current compiled activation,server/packages/services/records/src/transfer/kysely-transfer-store.ts:12; server/packages/services/records/src/transfer/kysely-transfer-store.ts:17; server/packages/services/records/src/transfer/kysely-transfer-store.ts:22; server/packages/services/records/src/transfer/kysely-transfer-store.ts:26; server/packages/services/records/src/transfer/kysely-transfer-store.ts:29; server/packages/services/records/src/transfer/kysely-transfer-store.ts:30; server/packages/services/records/src/transfer/kysely-transfer-store.ts:31; server/packages/services/records/src/transfer/kysely-transfer-store.ts:32; server/packages/services/records/src/transfer/kysely-transfer-store.ts:33; server/packages/services/records/src/transfer/kysely-transfer-store.ts:41; server/packages/services/records/src/transfer/kysely-transfer-store.ts:46; server/packages/services/records/src/transfer/kysely-transfer-store.ts:47; server/packages/services/records/src/transfer/kysely-transfer-store.ts:48; server/packages/services/records/src/transfer/kysely-transfer-store.ts:49; server/packages/services/records/src/transfer/kysely-transfer-store.ts:50; server/packages/services/records/src/transfer/kysely-transfer-store.ts:51,artifact presence does not prove domain completeness; see core and field ledgers
ops.record_import_chunk,False,Platform operations,internal infrastructure; no BP CRUD,BP2-00,No direct BP app entity recommended; retain owning domain. Review a concrete field/workflow dependency before expansion.,declared,server/db/ddl/common/ops/03_tables.sql:432,True,phase allocation and schema/domain classification; source consumers attached,none in inspected examples,none in current compiled activation,server/packages/services/records/src/transfer/kysely-transfer-store.ts:14; server/packages/services/records/src/transfer/kysely-transfer-store.ts:17; server/packages/services/records/src/transfer/kysely-transfer-store.ts:19; server/packages/services/records/src/transfer/kysely-transfer-store.ts:23; server/packages/services/records/src/transfer/kysely-transfer-store.ts:25,artifact presence does not prove domain completeness; see core and field ledgers
ops.record_export_request,False,Platform operations,internal infrastructure; no BP CRUD,BP2-00,No direct BP app entity recommended; retain owning domain. Review a concrete field/workflow dependency before expansion.,declared,server/db/ddl/common/ops/03_tables.sql:443,True,phase allocation and schema/domain classification; source consumers attached,none in inspected examples,none in current compiled activation,server/packages/services/records/src/transfer/kysely-transfer-store.ts:34; server/packages/services/records/src/transfer/kysely-transfer-store.ts:35; server/packages/services/records/src/transfer/kysely-transfer-store.ts:36; server/packages/services/records/src/transfer/kysely-transfer-store.ts:37; server/packages/services/records/src/transfer/kysely-transfer-store.ts:44; server/packages/services/records/src/transfer/kysely-transfer-store.ts:52; server/packages/services/records/src/transfer/kysely-transfer-store.ts:53; server/packages/services/records/src/transfer/kysely-transfer-store.ts:54; server/packages/services/records/src/transfer/kysely-transfer-store.ts:55; server/packages/services/records/src/transfer/kysely-transfer-store.ts:56; server/packages/services/records/src/transfer/kysely-transfer-store.ts:57,artifact presence does not prove domain completeness; see core and field ledgers
ops.record_transfer_retention_policy,False,Platform operations,internal infrastructure; no BP CRUD,BP2-00,No direct BP app entity recommended; retain owning domain. Review a concrete field/workflow dependency before expansion.,declared,server/db/ddl/common/ops/03_tables.sql:466,True,phase allocation and schema/domain classification; source consumers attached,none in inspected examples,none in current compiled activation,no explicit qualified reference found; inspect dynamic/indirect consumers before removal,artifact presence does not prove domain completeness; see core and field ledgers
ops.control_runtime_command_submission,False,Platform operations,internal infrastructure; no BP CRUD,BP2-00,No direct BP app entity recommended; retain owning domain. Review a concrete field/workflow dependency before expansion.,declared,server/db/ddl/common/ops/03_tables.sql:482,True,phase allocation and schema/domain classification; source consumers attached,none in inspected examples,none in current compiled activation,server/packages/platform/control-admin/src/kysely-runtime-command-store.ts:114; server/packages/platform/control-admin/src/kysely-runtime-command-store.ts:75,artifact presence does not prove domain completeness; see core and field ledgers
ops.control_runtime_command_approval_request,False,Platform operations,internal infrastructure; no BP CRUD,BP2-00,No direct BP app entity recommended; retain owning domain. Review a concrete field/workflow dependency before expansion.,declared,server/db/ddl/common/ops/03_tables.sql:504,True,phase allocation and schema/domain classification; source consumers attached,none in inspected examples,none in current compiled activation,server/packages/platform/control-admin/src/kysely-runtime-command-store.ts:131; server/packages/platform/control-admin/src/kysely-runtime-command-store.ts:179; server/packages/platform/control-admin/src/kysely-runtime-command-store.ts:246,artifact presence does not prove domain completeness; see core and field ledgers
ops.control_runtime_command_approval_decision,False,Platform operations,internal infrastructure; no BP CRUD,BP2-00,No direct BP app entity recommended; retain owning domain. Review a concrete field/workflow dependency before expansion.,declared,server/db/ddl/common/ops/03_tables.sql:523,True,phase allocation and schema/domain classification; source consumers attached,none in inspected examples,none in current compiled activation,server/packages/platform/control-admin/src/kysely-runtime-command-store.ts:160; server/packages/platform/control-admin/src/kysely-runtime-command-store.ts:180,artifact presence does not prove domain completeness; see core and field ledgers
ops.control_runtime_command_history,False,Platform operations,internal infrastructure; no BP CRUD,BP2-00,No direct BP app entity recommended; retain owning domain. Review a concrete field/workflow dependency before expansion.,declared,server/db/ddl/common/ops/03_tables.sql:540,True,phase allocation and schema/domain classification; source consumers attached,none in inspected examples,none in current compiled activation,server/packages/platform/control-admin/src/kysely-runtime-command-store.ts:201; server/packages/platform/control-admin/src/kysely-runtime-command-store.ts:213; server/packages/platform/control-admin/src/kysely-runtime-command-store.ts:234; server/packages/platform/control-admin/src/kysely-runtime-command-store.ts:243,artifact presence does not prove domain completeness; see core and field ledgers
master.contact_person,False,Contact/person,Parent-owned collection/reference,BP2-03,"Link-aware related sections and child lookup metadata; preserve owner registry, tenant boundaries and contact verification",declared,server/db/ddl/common/master/03_tables.sql:3,True,phase allocation and schema/domain classification; source consumers attached,business_partner/core; contact_person/core,business_partner/core; contact_person/core,server/apps/platform-host/scripts/db-verification/business-partner-360/verify-business-partner-360-reads.ts:40; server/apps/platform-host/scripts/db-verification/business-partner-360/verify-business-partner-360-reads.ts:63; server/db/scripts/provisioning/provision-development-business-partner-fixtures.ts:1246; server/db/scripts/provisioning/provision-development-business-partner-fixtures.ts:804; server/db/scripts/tests/integration/customer-portal-source-probe.ts:43; server/packages/platform/iam/src/customer-portal-delivery.ts:328; server/packages/services/master-data/src/kysely-business-partner-360-repository.ts:198; server/packages/services/master-data/src/kysely-business-partner-360-repository.ts:478; server/packages/services/master-data/src/kysely-business-partner-360-sections.ts:232; server/packages/services/master-data/src/kysely-business-partner-360-sections.ts:581,artifact presence does not prove domain completeness; see core and field ledgers
master.contact_person_role,False,Contact/person,Parent-owned collection/reference,BP2-03,"Link-aware related sections and child lookup metadata; preserve owner registry, tenant boundaries and contact verification",declared,server/db/ddl/common/master/03_tables.sql:47,True,phase allocation and schema/domain classification; source consumers attached,business_partner/presentation.section.contacts,business_partner/presentation.section.contacts,server/apps/platform-host/scripts/db-verification/business-partner-360/verify-business-partner-360-reads.ts:41; server/db/scripts/provisioning/provision-development-business-partner-fixtures.ts:816; server/packages/services/master-data/src/kysely-business-partner-360-sections.ts:239,artifact presence does not prove domain completeness; see core and field ledgers
ledger.budget_transaction,False,Projects/planning/budget,Deferred/adjacent; no new BP surface,BP2-00,No direct BP app entity recommended; retain owning domain. Review a concrete field/workflow dependency before expansion.,declared,server/db/ddl/planes/neon/ledger/03_tables.sql:1,True,phase allocation and schema/domain classification; source consumers attached,none in inspected examples,none in current compiled activation,server/packages/planes/neon/src/register-finance.ts:121; server/packages/services/finance/src/budget/budget-service.ts:26; server/packages/services/finance/src/budget/kysely-budget-repository.ts:15; server/packages/services/finance/src/budget/kysely-budget-repository.ts:16; server/packages/services/finance/src/budget/kysely-budget-repository.ts:17; server/packages/services/finance/src/budget/kysely-budget-repository.ts:19,artifact presence does not prove domain completeness; see core and field ledgers
ledger.budget_balance,False,Projects/planning/budget,Deferred/adjacent; no new BP surface,BP2-00,No direct BP app entity recommended; retain owning domain. Review a concrete field/workflow dependency before expansion.,declared,server/db/ddl/planes/neon/ledger/03_tables.sql:50,True,phase allocation and schema/domain classification; source consumers attached,none in inspected examples,none in current compiled activation,server/packages/planes/neon/src/register-finance.ts:122; server/packages/services/finance/src/budget/budget-service.ts:25; server/packages/services/finance/src/budget/kysely-budget-repository.ts:11; server/packages/services/finance/src/budget/kysely-budget-repository.ts:12; server/packages/services/finance/src/budget/kysely-budget-repository.ts:18; server/packages/services/finance/src/budget/kysely-budget-repository.ts:9,artifact presence does not prove domain completeness; see core and field ledgers
ledger.planning_run,False,Projects/planning/budget,Deferred/adjacent; no new BP surface,BP2-00,No direct BP app entity recommended; retain owning domain. Review a concrete field/workflow dependency before expansion.,declared,server/db/ddl/planes/neon/ledger/03_tables.sql:90,True,phase allocation and schema/domain classification; source consumers attached,none in inspected examples,none in current compiled activation,server/packages/planes/neon/src/register-finance.ts:123; server/packages/services/finance/src/planning/kysely-planning-repository.ts:10; server/packages/services/finance/src/planning/kysely-planning-repository.ts:8; server/packages/services/finance/src/planning/kysely-planning-repository.ts:9; server/packages/services/finance/src/planning/planning-service.ts:25,artifact presence does not prove domain completeness; see core and field ledgers
ledger.planning_output,False,Projects/planning/budget,Deferred/adjacent; no new BP surface,BP2-00,No direct BP app entity recommended; retain owning domain. Review a concrete field/workflow dependency before expansion.,declared,server/db/ddl/planes/neon/ledger/03_tables.sql:139,True,phase allocation and schema/domain classification; source consumers attached,none in inspected examples,none in current compiled activation,server/packages/planes/neon/src/register-finance.ts:124; server/packages/services/finance/src/planning/kysely-planning-repository.ts:11; server/packages/services/finance/src/planning/kysely-planning-repository.ts:12; server/packages/services/finance/src/planning/kysely-planning-repository.ts:13,artifact presence does not prove domain completeness; see core and field ledgers
ledger.book_period_status,False,Finance/treasury/tax,Deferred/adjacent; no new BP surface,BP2-00,No direct BP app entity recommended; retain owning domain. Review a concrete field/workflow dependency before expansion.,declared,server/db/ddl/planes/neon/ledger/03_tables.sql:189,True,phase allocation and schema/domain classification; source consumers attached,none in inspected examples,none in current compiled activation,server/apps/platform-host/src/composition/register-services.ts:1453; server/packages/services/finance/src/numbering/kysely-numbering-repository.ts:30; server/packages/services/finance/src/shared/book-period-service.ts:24; server/packages/services/finance/src/shared/book-period-service.ts:25; server/packages/services/finance/src/shared/kysely-finance-foundation.ts:63; server/packages/services/finance/src/shared/kysely-finance-foundation.ts:76; server/packages/services/finance/src/shared/kysely-finance-foundation.ts:78; server/packages/services/finance/src/shared/kysely-finance-foundation.ts:79,artifact presence does not prove domain completeness; see core and field ledgers
ledger.cross_book_posting_execution,False,Finance/treasury/tax,Deferred/adjacent; no new BP surface,BP2-00,No direct BP app entity recommended; retain owning domain. Review a concrete field/workflow dependency before expansion.,declared,server/db/ddl/planes/neon/ledger/03_tables.sql:236,True,phase allocation and schema/domain classification; source consumers attached,none in inspected examples,none in current compiled activation,server/packages/planes/neon/src/register-finance.ts:128; server/packages/services/finance/src/ledger/cross-book-posting-service.ts:19; server/packages/services/finance/src/ledger/cross-book-posting-service.ts:20; server/packages/services/finance/src/ledger/cross-book-posting-service.ts:36; server/packages/services/finance/src/ledger/cross-book-posting-service.ts:37; server/packages/services/finance/src/ledger/kysely-cross-book-repository.ts:5; server/packages/services/finance/src/ledger/kysely-cross-book-repository.ts:6; server/packages/services/finance/src/ledger/kysely-cross-book-repository.ts:7; server/packages/services/finance/src/ledger/kysely-cross-book-repository.ts:8; server/packages/services/finance/src/ledger/kysely-cross-book-repository.ts:9,artifact presence does not prove domain completeness; see core and field ledgers
ledger.gl_balance,False,Finance/treasury/tax,Deferred/adjacent; no new BP surface,BP2-00,No direct BP app entity recommended; retain owning domain. Review a concrete field/workflow dependency before expansion.,declared,server/db/ddl/planes/neon/ledger/03_tables.sql:299,True,phase allocation and schema/domain classification; source consumers attached,none in inspected examples,none in current compiled activation,server/packages/planes/neon/src/register-finance.ts:127; server/packages/services/finance/src/ledger/kysely-gl-balance-repository.ts:10; server/packages/services/finance/src/ledger/kysely-gl-balance-repository.ts:14; server/packages/services/finance/src/ledger/kysely-gl-balance-repository.ts:17; server/packages/services/finance/src/ledger/kysely-gl-balance-repository.ts:20,artifact presence does not prove domain completeness; see core and field ledgers
ledger.commitment_fulfillment,False,Procurement,Deferred/adjacent; no new BP surface,BP2-00,No direct BP app entity recommended; retain owning domain. Review a concrete field/workflow dependency before expansion.,declared,server/db/ddl/planes/neon/ledger/03_tables.sql:343,True,phase allocation and schema/domain classification; source consumers attached,none in inspected examples,none in current compiled activation,server/packages/planes/neon/src/register-finance.ts:129; server/packages/services/finance/src/ledger/commitment-service.ts:18; server/packages/services/finance/src/ledger/kysely-commitment-repository.ts:4; server/packages/services/finance/src/ledger/kysely-commitment-repository.ts:5; server/packages/services/finance/src/ledger/kysely-commitment-repository.ts:6,artifact presence does not prove domain completeness; see core and field ledgers
ledger.inventory_movement,False,Inventory/manufacturing,Deferred/adjacent; no new BP surface,BP2-00,No direct BP app entity recommended; retain owning domain. Review a concrete field/workflow dependency before expansion.,declared,server/db/ddl/planes/neon/ledger/03_tables.sql:392,True,phase allocation and schema/domain classification; source consumers attached,none in inspected examples,none in current compiled activation,server/packages/planes/neon/src/register-finance.ts:132; server/packages/services/finance/src/inventory/inventory-service.ts:139; server/packages/services/finance/src/inventory/kysely-inventory-repository.ts:13; server/packages/services/finance/src/inventory/kysely-inventory-repository.ts:18; server/packages/services/finance/src/inventory/kysely-inventory-repository.ts:22; server/packages/services/finance/src/inventory/kysely-inventory-repository.ts:23; server/packages/services/finance/src/inventory/kysely-inventory-repository.ts:31; server/packages/services/finance/src/inventory/kysely-inventory-repository.ts:53,artifact presence does not prove domain completeness; see core and field ledgers
ledger.inventory_balance,False,Inventory/manufacturing,Deferred/adjacent; no new BP surface,BP2-00,No direct BP app entity recommended; retain owning domain. Review a concrete field/workflow dependency before expansion.,declared,server/db/ddl/planes/neon/ledger/03_tables.sql:457,True,phase allocation and schema/domain classification; source consumers attached,none in inspected examples,none in current compiled activation,server/packages/planes/neon/src/register-finance.ts:134; server/packages/services/finance/src/inventory/kysely-inventory-repository.ts:45; server/packages/services/finance/src/inventory/kysely-inventory-repository.ts:49; server/packages/services/finance/src/inventory/kysely-inventory-repository.ts:57,artifact presence does not prove domain completeness; see core and field ledgers
ledger.inventory_valuation_layer,False,Inventory/manufacturing,Deferred/adjacent; no new BP surface,BP2-00,No direct BP app entity recommended; retain owning domain. Review a concrete field/workflow dependency before expansion.,declared,server/db/ddl/planes/neon/ledger/03_tables.sql:495,True,phase allocation and schema/domain classification; source consumers attached,none in inspected examples,none in current compiled activation,server/packages/planes/neon/src/register-finance.ts:133; server/packages/services/finance/src/inventory/kysely-inventory-repository.ts:26; server/packages/services/finance/src/inventory/kysely-inventory-repository.ts:31; server/packages/services/finance/src/inventory/kysely-inventory-repository.ts:36; server/packages/services/finance/src/inventory/kysely-inventory-repository.ts:54,artifact presence does not prove domain completeness; see core and field ledgers
ledger.tax_calculation,False,Finance/treasury/tax,Deferred/adjacent; no new BP surface,BP2-00,No direct BP app entity recommended; retain owning domain. Review a concrete field/workflow dependency before expansion.,declared,server/db/ddl/planes/neon/ledger/03_tables.sql:537,True,phase allocation and schema/domain classification; source consumers attached,none in inspected examples,none in current compiled activation,server/packages/services/finance/src/tax/kysely-tax-repositories.ts:10; server/packages/services/finance/src/tax/kysely-tax-repositories.ts:7; server/packages/services/finance/src/tax/kysely-tax-repositories.ts:8; server/packages/services/finance/src/tax/tax-calculation-service.ts:30; server/packages/services/finance/src/tax/tax-calculation-service.ts:95,artifact presence does not prove domain completeness; see core and field ledgers
ledger.tax_credit_movement,False,Finance/treasury/tax,Deferred/adjacent; no new BP surface,BP2-00,No direct BP app entity recommended; retain owning domain. Review a concrete field/workflow dependency before expansion.,declared,server/db/ddl/planes/neon/ledger/03_tables.sql:612,True,phase allocation and schema/domain classification; source consumers attached,none in inspected examples,none in current compiled activation,server/packages/planes/neon/src/register-finance.ts:138; server/packages/services/finance/src/tax/kysely-tax-repositories.ts:14; server/packages/services/finance/src/tax/kysely-tax-repositories.ts:15; server/packages/services/finance/src/tax/kysely-tax-repositories.ts:16; server/packages/services/finance/src/tax/kysely-tax-repositories.ts:17; server/packages/services/finance/src/tax/kysely-tax-repositories.ts:18; server/packages/services/finance/src/tax/tax-credit-service.ts:26,artifact presence does not prove domain completeness; see core and field ledgers
ledger.asset_revaluation_reserve,False,Finance/treasury/tax,Deferred/adjacent; no new BP surface,BP2-00,No direct BP app entity recommended; retain owning domain. Review a concrete field/workflow dependency before expansion.,declared,server/db/ddl/planes/neon/ledger/03_tables.sql:643,True,phase allocation and schema/domain classification; source consumers attached,none in inspected examples,none in current compiled activation,server/packages/planes/neon/src/register-finance.ts:147; server/packages/services/finance/src/closing/closing-services.ts:47; server/packages/services/finance/src/closing/kysely-closing-repositories.ts:14; server/packages/services/finance/src/closing/kysely-closing-repositories.ts:15; server/packages/services/finance/src/closing/kysely-closing-repositories.ts:16; server/packages/services/finance/src/closing/kysely-closing-repositories.ts:19,artifact presence does not prove domain completeness; see core and field ledgers
ledger.fx_revaluation_line,False,Finance/treasury/tax,Deferred/adjacent; no new BP surface,BP2-00,No direct BP app entity recommended; retain owning domain. Review a concrete field/workflow dependency before expansion.,declared,server/db/ddl/planes/neon/ledger/03_tables.sql:691,True,phase allocation and schema/domain classification; source consumers attached,none in inspected examples,none in current compiled activation,server/packages/planes/neon/src/register-finance.ts:144; server/packages/services/finance/src/closing/kysely-closing-repositories.ts:19; server/packages/services/finance/src/closing/kysely-closing-repositories.ts:6,artifact presence does not prove domain completeness; see core and field ledgers
ledger.ic_elimination_line,False,Finance/treasury/tax,Deferred/adjacent; no new BP surface,BP2-00,No direct BP app entity recommended; retain owning domain. Review a concrete field/workflow dependency before expansion.,declared,server/db/ddl/planes/neon/ledger/03_tables.sql:736,True,phase allocation and schema/domain classification; source consumers attached,none in inspected examples,none in current compiled activation,server/packages/planes/neon/src/register-finance.ts:146; server/packages/services/finance/src/closing/kysely-closing-repositories.ts:10; server/packages/services/finance/src/closing/kysely-closing-repositories.ts:19,artifact presence does not prove domain completeness; see core and field ledgers
authz.permission,False,Identity and authorization,internal infrastructure; no BP CRUD,BP2-00,No direct BP app entity recommended; retain owning domain. Review a concrete field/workflow dependency before expansion.,declared,server/db/ddl/common/authz/03_tables.sql:5,True,phase allocation and schema/domain classification; source consumers attached,none in inspected examples,none in current compiled activation,server/apps/platform-host/src/composition/business-partner-authorization-deployment.ts:275; server/apps/platform-host/src/composition/local-graph-preview.ts:110; server/apps/platform-host/src/composition/mesh-exchange-readiness.ts:34; server/apps/platform-host/src/composition/register-services.ts:1237; server/apps/platform-host/src/composition/register-services.ts:2229; server/apps/platform-host/src/composition/register-services.ts:2317; server/apps/platform-host/src/composition/register-services.ts:2450; server/apps/platform-host/src/composition/register-services.ts:2535; server/apps/platform-host/src/composition/register-services.ts:4499; server/apps/platform-host/src/composition/register-services.ts:4609; server/apps/platform-host/src/composition/register-services.ts:4730; server/apps/platform-host/src/composition/register-services.ts:7368; server/db/scripts/checks/ddl/three-plane-model.ts:150; server/db/scripts/checks/ddl/three-plane-model.ts:152; server/db/scripts/checks/seeds/authorization-release-gates.ts:318; server/db/scripts/checks/seeds/authorization-release-gates.ts:319; server/db/scripts/checks/seeds/authorization-release-gates.ts:367; server/db/scripts/checks/seeds/authorization-release-live.ts:20; server/db/scripts/operations/authorization/reset-authorization-clean-slate.ts:120; server/db/scripts/operations/authorization/reset-authorization-clean-slate.ts:51; server/db/scripts/operations/authorization/reset-authorization-clean-slate.ts:83; server/db/scripts/operations/studio/provision-meta-entity-authority.ts:148; server/db/scripts/operations/studio/provision-meta-entity-authority.ts:154; server/db/scripts/operations/studio/provision-meta-entity-authority.ts:169; server/db/scripts/provisioning/authorization-pack-applicator.ts:607; server/db/scripts/provisioning/authorization-pack-applicator.ts:617; server/db/scripts/provisioning/authorization-pack-applicator.ts:618; server/db/scripts/provisioning/authorization-pack-applicator.ts:619; server/db/scripts/provisioning/authorization-pack-applicator.ts:629; server/db/scripts/provisioning/authorization-pack-applicator.ts:634; server/db/scripts/provisioning/authorization-pack-applicator.ts:659; server/db/scripts/provisioning/authorization-pack-applicator.ts:676; server/db/scripts/provisioning/authorization-pack-applicator.ts:684; server/db/scripts/provisioning/authorization-pack-applicator.ts:704; server/db/scripts/provisioning/provision-business-partner-r2-fixtures.ts:320; server/db/scripts/provisioning/provision-business-partner-r3-applicant.ts:73; server/db/scripts/provisioning/provision-business-partner-r3-applicant.ts:89; server/db/scripts/provisioning/provision-cirrusatlantic-demo-authorization.ts:115; server/db/scripts/provisioning/provision-cirrusatlantic-demo-authorization.ts:137; server/db/scripts/provisioning/provision-cirrusatlantic-demo-authorization.ts:173; server/db/scripts/provisioning/provision-cirrusatlantic-demo-authorization.ts:217; server/db/scripts/provisioning/provision-cirrusatlantic-demo-authorization.ts:277; server/db/scripts/provisioning/provision-cirrusatlantic-demo-authorization.ts:389; server/db/scripts/provisioning/provision-cirrusatlantic-demo-authorization.ts:403; server/db/scripts/provisioning/provision-cirrusatlantic-demo-authorization.ts:429; server/db/scripts/provisioning/provision-cirrusatlantic-demo-authorization.ts:448; server/db/scripts/provisioning/provision-cirrusatlantic-demo-authorization.ts:466; server/db/scripts/provisioning/provision-development-business-partner-runtime.ts:341; server/db/scripts/provisioning/provision-development-business-partner-runtime.ts:342; server/db/scripts/provisioning/provision-development-business-partner-runtime.ts:343; server/db/scripts/provisioning/provision-development-business-partner-runtime.ts:344; server/db/scripts/provisioning/provision-development-business-partner-runtime.ts:345; server/db/scripts/provisioning/provision-development-business-partner-runtime.ts:346; server/db/scripts/provisioning/provision-development-northwind-mesh-fixture.ts:267; server/db/scripts/provisioning/provision-development-phase1-list-runtimes.ts:100; server/db/scripts/provisioning/provision-development-phase1-list-runtimes.ts:99; server/db/scripts/provisioning/provision-three-tenant-demo-authorization.ts:128; server/db/scripts/provisioning/provision-three-tenant-demo-authorization.ts:130; server/db/scripts/provisioning/provision-three-tenant-demo-authorization.ts:131; server/db/scripts/provisioning/provision-three-tenant-demo-authorization.ts:133; server/db/scripts/provisioning/provision-three-tenant-demo-authorization.ts:138; server/db/scripts/provisioning/provision-three-tenant-demo-authorization.ts:145; server/db/scripts/provisioning/publish-development-list-experience.ts:343; server/db/scripts/provisioning/publish-development-list-experience.ts:522; server/db/scripts/seed/build-blueprint-packs.ts:27; server/db/scripts/seed/build-blueprint-packs.ts:28; server/db/scripts/seed/compile-neon-authorization-inventory.ts:190; server/db/scripts/tests/integration/ci-integrity.ts:188; server/packages/adapters/experience-postgres/src/index.ts:225; server/packages/platform/iam/src/kysely-permission-resolver.ts:123; server/packages/platform/iam/src/kysely-permission-resolver.ts:136; server/packages/platform/iam/src/kysely-permission-resolver.ts:202; server/packages/platform/iam/src/kysely-permission-resolver.ts:212; server/packages/platform/iam/src/kysely-permission-resolver.ts:223; server/packages/platform/iam/src/kysely-permission-resolver.ts:250; server/packages/platform/iam/src/kysely-permission-resolver.ts:514; server/packages/platform/workflow/src/sla-automation.ts:14; server/packages/services/content/src/kysely-content-acl.ts:26; server/packages/services/content/src/kysely-content-acl.ts:51; server/packages/services/content/src/kysely-content-acl.ts:70,artifact presence does not prove domain completeness; see core and field ledgers
authz.permission_scope_kind,False,Identity and authorization,internal infrastructure; no BP CRUD,BP2-00,No direct BP app entity recommended; retain owning domain. Review a concrete field/workflow dependency before expansion.,declared,server/db/ddl/common/authz/03_tables.sql:40,True,phase allocation and schema/domain classification; source consumers attached,none in inspected examples,none in current compiled activation,server/apps/platform-host/src/composition/business-partner-authorization-deployment.ts:276; server/apps/platform-host/src/composition/local-graph-preview.ts:110; server/apps/platform-host/src/composition/register-services.ts:1237; server/apps/platform-host/src/composition/register-services.ts:7369; server/db/scripts/checks/seeds/authorization-release-live.ts:20; server/db/scripts/operations/authorization/reset-authorization-clean-slate.ts:52; server/db/scripts/operations/authorization/reset-authorization-clean-slate.ts:82; server/db/scripts/provisioning/authorization-pack-applicator.ts:657; server/db/scripts/provisioning/authorization-pack-applicator.ts:671; server/db/scripts/provisioning/authorization-pack-applicator.ts:680; server/db/scripts/provisioning/authorization-pack-applicator.ts:688; server/db/scripts/provisioning/provision-cirrusatlantic-demo-authorization.ts:272; server/db/scripts/provisioning/provision-three-tenant-demo-authorization.ts:146; server/db/scripts/tests/integration/ci-integrity.ts:189; server/packages/platform/iam/src/kysely-permission-resolver.ts:125; server/packages/platform/iam/src/kysely-permission-resolver.ts:138; server/packages/platform/iam/src/kysely-permission-resolver.ts:214,artifact presence does not prove domain completeness; see core and field ledgers
authz.plane_membership,False,Identity and authorization,internal infrastructure; no BP CRUD,BP2-00,No direct BP app entity recommended; retain owning domain. Review a concrete field/workflow dependency before expansion.,declared,server/db/ddl/common/authz/03_tables.sql:61,True,phase allocation and schema/domain classification; source consumers attached,none in inspected examples,none in current compiled activation,server/apps/platform-host/src/composition/business-partner-authorization-deployment.ts:274; server/apps/platform-host/src/composition/register-platform.ts:1365; server/db/scripts/checks/security/three-plane-authorization-rls.ts:11; server/db/scripts/checks/security/three-plane-authorization-rls.ts:26; server/db/scripts/checks/seeds/authorization-release-live.ts:21; server/db/scripts/operations/studio/provision-meta-entity-authority.ts:215; server/db/scripts/operations/studio/provision-meta-entity-authority.ts:223; server/db/scripts/provisioning/authorization-pack-applicator.ts:366; server/db/scripts/provisioning/authorization-pack-applicator.ts:829; server/db/scripts/provisioning/authorization-pack-applicator.ts:836; server/db/scripts/provisioning/authorization-pack-applicator.ts:842; server/db/scripts/provisioning/authorization-pack-applicator.ts:886; server/db/scripts/provisioning/provision-business-partner-r3-applicant.ts:52; server/db/scripts/provisioning/provision-cirrusatlantic-demo-authorization.ts:314; server/db/scripts/provisioning/provision-three-tenant-demo-authorization.ts:237; server/db/scripts/provisioning/verify-three-plane-contexts.ts:52; server/packages/adapters/experience-postgres/src/index.ts:88; server/packages/adapters/experience-postgres/src/index.ts:92; server/packages/platform/iam/src/kysely-identity-saga.ts:338; server/packages/platform/iam/src/kysely-identity-saga.ts:343; server/packages/platform/iam/src/kysely-identity-saga.ts:347; server/packages/platform/iam/src/kysely-identity-saga.ts:398; server/packages/platform/iam/src/kysely-permission-resolver.ts:146; server/packages/platform/iam/src/kysely-permission-resolver.ts:77,artifact presence does not prove domain completeness; see core and field ledgers
authz.scope_target,False,Identity and authorization,internal infrastructure; no BP CRUD,BP2-00,No direct BP app entity recommended; retain owning domain. Review a concrete field/workflow dependency before expansion.,declared,server/db/ddl/common/authz/03_tables.sql:98,True,phase allocation and schema/domain classification; source consumers attached,none in inspected examples,none in current compiled activation,server/apps/platform-host/src/composition/business-partner-authorization-deployment.ts:278; server/db/scripts/checks/security/three-plane-authorization-rls.ts:12; server/db/scripts/checks/security/three-plane-authorization-rls.ts:27; server/db/scripts/checks/seeds/authorization-release-live.ts:21; server/db/scripts/operations/authorization/repair-projection-owner-read-grants.ts:35; server/db/scripts/operations/authorization/repair-projection-owner-read-grants.ts:41; server/db/scripts/operations/authorization/repair-projection-owner-read-grants.ts:47; server/db/scripts/operations/studio/provision-meta-entity-authority.ts:107; server/db/scripts/provisioning/authorization-pack-applicator.ts:244; server/db/scripts/provisioning/authorization-pack-applicator.ts:441; server/db/scripts/provisioning/authorization-pack-applicator.ts:447; server/db/scripts/provisioning/authorization-pack-applicator.ts:856; server/db/scripts/provisioning/authorization-pack-applicator.ts:861; server/db/scripts/provisioning/authorization-pack-applicator.ts:866; server/db/scripts/provisioning/neon-scenario-foundation.ts:265; server/db/scripts/provisioning/neon-scenario-foundation.ts:268; server/db/scripts/provisioning/neon-scenario-foundation.ts:274; server/db/scripts/provisioning/neon-scenario-foundation.ts:283; server/db/scripts/provisioning/neon-scenario-foundation.ts:290; server/db/scripts/provisioning/provision-business-partner-r2-fixtures.ts:279; server/db/scripts/provisioning/provision-business-partner-r2-fixtures.ts:281; server/db/scripts/provisioning/provision-business-partner-r2-fixtures.ts:287; server/db/scripts/provisioning/provision-business-partner-r2-fixtures.ts:298; server/db/scripts/provisioning/provision-business-partner-r3-applicant.ts:83; server/db/scripts/provisioning/provision-cirrusatlantic-demo-authorization.ts:293; server/db/scripts/provisioning/provision-cirrusatlantic-demo-authorization.ts:297; server/db/scripts/provisioning/provision-cirrusatlantic-demo-authorization.ts:298; server/db/scripts/provisioning/provision-cirrusatlantic-demo-authorization.ts:390; server/db/scripts/provisioning/provision-cirrusatlantic-demo-authorization.ts:404; server/db/scripts/provisioning/provision-cirrusatlantic-demo-authorization.ts:430; server/db/scripts/provisioning/provision-cirrusatlantic-demo-authorization.ts:449; server/db/scripts/provisioning/provision-cirrusatlantic-demo-authorization.ts:467; server/db/scripts/provisioning/provision-cirrusatlantic-demo-authorization.ts:477; server/db/scripts/provisioning/provision-cirrusatlantic-demo-authorization.ts:94; server/db/scripts/provisioning/provision-cirrusatlantic-demo-authorization.ts:98; server/db/scripts/provisioning/provision-development-business-partner-runtime.ts:452; server/db/scripts/provisioning/provision-development-business-partner-runtime.ts:465; server/db/scripts/provisioning/provision-development-northwind-mesh-fixture.ts:190; server/db/scripts/provisioning/provision-development-northwind-mesh-fixture.ts:279; server/db/scripts/provisioning/provision-development-northwind-mesh-fixture.ts:284; server/db/scripts/provisioning/provision-three-tenant-demo-authorization.ts:195; server/db/scripts/provisioning/provision-three-tenant-demo-authorization.ts:199; server/db/scripts/provisioning/provision-three-tenant-demo-authorization.ts:209; server/db/scripts/provisioning/provision-three-tenant-demo-authorization.ts:212; server/db/scripts/provisioning/provision-three-tenant-demo-authorization.ts:250; server/packages/platform/iam/src/kysely-identity-saga.ts:354; server/packages/platform/iam/src/kysely-permission-resolver.ts:124; server/packages/platform/iam/src/kysely-permission-resolver.ts:130; server/packages/platform/iam/src/kysely-permission-resolver.ts:137; server/packages/platform/iam/src/kysely-permission-resolver.ts:203; server/packages/platform/iam/src/kysely-permission-resolver.ts:213; server/packages/platform/iam/src/kysely-permission-resolver.ts:225; server/packages/platform/iam/src/kysely-permission-resolver.ts:93; server/packages/platform/iam/src/kysely-permission-resolver.ts:98,artifact presence does not prove domain completeness; see core and field ledgers
authz.role,False,Identity and authorization,internal infrastructure; no BP CRUD,BP2-00,No direct BP app entity recommended; retain owning domain. Review a concrete field/workflow dependency before expansion.,declared,server/db/ddl/common/authz/03_tables.sql:146,True,phase allocation and schema/domain classification; source consumers attached,none in inspected examples,none in current compiled activation,server/apps/platform-host/src/composition/business-partner-authorization-deployment.ts:270; server/apps/platform-host/src/composition/task-rule-publication.ts:29; server/apps/platform-host/src/composition/task-rule-publication.ts:32; server/db/scripts/checks/security/three-plane-authorization-rls.ts:24; server/db/scripts/checks/security/three-plane-authorization-rls.ts:9; server/db/scripts/checks/seeds/authorization-release-gates.ts:319; server/db/scripts/checks/seeds/authorization-release-gates.ts:324; server/db/scripts/checks/seeds/authorization-release-gates.ts:365; server/db/scripts/checks/seeds/authorization-release-live.ts:20; server/db/scripts/operations/authorization/reset-authorization-clean-slate.ts:121; server/db/scripts/operations/authorization/reset-authorization-clean-slate.ts:53; server/db/scripts/operations/authorization/reset-authorization-clean-slate.ts:81; server/db/scripts/operations/studio/provision-meta-entity-authority.ts:123; server/db/scripts/operations/studio/provision-meta-entity-authority.ts:137; server/db/scripts/operations/studio/provision-meta-entity-authority.ts:162; server/db/scripts/provisioning/authorization-pack-applicator.ts:378; server/db/scripts/provisioning/authorization-pack-applicator.ts:722; server/db/scripts/provisioning/authorization-pack-applicator.ts:730; server/db/scripts/provisioning/authorization-pack-applicator.ts:739; server/db/scripts/provisioning/authorization-pack-applicator.ts:755; server/db/scripts/provisioning/provision-business-partner-r2-fixtures.ts:327; server/db/scripts/provisioning/provision-business-partner-r2-fixtures.ts:351; server/db/scripts/provisioning/provision-business-partner-r3-applicant.ts:67; server/db/scripts/provisioning/provision-business-partner-r3-applicant.ts:78; server/db/scripts/provisioning/provision-cirrusatlantic-demo-authorization.ts:110; server/db/scripts/provisioning/provision-cirrusatlantic-demo-authorization.ts:119; server/db/scripts/provisioning/provision-cirrusatlantic-demo-authorization.ts:125; server/db/scripts/provisioning/provision-cirrusatlantic-demo-authorization.ts:140; server/db/scripts/provisioning/provision-cirrusatlantic-demo-authorization.ts:144; server/db/scripts/provisioning/provision-cirrusatlantic-demo-authorization.ts:150; server/db/scripts/provisioning/provision-cirrusatlantic-demo-authorization.ts:168; server/db/scripts/provisioning/provision-cirrusatlantic-demo-authorization.ts:177; server/db/scripts/provisioning/provision-cirrusatlantic-demo-authorization.ts:185; server/db/scripts/provisioning/provision-cirrusatlantic-demo-authorization.ts:212; server/db/scripts/provisioning/provision-cirrusatlantic-demo-authorization.ts:221; server/db/scripts/provisioning/provision-cirrusatlantic-demo-authorization.ts:229; server/db/scripts/provisioning/provision-cirrusatlantic-demo-authorization.ts:326; server/db/scripts/provisioning/provision-cirrusatlantic-demo-authorization.ts:331; server/db/scripts/provisioning/provision-cirrusatlantic-demo-authorization.ts:334; server/db/scripts/provisioning/provision-cirrusatlantic-demo-authorization.ts:340; server/db/scripts/provisioning/provision-cirrusatlantic-demo-authorization.ts:401; server/db/scripts/provisioning/provision-cirrusatlantic-demo-authorization.ts:427; server/db/scripts/provisioning/provision-cirrusatlantic-demo-authorization.ts:446; server/db/scripts/provisioning/provision-cirrusatlantic-demo-authorization.ts:464; server/db/scripts/provisioning/provision-development-business-partner-runtime.ts:440; server/db/scripts/provisioning/provision-development-business-partner-runtime.ts:447; server/db/scripts/provisioning/provision-development-business-partner-runtime.ts:448; server/db/scripts/provisioning/provision-development-business-partner-runtime.ts:449; server/db/scripts/provisioning/provision-development-business-partner-runtime.ts:451; server/db/scripts/provisioning/provision-development-business-partner-runtime.ts:452; server/db/scripts/provisioning/provision-development-business-partner-runtime.ts:459; server/db/scripts/provisioning/provision-development-business-partner-runtime.ts:460; server/db/scripts/provisioning/provision-development-business-partner-runtime.ts:461; server/db/scripts/provisioning/provision-development-business-partner-runtime.ts:464; server/db/scripts/provisioning/provision-development-business-partner-runtime.ts:465; server/db/scripts/provisioning/provision-development-northwind-mesh-fixture.ts:261; server/db/scripts/provisioning/provision-development-northwind-mesh-fixture.ts:266; server/db/scripts/provisioning/provision-development-northwind-mesh-fixture.ts:273; server/db/scripts/provisioning/provision-three-tenant-demo-authorization.ts:219; server/db/scripts/provisioning/provision-three-tenant-demo-authorization.ts:222; server/db/scripts/provisioning/provision-three-tenant-demo-authorization.ts:224; server/db/scripts/provisioning/provision-three-tenant-demo-authorization.ts:231; server/packages/platform/control-admin/src/kysely-authorization-management-repository.ts:198; server/packages/platform/iam/src/kysely-identity-saga.ts:354; server/packages/platform/iam/src/kysely-permission-resolver.ts:121; server/packages/platform/iam/src/kysely-permission-resolver.ts:163,artifact presence does not prove domain completeness; see core and field ledgers
authz.role_permission,False,Identity and authorization,internal infrastructure; no BP CRUD,BP2-00,No direct BP app entity recommended; retain owning domain. Review a concrete field/workflow dependency before expansion.,declared,server/db/ddl/common/authz/03_tables.sql:192,True,phase allocation and schema/domain classification; source consumers attached,none in inspected examples,none in current compiled activation,server/apps/platform-host/src/composition/business-partner-authorization-deployment.ts:271; server/db/scripts/checks/seeds/authorization-release-gates.ts:319; server/db/scripts/checks/seeds/authorization-release-gates.ts:325; server/db/scripts/checks/seeds/authorization-release-gates.ts:366; server/db/scripts/checks/seeds/authorization-release-live.ts:20; server/db/scripts/operations/authorization/reset-authorization-clean-slate.ts:122; server/db/scripts/operations/authorization/reset-authorization-clean-slate.ts:54; server/db/scripts/operations/authorization/reset-authorization-clean-slate.ts:80; server/db/scripts/operations/studio/provision-meta-entity-authority.ts:145; server/db/scripts/operations/studio/provision-meta-entity-authority.ts:154; server/db/scripts/operations/studio/provision-meta-entity-authority.ts:168; server/db/scripts/provisioning/authorization-pack-applicator.ts:720; server/db/scripts/provisioning/authorization-pack-applicator.ts:744; server/db/scripts/provisioning/authorization-pack-applicator.ts:750; server/db/scripts/provisioning/provision-business-partner-r2-fixtures.ts:319; server/db/scripts/provisioning/provision-business-partner-r2-fixtures.ts:340; server/db/scripts/provisioning/provision-business-partner-r2-fixtures.ts:341; server/db/scripts/provisioning/provision-business-partner-r3-applicant.ts:72; server/db/scripts/provisioning/provision-business-partner-r3-applicant.ts:73; server/db/scripts/provisioning/provision-business-partner-r3-applicant.ts:89; server/db/scripts/provisioning/provision-cirrusatlantic-demo-authorization.ts:121; server/db/scripts/provisioning/provision-cirrusatlantic-demo-authorization.ts:146; server/db/scripts/provisioning/provision-cirrusatlantic-demo-authorization.ts:180; server/db/scripts/provisioning/provision-cirrusatlantic-demo-authorization.ts:224; server/db/scripts/provisioning/provision-cirrusatlantic-demo-authorization.ts:336; server/db/scripts/provisioning/provision-cirrusatlantic-demo-authorization.ts:388; server/db/scripts/provisioning/provision-cirrusatlantic-demo-authorization.ts:402; server/db/scripts/provisioning/provision-cirrusatlantic-demo-authorization.ts:428; server/db/scripts/provisioning/provision-cirrusatlantic-demo-authorization.ts:447; server/db/scripts/provisioning/provision-cirrusatlantic-demo-authorization.ts:465; server/db/scripts/provisioning/provision-development-business-partner-runtime.ts:450; server/db/scripts/provisioning/provision-development-business-partner-runtime.ts:462; server/db/scripts/provisioning/provision-development-business-partner-runtime.ts:463; server/db/scripts/provisioning/provision-development-northwind-mesh-fixture.ts:270; server/db/scripts/provisioning/provision-three-tenant-demo-authorization.ts:225; server/db/scripts/provisioning/provision-three-tenant-demo-authorization.ts:228; server/packages/platform/iam/src/kysely-permission-resolver.ts:122; server/packages/platform/iam/src/kysely-permission-resolver.ts:166,artifact presence does not prove domain completeness; see core and field ledgers
authz.principal_group,False,Identity and authorization,internal infrastructure; no BP CRUD,BP2-00,No direct BP app entity recommended; retain owning domain. Review a concrete field/workflow dependency before expansion.,declared,server/db/ddl/common/authz/03_tables.sql:212,True,phase allocation and schema/domain classification; source consumers attached,none in inspected examples,none in current compiled activation,server/apps/platform-host/src/composition/business-partner-authorization-deployment.ts:277; server/db/scripts/checks/security/three-plane-authorization-rls.ts:10; server/db/scripts/checks/security/three-plane-authorization-rls.ts:25; server/db/scripts/checks/seeds/authorization-release-live.ts:21; server/db/scripts/operations/authorization/reset-authorization-clean-slate.ts:123; server/db/scripts/operations/authorization/reset-authorization-clean-slate.ts:124; server/db/scripts/operations/authorization/reset-authorization-clean-slate.ts:55; server/db/scripts/operations/authorization/reset-authorization-clean-slate.ts:79; server/db/scripts/operations/studio/provision-meta-entity-authority.ts:179; server/db/scripts/provisioning/authorization-pack-applicator.ts:126; server/db/scripts/provisioning/authorization-pack-applicator.ts:135; server/db/scripts/provisioning/authorization-pack-applicator.ts:140; server/db/scripts/provisioning/authorization-pack-applicator.ts:372; server/db/scripts/provisioning/provision-business-partner-r3-applicant.ts:57; server/db/scripts/provisioning/provision-cirrusatlantic-demo-authorization.ts:106; server/db/scripts/provisioning/provision-cirrusatlantic-demo-authorization.ts:133; server/db/scripts/provisioning/provision-cirrusatlantic-demo-authorization.ts:164; server/db/scripts/provisioning/provision-cirrusatlantic-demo-authorization.ts:208; server/db/scripts/provisioning/provision-cirrusatlantic-demo-authorization.ts:347; server/db/scripts/provisioning/provision-cirrusatlantic-demo-authorization.ts:352; server/db/scripts/provisioning/provision-development-northwind-mesh-fixture.ts:221; server/db/scripts/provisioning/provision-development-northwind-mesh-fixture.ts:227; server/db/scripts/provisioning/provision-development-northwind-mesh-fixture.ts:231; server/db/scripts/provisioning/provision-three-tenant-demo-authorization.ts:242; server/packages/platform/iam/src/kysely-identity-saga.ts:354; server/packages/platform/iam/src/kysely-permission-resolver.ts:104; server/packages/platform/iam/src/kysely-permission-resolver.ts:156,artifact presence does not prove domain completeness; see core and field ledgers
authz.group_member,False,Identity and authorization,internal infrastructure; no BP CRUD,BP2-00,No direct BP app entity recommended; retain owning domain. Review a concrete field/workflow dependency before expansion.,declared,server/db/ddl/common/authz/03_tables.sql:269,True,phase allocation and schema/domain classification; source consumers attached,none in inspected examples,none in current compiled activation,server/apps/platform-host/src/composition/business-partner-authorization-deployment.ts:272; server/db/scripts/checks/security/three-plane-authorization-rls.ts:13; server/db/scripts/checks/security/three-plane-authorization-rls.ts:28; server/db/scripts/checks/seeds/authorization-release-gates.ts:362; server/db/scripts/checks/seeds/authorization-release-live.ts:21; server/db/scripts/operations/authorization/reset-authorization-clean-slate.ts:56; server/db/scripts/operations/authorization/reset-authorization-clean-slate.ts:78; server/db/scripts/operations/studio/provision-meta-entity-authority.ts:205; server/db/scripts/operations/studio/provision-meta-entity-authority.ts:228; server/db/scripts/operations/studio/provision-meta-entity-authority.ts:235; server/db/scripts/provisioning/authorization-pack-applicator.ts:167; server/db/scripts/provisioning/authorization-pack-applicator.ts:174; server/db/scripts/provisioning/authorization-pack-applicator.ts:179; server/db/scripts/provisioning/authorization-pack-applicator.ts:360; server/db/scripts/provisioning/provision-business-partner-r2-fixtures.ts:299; server/db/scripts/provisioning/provision-business-partner-r3-applicant.ts:62; server/db/scripts/provisioning/provision-business-partner-r3-applicant.ts:88; server/db/scripts/provisioning/provision-cirrusatlantic-demo-authorization.ts:361; server/db/scripts/provisioning/provision-cirrusatlantic-demo-authorization.ts:364; server/db/scripts/provisioning/provision-cirrusatlantic-demo-authorization.ts:365; server/db/scripts/provisioning/provision-cirrusatlantic-demo-authorization.ts:385; server/db/scripts/provisioning/provision-cirrusatlantic-demo-authorization.ts:398; server/db/scripts/provisioning/provision-cirrusatlantic-demo-authorization.ts:424; server/db/scripts/provisioning/provision-cirrusatlantic-demo-authorization.ts:443; server/db/scripts/provisioning/provision-cirrusatlantic-demo-authorization.ts:461; server/db/scripts/provisioning/provision-development-business-partner-runtime.ts:465; server/db/scripts/provisioning/provision-development-northwind-mesh-fixture.ts:238; server/db/scripts/provisioning/provision-three-tenant-demo-authorization.ts:245; server/packages/platform/iam/src/kysely-identity-saga.ts:363; server/packages/platform/iam/src/kysely-identity-saga.ts:368; server/packages/platform/iam/src/kysely-identity-saga.ts:372; server/packages/platform/iam/src/kysely-identity-saga.ts:395; server/packages/platform/iam/src/kysely-permission-resolver.ts:103; server/packages/platform/iam/src/kysely-permission-resolver.ts:155; server/packages/platform/iam/src/kysely-permission-resolver.ts:187; server/packages/services/content/src/kysely-content-subjects.ts:2,artifact presence does not prove domain completeness; see core and field ledgers
authz.group_role,False,Identity and authorization,internal infrastructure; no BP CRUD,BP2-00,No direct BP app entity recommended; retain owning domain. Review a concrete field/workflow dependency before expansion.,declared,server/db/ddl/common/authz/03_tables.sql:301,True,phase allocation and schema/domain classification; source consumers attached,none in inspected examples,none in current compiled activation,server/apps/platform-host/src/composition/business-partner-authorization-deployment.ts:273; server/db/scripts/checks/security/three-plane-authorization-rls.ts:14; server/db/scripts/checks/security/three-plane-authorization-rls.ts:29; server/db/scripts/checks/seeds/authorization-release-gates.ts:326; server/db/scripts/checks/seeds/authorization-release-gates.ts:364; server/db/scripts/checks/seeds/authorization-release-live.ts:21; server/db/scripts/operations/authorization/reset-authorization-clean-slate.ts:125; server/db/scripts/operations/authorization/reset-authorization-clean-slate.ts:57; server/db/scripts/operations/authorization/reset-authorization-clean-slate.ts:77; server/db/scripts/operations/studio/provision-meta-entity-authority.ts:193; server/db/scripts/provisioning/authorization-pack-applicator.ts:206; server/db/scripts/provisioning/authorization-pack-applicator.ts:213; server/db/scripts/provisioning/authorization-pack-applicator.ts:218; server/db/scripts/provisioning/authorization-pack-applicator.ts:354; server/db/scripts/provisioning/provision-business-partner-r2-fixtures.ts:298; server/db/scripts/provisioning/provision-business-partner-r2-fixtures.ts:355; server/db/scripts/provisioning/provision-business-partner-r3-applicant.ts:82; server/db/scripts/provisioning/provision-business-partner-r3-applicant.ts:88; server/db/scripts/provisioning/provision-cirrusatlantic-demo-authorization.ts:372; server/db/scripts/provisioning/provision-cirrusatlantic-demo-authorization.ts:375; server/db/scripts/provisioning/provision-cirrusatlantic-demo-authorization.ts:376; server/db/scripts/provisioning/provision-cirrusatlantic-demo-authorization.ts:377; server/db/scripts/provisioning/provision-cirrusatlantic-demo-authorization.ts:387; server/db/scripts/provisioning/provision-cirrusatlantic-demo-authorization.ts:400; server/db/scripts/provisioning/provision-cirrusatlantic-demo-authorization.ts:426; server/db/scripts/provisioning/provision-cirrusatlantic-demo-authorization.ts:445; server/db/scripts/provisioning/provision-cirrusatlantic-demo-authorization.ts:463; server/db/scripts/provisioning/provision-development-business-partner-runtime.ts:452; server/db/scripts/provisioning/provision-development-business-partner-runtime.ts:455; server/db/scripts/provisioning/provision-development-business-partner-runtime.ts:465; server/db/scripts/provisioning/provision-development-business-partner-runtime.ts:468; server/db/scripts/provisioning/provision-development-northwind-mesh-fixture.ts:251; server/db/scripts/provisioning/provision-three-tenant-demo-authorization.ts:253; server/packages/platform/iam/src/kysely-identity-saga.ts:354; server/packages/platform/iam/src/kysely-permission-resolver.ts:117; server/packages/platform/iam/src/kysely-permission-resolver.ts:159,artifact presence does not prove domain completeness; see core and field ledgers
authz.deny_rule,False,Identity and authorization,internal infrastructure; no BP CRUD,BP2-00,No direct BP app entity recommended; retain owning domain. Review a concrete field/workflow dependency before expansion.,declared,server/db/ddl/common/authz/03_tables.sql:337,True,phase allocation and schema/domain classification; source consumers attached,none in inspected examples,none in current compiled activation,server/apps/platform-host/src/composition/business-partner-authorization-deployment.ts:279; server/db/scripts/checks/seeds/authorization-release-gates.ts:327; server/db/scripts/operations/authorization/reset-authorization-clean-slate.ts:126; server/db/scripts/operations/authorization/reset-authorization-clean-slate.ts:58; server/db/scripts/operations/authorization/reset-authorization-clean-slate.ts:76; server/packages/platform/iam/src/kysely-permission-resolver.ts:178; server/packages/platform/iam/src/kysely-permission-resolver.ts:222,artifact presence does not prove domain completeness; see core and field ledgers
authz.delegation,False,Identity and authorization,internal infrastructure; no BP CRUD,BP2-00,No direct BP app entity recommended; retain owning domain. Review a concrete field/workflow dependency before expansion.,declared,server/db/ddl/common/authz/03_tables.sql:380,True,phase allocation and schema/domain classification; source consumers attached,none in inspected examples,none in current compiled activation,server/apps/platform-host/src/composition/business-partner-authorization-deployment.ts:280; server/db/scripts/checks/seeds/authorization-release-gates.ts:328; server/db/scripts/operations/authorization/reset-authorization-clean-slate.ts:126; server/db/scripts/operations/authorization/reset-authorization-clean-slate.ts:59; server/db/scripts/operations/authorization/reset-authorization-clean-slate.ts:75; server/packages/platform/iam/src/kysely-permission-resolver.ts:134; server/packages/platform/workflow/src/sla-automation.ts:14,artifact presence does not prove domain completeness; see core and field ledgers
authz.delegation_grant,False,Identity and authorization,internal infrastructure; no BP CRUD,BP2-00,No direct BP app entity recommended; retain owning domain. Review a concrete field/workflow dependency before expansion.,declared,server/db/ddl/common/authz/03_tables.sql:454,True,phase allocation and schema/domain classification; source consumers attached,none in inspected examples,none in current compiled activation,server/apps/platform-host/src/composition/business-partner-authorization-deployment.ts:281; server/db/scripts/checks/seeds/authorization-release-gates.ts:329; server/db/scripts/operations/authorization/reset-authorization-clean-slate.ts:60; server/db/scripts/operations/authorization/reset-authorization-clean-slate.ts:74; server/packages/platform/iam/src/kysely-permission-resolver.ts:135; server/packages/platform/workflow/src/sla-automation.ts:14,artifact presence does not prove domain completeness; see core and field ledgers
authz.override,False,Identity and authorization,internal infrastructure; no BP CRUD,BP2-00,No direct BP app entity recommended; retain owning domain. Review a concrete field/workflow dependency before expansion.,declared,server/db/ddl/common/authz/03_tables.sql:472,True,phase allocation and schema/domain classification; source consumers attached,none in inspected examples,none in current compiled activation,server/apps/platform-host/src/composition/business-partner-authorization-deployment.ts:282; server/db/scripts/checks/seeds/authorization-release-gates.ts:330; server/db/scripts/operations/authorization/reset-authorization-clean-slate.ts:127; server/db/scripts/operations/authorization/reset-authorization-clean-slate.ts:61; server/db/scripts/operations/authorization/reset-authorization-clean-slate.ts:73; server/packages/platform/control-admin/src/kysely-authorization-management-repository.ts:166; server/packages/platform/iam/src/kysely-permission-resolver.ts:211,artifact presence does not prove domain completeness; see core and field ledgers
authz.record_acl,False,Identity and authorization,internal infrastructure; no BP CRUD,BP2-00,No direct BP app entity recommended; retain owning domain. Review a concrete field/workflow dependency before expansion.,declared,server/db/ddl/common/authz/03_tables.sql:537,True,phase allocation and schema/domain classification; source consumers attached,none in inspected examples,none in current compiled activation,server/apps/platform-host/src/composition/business-partner-authorization-deployment.ts:283; server/db/scripts/checks/seeds/authorization-release-gates.ts:331; server/db/scripts/operations/authorization/reset-authorization-clean-slate.ts:127; server/db/scripts/operations/authorization/reset-authorization-clean-slate.ts:62; server/db/scripts/operations/authorization/reset-authorization-clean-slate.ts:72; server/packages/platform/iam/src/kysely-permission-resolver.ts:201; server/packages/services/content/src/kysely-content-acl.ts:17; server/packages/services/content/src/kysely-content-acl.ts:25; server/packages/services/content/src/kysely-content-acl.ts:51; server/packages/services/content/src/kysely-content-acl.ts:61; server/packages/services/content/src/kysely-content-acl.ts:85,artifact presence does not prove domain completeness; see core and field ledgers
authz.trusted_device,False,Identity and authorization,internal infrastructure; no BP CRUD,BP2-00,No direct BP app entity recommended; retain owning domain. Review a concrete field/workflow dependency before expansion.,declared,server/db/ddl/common/authz/03_tables.sql:603,True,phase allocation and schema/domain classification; source consumers attached,none in inspected examples,none in current compiled activation,server/apps/platform-host/src/composition/register-platform.ts:1041; server/apps/platform-host/src/composition/register-platform.ts:1057; server/apps/platform-host/src/composition/register-platform.ts:1162,artifact presence does not prove domain completeness; see core and field ledgers
authz.application_projection,False,Identity and authorization,internal infrastructure; no BP CRUD,BP2-00,No direct BP app entity recommended; retain owning domain. Review a concrete field/workflow dependency before expansion.,declared,server/db/ddl/common/authz/03_tables.sql:662,True,phase allocation and schema/domain classification; source consumers attached,none in inspected examples,none in current compiled activation,server/db/scripts/checks/seeds/authorization-release-gates.ts:321; server/db/scripts/checks/seeds/authorization-release-gates.ts:341; server/db/scripts/checks/seeds/authorization-release-live.ts:33; server/db/scripts/checks/seeds/authorization-release-live.ts:41,artifact presence does not prove domain completeness; see core and field ledgers
authz.projection_provider,False,Identity and authorization,internal infrastructure; no BP CRUD,BP2-00,No direct BP app entity recommended; retain owning domain. Review a concrete field/workflow dependency before expansion.,declared,server/db/ddl/common/authz/03_tables.sql:682,True,phase allocation and schema/domain classification; source consumers attached,none in inspected examples,none in current compiled activation,server/db/scripts/checks/seeds/authorization-release-gates.ts:322; server/db/scripts/checks/seeds/authorization-release-gates.ts:341,artifact presence does not prove domain completeness; see core and field ledgers
authz.projection_scope,False,Identity and authorization,internal infrastructure; no BP CRUD,BP2-00,No direct BP app entity recommended; retain owning domain. Review a concrete field/workflow dependency before expansion.,declared,server/db/ddl/common/authz/03_tables.sql:693,True,phase allocation and schema/domain classification; source consumers attached,none in inspected examples,none in current compiled activation,server/db/scripts/checks/seeds/authorization-release-gates.ts:323; server/db/scripts/checks/seeds/authorization-release-gates.ts:341,artifact presence does not prove domain completeness; see core and field ledgers
authz.entity_operation_binding,False,Identity and authorization,internal infrastructure; no BP CRUD,BP2-00,No direct BP app entity recommended; retain owning domain. Review a concrete field/workflow dependency before expansion.,declared,server/db/ddl/common/authz/03_tables.sql:708,True,phase allocation and schema/domain classification; source consumers attached,none in inspected examples,none in current compiled activation,server/db/scripts/checks/seeds/authorization-release-gates.ts:320; server/db/scripts/checks/seeds/authorization-release-gates.ts:341; server/db/scripts/operations/authorization/manage-authorization-operation-activation.ts:15; server/db/scripts/operations/authorization/manage-authorization-operation-activation.ts:20; server/db/scripts/operations/authorization/reset-authorization-clean-slate.ts:128; server/db/scripts/operations/authorization/reset-authorization-clean-slate.ts:63; server/db/scripts/operations/authorization/reset-authorization-clean-slate.ts:71; server/packages/contracts/experience/src/neon-action-policy.ts:4; server/packages/platform/experience/src/neon-action-policy-registry.ts:5; server/packages/platform/iam/src/kysely-permission-resolver.ts:249,artifact presence does not prove domain completeness; see core and field ledgers
authz.entity_operation_scope_binding,False,Identity and authorization,internal infrastructure; no BP CRUD,BP2-00,No direct BP app entity recommended; retain owning domain. Review a concrete field/workflow dependency before expansion.,declared,server/db/ddl/common/authz/03_tables.sql:754,True,phase allocation and schema/domain classification; source consumers attached,none in inspected examples,none in current compiled activation,server/db/scripts/checks/ddl/three-plane-model.ts:180; server/db/scripts/checks/seeds/authorization-release-gates.ts:341; server/db/scripts/operations/authorization/reset-authorization-clean-slate.ts:64; server/db/scripts/operations/authorization/reset-authorization-clean-slate.ts:70; server/packages/platform/iam/src/kysely-permission-resolver.ts:251,artifact presence does not prove domain completeness; see core and field ledgers
event.comment_flag,False,Messaging and integration events,internal infrastructure; no BP CRUD,BP2-00,No direct BP app entity recommended; retain owning domain. Review a concrete field/workflow dependency before expansion.,declared,server/db/ddl/common/event/03_tables.sql:1,True,phase allocation and schema/domain classification; source consumers attached,none in inspected examples,none in current compiled activation,server/packages/platform/collaboration/src/kysely-collaboration-repository.ts:150; server/packages/platform/governance/src/repositories/kysely-governance-repository.ts:114; server/packages/platform/governance/src/repositories/kysely-governance-repository.ts:116,artifact presence does not prove domain completeness; see core and field ledgers
event.notification_message,False,Messaging and integration events,internal infrastructure; no BP CRUD,BP2-00,No direct BP app entity recommended; retain owning domain. Review a concrete field/workflow dependency before expansion.,declared,server/db/ddl/common/event/03_tables.sql:25,True,phase allocation and schema/domain classification; source consumers attached,none in inspected examples,none in current compiled activation,server/apps/platform-host/src/composition/local-verification-delivery.ts:16; server/apps/platform-host/src/composition/supplier-process-communications.ts:324; server/apps/platform-host/src/composition/supplier-process-tasks.ts:515; server/db/scripts/business-partner-360/collect-customer-downstream-evidence.ts:69; server/packages/platform/notifications/src/digest.ts:23; server/packages/platform/notifications/src/durable-delivery.ts:17; server/packages/platform/notifications/src/durable-delivery.ts:21; server/packages/platform/notifications/src/kysely-notification-repositories.ts:26; server/packages/platform/notifications/src/kysely-notification-repositories.ts:57; server/packages/platform/notifications/src/kysely-ses-delivery-event-repository.ts:131; server/packages/platform/notifications/src/kysely-ses-delivery-event-repository.ts:37; server/packages/platform/notifications/src/kysely-ses-delivery-event-repository.ts:56; server/packages/platform/notifications/src/kysely-webhook-repository.ts:171; server/packages/platform/notifications/src/kysely-webhook-repository.ts:35; server/packages/platform/notifications/src/notification-operations.ts:141; server/packages/platform/notifications/src/notification-operations.ts:171; server/packages/platform/notifications/src/notification-operations.ts:209; server/packages/platform/notifications/src/notification-planner.ts:37; server/packages/platform/notifications/src/notification-planner.ts:57,artifact presence does not prove domain completeness; see core and field ledgers
event.notification_delivery,False,Messaging and integration events,internal infrastructure; no BP CRUD,BP2-00,No direct BP app entity recommended; retain owning domain. Review a concrete field/workflow dependency before expansion.,declared,server/db/ddl/common/event/03_tables.sql:66,True,phase allocation and schema/domain classification; source consumers attached,none in inspected examples,none in current compiled activation,server/apps/platform-host/src/composition/local-verification-delivery.ts:18; server/apps/platform-host/src/composition/supplier-process-communications.ts:218; server/apps/platform-host/src/composition/supplier-process-communications.ts:324; server/apps/platform-host/src/composition/supplier-process-tasks.ts:515; server/db/scripts/business-partner-360/collect-customer-downstream-evidence.ts:69; server/packages/contracts/notifications/src/ses-events.ts:13; server/packages/platform/notifications/src/digest.ts:25; server/packages/platform/notifications/src/durable-delivery.ts:19; server/packages/platform/notifications/src/durable-delivery.ts:21; server/packages/platform/notifications/src/kysely-notification-repositories.ts:144; server/packages/platform/notifications/src/kysely-notification-repositories.ts:36; server/packages/platform/notifications/src/kysely-notification-repositories.ts:58; server/packages/platform/notifications/src/kysely-ses-delivery-event-repository.ts:100; server/packages/platform/notifications/src/kysely-ses-delivery-event-repository.ts:142; server/packages/platform/notifications/src/kysely-ses-delivery-event-repository.ts:36; server/packages/platform/notifications/src/kysely-ses-delivery-event-repository.ts:55; server/packages/platform/notifications/src/kysely-ses-delivery-event-repository.ts:82; server/packages/platform/notifications/src/kysely-webhook-repository.ts:104; server/packages/platform/notifications/src/kysely-webhook-repository.ts:119; server/packages/platform/notifications/src/kysely-webhook-repository.ts:18; server/packages/platform/notifications/src/kysely-webhook-repository.ts:186; server/packages/platform/notifications/src/kysely-webhook-repository.ts:55; server/packages/platform/notifications/src/notification-coordinator.ts:15; server/packages/platform/notifications/src/notification-operations.ts:141; server/packages/platform/notifications/src/notification-operations.ts:171; server/packages/platform/notifications/src/notification-operations.ts:206; server/packages/platform/notifications/src/notification-planner.ts:60,artifact presence does not prove domain completeness; see core and field ledgers
event.notification_provider_event,False,Messaging and integration events,internal infrastructure; no BP CRUD,BP2-00,No direct BP app entity recommended; retain owning domain. Review a concrete field/workflow dependency before expansion.,declared,server/db/ddl/common/event/03_tables.sql:112,True,phase allocation and schema/domain classification; source consumers attached,none in inspected examples,none in current compiled activation,server/packages/platform/notifications/src/kysely-ses-delivery-event-repository.ts:101; server/packages/platform/notifications/src/kysely-ses-delivery-event-repository.ts:69,artifact presence does not prove domain completeness; see core and field ledgers
event.notification_email_suppression,False,Messaging and integration events,internal infrastructure; no BP CRUD,BP2-00,No direct BP app entity recommended; retain owning domain. Review a concrete field/workflow dependency before expansion.,declared,server/db/ddl/common/event/03_tables.sql:141,True,phase allocation and schema/domain classification; source consumers attached,none in inspected examples,none in current compiled activation,server/packages/platform/notifications/src/kysely-ses-delivery-event-repository.ts:119; server/packages/platform/notifications/src/kysely-ses-delivery-event-repository.ts:94,artifact presence does not prove domain completeness; see core and field ledgers
event.notification_message_attachment,False,Messaging and integration events,internal infrastructure; no BP CRUD,BP2-00,No direct BP app entity recommended; retain owning domain. Review a concrete field/workflow dependency before expansion.,declared,server/db/ddl/common/event/03_tables.sql:167,True,phase allocation and schema/domain classification; source consumers attached,none in inspected examples,none in current compiled activation,server/packages/platform/notifications/src/durable-delivery.ts:18; server/packages/platform/notifications/src/notification-planner.ts:58,artifact presence does not prove domain completeness; see core and field ledgers
event.notification_inbox_state,False,Messaging and integration events,internal infrastructure; no BP CRUD,BP2-00,No direct BP app entity recommended; retain owning domain. Review a concrete field/workflow dependency before expansion.,declared,server/db/ddl/common/event/03_tables.sql:198,True,phase allocation and schema/domain classification; source consumers attached,none in inspected examples,none in current compiled activation,server/packages/adapters/cache-redis/src/redis-notification-event-bus.ts:6; server/packages/platform/notifications/src/durable-delivery.ts:19; server/packages/platform/notifications/src/kysely-notification-repositories.ts:43; server/packages/platform/notifications/src/kysely-notification-repositories.ts:56; server/packages/platform/notifications/src/kysely-notification-repositories.ts:68; server/packages/platform/notifications/src/kysely-notification-repositories.ts:72; server/packages/platform/notifications/src/kysely-notification-repositories.ts:81; server/packages/platform/notifications/src/kysely-notification-repositories.ts:84,artifact presence does not prove domain completeness; see core and field ledgers
event.outbox,False,Messaging and integration events,internal infrastructure; no BP CRUD,BP2-00,No direct BP app entity recommended; retain owning domain. Review a concrete field/workflow dependency before expansion.,declared,server/db/ddl/common/event/03_tables.sql:232,True,phase allocation and schema/domain classification; source consumers attached,none in inspected examples,none in current compiled activation,server/apps/platform-host/src/composition/register-platform.ts:1578; server/apps/platform-host/src/composition/register-platform.ts:1739; server/apps/platform-host/src/composition/register-platform.ts:664; server/apps/platform-host/src/composition/register-platform.ts:728; server/apps/platform-host/src/composition/register-services.ts:2812; server/apps/platform-host/src/composition/register-services.ts:7741; server/apps/platform-host/src/composition/supplier-process-communications.ts:387; server/apps/platform-host/src/composition/supplier-process-communications.ts:617; server/apps/platform-host/src/composition/supplier-process-communications.ts:619; server/apps/platform-host/src/composition/supplier-process-tasks.ts:294; server/apps/platform-host/src/composition/supplier-process-tasks.ts:735; server/apps/platform-host/src/composition/task-edit-policy-authoring.ts:94; server/apps/platform-host/src/monitoring/business-partner-metrics.ts:84; server/db/scripts/business-partner-360/collect-customer-downstream-evidence.ts:69; server/db/scripts/business-partner-360/collect-customer-downstream-evidence.ts:70; server/db/scripts/business-partner-360/run-business-partner-360-security-evidence.ts:14; server/db/scripts/business-partner-360/run-business-partner-360-security-evidence.ts:62; server/db/scripts/business-partner-360/run-business-partner-360-security-evidence.ts:77; server/db/scripts/business-partner-360/run-business-partner-s5-certification.ts:110; server/db/scripts/business-partner-360/run-business-partner-s5-certification.ts:199; server/db/scripts/tests/integration/business-partner-r6-delivery.ts:133; server/db/scripts/tests/integration/business-partner-r6-delivery.ts:163; server/db/scripts/tests/integration/business-partner-r6-delivery.ts:214; server/db/scripts/tests/integration/business-partner-r6-delivery.ts:231; server/db/scripts/tests/integration/customer-portal-source-probe.ts:62; server/db/scripts/tests/integration/customer-portal-source-probe.ts:90; server/packages/contracts/integration/src/index.ts:272; server/packages/planes/mesh/src/business-partner-delivery.ts:105; server/packages/planes/mesh/src/business-partner-delivery.ts:119; server/packages/planes/mesh/src/business-partner-delivery.ts:140; server/packages/planes/mesh/src/business-partner-delivery.ts:149; server/packages/planes/mesh/src/business-partner-delivery.ts:158; server/packages/planes/mesh/src/business-partner-delivery.ts:168; server/packages/planes/mesh/src/business-partner-delivery.ts:86; server/packages/planes/mesh/src/business-partner-delivery.ts:90; server/packages/planes/mesh/src/business-partner-delivery.ts:97; server/packages/planes/neon/src/register-finance.ts:119; server/packages/planes/studio/meta-entity-authoring/src/publication-adapter.ts:65; server/packages/platform/control-admin/src/control-repository-db.ts:98; server/packages/platform/control-admin/src/kysely-authorization-bindings.ts:61; server/packages/platform/control-admin/src/kysely-entitlement-repository.ts:197; server/packages/platform/control-admin/src/kysely-entitlement-repository.ts:34; server/packages/platform/control-admin/src/kysely-feature-flag-repository.ts:243; server/packages/platform/control-admin/src/kysely-feature-flag-repository.ts:32; server/packages/platform/control-admin/src/kysely-parameter-repository.ts:276; server/packages/platform/control-admin/src/kysely-parameter-repository.ts:29; server/packages/platform/governance/src/process-selection/kysely-process-document-intent.ts:45; server/packages/platform/iam/src/customer-portal-delivery.ts:280; server/packages/platform/iam/src/customer-portal-delivery.ts:289; server/packages/platform/iam/src/customer-portal-delivery.ts:312; server/packages/platform/iam/src/customer-portal-delivery.ts:357; server/packages/platform/iam/src/customer-portal-delivery.ts:363; server/packages/platform/iam/src/customer-portal-delivery.ts:372; server/packages/platform/iam/src/external-worker-identity-delivery.ts:54; server/packages/platform/iam/src/external-worker-identity-delivery.ts:56; server/packages/platform/iam/src/external-worker-identity-delivery.ts:66; server/packages/platform/iam/src/external-worker-identity-delivery.ts:81; server/packages/platform/iam/src/external-worker-identity-intent.ts:161; server/packages/platform/iam/src/kysely-identity-saga.ts:421; server/packages/platform/notifications/src/kysely-notification-preferences.ts:145; server/packages/platform/notifications/src/notification-operations.ts:182; server/packages/platform/notifications/src/notification-operations.ts:203; server/packages/platform/notifications/src/outbox-planning.ts:59; server/packages/platform/notifications/src/outbox-planning.ts:64; server/packages/platform/workflow/src/sla-automation.ts:18; server/packages/platform/workflow/src/sla-automation.ts:20; server/packages/services/master-data/src/kysely-business-partner-case-repository.ts:2079; server/packages/test-utils/src/postgres-service-harness.ts:300,artifact presence does not prove domain completeness; see core and field ledgers
event.integration_delivery,False,Messaging and integration events,internal infrastructure; no BP CRUD,BP2-00,No direct BP app entity recommended; retain owning domain. Review a concrete field/workflow dependency before expansion.,declared,server/db/ddl/common/event/03_tables.sql:280,True,phase allocation and schema/domain classification; source consumers attached,none in inspected examples,none in current compiled activation,server/packages/services/integration/src/kysely-integration-repository.ts:102; server/packages/services/integration/src/kysely-integration-repository.ts:116; server/packages/services/integration/src/kysely-integration-repository.ts:121; server/packages/services/integration/src/kysely-integration-repository.ts:131; server/packages/services/integration/src/kysely-integration-repository.ts:141; server/packages/services/integration/src/kysely-integration-repository.ts:144; server/packages/services/integration/src/kysely-integration-repository.ts:162; server/packages/services/integration/src/kysely-integration-repository.ts:189; server/packages/services/integration/src/kysely-integration-repository.ts:81; server/packages/services/integration/src/kysely-integration-repository.ts:93,artifact presence does not prove domain completeness; see core and field ledgers
event.integration_inbound_receipt,False,Messaging and integration events,internal infrastructure; no BP CRUD,BP2-00,No direct BP app entity recommended; retain owning domain. Review a concrete field/workflow dependency before expansion.,declared,server/db/ddl/common/event/03_tables.sql:297,True,phase allocation and schema/domain classification; source consumers attached,none in inspected examples,none in current compiled activation,server/packages/services/integration/src/kysely-integration-repository.ts:243; server/packages/services/integration/src/kysely-integration-repository.ts:249,artifact presence does not prove domain completeness; see core and field ledgers
event.channel_consent_event,False,Messaging and integration events,internal infrastructure; no BP CRUD,BP2-00,No direct BP app entity recommended; retain owning domain. Review a concrete field/workflow dependency before expansion.,declared,server/db/ddl/common/event/03_tables.sql:308,True,phase allocation and schema/domain classification; source consumers attached,none in inspected examples,none in current compiled activation,server/db/scripts/provisioning/provision-development-notification-acceptance.ts:21; server/packages/platform/governance/src/consent/channel-consent-service.ts:21; server/packages/platform/governance/src/repositories/kysely-governance-repository.ts:31; server/packages/platform/governance/src/repositories/kysely-governance-repository.ts:32; server/packages/platform/governance/src/repositories/kysely-governance-repository.ts:50; server/packages/platform/governance/src/repositories/kysely-governance-repository.ts:69; server/packages/platform/governance/src/repositories/kysely-governance-repository.ts:73,artifact presence does not prove domain completeness; see core and field ledgers
event.command_execution,False,Messaging and integration events,internal infrastructure; no BP CRUD,BP2-00,No direct BP app entity recommended; retain owning domain. Review a concrete field/workflow dependency before expansion.,declared,server/db/ddl/common/event/03_tables.sql:336,True,phase allocation and schema/domain classification; source consumers attached,none in inspected examples,none in current compiled activation,server/apps/platform-host/src/composition/task-edit-policy-authoring.ts:49; server/apps/platform-host/src/composition/task-edit-policy-authoring.ts:52; server/db/scripts/business-partner-360/collect-customer-downstream-evidence.ts:85; server/db/scripts/business-partner-360/run-business-partner-360-security-evidence.ts:78; server/packages/contracts/integration/src/index.ts:269; server/packages/planes/neon/src/register-finance.ts:118; server/packages/platform/iam/src/customer-portal-delivery.ts:117; server/packages/platform/iam/src/customer-portal-delivery.ts:137; server/packages/platform/iam/src/customer-portal-delivery.ts:185; server/packages/platform/iam/src/external-worker-identity-intent.ts:121; server/packages/platform/iam/src/external-worker-identity-intent.ts:164; server/packages/platform/iam/src/external-worker-identity-intent.ts:85; server/packages/services/finance/src/shared/kysely-command-repository.ts:30; server/packages/services/finance/src/shared/kysely-command-repository.ts:38; server/packages/services/finance/src/shared/kysely-command-repository.ts:52; server/packages/services/finance/src/shared/kysely-command-repository.ts:62; server/packages/services/master-data/src/kysely-business-partner-360-repository.ts:376; server/packages/services/master-data/src/supplier-workforce-requisition-repository.ts:6; server/packages/services/records/src/kysely-command-execution-store.ts:13; server/packages/services/records/src/kysely-command-execution-store.ts:34; server/packages/services/records/src/kysely-command-execution-store.ts:49; server/packages/services/records/src/kysely-command-execution-store.ts:8,artifact presence does not prove domain completeness; see core and field ledgers
event.authorization_invalidation_outbox,False,Messaging and integration events,internal infrastructure; no BP CRUD,BP2-00,No direct BP app entity recommended; retain owning domain. Review a concrete field/workflow dependency before expansion.,declared,server/db/ddl/common/event/03_tables.sql:409,True,phase allocation and schema/domain classification; source consumers attached,none in inspected examples,none in current compiled activation,server/packages/platform/metadata/src/invalidation.ts:104,artifact presence does not prove domain completeness; see core and field ledgers
event.descriptor_invalidation_outbox,False,Messaging and integration events,internal infrastructure; no BP CRUD,BP2-00,No direct BP app entity recommended; retain owning domain. Review a concrete field/workflow dependency before expansion.,declared,server/db/ddl/common/event/03_tables.sql:450,True,phase allocation and schema/domain classification; source consumers attached,none in inspected examples,none in current compiled activation,server/packages/platform/metadata/src/invalidation.ts:104; server/packages/platform/metadata/src/invalidation.ts:49; server/packages/platform/metadata/src/invalidation.ts:71,artifact presence does not prove domain completeness; see core and field ledgers
event.notification_delivery_claim,False,Messaging and integration events,internal infrastructure; no BP CRUD,BP2-00,No direct BP app entity recommended; retain owning domain. Review a concrete field/workflow dependency before expansion.,declared,server/db/ddl/common/event/03_tables.sql:517,True,phase allocation and schema/domain classification; source consumers attached,none in inspected examples,none in current compiled activation,no explicit qualified reference found; inspect dynamic/indirect consumers before removal,artifact presence does not prove domain completeness; see core and field ledgers
event.notification_outbox_state,False,Messaging and integration events,internal infrastructure; no BP CRUD,BP2-00,No direct BP app entity recommended; retain owning domain. Review a concrete field/workflow dependency before expansion.,declared,server/db/ddl/common/event/03_tables.sql:539,True,phase allocation and schema/domain classification; source consumers attached,none in inspected examples,none in current compiled activation,server/apps/platform-host/src/monitoring/business-partner-metrics.ts:83; server/packages/platform/notifications/src/outbox-planning.ts:59; server/packages/platform/notifications/src/outbox-planning.ts:64; server/packages/platform/notifications/src/outbox-planning.ts:73; server/packages/platform/notifications/src/outbox-planning.ts:84,artifact presence does not prove domain completeness; see core and field ledgers
event.digest_staging,False,Messaging and integration events,internal infrastructure; no BP CRUD,BP2-00,No direct BP app entity recommended; retain owning domain. Review a concrete field/workflow dependency before expansion.,declared,server/db/ddl/common/event/03_tables.sql:565,True,phase allocation and schema/domain classification; source consumers attached,none in inspected examples,none in current compiled activation,server/packages/platform/notifications/src/digest.ts:15; server/packages/platform/notifications/src/digest.ts:26; server/packages/platform/notifications/src/notification-planner.ts:59,artifact presence does not prove domain completeness; see core and field ledgers
event.push_subscription,False,Messaging and integration events,internal infrastructure; no BP CRUD,BP2-00,No direct BP app entity recommended; retain owning domain. Review a concrete field/workflow dependency before expansion.,declared,server/db/ddl/common/event/03_tables.sql:590,True,phase allocation and schema/domain classification; source consumers attached,none in inspected examples,none in current compiled activation,server/packages/platform/notifications/src/kysely-notification-preferences.ts:97; server/packages/platform/notifications/src/kysely-notification-repositories.ts:111; server/packages/platform/notifications/src/kysely-notification-repositories.ts:121; server/packages/platform/notifications/src/kysely-notification-repositories.ts:137,artifact presence does not prove domain completeness; see core and field ledgers
event.whatsapp_consent,False,Messaging and integration events,internal infrastructure; no BP CRUD,BP2-00,No direct BP app entity recommended; retain owning domain. Review a concrete field/workflow dependency before expansion.,declared,server/db/ddl/common/event/03_tables.sql:622,True,phase allocation and schema/domain classification; source consumers attached,none in inspected examples,none in current compiled activation,server/packages/platform/notifications/src/kysely-notification-preferences.ts:124; server/packages/platform/notifications/src/kysely-notification-repositories.ts:103; server/packages/platform/notifications/src/notification-planner.ts:56,artifact presence does not prove domain completeness; see core and field ledgers
event.webhook_subscription,False,Messaging and integration events,internal infrastructure; no BP CRUD,BP2-00,No direct BP app entity recommended; retain owning domain. Review a concrete field/workflow dependency before expansion.,declared,server/db/ddl/common/event/03_tables.sql:651,True,phase allocation and schema/domain classification; source consumers attached,none in inspected examples,none in current compiled activation,server/packages/platform/notifications/src/kysely-webhook-repository.ts:47; server/packages/platform/notifications/src/notification-planner.ts:48,artifact presence does not prove domain completeness; see core and field ledgers
event.invalidation_dead_letter,False,Messaging and integration events,internal infrastructure; no BP CRUD,BP2-00,No direct BP app entity recommended; retain owning domain. Review a concrete field/workflow dependency before expansion.,declared,server/db/ddl/common/event/03_tables.sql:678,True,phase allocation and schema/domain classification; source consumers attached,none in inspected examples,none in current compiled activation,server/packages/platform/metadata/src/invalidation.ts:93,artifact presence does not prove domain completeness; see core and field ledgers
log.notification_delivery_attempt,False,Delivery operations,internal infrastructure; no BP CRUD,BP2-00,No direct BP app entity recommended; retain owning domain. Review a concrete field/workflow dependency before expansion.,declared,server/db/ddl/common/log/03_tables.sql:1,True,phase allocation and schema/domain classification; source consumers attached,none in inspected examples,none in current compiled activation,server/packages/platform/notifications/src/durable-delivery.ts:20; server/packages/platform/notifications/src/kysely-webhook-repository.ts:154; server/packages/platform/notifications/src/notification-operations.ts:149,artifact presence does not prove domain completeness; see core and field ledgers
log.notification_dlq,False,Delivery operations,internal infrastructure; no BP CRUD,BP2-00,No direct BP app entity recommended; retain owning domain. Review a concrete field/workflow dependency before expansion.,declared,server/db/ddl/common/log/03_tables.sql:33,True,phase allocation and schema/domain classification; source consumers attached,none in inspected examples,none in current compiled activation,server/packages/platform/notifications/src/durable-delivery.ts:19; server/packages/platform/notifications/src/kysely-webhook-repository.ts:132; server/packages/platform/notifications/src/kysely-webhook-repository.ts:69; server/packages/platform/notifications/src/outbox-planning.ts:88,artifact presence does not prove domain completeness; see core and field ledgers
log.integration_delivery_attempt,False,Delivery operations,internal infrastructure; no BP CRUD,BP2-00,No direct BP app entity recommended; retain owning domain. Review a concrete field/workflow dependency before expansion.,declared,server/db/ddl/common/log/03_tables.sql:55,True,phase allocation and schema/domain classification; source consumers attached,none in inspected examples,none in current compiled activation,server/packages/services/integration/src/kysely-integration-repository.ts:116,artifact presence does not prove domain completeness; see core and field ledgers
log.integration_dlq,False,Delivery operations,internal infrastructure; no BP CRUD,BP2-00,No direct BP app entity recommended; retain owning domain. Review a concrete field/workflow dependency before expansion.,declared,server/db/ddl/common/log/03_tables.sql:76,True,phase allocation and schema/domain classification; source consumers attached,none in inspected examples,none in current compiled activation,server/packages/services/integration/src/kysely-integration-repository.ts:144; server/packages/services/integration/src/kysely-integration-repository.ts:162; server/packages/services/integration/src/kysely-integration-repository.ts:186,artifact presence does not prove domain completeness; see core and field ledgers
governance.comment_moderation,False,Process governance,internal infrastructure; no BP CRUD,BP2-00,No direct BP app entity recommended; retain owning domain. Review a concrete field/workflow dependency before expansion.,declared,server/db/ddl/common/governance/03_tables.sql:1,True,phase allocation and schema/domain classification; source consumers attached,none in inspected examples,none in current compiled activation,no explicit qualified reference found; inspect dynamic/indirect consumers before removal,artifact presence does not prove domain completeness; see core and field ledgers
governance.channel_consent,False,Process governance,internal infrastructure; no BP CRUD,BP2-00,No direct BP app entity recommended; retain owning domain. Review a concrete field/workflow dependency before expansion.,declared,server/db/ddl/common/governance/03_tables.sql:32,True,phase allocation and schema/domain classification; source consumers attached,none in inspected examples,none in current compiled activation,no explicit qualified reference found; inspect dynamic/indirect consumers before removal,artifact presence does not prove domain completeness; see core and field ledgers
governance.cycle_run,False,Process governance,internal infrastructure; no BP CRUD,BP2-00,No direct BP app entity recommended; retain owning domain. Review a concrete field/workflow dependency before expansion.,declared,server/db/ddl/common/governance/03_tables.sql:58,True,phase allocation and schema/domain classification; source consumers attached,none in inspected examples,none in current compiled activation,no explicit qualified reference found; inspect dynamic/indirect consumers before removal,artifact presence does not prove domain completeness; see core and field ledgers
governance.cycle_task,False,Process governance,internal infrastructure; no BP CRUD,BP2-00,No direct BP app entity recommended; retain owning domain. Review a concrete field/workflow dependency before expansion.,declared,server/db/ddl/common/governance/03_tables.sql:99,True,phase allocation and schema/domain classification; source consumers attached,none in inspected examples,none in current compiled activation,no explicit qualified reference found; inspect dynamic/indirect consumers before removal,artifact presence does not prove domain completeness; see core and field ledgers
governance.cycle_subject,False,Process governance,internal infrastructure; no BP CRUD,BP2-00,No direct BP app entity recommended; retain owning domain. Review a concrete field/workflow dependency before expansion.,declared,server/db/ddl/common/governance/03_tables.sql:138,True,phase allocation and schema/domain classification; source consumers attached,none in inspected examples,none in current compiled activation,no explicit qualified reference found; inspect dynamic/indirect consumers before removal,artifact presence does not prove domain completeness; see core and field ledgers
governance.cycle_task_dependency,False,Process governance,internal infrastructure; no BP CRUD,BP2-00,No direct BP app entity recommended; retain owning domain. Review a concrete field/workflow dependency before expansion.,declared,server/db/ddl/common/governance/03_tables.sql:156,True,phase allocation and schema/domain classification; source consumers attached,none in inspected examples,none in current compiled activation,no explicit qualified reference found; inspect dynamic/indirect consumers before removal,artifact presence does not prove domain completeness; see core and field ledgers
governance.cycle_deviation,False,Process governance,internal infrastructure; no BP CRUD,BP2-00,No direct BP app entity recommended; retain owning domain. Review a concrete field/workflow dependency before expansion.,declared,server/db/ddl/common/governance/03_tables.sql:172,True,phase allocation and schema/domain classification; source consumers attached,none in inspected examples,none in current compiled activation,no explicit qualified reference found; inspect dynamic/indirect consumers before removal,artifact presence does not prove domain completeness; see core and field ledgers
governance.cycle_certification,False,Process governance,internal infrastructure; no BP CRUD,BP2-00,No direct BP app entity recommended; retain owning domain. Review a concrete field/workflow dependency before expansion.,declared,server/db/ddl/common/governance/03_tables.sql:199,True,phase allocation and schema/domain classification; source consumers attached,none in inspected examples,none in current compiled activation,no explicit qualified reference found; inspect dynamic/indirect consumers before removal,artifact presence does not prove domain completeness; see core and field ledgers
governance.legal_hold,False,Process governance,internal infrastructure; no BP CRUD,BP2-00,No direct BP app entity recommended; retain owning domain. Review a concrete field/workflow dependency before expansion.,declared,server/db/ddl/common/governance/03_tables.sql:237,True,phase allocation and schema/domain classification; source consumers attached,none in inspected examples,none in current compiled activation,no explicit qualified reference found; inspect dynamic/indirect consumers before removal,artifact presence does not prove domain completeness; see core and field ledgers
governance.legal_hold_manifest,False,Process governance,internal infrastructure; no BP CRUD,BP2-00,No direct BP app entity recommended; retain owning domain. Review a concrete field/workflow dependency before expansion.,declared,server/db/ddl/common/governance/03_tables.sql:264,True,phase allocation and schema/domain classification; source consumers attached,none in inspected examples,none in current compiled activation,no explicit qualified reference found; inspect dynamic/indirect consumers before removal,artifact presence does not prove domain completeness; see core and field ledgers
governance.report_pack,False,Process governance,internal infrastructure; no BP CRUD,BP2-00,No direct BP app entity recommended; retain owning domain. Review a concrete field/workflow dependency before expansion.,declared,server/db/ddl/common/governance/03_tables.sql:289,True,phase allocation and schema/domain classification; source consumers attached,none in inspected examples,none in current compiled activation,no explicit qualified reference found; inspect dynamic/indirect consumers before removal,artifact presence does not prove domain completeness; see core and field ledgers
governance.process_selection_evidence,False,Process governance,internal infrastructure; no BP CRUD,BP2-00,No direct BP app entity recommended; retain owning domain. Review a concrete field/workflow dependency before expansion.,declared,server/db/ddl/common/governance/03_tables.sql:328,True,phase allocation and schema/domain classification; source consumers attached,none in inspected examples,none in current compiled activation,no explicit qualified reference found; inspect dynamic/indirect consumers before removal,artifact presence does not prove domain completeness; see core and field ledgers
governance.process_attempt,False,Process governance,internal infrastructure; no BP CRUD,BP2-00,No direct BP app entity recommended; retain owning domain. Review a concrete field/workflow dependency before expansion.,declared,server/db/ddl/common/governance/03_tables.sql:358,True,phase allocation and schema/domain classification; source consumers attached,none in inspected examples,none in current compiled activation,no explicit qualified reference found; inspect dynamic/indirect consumers before removal,artifact presence does not prove domain completeness; see core and field ledgers
governance.process_document_job,False,Process governance,internal infrastructure; no BP CRUD,BP2-00,No direct BP app entity recommended; retain owning domain. Review a concrete field/workflow dependency before expansion.,declared,server/db/ddl/common/governance/03_tables.sql:381,True,phase allocation and schema/domain classification; source consumers attached,none in inspected examples,none in current compiled activation,no explicit qualified reference found; inspect dynamic/indirect consumers before removal,artifact presence does not prove domain completeness; see core and field ledgers
document.work_item,False,Process orchestration,Deferred/adjacent; no new BP surface,BP2-00,No direct BP app entity recommended; retain owning domain. Review a concrete field/workflow dependency before expansion.,declared,server/db/ddl/common/document/03_tables.sql:1,True,phase allocation and schema/domain classification; source consumers attached,none in inspected examples,none in current compiled activation,server/apps/platform-host/src/composition/supplier-process-communications.ts:102; server/apps/platform-host/src/composition/supplier-process-documents.ts:309; server/apps/platform-host/src/composition/supplier-process-tasks.ts:262; server/apps/platform-host/src/composition/supplier-process-tasks.ts:288; server/apps/platform-host/src/composition/supplier-process-tasks.ts:289; server/apps/platform-host/src/composition/supplier-process-tasks.ts:456; server/apps/platform-host/src/composition/supplier-process-tasks.ts:504; server/apps/platform-host/src/composition/supplier-process-tasks.ts:611; server/apps/platform-host/src/composition/supplier-process-tasks.ts:668; server/apps/platform-host/src/composition/supplier-process-tasks.ts:686; server/apps/platform-host/src/composition/supplier-process-tasks.ts:732; server/packages/platform/workflow/src/kysely-workflow-repository.ts:23; server/packages/platform/workflow/src/kysely-workflow-repository.ts:42; server/packages/platform/workflow/src/kysely-workflow-repository.ts:53; server/packages/platform/workflow/src/kysely-workflow-repository.ts:57; server/packages/platform/workflow/src/kysely-workflow-repository.ts:64; server/packages/platform/workflow/src/kysely-workflow-repository.ts:71; server/packages/platform/workflow/src/sla-automation.ts:17; server/packages/platform/workflow/src/sla-automation.ts:18; server/packages/platform/workflow/src/sla-automation.ts:19; server/packages/platform/workflow/src/sla-automation.ts:20; server/packages/services/master-data/src/kysely-business-partner-case-repository.ts:1804; server/packages/services/master-data/src/kysely-business-partner-case-repository.ts:1819; server/packages/services/master-data/src/kysely-business-partner-case-repository.ts:2073; server/packages/services/master-data/src/kysely-business-partner-case-repository.ts:901; server/packages/services/master-data/src/kysely-business-partner-case-repository.ts:913; server/packages/services/master-data/src/kysely-business-partner-case-repository.ts:944; server/packages/services/master-data/src/kysely-business-partner-case-repository.ts:953; server/packages/services/master-data/src/kysely-workforce-request-repository.ts:116; server/packages/services/master-data/src/kysely-workforce-request-repository.ts:117; server/packages/services/master-data/src/kysely-workforce-request-repository.ts:33; server/packages/services/master-data/src/kysely-workforce-request-repository.ts:61; server/packages/services/master-data/src/kysely-workforce-request-repository.ts:69; server/packages/services/records/src/standard-view-relationship-sql.ts:23,artifact presence does not prove domain completeness; see core and field ledgers
document.entity_case,False,Current shared request backbone,Retained shared case/snapshot authority,BF-04,Use current case service and snapshot model; do not resurrect dropped BP request tables,declared,server/db/ddl/common/document/03_tables.sql:50,True,phase allocation and schema/domain classification; source consumers attached,none in inspected examples,none in current compiled activation,server/apps/platform-host/src/composition/business-partner-stored-scopes.ts:48; server/apps/platform-host/src/composition/business-partner-stored-scopes.ts:64; server/apps/platform-host/src/composition/register-services.ts:4537; server/apps/platform-host/src/composition/register-services.ts:4575; server/apps/platform-host/src/composition/supplier-process-communications.ts:379; server/apps/platform-host/src/composition/supplier-process-communications.ts:90; server/apps/platform-host/src/composition/supplier-process-documents.ts:81; server/apps/platform-host/src/composition/supplier-process-edit-policy.ts:24; server/apps/platform-host/src/composition/supplier-process-selection.ts:128; server/apps/platform-host/src/composition/supplier-process-submission.ts:102; server/apps/platform-host/src/composition/supplier-process-submission.ts:79; server/apps/platform-host/src/composition/supplier-process-tasks.ts:78; server/apps/platform-host/src/monitoring/business-partner-metrics.ts:77; server/db/scripts/provisioning/provision-development-business-partner-runtime.ts:250; server/packages/contracts/master-data/src/business-partner-requests.ts:265; server/packages/planes/neon/src/business-partner-account-bank-linkage.ts:168; server/packages/planes/neon/src/business-partner-profile-match.ts:51; server/packages/planes/neon/src/business-partner-profile-match.ts:60; server/packages/services/master-data/src/business-partner-invitation-service.ts:127; server/packages/services/master-data/src/business-partner-onboarding-cycle.ts:100; server/packages/services/master-data/src/business-partner-onboarding-cycle.ts:47; server/packages/services/master-data/src/kysely-business-partner-360-explainability.ts:277; server/packages/services/master-data/src/kysely-business-partner-360-explainability.ts:39; server/packages/services/master-data/src/kysely-business-partner-360-explainability.ts:42; server/packages/services/master-data/src/kysely-business-partner-360-explainability.ts:75; server/packages/services/master-data/src/kysely-business-partner-360-explainability.ts:93; server/packages/services/master-data/src/kysely-business-partner-360-repository.ts:207; server/packages/services/master-data/src/kysely-business-partner-360-repository.ts:210; server/packages/services/master-data/src/kysely-business-partner-case-repository.ts:1137; server/packages/services/master-data/src/kysely-business-partner-case-repository.ts:1345; server/packages/services/master-data/src/kysely-business-partner-case-repository.ts:33; server/packages/services/master-data/src/kysely-business-partner-case-repository.ts:434; server/packages/services/master-data/src/kysely-business-partner-case-repository.ts:489; server/packages/services/master-data/src/kysely-business-partner-case-repository.ts:70; server/packages/services/master-data/src/kysely-business-partner-invitation-repository.ts:180; server/packages/services/master-data/src/kysely-business-partner-invitation-repository.ts:203; server/packages/services/master-data/src/kysely-governed-internal-business-partner-repository.ts:49; server/packages/services/master-data/src/kysely-governed-internal-business-partner-repository.ts:84; server/packages/services/master-data/src/supplier-activation-readiness.ts:17; server/packages/services/master-data/src/supplier-onboarding-completion.ts:258; server/packages/services/master-data/src/supplier-onboarding-completion.ts:64; server/packages/services/publication/src/kysely-publication-authority-work.ts:181,artifact presence does not prove domain completeness; see core and field ledgers
document.entity_case_command_evidence,False,Current shared request backbone,Retained shared case/snapshot authority,BF-04,Use current case service and snapshot model; do not resurrect dropped BP request tables,declared,server/db/ddl/common/document/03_tables.sql:83,True,phase allocation and schema/domain classification; source consumers attached,none in inspected examples,none in current compiled activation,server/apps/platform-host/src/composition/register-services.ts:4537; server/apps/platform-host/src/composition/supplier-process-documents.ts:486; server/apps/platform-host/src/composition/supplier-process-submission.ts:79; server/apps/platform-host/src/composition/supplier-process-tasks.ts:466; server/apps/platform-host/src/composition/supplier-process-tasks.ts:509; server/packages/services/master-data/src/kysely-business-partner-360-explainability.ts:39; server/packages/services/master-data/src/kysely-business-partner-360-explainability.ts:42; server/packages/services/master-data/src/kysely-business-partner-360-repository.ts:207; server/packages/services/master-data/src/kysely-business-partner-case-repository.ts:1310; server/packages/services/master-data/src/kysely-business-partner-case-repository.ts:1311; server/packages/services/master-data/src/kysely-business-partner-case-repository.ts:1314; server/packages/services/master-data/src/kysely-business-partner-case-repository.ts:1315; server/packages/services/master-data/src/kysely-business-partner-case-repository.ts:1316; server/packages/services/master-data/src/kysely-business-partner-case-repository.ts:1317; server/packages/services/master-data/src/kysely-business-partner-case-repository.ts:1318; server/packages/services/master-data/src/kysely-business-partner-case-repository.ts:1319; server/packages/services/master-data/src/kysely-business-partner-case-repository.ts:1322; server/packages/services/master-data/src/kysely-business-partner-case-repository.ts:489; server/packages/services/master-data/src/kysely-business-partner-case-repository.ts:612; server/packages/services/master-data/src/kysely-business-partner-case-repository.ts:71; server/packages/services/records/src/standard-view-relationship-sql.ts:37,artifact presence does not prove domain completeness; see core and field ledgers
document.entity_case_validation,False,Current shared request backbone,Retained shared case/snapshot authority,BF-04,Use current case service and snapshot model; do not resurrect dropped BP request tables,declared,server/db/ddl/common/document/03_tables.sql:102,True,phase allocation and schema/domain classification; source consumers attached,none in inspected examples,none in current compiled activation,server/apps/platform-host/src/composition/register-services.ts:4537; server/packages/services/master-data/src/kysely-business-partner-case-repository.ts:1305; server/packages/services/master-data/src/kysely-business-partner-case-repository.ts:1306; server/packages/services/master-data/src/kysely-business-partner-case-repository.ts:1307; server/packages/services/master-data/src/kysely-business-partner-case-repository.ts:1308; server/packages/services/master-data/src/kysely-business-partner-case-repository.ts:1309; server/packages/services/master-data/src/kysely-business-partner-case-repository.ts:1361; server/packages/services/master-data/src/kysely-business-partner-case-repository.ts:350,artifact presence does not prove domain completeness; see core and field ledgers
document.entity_case_materialization,False,Current shared request backbone,Retained shared case/snapshot authority,BF-04,Use current case service and snapshot model; do not resurrect dropped BP request tables,declared,server/db/ddl/common/document/03_tables.sql:119,True,phase allocation and schema/domain classification; source consumers attached,none in inspected examples,none in current compiled activation,server/apps/platform-host/src/composition/register-services.ts:4537; server/packages/services/master-data/src/kysely-business-partner-360-explainability.ts:39; server/packages/services/master-data/src/kysely-business-partner-case-repository.ts:1137; server/packages/services/master-data/src/kysely-business-partner-case-repository.ts:1320; server/packages/services/master-data/src/kysely-business-partner-case-repository.ts:1321; server/packages/services/master-data/src/kysely-business-partner-case-repository.ts:1398; server/packages/services/master-data/src/supplier-activation-readiness.ts:17; server/packages/services/master-data/src/supplier-onboarding-completion.ts:108,artifact presence does not prove domain completeness; see core and field ledgers
ai.atlas_experience_release,False,Atlas,internal infrastructure; no BP CRUD,BP2-00,No direct BP app entity recommended; retain owning domain. Review a concrete field/workflow dependency before expansion.,declared,server/db/ddl/common/ai/03_tables.sql:645,True,phase allocation and schema/domain classification; source consumers attached,none in inspected examples,none in current compiled activation,server/packages/platform/ai/src/experience-configuration.ts:47; server/packages/platform/ai/src/experience-configuration.ts:50; server/packages/platform/ai/src/experience-configuration.ts:54; server/packages/platform/ai/src/experience-configuration.ts:55; server/packages/platform/ai/src/experience-configuration.ts:61; server/packages/platform/ai/src/experience-configuration.ts:64; server/packages/platform/ai/src/experience-configuration.ts:65; server/packages/platform/ai/src/experience-configuration.ts:69,artifact presence does not prove domain completeness; see core and field ledgers
ai.atlas_learning_candidate,False,Atlas,internal infrastructure; no BP CRUD,BP2-00,No direct BP app entity recommended; retain owning domain. Review a concrete field/workflow dependency before expansion.,declared,server/db/ddl/common/ai/03_tables.sql:672,True,phase allocation and schema/domain classification; source consumers attached,none in inspected examples,none in current compiled activation,server/packages/platform/ai/src/learning-candidates.ts:42; server/packages/platform/ai/src/learning-candidates.ts:44; server/packages/platform/ai/src/learning-candidates.ts:52; server/packages/platform/ai/src/learning-candidates.ts:63,artifact presence does not prove domain completeness; see core and field ledgers
master.operating_organization_capability,False,Partner role/company context,Retained dependency/authorized lookup,BP2-06,Authorized context/lookups reused by BP; do not copy organization management into partner CRUD,declared,server/db/ddl/planes/neon/master/16_operating_organization_model.sql:54,True,phase allocation and schema/domain classification; source consumers attached,none in inspected examples,none in current compiled activation,server/db/scripts/provisioning/neon-scenario-foundation.ts:96; server/db/scripts/provisioning/provision-business-partner-r2-fixtures.ts:229; server/db/scripts/provisioning/provision-business-partner-r5-fixtures.ts:63; server/db/scripts/provisioning/provision-development-business-partner-fixtures.ts:487; server/packages/adapters/experience-postgres/src/index.ts:436,artifact presence does not prove domain completeness; see core and field ledgers
authz.management_receipt,False,Identity and authorization,internal infrastructure; no BP CRUD,BP2-00,No direct BP app entity recommended; retain owning domain. Review a concrete field/workflow dependency before expansion.,declared,server/db/ddl/common/authz/13_management.sql:33,True,phase allocation and schema/domain classification; source consumers attached,none in inspected examples,none in current compiled activation,server/packages/platform/control-admin/src/kysely-authorization-management-repository.ts:182; server/packages/platform/control-admin/src/kysely-authorization-management-repository.ts:353,artifact presence does not prove domain completeness; see core and field ledgers
control.lookup_revision,False,Shared reference,Retained registry/lookup infrastructure,BP2-01,Reuse canonical owner registry and published lookup definitions; internal revision/receipt records not app entities,declared,server/db/ddl/common/control/14_admin_integrations.sql:20,True,phase allocation and schema/domain classification; source consumers attached,none in inspected examples,none in current compiled activation,server/packages/platform/control-admin/src/kysely-lookup-repository.ts:254; server/packages/platform/control-admin/src/kysely-lookup-repository.ts:274,artifact presence does not prove domain completeness; see core and field ledgers
control.lookup_tenant_revision,False,Shared reference,Retained registry/lookup infrastructure,BP2-01,Reuse canonical owner registry and published lookup definitions; internal revision/receipt records not app entities,declared,server/db/ddl/common/control/14_admin_integrations.sql:21,True,phase allocation and schema/domain classification; source consumers attached,none in inspected examples,none in current compiled activation,server/packages/platform/control-admin/src/kysely-lookup-repository.ts:263; server/packages/platform/control-admin/src/kysely-lookup-repository.ts:281,artifact presence does not prove domain completeness; see core and field ledgers
control.lookup_publication_receipt,False,Shared reference,Retained registry/lookup infrastructure,BP2-01,Reuse canonical owner registry and published lookup definitions; internal revision/receipt records not app entities,declared,server/db/ddl/common/control/14_admin_integrations.sql:22,True,phase allocation and schema/domain classification; source consumers attached,none in inspected examples,none in current compiled activation,server/packages/platform/control-admin/src/kysely-lookup-repository.ts:147; server/packages/platform/control-admin/src/kysely-lookup-repository.ts:64,artifact presence does not prove domain completeness; see core and field ledgers
control.lookup_value_reference,False,Shared reference,Retained registry/lookup infrastructure,BP2-01,Reuse canonical owner registry and published lookup definitions; internal revision/receipt records not app entities,declared,server/db/ddl/common/control/14_admin_integrations.sql:24,True,phase allocation and schema/domain classification; source consumers attached,none in inspected examples,none in current compiled activation,no explicit qualified reference found; inspect dynamic/indirect consumers before removal,artifact presence does not prove domain completeness; see core and field ledgers
control.connector_health_job,False,Integration/connectors,Deferred/adjacent; no new BP surface,BP2-00,No direct BP app entity recommended; retain owning domain. Review a concrete field/workflow dependency before expansion.,declared,server/db/ddl/common/control/14_admin_integrations.sql:84,True,phase allocation and schema/domain classification; source consumers attached,none in inspected examples,none in current compiled activation,server/packages/platform/control-admin/src/kysely-connector-repository.ts:134; server/packages/platform/control-admin/src/kysely-connector-repository.ts:241,artifact presence does not prove domain completeness; see core and field ledgers
master.bank_account_usage,True,Banking,Protected projection/governed operation,BP2-09,Masked Banking projection with usage and company acceptance; verification/resolution through governed operations,declared,server/db/ddl/planes/neon/master/15_bank_account_company_usage.sql:2,True,phase allocation and schema/domain classification; source consumers attached,none in inspected examples,none in current compiled activation,server/packages/planes/neon/src/business-partner-account-bank-linkage.ts:517; server/packages/planes/neon/src/business-partner-account-bank-linkage.ts:80; server/packages/services/master-data/src/kysely-business-partner-360-commercial-controls.ts:162,artifact presence does not prove domain completeness; see core and field ledgers
master.bank_account_company_usage,True,Banking,Protected projection/governed operation,BP2-09,Masked Banking projection with usage and company acceptance; verification/resolution through governed operations,declared,server/db/ddl/planes/neon/master/15_bank_account_company_usage.sql:10,True,phase allocation and schema/domain classification; source consumers attached,none in inspected examples,none in current compiled activation,server/packages/planes/neon/src/business-partner-account-bank-linkage.ts:113; server/packages/planes/neon/src/business-partner-account-bank-linkage.ts:137; server/packages/planes/neon/src/business-partner-account-bank-linkage.ts:138; server/packages/planes/neon/src/business-partner-account-bank-linkage.ts:474; server/packages/planes/neon/src/business-partner-account-bank-linkage.ts:476; server/packages/planes/neon/src/business-partner-account-bank-linkage.ts:477; server/packages/planes/neon/src/business-partner-account-bank-linkage.ts:478; server/packages/planes/neon/src/business-partner-account-bank-linkage.ts:81; server/packages/planes/neon/src/business-partner-account-bank-linkage.ts:84; server/packages/planes/neon/src/business-partner-account-bank-linkage.ts:90; server/packages/services/master-data/src/kysely-business-partner-360-commercial-controls.ts:145; server/packages/services/master-data/src/kysely-business-partner-360-commercial-controls.ts:170; server/packages/services/master-data/src/kysely-business-partner-360-commercial-controls.ts:240; server/packages/services/master-data/src/kysely-business-partner-eligibility-repository.ts:715,artifact presence does not prove domain completeness; see core and field ledgers
master.saved_view_default,False,Shared experience dependencies,Retained shared experience dependency,BF-02,Reuse shared record/lookup facilities; no new BP-specific copies,declared,server/db/ddl/common/master/19_entity_saved_views.sql:2,True,phase allocation and schema/domain classification; source consumers attached,none in inspected examples,none in current compiled activation,server/packages/platform/preferences/src/kysely-saved-view-repository.ts:11; server/packages/platform/preferences/src/kysely-saved-view-repository.ts:14,artifact presence does not prove domain completeness; see core and field ledgers
document.process_task_information,False,Process orchestration,Deferred/adjacent; no new BP surface,BP2-00,No direct BP app entity recommended; retain owning domain. Review a concrete field/workflow dependency before expansion.,declared,server/db/ddl/planes/neon/document/07_task_interactions.sql:2,True,phase allocation and schema/domain classification; source consumers attached,none in inspected examples,none in current compiled activation,server/apps/platform-host/src/composition/supplier-process-communications.ts:110; server/apps/platform-host/src/composition/supplier-process-communications.ts:198; server/apps/platform-host/src/composition/supplier-process-tasks.ts:523,artifact presence does not prove domain completeness; see core and field ledgers
document.process_task_interaction_receipt,False,Process orchestration,Deferred/adjacent; no new BP surface,BP2-00,No direct BP app entity recommended; retain owning domain. Review a concrete field/workflow dependency before expansion.,declared,server/db/ddl/planes/neon/document/07_task_interactions.sql:34,True,phase allocation and schema/domain classification; source consumers attached,none in inspected examples,none in current compiled activation,no explicit qualified reference found; inspect dynamic/indirect consumers before removal,artifact presence does not prove domain completeness; see core and field ledgers
document.process_task_assignment_history,False,Process orchestration,Deferred/adjacent; no new BP surface,BP2-00,No direct BP app entity recommended; retain owning domain. Review a concrete field/workflow dependency before expansion.,declared,server/db/ddl/planes/neon/document/07_task_interactions.sql:169,True,phase allocation and schema/domain classification; source consumers attached,none in inspected examples,none in current compiled activation,server/apps/platform-host/src/composition/supplier-process-communications.ts:123; server/apps/platform-host/src/composition/supplier-process-tasks.ts:525,artifact presence does not prove domain completeness; see core and field ledgers
document.process_case_contributor,False,Process orchestration,Deferred/adjacent; no new BP surface,BP2-00,No direct BP app entity recommended; retain owning domain. Review a concrete field/workflow dependency before expansion.,declared,server/db/ddl/planes/neon/document/07_task_interactions.sql:300,True,phase allocation and schema/domain classification; source consumers attached,none in inspected examples,none in current compiled activation,no explicit qualified reference found; inspect dynamic/indirect consumers before removal,artifact presence does not prove domain completeness; see core and field ledgers
control.process_task_rule_proposal,False,Supplier,Retained process/policy dependency,BP2-07,"Use existing process/activation/task authority; BP shows eligible actions and outcomes, not raw configuration editors",declared,server/db/ddl/common/control/17_process_task_rule_publication.sql:3,True,phase allocation and schema/domain classification; source consumers attached,none in inspected examples,none in current compiled activation,server/apps/platform-host/src/composition/task-edit-policy-authoring.ts:41; server/apps/platform-host/src/composition/task-rule-publication.ts:55; server/apps/platform-host/src/composition/task-rule-publication.ts:60,artifact presence does not prove domain completeness; see core and field ledgers
control.process_task_rule_release,False,Supplier,Retained process/policy dependency,BP2-07,"Use existing process/activation/task authority; BP shows eligible actions and outcomes, not raw configuration editors",declared,server/db/ddl/common/control/17_process_task_rule_publication.sql:10,True,phase allocation and schema/domain classification; source consumers attached,none in inspected examples,none in current compiled activation,server/apps/platform-host/src/composition/supplier-process-selection.ts:174; server/apps/platform-host/src/composition/task-edit-policy-authoring.ts:42; server/apps/platform-host/src/composition/task-rule-publication.ts:13; server/apps/platform-host/src/composition/task-rule-publication.ts:72; server/packages/platform/control-admin/src/cycle/process-selection-publication.ts:60,artifact presence does not prove domain completeness; see core and field ledgers
master.reference_choice_recent,False,Shared experience dependencies,Retained shared experience dependency,BF-02,Reuse shared record/lookup facilities; no new BP-specific copies,declared,server/db/ddl/common/master/21_reference_choice_recent.sql:2,True,phase allocation and schema/domain classification; source consumers attached,none in inspected examples,none in current compiled activation,server/packages/platform/preferences/src/reference-choice-routes.ts:51; server/packages/platform/preferences/src/reference-choice-routes.ts:54; server/packages/platform/preferences/src/reference-choice-routes.ts:58; server/packages/platform/preferences/src/reference-choice-routes.ts:62; server/packages/platform/preferences/src/reference-choice-routes.ts:68; server/packages/platform/preferences/src/reference-choice-routes.ts:69; server/packages/platform/preferences/src/reference-choice-routes.ts:75,artifact presence does not prove domain completeness; see core and field ledgers
