table,schema,ddl_file,create_line,source_lifecycle,drop_source,family,phase,recommendation,authored_core_examples,core_example_status,service_source_mentions,outgoing_declared_tables
shared.country,shared,server/db/ddl/common/shared/03_tables.sql,11,CREATE with no later DROP TABLE found,,Geography,P1,Reference entity/lookup; country-dependent state selector; preserve natural code values and country validation,metadata/products/mdg/entities/country/core.json,draft core example present; active release unverified,server/packages/adapters/database/athyper-postgres/dist/generated/kysely-studio/types.d.ts; server/packages/adapters/database/athyper-postgres/src/generated/kysely-studio/types.ts; server/packages/adapters/database/mesh-postgres/dist/generated/kysely-mesh/types.d.ts; server/packages/adapters/database/mesh-postgres/src/generated/kysely-mesh/types.ts; server/packages/adapters/database/neon-postgres/dist/generated/kysely/types.d.ts; server/packages/adapters/database/neon-postgres/src/generated/kysely/types.ts; server/packages/services/records/src/address-form-choices.ts; server/packages/services/records/src/bank-form-choices.ts,
shared.currency,shared,server/db/ddl/common/shared/03_tables.sql,117,CREATE with no later DROP TABLE found,,Commercial reference,P1,Reuse existing currency reference reader; verify compiled core/publication coverage before proposing a new entity,,no direct storage binding in inspected New_Entity core examples; not proof of no other metadata,server/packages/adapters/database/athyper-postgres/dist/generated/kysely-studio/types.d.ts; server/packages/adapters/database/athyper-postgres/src/generated/kysely-studio/types.ts; server/packages/adapters/database/mesh-postgres/dist/generated/kysely-mesh/types.d.ts; server/packages/adapters/database/mesh-postgres/src/generated/kysely-mesh/types.ts; server/packages/adapters/database/neon-postgres/dist/generated/kysely/types.d.ts; server/packages/adapters/database/neon-postgres/src/generated/kysely/types.ts; server/packages/platform/control-admin/src/kysely-rounding-repository.ts; server/packages/services/finance/src/shared/kysely-finance-foundation.ts,
shared.language,shared,server/db/ddl/common/shared/03_tables.sql,160,CREATE with no later DROP TABLE found,,Language and regional reference,P1,Reference lookup where a real field consumes it; locale enablement stays governed; no localization implementation in this review,,no direct storage binding in inspected New_Entity core examples; not proof of no other metadata,server/packages/adapters/database/athyper-postgres/dist/generated/kysely-studio/types.d.ts; server/packages/adapters/database/athyper-postgres/src/generated/kysely-studio/types.ts; server/packages/adapters/database/mesh-postgres/dist/generated/kysely-mesh/types.d.ts; server/packages/adapters/database/mesh-postgres/src/generated/kysely-mesh/types.ts; server/packages/adapters/database/neon-postgres/dist/generated/kysely/types.d.ts; server/packages/adapters/database/neon-postgres/src/generated/kysely/types.ts,
shared.locale,shared,server/db/ddl/common/shared/03_tables.sql,203,CREATE with no later DROP TABLE found,,Language and regional reference,P1,Reference lookup where a real field consumes it; locale enablement stays governed; no localization implementation in this review,,no direct storage binding in inspected New_Entity core examples; not proof of no other metadata,server/packages/adapters/database/athyper-postgres/dist/generated/kysely-studio/types.d.ts; server/packages/adapters/database/athyper-postgres/src/generated/kysely-studio/types.ts; server/packages/adapters/database/mesh-postgres/dist/generated/kysely-mesh/types.d.ts; server/packages/adapters/database/mesh-postgres/src/generated/kysely-mesh/types.ts; server/packages/adapters/database/neon-postgres/dist/generated/kysely/types.d.ts; server/packages/adapters/database/neon-postgres/src/generated/kysely/types.ts,shared.country; shared.language
shared.timezone,shared,server/db/ddl/common/shared/03_tables.sql,247,CREATE with no later DROP TABLE found,,Language and regional reference,P1,Reference lookup where a real field consumes it; locale enablement stays governed; no localization implementation in this review,,no direct storage binding in inspected New_Entity core examples; not proof of no other metadata,server/packages/adapters/database/athyper-postgres/dist/generated/kysely-studio/types.d.ts; server/packages/adapters/database/athyper-postgres/src/generated/kysely-studio/types.ts; server/packages/adapters/database/mesh-postgres/dist/generated/kysely-mesh/types.d.ts; server/packages/adapters/database/mesh-postgres/src/generated/kysely-mesh/types.ts; server/packages/adapters/database/neon-postgres/dist/generated/kysely/types.d.ts; server/packages/adapters/database/neon-postgres/src/generated/kysely/types.ts,shared.timezone
shared.uom,shared,server/db/ddl/common/shared/03_tables.sql,296,CREATE with no later DROP TABLE found,,Commercial reference,P2,Reference lookup for actual uom_code fields; workforce billing units are a separate constrained vocabulary,,no direct storage binding in inspected New_Entity core examples; not proof of no other metadata,server/packages/adapters/database/athyper-postgres/dist/generated/kysely-studio/types.d.ts; server/packages/adapters/database/athyper-postgres/src/generated/kysely-studio/types.ts; server/packages/adapters/database/mesh-postgres/dist/generated/kysely-mesh/types.d.ts; server/packages/adapters/database/mesh-postgres/src/generated/kysely-mesh/types.ts; server/packages/adapters/database/neon-postgres/dist/generated/kysely/types.d.ts; server/packages/adapters/database/neon-postgres/src/generated/kysely/types.ts,
shared.state_region,shared,server/db/ddl/common/shared/03_tables.sql,336,CREATE with no later DROP TABLE found,,Geography,P1,Reference entity/lookup; country-dependent state selector; preserve natural code values and country validation,,no direct storage binding in inspected New_Entity core examples; not proof of no other metadata,server/packages/adapters/database/athyper-postgres/dist/generated/kysely-studio/types.d.ts; server/packages/adapters/database/athyper-postgres/src/generated/kysely-studio/types.ts; server/packages/adapters/database/mesh-postgres/dist/generated/kysely-mesh/types.d.ts; server/packages/adapters/database/mesh-postgres/src/generated/kysely-mesh/types.ts; server/packages/adapters/database/neon-postgres/dist/generated/kysely/types.d.ts; server/packages/adapters/database/neon-postgres/src/generated/kysely/types.ts; server/packages/services/master-data/src/business-partner-request-capture.ts; server/packages/services/records/src/address-form-choices.ts,shared.country; shared.state_region
shared.classification_scheme,shared,server/db/ddl/common/shared/03_tables.sql,378,CREATE with no later DROP TABLE found,,Classification reference,P2,"Scheme/version-aware code lookup; crosswalks are subordinate mapping collections, not automatic remapping commands",,no direct storage binding in inspected New_Entity core examples; not proof of no other metadata,server/packages/adapters/database/athyper-postgres/dist/generated/kysely-studio/types.d.ts; server/packages/adapters/database/athyper-postgres/src/generated/kysely-studio/types.ts; server/packages/adapters/database/mesh-postgres/dist/generated/kysely-mesh/types.d.ts; server/packages/adapters/database/mesh-postgres/src/generated/kysely-mesh/types.ts; server/packages/adapters/database/neon-postgres/dist/generated/kysely/types.d.ts; server/packages/adapters/database/neon-postgres/src/generated/kysely/types.ts,
shared.commodity_code,shared,server/db/ddl/common/shared/03_tables.sql,417,CREATE with no later DROP TABLE found,,Classification reference,P2,"Scheme/version-aware code lookup; crosswalks are subordinate mapping collections, not automatic remapping commands",,no direct storage binding in inspected New_Entity core examples; not proof of no other metadata,server/packages/adapters/database/athyper-postgres/dist/generated/kysely-studio/types.d.ts; server/packages/adapters/database/athyper-postgres/src/generated/kysely-studio/types.ts; server/packages/adapters/database/mesh-postgres/dist/generated/kysely-mesh/types.d.ts; server/packages/adapters/database/mesh-postgres/src/generated/kysely-mesh/types.ts; server/packages/adapters/database/neon-postgres/dist/generated/kysely/types.d.ts; server/packages/adapters/database/neon-postgres/src/generated/kysely/types.ts; server/packages/planes/mesh/src/business-partner-profile-publication.ts; server/packages/services/master-data/src/kysely-business-partner-360-commercial-controls.ts,shared.classification_scheme; shared.commodity_code
shared.industry_code,shared,server/db/ddl/common/shared/03_tables.sql,471,CREATE with no later DROP TABLE found,,Classification reference,P2,"Scheme/version-aware code lookup; crosswalks are subordinate mapping collections, not automatic remapping commands",,no direct storage binding in inspected New_Entity core examples; not proof of no other metadata,server/packages/adapters/database/athyper-postgres/dist/generated/kysely-studio/types.d.ts; server/packages/adapters/database/athyper-postgres/src/generated/kysely-studio/types.ts; server/packages/adapters/database/mesh-postgres/dist/generated/kysely-mesh/types.d.ts; server/packages/adapters/database/mesh-postgres/src/generated/kysely-mesh/types.ts; server/packages/adapters/database/neon-postgres/dist/generated/kysely/types.d.ts; server/packages/adapters/database/neon-postgres/src/generated/kysely/types.ts; server/packages/planes/mesh/src/business-partner-profile-publication.ts; server/packages/services/master-data/src/kysely-business-partner-360-sections.ts,shared.classification_scheme; shared.industry_code
shared.commodity_crosswalk,shared,server/db/ddl/common/shared/03_tables.sql,534,CREATE with no later DROP TABLE found,,Classification reference,P2,"Scheme/version-aware code lookup; crosswalks are subordinate mapping collections, not automatic remapping commands",,no direct storage binding in inspected New_Entity core examples; not proof of no other metadata,server/packages/adapters/database/athyper-postgres/dist/generated/kysely-studio/types.d.ts; server/packages/adapters/database/athyper-postgres/src/generated/kysely-studio/types.ts; server/packages/adapters/database/mesh-postgres/dist/generated/kysely-mesh/types.d.ts; server/packages/adapters/database/mesh-postgres/src/generated/kysely-mesh/types.ts; server/packages/adapters/database/neon-postgres/dist/generated/kysely/types.d.ts; server/packages/adapters/database/neon-postgres/src/generated/kysely/types.ts,shared.commodity_code
shared.industry_crosswalk,shared,server/db/ddl/common/shared/03_tables.sql,605,CREATE with no later DROP TABLE found,,Classification reference,P2,"Scheme/version-aware code lookup; crosswalks are subordinate mapping collections, not automatic remapping commands",,no direct storage binding in inspected New_Entity core examples; not proof of no other metadata,server/packages/adapters/database/athyper-postgres/dist/generated/kysely-studio/types.d.ts; server/packages/adapters/database/athyper-postgres/src/generated/kysely-studio/types.ts; server/packages/adapters/database/mesh-postgres/dist/generated/kysely-mesh/types.d.ts; server/packages/adapters/database/mesh-postgres/src/generated/kysely-mesh/types.ts; server/packages/adapters/database/neon-postgres/dist/generated/kysely/types.d.ts; server/packages/adapters/database/neon-postgres/src/generated/kysely/types.ts,shared.industry_code
shared.bank_institution,shared,server/db/ddl/common/shared/03_bank_master.sql,13,CREATE with no later DROP TABLE found,,Bank directory,P2,Read-only bank directory entities; institution-dependent branch/identifier lookup; retain source authority,,no direct storage binding in inspected New_Entity core examples; not proof of no other metadata,server/packages/adapters/database/athyper-postgres/dist/generated/kysely-studio/types.d.ts; server/packages/adapters/database/athyper-postgres/src/generated/kysely-studio/types.ts; server/packages/adapters/database/mesh-postgres/dist/generated/kysely-mesh/types.d.ts; server/packages/adapters/database/mesh-postgres/src/generated/kysely-mesh/types.ts; server/packages/adapters/database/neon-postgres/dist/generated/kysely/types.d.ts; server/packages/adapters/database/neon-postgres/src/generated/kysely/types.ts; server/packages/services/master-data/src/business-partner-request-capture.ts; server/packages/services/records/dist/bank-form-choices.d.ts; server/packages/services/records/src/bank-form-choices.ts,shared.country
shared.bank_branch,shared,server/db/ddl/common/shared/03_bank_master.sql,44,CREATE with no later DROP TABLE found,,Bank directory,P2,Read-only bank directory entities; institution-dependent branch/identifier lookup; retain source authority,,no direct storage binding in inspected New_Entity core examples; not proof of no other metadata,server/packages/adapters/database/athyper-postgres/dist/generated/kysely-studio/types.d.ts; server/packages/adapters/database/athyper-postgres/src/generated/kysely-studio/types.ts; server/packages/adapters/database/mesh-postgres/dist/generated/kysely-mesh/types.d.ts; server/packages/adapters/database/mesh-postgres/src/generated/kysely-mesh/types.ts; server/packages/adapters/database/neon-postgres/dist/generated/kysely/types.d.ts; server/packages/adapters/database/neon-postgres/src/generated/kysely/types.ts; server/packages/services/master-data/src/business-partner-request-capture.ts; server/packages/services/records/dist/bank-form-choices.d.ts; server/packages/services/records/src/bank-form-choices.ts,shared.bank_institution; shared.country
shared.bank_identifier,shared,server/db/ddl/common/shared/03_bank_master.sql,77,CREATE with no later DROP TABLE found,,Bank directory,P2,Read-only bank directory entities; institution-dependent branch/identifier lookup; retain source authority,,no direct storage binding in inspected New_Entity core examples; not proof of no other metadata,server/packages/adapters/database/athyper-postgres/dist/generated/kysely-studio/types.d.ts; server/packages/adapters/database/athyper-postgres/src/generated/kysely-studio/types.ts; server/packages/adapters/database/mesh-postgres/dist/generated/kysely-mesh/types.d.ts; server/packages/adapters/database/mesh-postgres/src/generated/kysely-mesh/types.ts; server/packages/adapters/database/neon-postgres/dist/generated/kysely/types.d.ts; server/packages/adapters/database/neon-postgres/src/generated/kysely/types.ts,shared.bank_branch; shared.bank_institution; shared.country
master.tenant,master,server/db/ddl/common/master/03_platform_tables.sql,5,CREATE with no later DROP TABLE found,,Platform identity/context dependencies,Dependency,Retain platform scope/profile authority; not Business Partner sections,,no direct storage binding in inspected New_Entity core examples; not proof of no other metadata,server/packages/adapters/database/athyper-postgres/dist/generated/kysely-studio/types.d.ts; server/packages/adapters/database/athyper-postgres/src/generated/kysely-studio/types.ts; server/packages/adapters/database/mesh-postgres/dist/generated/kysely-mesh/types.d.ts; server/packages/adapters/database/mesh-postgres/src/generated/kysely-mesh/types.ts; server/packages/adapters/database/neon-postgres/dist/generated/kysely/types.d.ts; server/packages/adapters/database/neon-postgres/src/generated/kysely/types.ts; server/packages/adapters/experience-postgres/src/index.ts; server/packages/platform/control-admin/scripts/compare-feature-cohorts.ts; server/packages/platform/iam/src/kysely-permission-resolver.ts,control.subscription_plan
master.tenant_profile,master,server/db/ddl/common/master/03_platform_tables.sql,55,CREATE with no later DROP TABLE found,,Platform identity/context dependencies,Dependency,Retain platform scope/profile authority; not Business Partner sections,,no direct storage binding in inspected New_Entity core examples; not proof of no other metadata,server/packages/adapters/database/athyper-postgres/dist/generated/kysely-studio/types.d.ts; server/packages/adapters/database/athyper-postgres/src/generated/kysely-studio/types.ts; server/packages/adapters/database/mesh-postgres/dist/generated/kysely-mesh/types.d.ts; server/packages/adapters/database/mesh-postgres/src/generated/kysely-mesh/types.ts; server/packages/adapters/database/neon-postgres/dist/generated/kysely/types.d.ts; server/packages/adapters/database/neon-postgres/src/generated/kysely/types.ts; server/packages/adapters/experience-postgres/src/index.ts,master.tenant; shared.country; shared.language; shared.locale; shared.timezone
master.address,master,server/db/ddl/common/master/03_platform_tables.sql,273,CREATE with no later DROP TABLE found,,Address and contact graph,P1,"Link-aware related sections and child lookup metadata; preserve owner registry, tenant boundaries and contact verification",metadata/products/mdg/entities/address/core.json,draft core example present; active release unverified,server/packages/adapters/database/athyper-postgres/dist/generated/kysely-studio/types.d.ts; server/packages/adapters/database/athyper-postgres/src/generated/kysely-studio/types.ts; server/packages/adapters/database/mesh-postgres/dist/generated/kysely-mesh/types.d.ts; server/packages/adapters/database/mesh-postgres/src/generated/kysely-mesh/types.ts; server/packages/adapters/database/neon-postgres/dist/generated/kysely/types.d.ts; server/packages/adapters/database/neon-postgres/src/generated/kysely/types.ts; server/packages/services/master-data/src/kysely-business-partner-360-repository.ts; server/packages/services/master-data/src/kysely-business-partner-360-sections.ts; server/packages/services/master-data/src/kysely-master-data-repository.ts; server/packages/services/master-data/src/services.ts,master.address_event; master.tenant; shared.country; shared.state_region; shared.timezone
master.address_link,master,server/db/ddl/common/master/03_platform_tables.sql,385,CREATE with no later DROP TABLE found,,Address and contact graph,P1,"Link-aware related sections and child lookup metadata; preserve owner registry, tenant boundaries and contact verification",metadata/products/mdg/entities/address_link/core.json,draft core example present; active release unverified,server/packages/adapters/database/athyper-postgres/dist/generated/kysely-studio/types.d.ts; server/packages/adapters/database/athyper-postgres/src/generated/kysely-studio/types.ts; server/packages/adapters/database/mesh-postgres/dist/generated/kysely-mesh/types.d.ts; server/packages/adapters/database/mesh-postgres/src/generated/kysely-mesh/types.ts; server/packages/adapters/database/neon-postgres/dist/generated/kysely/types.d.ts; server/packages/adapters/database/neon-postgres/src/generated/kysely/types.ts; server/packages/services/master-data/src/kysely-business-partner-360-repository.ts; server/packages/services/master-data/src/kysely-business-partner-360-sections.ts; server/packages/services/master-data/src/kysely-master-data-repository.ts; server/packages/services/master-data/src/master-data-authority.ts,control.owner_type; master.address; master.principal; master.tenant
master.address_event,master,server/db/ddl/common/master/03_platform_tables.sql,443,CREATE with no later DROP TABLE found,,Address history,P2,Read-only validation/history timeline; no generic create/update/delete,,no direct storage binding in inspected New_Entity core examples; not proof of no other metadata,server/packages/adapters/database/athyper-postgres/dist/generated/kysely-studio/types.d.ts; server/packages/adapters/database/athyper-postgres/src/generated/kysely-studio/types.ts; server/packages/adapters/database/mesh-postgres/dist/generated/kysely-mesh/types.d.ts; server/packages/adapters/database/mesh-postgres/src/generated/kysely-mesh/types.ts; server/packages/adapters/database/neon-postgres/dist/generated/kysely/types.d.ts; server/packages/adapters/database/neon-postgres/src/generated/kysely/types.ts; server/packages/services/master-data/src/kysely-business-partner-360-sections.ts,master.address; master.address_event; master.principal; master.tenant
master.contact_link,master,server/db/ddl/common/master/03_platform_tables.sql,492,CREATE with no later DROP TABLE found,,Address and contact graph,P1,"Link-aware related sections and child lookup metadata; preserve owner registry, tenant boundaries and contact verification",,no direct storage binding in inspected New_Entity core examples; not proof of no other metadata,server/packages/adapters/database/athyper-postgres/dist/generated/kysely-studio/types.d.ts; server/packages/adapters/database/athyper-postgres/src/generated/kysely-studio/types.ts; server/packages/adapters/database/mesh-postgres/dist/generated/kysely-mesh/types.d.ts; server/packages/adapters/database/mesh-postgres/src/generated/kysely-mesh/types.ts; server/packages/adapters/database/neon-postgres/dist/generated/kysely/types.d.ts; server/packages/adapters/database/neon-postgres/src/generated/kysely/types.ts; server/packages/platform/notifications/src/kysely-notification-preferences.ts; server/packages/platform/notifications/src/kysely-notification-repositories.ts; server/packages/platform/notifications/src/notification-planner.ts; server/packages/services/master-data/src/kysely-business-partner-360-repository.ts; server/packages/services/master-data/src/kysely-business-partner-360-sections.ts; server/packages/services/master-data/src/kysely-master-data-repository.ts; server/packages/services/master-data/src/master-data-authority.ts,control.owner_type; master.tenant
master.contact_email,master,server/db/ddl/common/master/03_platform_tables.sql,558,CREATE with no later DROP TABLE found,,Address and contact graph,P1,"Link-aware related sections and child lookup metadata; preserve owner registry, tenant boundaries and contact verification",,no direct storage binding in inspected New_Entity core examples; not proof of no other metadata,server/packages/adapters/database/athyper-postgres/dist/generated/kysely-studio/types.d.ts; server/packages/adapters/database/athyper-postgres/src/generated/kysely-studio/types.ts; server/packages/adapters/database/mesh-postgres/dist/generated/kysely-mesh/types.d.ts; server/packages/adapters/database/mesh-postgres/src/generated/kysely-mesh/types.ts; server/packages/adapters/database/neon-postgres/dist/generated/kysely/types.d.ts; server/packages/adapters/database/neon-postgres/src/generated/kysely/types.ts; server/packages/services/master-data/src/kysely-business-partner-360-sections.ts,master.contact_link; master.tenant
master.contact_phone,master,server/db/ddl/common/master/03_platform_tables.sql,604,CREATE with no later DROP TABLE found,,Address and contact graph,P1,"Link-aware related sections and child lookup metadata; preserve owner registry, tenant boundaries and contact verification",,no direct storage binding in inspected New_Entity core examples; not proof of no other metadata,server/packages/adapters/database/athyper-postgres/dist/generated/kysely-studio/types.d.ts; server/packages/adapters/database/athyper-postgres/src/generated/kysely-studio/types.ts; server/packages/adapters/database/mesh-postgres/dist/generated/kysely-mesh/types.d.ts; server/packages/adapters/database/mesh-postgres/src/generated/kysely-mesh/types.ts; server/packages/adapters/database/neon-postgres/dist/generated/kysely/types.d.ts; server/packages/adapters/database/neon-postgres/src/generated/kysely/types.ts; server/packages/services/master-data/src/kysely-business-partner-360-sections.ts,master.contact_link; master.tenant
master.principal,master,server/db/ddl/common/master/03_platform_tables.sql,636,CREATE with no later DROP TABLE found,,Platform identity/context dependencies,Dependency,Retain platform scope/profile authority; not Business Partner sections,,no direct storage binding in inspected New_Entity core examples; not proof of no other metadata,server/packages/adapters/database/athyper-postgres/dist/generated/kysely-studio/types.d.ts; server/packages/adapters/database/athyper-postgres/src/generated/kysely-studio/types.ts; server/packages/adapters/database/mesh-postgres/dist/generated/kysely-mesh/types.d.ts; server/packages/adapters/database/mesh-postgres/src/generated/kysely-mesh/types.ts; server/packages/adapters/database/neon-postgres/dist/generated/kysely/types.d.ts; server/packages/adapters/database/neon-postgres/src/generated/kysely/types.ts; server/packages/adapters/experience-postgres/src/index.ts; server/packages/platform/collaboration/src/kysely-collaboration-repository.ts; server/packages/platform/control-admin/scripts/compare-feature-cohorts.ts; server/packages/platform/iam/src/kysely-context-refresh.ts; server/packages/platform/iam/src/kysely-identity-saga.ts; server/packages/platform/iam/src/kysely-permission-resolver.ts; server/packages/platform/notifications/src/outbox-planning.ts; server/packages/services/master-data/src/kysely-business-partner-360-sections.ts; server/packages/services/master-data/src/kysely-business-partner-case-repository.ts,master.tenant
master.principal_profile,master,server/db/ddl/common/master/03_platform_tables.sql,685,CREATE with no later DROP TABLE found,,Platform identity/context dependencies,Dependency,Retain platform scope/profile authority; not Business Partner sections,,no direct storage binding in inspected New_Entity core examples; not proof of no other metadata,server/packages/adapters/database/athyper-postgres/dist/generated/kysely-studio/types.d.ts; server/packages/adapters/database/athyper-postgres/src/generated/kysely-studio/types.ts; server/packages/adapters/database/mesh-postgres/dist/generated/kysely-mesh/types.d.ts; server/packages/adapters/database/mesh-postgres/src/generated/kysely-mesh/types.ts; server/packages/adapters/database/neon-postgres/dist/generated/kysely/types.d.ts; server/packages/adapters/database/neon-postgres/src/generated/kysely/types.ts; server/packages/adapters/experience-postgres/src/index.ts,master.principal; master.tenant
master.principal_identity_binding,master,server/db/ddl/common/master/03_platform_tables.sql,731,CREATE with no later DROP TABLE found,,Platform identity/context dependencies,Dependency,Retain platform scope/profile authority; not Business Partner sections,,no direct storage binding in inspected New_Entity core examples; not proof of no other metadata,server/packages/adapters/database/athyper-postgres/dist/generated/kysely-studio/types.d.ts; server/packages/adapters/database/athyper-postgres/src/generated/kysely-studio/types.ts; server/packages/adapters/database/mesh-postgres/dist/generated/kysely-mesh/types.d.ts; server/packages/adapters/database/mesh-postgres/src/generated/kysely-mesh/types.ts; server/packages/adapters/database/neon-postgres/dist/generated/kysely/types.d.ts; server/packages/adapters/database/neon-postgres/src/generated/kysely/types.ts; server/packages/adapters/experience-postgres/src/index.ts; server/packages/platform/iam/src/kysely-identity-saga.ts,master.principal; master.tenant
master.principal_ui_profile,master,server/db/ddl/common/master/03_platform_tables.sql,812,CREATE with no later DROP TABLE found,,Platform identity/context dependencies,Dependency,Retain platform scope/profile authority; not Business Partner sections,,no direct storage binding in inspected New_Entity core examples; not proof of no other metadata,server/packages/adapters/database/athyper-postgres/dist/generated/kysely-studio/types.d.ts; server/packages/adapters/database/athyper-postgres/src/generated/kysely-studio/types.ts; server/packages/adapters/database/mesh-postgres/dist/generated/kysely-mesh/types.d.ts; server/packages/adapters/database/mesh-postgres/src/generated/kysely-mesh/types.ts; server/packages/adapters/database/neon-postgres/dist/generated/kysely/types.d.ts; server/packages/adapters/database/neon-postgres/src/generated/kysely/types.ts; server/packages/adapters/experience-postgres/src/index.ts,master.principal; master.tenant; shared.language; shared.locale; shared.timezone
master.saved_view,master,server/db/ddl/common/master/03_platform_tables.sql,921,CREATE with no later DROP TABLE found,,Shared experience dependencies,Dependency,Reuse shared record/lookup facilities; no new BP-specific copies,,no direct storage binding in inspected New_Entity core examples; not proof of no other metadata,server/packages/adapters/database/athyper-postgres/dist/generated/kysely-studio/types.d.ts; server/packages/adapters/database/athyper-postgres/src/generated/kysely-studio/types.ts; server/packages/adapters/database/mesh-postgres/dist/generated/kysely-mesh/types.d.ts; server/packages/adapters/database/mesh-postgres/src/generated/kysely-mesh/types.ts; server/packages/adapters/database/neon-postgres/dist/generated/kysely/types.d.ts; server/packages/adapters/database/neon-postgres/src/generated/kysely/types.ts; server/packages/platform/preferences/src/kysely-saved-view-repository.ts,master.principal; master.tenant
master.record_bookmark,master,server/db/ddl/common/master/03_platform_tables.sql,984,CREATE with no later DROP TABLE found,,Shared experience dependencies,Dependency,Reuse shared record/lookup facilities; no new BP-specific copies,,no direct storage binding in inspected New_Entity core examples; not proof of no other metadata,server/packages/adapters/database/athyper-postgres/dist/generated/kysely-studio/types.d.ts; server/packages/adapters/database/athyper-postgres/src/generated/kysely-studio/types.ts; server/packages/adapters/database/mesh-postgres/dist/generated/kysely-mesh/types.d.ts; server/packages/adapters/database/mesh-postgres/src/generated/kysely-mesh/types.ts; server/packages/adapters/database/neon-postgres/dist/generated/kysely/types.d.ts; server/packages/adapters/database/neon-postgres/src/generated/kysely/types.ts; server/packages/services/records/src/bookmarks/record-bookmark-service.ts,master.principal; master.tenant
master.external_reference,master,server/db/ddl/common/master/03_platform_tables.sql,1012,CREATE with no later DROP TABLE found,,Shared experience dependencies,Dependency,Reuse shared record/lookup facilities; no new BP-specific copies,,no direct storage binding in inspected New_Entity core examples; not proof of no other metadata,server/packages/adapters/database/athyper-postgres/dist/generated/kysely-studio/types.d.ts; server/packages/adapters/database/athyper-postgres/src/generated/kysely-studio/types.ts; server/packages/adapters/database/mesh-postgres/dist/generated/kysely-mesh/types.d.ts; server/packages/adapters/database/mesh-postgres/src/generated/kysely-mesh/types.ts; server/packages/adapters/database/neon-postgres/dist/generated/kysely/types.d.ts; server/packages/adapters/database/neon-postgres/src/generated/kysely/types.ts; server/packages/planes/neon/src/business-partner-account-bank-linkage.ts; server/packages/services/master-data/src/kysely-business-partner-360-sections.ts,control.owner_type; master.principal; master.tenant
master.legal_entity,master,server/db/ddl/planes/neon/master/03_tables.sql,6,CREATE with no later DROP TABLE found,,Organization reference dependencies,P1,Authorized context/lookups reused by BP; do not copy organization management into partner CRUD,,no direct storage binding in inspected New_Entity core examples; not proof of no other metadata,server/packages/adapters/database/neon-postgres/dist/generated/kysely/types.d.ts; server/packages/adapters/database/neon-postgres/src/generated/kysely/types.ts; server/packages/adapters/experience-postgres/src/index.ts; server/packages/services/master-data/src/business-partner-display-references.ts,master.legal_entity; master.principal; master.tenant; shared.country; shared.currency
master.company_code,master,server/db/ddl/planes/neon/master/03_tables.sql,71,CREATE with no later DROP TABLE found,,Organization reference dependencies,P1,Authorized context/lookups reused by BP; do not copy organization management into partner CRUD,,no direct storage binding in inspected New_Entity core examples; not proof of no other metadata,server/packages/adapters/database/neon-postgres/dist/generated/kysely/types.d.ts; server/packages/adapters/database/neon-postgres/src/generated/kysely/types.ts; server/packages/adapters/experience-postgres/src/index.ts; server/packages/services/finance/src/ledger/business-partner-journal-activity.ts; server/packages/services/master-data/src/business-partner-display-references.ts; server/packages/services/master-data/src/kysely-business-partner-360-commercial-controls.ts; server/packages/services/master-data/src/kysely-business-partner-360-repository.ts; server/packages/services/master-data/src/kysely-business-partner-360-role-sections.ts; server/packages/services/master-data/src/kysely-business-partner-eligibility-repository.ts,master.legal_entity; master.principal; master.tenant; shared.country; shared.currency; shared.locale; shared.timezone
master.tax_jurisdiction,master,server/db/ddl/planes/neon/master/03_tables.sql,115,CREATE with no later DROP TABLE found,,Identifiers and tax,P2,Partner identifier/tax collections with jurisdiction/type lookups; organizational registrations stay organization-owned,,no direct storage binding in inspected New_Entity core examples; not proof of no other metadata,server/packages/adapters/database/neon-postgres/dist/generated/kysely/types.d.ts; server/packages/adapters/database/neon-postgres/src/generated/kysely/types.ts; server/packages/services/master-data/src/kysely-business-partner-360-repository.ts; server/packages/services/master-data/src/kysely-business-partner-360-sections.ts,master.principal; master.tenant; shared.country; shared.state_region
master.tax_type,master,server/db/ddl/planes/neon/master/03_tables.sql,298,CREATE with no later DROP TABLE found,,Identifiers and tax,P2,Partner identifier/tax collections with jurisdiction/type lookups; organizational registrations stay organization-owned,,no direct storage binding in inspected New_Entity core examples; not proof of no other metadata,server/packages/adapters/database/neon-postgres/dist/generated/kysely/types.d.ts; server/packages/adapters/database/neon-postgres/src/generated/kysely/types.ts; server/packages/services/finance/src/tax/kysely-tax-configuration.ts,master.condition_type; master.principal; master.tenant
master.organization_tax_registration,master,server/db/ddl/planes/neon/master/03_tables.sql,344,CREATE with no later DROP TABLE found,,Identifiers and tax,P2,Partner identifier/tax collections with jurisdiction/type lookups; organizational registrations stay organization-owned,,no direct storage binding in inspected New_Entity core examples; not proof of no other metadata,server/packages/adapters/database/neon-postgres/dist/generated/kysely/types.d.ts; server/packages/adapters/database/neon-postgres/src/generated/kysely/types.ts,master.company_code; master.legal_entity; master.principal; master.tax_jurisdiction; master.tenant
master.operating_organization,master,server/db/ddl/planes/neon/master/03_tables.sql,384,CREATE with no later DROP TABLE found,,Organization reference dependencies,P1,Authorized context/lookups reused by BP; do not copy organization management into partner CRUD,,no direct storage binding in inspected New_Entity core examples; not proof of no other metadata,server/packages/adapters/database/neon-postgres/dist/generated/kysely/types.d.ts; server/packages/adapters/database/neon-postgres/src/generated/kysely/types.ts; server/packages/adapters/experience-postgres/src/index.ts; server/packages/planes/neon/src/business-partner-account-bank-linkage.ts; server/packages/services/finance/src/ledger/business-partner-journal-activity.ts; server/packages/services/master-data/src/business-partner-display-references.ts; server/packages/services/master-data/src/kysely-business-partner-360-repository.ts; server/packages/services/master-data/src/kysely-business-partner-360-role-sections.ts; server/packages/services/master-data/src/kysely-business-partner-case-repository.ts; server/packages/services/master-data/src/kysely-business-partner-eligibility-repository.ts; server/packages/services/master-data/src/master-data-authority.ts,master.operating_organization; master.principal; master.tenant
master.procurement_organization_profile,master,server/db/ddl/planes/neon/master/03_tables.sql,430,CREATE with no later DROP TABLE found,,Organization reference dependencies,P1,Authorized context/lookups reused by BP; do not copy organization management into partner CRUD,,no direct storage binding in inspected New_Entity core examples; not proof of no other metadata,server/packages/adapters/database/neon-postgres/dist/generated/kysely/types.d.ts; server/packages/adapters/database/neon-postgres/src/generated/kysely/types.ts; server/packages/adapters/experience-postgres/src/index.ts,master.company_code; master.operating_organization; master.principal; shared.currency
master.sales_organization_profile,master,server/db/ddl/planes/neon/master/03_tables.sql,450,CREATE with no later DROP TABLE found,,Organization reference dependencies,P1,Authorized context/lookups reused by BP; do not copy organization management into partner CRUD,,no direct storage binding in inspected New_Entity core examples; not proof of no other metadata,server/packages/adapters/database/neon-postgres/dist/generated/kysely/types.d.ts; server/packages/adapters/database/neon-postgres/src/generated/kysely/types.ts; server/packages/adapters/experience-postgres/src/index.ts,master.company_code; master.operating_organization; master.principal; shared.currency
master.operating_organization_company_assignment,master,server/db/ddl/planes/neon/master/03_tables.sql,471,CREATE with no later DROP TABLE found,,Organization reference dependencies,P1,Authorized context/lookups reused by BP; do not copy organization management into partner CRUD,,no direct storage binding in inspected New_Entity core examples; not proof of no other metadata,server/packages/adapters/database/neon-postgres/dist/generated/kysely/types.d.ts; server/packages/adapters/database/neon-postgres/src/generated/kysely/types.ts; server/packages/adapters/experience-postgres/src/index.ts; server/packages/services/finance/src/ledger/business-partner-journal-activity.ts; server/packages/services/master-data/src/kysely-business-partner-360-repository.ts; server/packages/services/master-data/src/kysely-business-partner-360-role-sections.ts; server/packages/services/master-data/src/kysely-business-partner-case-repository.ts; server/packages/services/master-data/src/kysely-business-partner-eligibility-repository.ts,master.company_code; master.operating_organization; master.principal; master.tenant
master.org_unit,master,server/db/ddl/planes/neon/master/03_tables.sql,502,CREATE with no later DROP TABLE found,,Workforce context dependencies,P3,Authorized job/site/organization reference selectors; optional HR dimensions only where the workflow requires them,,no direct storage binding in inspected New_Entity core examples; not proof of no other metadata,server/packages/adapters/database/neon-postgres/dist/generated/kysely/types.d.ts; server/packages/adapters/database/neon-postgres/src/generated/kysely/types.ts,control.org_unit_type; master.org_unit; master.principal; master.tenant
master.profit_center,master,server/db/ddl/planes/neon/master/03_tables.sql,546,CREATE with no later DROP TABLE found,,Workforce context dependencies,P3,Authorized job/site/organization reference selectors; optional HR dimensions only where the workflow requires them,,no direct storage binding in inspected New_Entity core examples; not proof of no other metadata,server/packages/adapters/database/neon-postgres/dist/generated/kysely/types.d.ts; server/packages/adapters/database/neon-postgres/src/generated/kysely/types.ts,master.company_code; master.principal; master.profit_center; master.tenant
master.cost_center,master,server/db/ddl/planes/neon/master/03_tables.sql,597,CREATE with no later DROP TABLE found,,Workforce context dependencies,P3,Authorized job/site/organization reference selectors; optional HR dimensions only where the workflow requires them,,no direct storage binding in inspected New_Entity core examples; not proof of no other metadata,server/packages/adapters/database/neon-postgres/dist/generated/kysely/types.d.ts; server/packages/adapters/database/neon-postgres/src/generated/kysely/types.ts,master.company_code; master.cost_center; master.principal; master.profit_center; master.tenant
master.accounting_profile,master,server/db/ddl/planes/neon/master/03_tables.sql,777,CREATE with no later DROP TABLE found,,Commercial setup dependencies,P2,Supplier/customer company profile lookups; subordinate payment terms and finance-maintained account constraints,,no direct storage binding in inspected New_Entity core examples; not proof of no other metadata,server/packages/adapters/database/neon-postgres/dist/generated/kysely/types.d.ts; server/packages/adapters/database/neon-postgres/src/generated/kysely/types.ts,master.tenant
master.gl_account,master,server/db/ddl/planes/neon/master/03_tables.sql,856,CREATE with no later DROP TABLE found,,Commercial setup dependencies,P2,Supplier/customer company profile lookups; subordinate payment terms and finance-maintained account constraints,,no direct storage binding in inspected New_Entity core examples; not proof of no other metadata,server/packages/adapters/database/neon-postgres/dist/generated/kysely/types.d.ts; server/packages/adapters/database/neon-postgres/src/generated/kysely/types.ts,master.chart_of_account; master.gl_account; master.tenant; shared.currency
master.company_code_gl_account,master,server/db/ddl/planes/neon/master/03_tables.sql,1189,CREATE with no later DROP TABLE found,,Commercial setup dependencies,P2,Supplier/customer company profile lookups; subordinate payment terms and finance-maintained account constraints,,no direct storage binding in inspected New_Entity core examples; not proof of no other metadata,server/packages/adapters/database/neon-postgres/dist/generated/kysely/types.d.ts; server/packages/adapters/database/neon-postgres/src/generated/kysely/types.ts,master.company_code; master.cost_center; master.gl_account; master.tenant
master.bank_provisional_reference,master,server/db/ddl/planes/neon/master/03_tables.sql,1242,CREATE with no later DROP TABLE found,,Banking graph,P2,Masked Banking projection with usage and company acceptance; verification/resolution through governed operations,,no direct storage binding in inspected New_Entity core examples; not proof of no other metadata,server/packages/adapters/database/neon-postgres/dist/generated/kysely/types.d.ts; server/packages/adapters/database/neon-postgres/src/generated/kysely/types.ts,master.tenant; shared.bank_branch; shared.bank_institution; shared.country
master.bank_account,master,server/db/ddl/planes/neon/master/03_tables.sql,1258,CREATE with no later DROP TABLE found,,Banking graph,P2,Masked Banking projection with usage and company acceptance; verification/resolution through governed operations,metadata/products/mdg/entities/business_partner_banking/core.json,draft core example present; active release unverified,server/packages/adapters/database/neon-postgres/dist/generated/kysely/types.d.ts; server/packages/adapters/database/neon-postgres/src/generated/kysely/types.ts; server/packages/planes/neon/src/business-partner-account-bank-linkage.ts; server/packages/services/master-data/src/business-partner-360-service.ts; server/packages/services/master-data/src/kysely-business-partner-360-bank-reveal.ts; server/packages/services/master-data/src/kysely-business-partner-360-commercial-controls.ts; server/packages/services/master-data/src/kysely-business-partner-eligibility-repository.ts,master.bank_provisional_reference; master.principal; master.tenant; shared.bank_branch; shared.bank_institution; shared.currency
master.bank_account_link,master,server/db/ddl/planes/neon/master/03_tables.sql,1361,CREATE with no later DROP TABLE found,,Banking graph,P2,Masked Banking projection with usage and company acceptance; verification/resolution through governed operations,,no direct storage binding in inspected New_Entity core examples; not proof of no other metadata,server/packages/adapters/database/neon-postgres/dist/generated/kysely/types.d.ts; server/packages/adapters/database/neon-postgres/src/generated/kysely/types.ts; server/packages/planes/neon/src/business-partner-account-bank-linkage.ts; server/packages/services/master-data/src/kysely-business-partner-360-bank-reveal.ts; server/packages/services/master-data/src/kysely-business-partner-360-commercial-controls.ts; server/packages/services/master-data/src/kysely-business-partner-360-repository.ts; server/packages/services/master-data/src/kysely-business-partner-eligibility-repository.ts,control.owner_type; master.bank_account; master.company_code; master.principal; master.tenant
master.bank_account_house_config,master,server/db/ddl/planes/neon/master/03_tables.sql,1417,CREATE with no later DROP TABLE found,,House banking,Later/adjacent,"Internal-company treasury configuration; expose only where owner is an internal organization, not a supplier account",,no direct storage binding in inspected New_Entity core examples; not proof of no other metadata,server/packages/adapters/database/neon-postgres/dist/generated/kysely/types.d.ts; server/packages/adapters/database/neon-postgres/src/generated/kysely/types.ts,master.bank_account_link; master.company_code; master.gl_account; master.tenant
master.bank_account_house_payment_method,master,server/db/ddl/planes/neon/master/03_tables.sql,1465,CREATE with no later DROP TABLE found,,House banking,Later/adjacent,"Internal-company treasury configuration; expose only where owner is an internal organization, not a supplier account",,no direct storage binding in inspected New_Entity core examples; not proof of no other metadata,,master.bank_account_house_config; master.payment_method; master.principal; master.tenant
master.payment_method,master,server/db/ddl/planes/neon/master/03_tables.sql,1500,CREATE with no later DROP TABLE found,,Commercial setup dependencies,P2,Supplier/customer company profile lookups; subordinate payment terms and finance-maintained account constraints,,no direct storage binding in inspected New_Entity core examples; not proof of no other metadata,server/packages/adapters/database/neon-postgres/dist/generated/kysely/types.d.ts; server/packages/adapters/database/neon-postgres/src/generated/kysely/types.ts,master.principal; master.tenant
master.payment_term,master,server/db/ddl/planes/neon/master/03_tables.sql,1564,CREATE with no later DROP TABLE found,,Commercial setup dependencies,P2,Supplier/customer company profile lookups; subordinate payment terms and finance-maintained account constraints,,no direct storage binding in inspected New_Entity core examples; not proof of no other metadata,server/packages/adapters/database/neon-postgres/dist/generated/kysely/types.d.ts; server/packages/adapters/database/neon-postgres/src/generated/kysely/types.ts; server/packages/services/master-data/src/business-partner-display-references.ts,master.holiday_calendar; master.payment_term; master.principal; master.tenant
master.payment_term_clause,master,server/db/ddl/planes/neon/master/03_tables.sql,1650,CREATE with no later DROP TABLE found,,Commercial setup dependencies,P2,Supplier/customer company profile lookups; subordinate payment terms and finance-maintained account constraints,,no direct storage binding in inspected New_Entity core examples; not proof of no other metadata,server/packages/adapters/database/neon-postgres/dist/generated/kysely/types.d.ts; server/packages/adapters/database/neon-postgres/src/generated/kysely/types.ts,master.payment_term; master.payment_term_clause; master.tenant; shared.currency
master.payment_term_discount_tier,master,server/db/ddl/planes/neon/master/03_tables.sql,1829,CREATE with no later DROP TABLE found,,Commercial setup dependencies,P2,Supplier/customer company profile lookups; subordinate payment terms and finance-maintained account constraints,,no direct storage binding in inspected New_Entity core examples; not proof of no other metadata,server/packages/adapters/database/neon-postgres/dist/generated/kysely/types.d.ts; server/packages/adapters/database/neon-postgres/src/generated/kysely/types.ts,master.payment_term; master.tenant; shared.currency
master.business_partner,master,server/db/ddl/planes/neon/master/03_tables.sql,1885,CREATE with no later DROP TABLE found,,Partner core and roles,P1,Extend existing core/role metadata; supplier and customer remain roles linked to one partner,metadata/products/mdg/entities/business_partner/core.json,draft core example present; active release unverified,server/packages/adapters/database/neon-postgres/dist/generated/kysely/types.d.ts; server/packages/adapters/database/neon-postgres/src/generated/kysely/types.ts; server/packages/contracts/master-data/dist/business-partner-requests.d.ts; server/packages/contracts/master-data/src/business-partner-requests.ts; server/packages/planes/neon/src/business-partner-account-bank-linkage.ts; server/packages/planes/neon/src/business-partner-import.ts; server/packages/planes/neon/src/business-partner-profile-match.ts; server/packages/services/master-data/dist/kysely-business-partner-case-repository.d.ts; server/packages/services/master-data/src/business-partner-request-validator.ts; server/packages/services/master-data/src/governed-internal-business-partner-service.ts; server/packages/services/master-data/src/kysely-business-partner-360-explainability.ts; server/packages/services/master-data/src/kysely-business-partner-360-repository.ts; server/packages/services/master-data/src/kysely-business-partner-360-sections.ts; server/packages/services/master-data/src/kysely-business-partner-case-repository.ts; server/packages/services/master-data/src/kysely-business-partner-eligibility-repository.ts; server/packages/services/master-data/src/kysely-governed-internal-business-partner-repository.ts; server/packages/services/master-data/src/master-data-authority.ts; server/packages/services/publication/src/business-partner-company-case-contract.ts; server/packages/services/publication/src/compiled-entity-collection-compiler.ts,control.lookup_value; master.business_partner; master.principal; master.tenant; shared.country
master.supplier,master,server/db/ddl/planes/neon/master/03_tables.sql,1976,CREATE with no later DROP TABLE found,,Partner core and roles,P1,Extend existing core/role metadata; supplier and customer remain roles linked to one partner,metadata/products/mdg/entities/supplier/core.json,draft core example present; active release unverified,server/packages/adapters/database/neon-postgres/dist/generated/kysely/types.d.ts; server/packages/adapters/database/neon-postgres/src/generated/kysely/types.ts; server/packages/planes/neon/src/business-partner-account-bank-linkage.ts; server/packages/planes/neon/src/business-partner-import.ts; server/packages/services/master-data/src/kysely-business-partner-360-commercial-controls.ts; server/packages/services/master-data/src/kysely-business-partner-360-repository.ts; server/packages/services/master-data/src/kysely-business-partner-360-role-sections.ts; server/packages/services/master-data/src/kysely-business-partner-case-repository.ts; server/packages/services/master-data/src/kysely-business-partner-eligibility-repository.ts; server/packages/services/master-data/src/supplier-activation-readiness.ts; server/packages/services/master-data/src/supplier-onboarding-completion.ts; server/packages/services/records/src/kysely-record-repository.ts,master.business_partner; master.tenant
master.customer,master,server/db/ddl/planes/neon/master/03_tables.sql,2016,CREATE with no later DROP TABLE found,,Partner core and roles,P1,Extend existing core/role metadata; supplier and customer remain roles linked to one partner,metadata/products/mdg/entities/customer/core.json,draft core example present; active release unverified,server/packages/adapters/database/neon-postgres/dist/generated/kysely/types.d.ts; server/packages/adapters/database/neon-postgres/src/generated/kysely/types.ts; server/packages/planes/neon/src/business-partner-account-bank-linkage.ts; server/packages/planes/neon/src/business-partner-import.ts; server/packages/platform/iam/src/customer-portal-delivery.ts; server/packages/services/master-data/src/kysely-business-partner-360-repository.ts; server/packages/services/master-data/src/kysely-business-partner-360-role-sections.ts; server/packages/services/master-data/src/kysely-business-partner-case-repository.ts; server/packages/services/master-data/src/kysely-business-partner-eligibility-repository.ts; server/packages/services/records/src/kysely-record-repository.ts,master.business_partner; master.tenant
master.business_partner_alias,master,server/db/ddl/planes/neon/master/03_tables.sql,2054,CREATE with no later DROP TABLE found,,Identity and relationships,P2,Related collections under Identity/Relationships; registered governed commands; retain directional relation semantics,,no direct storage binding in inspected New_Entity core examples; not proof of no other metadata,server/packages/adapters/database/neon-postgres/dist/generated/kysely/types.d.ts; server/packages/adapters/database/neon-postgres/src/generated/kysely/types.ts; server/packages/planes/neon/src/business-partner-import.ts; server/packages/services/master-data/src/kysely-business-partner-360-sections.ts,master.business_partner; master.principal; shared.country
master.person,master,server/db/ddl/planes/neon/master/03_tables.sql,2398,CREATE with no later DROP TABLE found,,Supplier workforce identity,P3,"Dedicated external-worker entity; person identity is linked, not duplicated as an employee",,no direct storage binding in inspected New_Entity core examples; not proof of no other metadata,server/packages/adapters/database/neon-postgres/dist/generated/kysely/types.d.ts; server/packages/adapters/database/neon-postgres/src/generated/kysely/types.ts; server/packages/services/master-data/src/kysely-workforce-repository.ts; server/packages/services/master-data/src/kysely-workforce-request-repository.ts,master.principal; master.tenant; shared.country
master.person_sensitive_profile,master,server/db/ddl/planes/neon/master/03_tables.sql,2442,CREATE with no later DROP TABLE found,,Restricted person data,P3,Protected provider only; do not expose as generic workforce collection or unrestricted field metadata,,no direct storage binding in inspected New_Entity core examples; not proof of no other metadata,server/packages/adapters/database/neon-postgres/dist/generated/kysely/types.d.ts; server/packages/adapters/database/neon-postgres/src/generated/kysely/types.ts; server/packages/services/master-data/src/kysely-workforce-repository.ts,master.person; master.principal; master.tenant; shared.country
master.site,master,server/db/ddl/planes/neon/master/03_tables.sql,2480,CREATE with no later DROP TABLE found,,Workforce context dependencies,P3,Authorized job/site/organization reference selectors; optional HR dimensions only where the workflow requires them,,no direct storage binding in inspected New_Entity core examples; not proof of no other metadata,server/packages/adapters/database/neon-postgres/dist/generated/kysely/types.d.ts; server/packages/adapters/database/neon-postgres/src/generated/kysely/types.ts,master.company_code; master.principal; master.site; master.tenant; shared.country; shared.timezone; shared.uom
master.career_band,master,server/db/ddl/planes/neon/master/03_tables.sql,2528,CREATE with no later DROP TABLE found,,Workforce context dependencies,P3,Authorized job/site/organization reference selectors; optional HR dimensions only where the workflow requires them,,no direct storage binding in inspected New_Entity core examples; not proof of no other metadata,server/packages/adapters/database/neon-postgres/dist/generated/kysely/types.d.ts; server/packages/adapters/database/neon-postgres/src/generated/kysely/types.ts,master.principal; master.tenant
master.career_level,master,server/db/ddl/planes/neon/master/03_tables.sql,2548,CREATE with no later DROP TABLE found,,Workforce context dependencies,P3,Authorized job/site/organization reference selectors; optional HR dimensions only where the workflow requires them,,no direct storage binding in inspected New_Entity core examples; not proof of no other metadata,server/packages/adapters/database/neon-postgres/dist/generated/kysely/types.d.ts; server/packages/adapters/database/neon-postgres/src/generated/kysely/types.ts,master.career_band; master.principal; master.tenant
master.designation,master,server/db/ddl/planes/neon/master/03_tables.sql,2571,CREATE with no later DROP TABLE found,,Workforce context dependencies,P3,Authorized job/site/organization reference selectors; optional HR dimensions only where the workflow requires them,,no direct storage binding in inspected New_Entity core examples; not proof of no other metadata,server/packages/adapters/database/neon-postgres/dist/generated/kysely/types.d.ts; server/packages/adapters/database/neon-postgres/src/generated/kysely/types.ts,master.principal; master.tenant
master.job_family,master,server/db/ddl/planes/neon/master/03_tables.sql,2591,CREATE with no later DROP TABLE found,,Workforce context dependencies,P3,Authorized job/site/organization reference selectors; optional HR dimensions only where the workflow requires them,,no direct storage binding in inspected New_Entity core examples; not proof of no other metadata,server/packages/adapters/database/neon-postgres/dist/generated/kysely/types.d.ts; server/packages/adapters/database/neon-postgres/src/generated/kysely/types.ts,master.principal; master.tenant
master.job_function,master,server/db/ddl/planes/neon/master/03_tables.sql,2611,CREATE with no later DROP TABLE found,,Workforce context dependencies,P3,Authorized job/site/organization reference selectors; optional HR dimensions only where the workflow requires them,,no direct storage binding in inspected New_Entity core examples; not proof of no other metadata,server/packages/adapters/database/neon-postgres/dist/generated/kysely/types.d.ts; server/packages/adapters/database/neon-postgres/src/generated/kysely/types.ts,master.job_family; master.principal; master.tenant
master.pay_grade,master,server/db/ddl/planes/neon/master/03_tables.sql,2632,CREATE with no later DROP TABLE found,,Workforce context dependencies,P3,Authorized job/site/organization reference selectors; optional HR dimensions only where the workflow requires them,,no direct storage binding in inspected New_Entity core examples; not proof of no other metadata,server/packages/adapters/database/neon-postgres/dist/generated/kysely/types.d.ts; server/packages/adapters/database/neon-postgres/src/generated/kysely/types.ts,master.principal; master.tenant; shared.currency
master.job,master,server/db/ddl/planes/neon/master/03_tables.sql,2668,CREATE with no later DROP TABLE found,,Workforce context dependencies,P3,Authorized job/site/organization reference selectors; optional HR dimensions only where the workflow requires them,,no direct storage binding in inspected New_Entity core examples; not proof of no other metadata,server/packages/adapters/database/neon-postgres/dist/generated/kysely/types.d.ts; server/packages/adapters/database/neon-postgres/src/generated/kysely/types.ts,master.career_band; master.career_level; master.designation; master.job_family; master.job_function; master.pay_grade; master.principal; master.tenant
master.position,master,server/db/ddl/planes/neon/master/03_tables.sql,3074,CREATE with no later DROP TABLE found,,Workforce context dependencies,P3,Authorized job/site/organization reference selectors; optional HR dimensions only where the workflow requires them,,no direct storage binding in inspected New_Entity core examples; not proof of no other metadata,server/packages/adapters/database/neon-postgres/dist/generated/kysely/types.d.ts; server/packages/adapters/database/neon-postgres/src/generated/kysely/types.ts,master.company_code; master.cost_center; master.job; master.legal_entity; master.org_unit; master.position; master.principal; master.profit_center; master.site; master.tenant
master.employee,master,server/db/ddl/planes/neon/master/03_tables.sql,3111,CREATE with no later DROP TABLE found,,Internal workforce boundary,Later/adjacent,Existing workforce example is employee-based; do not reuse as supplier external-workforce storage,metadata/products/mdg/entities/workforce/core.json,draft core example present; active release unverified,server/packages/adapters/database/neon-postgres/dist/generated/kysely/types.d.ts; server/packages/adapters/database/neon-postgres/src/generated/kysely/types.ts; server/packages/services/master-data/src/kysely-workforce-repository.ts; server/packages/services/master-data/src/kysely-workforce-request-repository.ts,master.company_code; master.employee; master.person; master.principal; master.tenant
master.employment,master,server/db/ddl/planes/neon/master/03_tables.sql,3160,CREATE with no later DROP TABLE found,,Internal workforce boundary,Later/adjacent,Existing workforce example is employee-based; do not reuse as supplier external-workforce storage,,no direct storage binding in inspected New_Entity core examples; not proof of no other metadata,server/packages/adapters/database/neon-postgres/dist/generated/kysely/types.d.ts; server/packages/adapters/database/neon-postgres/src/generated/kysely/types.ts; server/packages/services/master-data/src/kysely-workforce-repository.ts; server/packages/services/master-data/src/kysely-workforce-request-repository.ts,master.company_code; master.employee; master.legal_entity; master.person; master.principal; master.tenant
master.work_assignment,master,server/db/ddl/planes/neon/master/03_tables.sql,3209,CREATE with no later DROP TABLE found,,Internal workforce boundary,Later/adjacent,Existing workforce example is employee-based; do not reuse as supplier external-workforce storage,,no direct storage binding in inspected New_Entity core examples; not proof of no other metadata,server/packages/adapters/database/neon-postgres/dist/generated/kysely/types.d.ts; server/packages/adapters/database/neon-postgres/src/generated/kysely/types.ts; server/packages/services/master-data/src/kysely-workforce-repository.ts; server/packages/services/master-data/src/kysely-workforce-request-repository.ts,master.company_code; master.cost_center; master.employee; master.employment; master.job; master.org_unit; master.position; master.principal; master.profit_center; master.site; master.tenant
master.external_worker,master,server/db/ddl/planes/neon/master/03_tables.sql,3259,CREATE with no later DROP TABLE found,,Supplier workforce identity,P3,"Dedicated external-worker entity; person identity is linked, not duplicated as an employee",,no direct storage binding in inspected New_Entity core examples; not proof of no other metadata,server/packages/adapters/database/neon-postgres/dist/generated/kysely/types.d.ts; server/packages/adapters/database/neon-postgres/src/generated/kysely/types.ts,master.person; master.principal; master.tenant
master.risk_dimension,master,server/db/ddl/planes/neon/master/03_tables.sql,3389,CREATE with no later DROP TABLE found,,Risk,P3,Authorized qualification/risk summary with drilldown; preserve evidence and scoring ownership,,no direct storage binding in inspected New_Entity core examples; not proof of no other metadata,server/packages/adapters/database/neon-postgres/dist/generated/kysely/types.d.ts; server/packages/adapters/database/neon-postgres/src/generated/kysely/types.ts,
master.risk_driver_registry,master,server/db/ddl/planes/neon/master/03_tables.sql,3423,CREATE with no later DROP TABLE found,,Risk,P3,Authorized qualification/risk summary with drilldown; preserve evidence and scoring ownership,,no direct storage binding in inspected New_Entity core examples; not proof of no other metadata,server/packages/adapters/database/neon-postgres/dist/generated/kysely/types.d.ts; server/packages/adapters/database/neon-postgres/src/generated/kysely/types.ts,master.risk_dimension
master.risk_model,master,server/db/ddl/planes/neon/master/03_tables.sql,3445,CREATE with no later DROP TABLE found,,Risk,P3,Authorized qualification/risk summary with drilldown; preserve evidence and scoring ownership,,no direct storage binding in inspected New_Entity core examples; not proof of no other metadata,server/packages/adapters/database/neon-postgres/dist/generated/kysely/types.d.ts; server/packages/adapters/database/neon-postgres/src/generated/kysely/types.ts,
master.risk_model_dimension,master,server/db/ddl/planes/neon/master/03_tables.sql,3488,CREATE with no later DROP TABLE found,,Risk,P3,Authorized qualification/risk summary with drilldown; preserve evidence and scoring ownership,,no direct storage binding in inspected New_Entity core examples; not proof of no other metadata,server/packages/adapters/database/neon-postgres/dist/generated/kysely/types.d.ts; server/packages/adapters/database/neon-postgres/src/generated/kysely/types.ts,master.risk_dimension; master.risk_model
master.risk_source,master,server/db/ddl/planes/neon/master/03_tables.sql,3507,CREATE with no later DROP TABLE found,,Risk,P3,Authorized qualification/risk summary with drilldown; preserve evidence and scoring ownership,,no direct storage binding in inspected New_Entity core examples; not proof of no other metadata,server/packages/adapters/database/neon-postgres/dist/generated/kysely/types.d.ts; server/packages/adapters/database/neon-postgres/src/generated/kysely/types.ts,
master.party_risk_assessment,master,server/db/ddl/planes/neon/master/03_tables.sql,3540,CREATE with no later DROP TABLE found,,Risk,P3,Authorized qualification/risk summary with drilldown; preserve evidence and scoring ownership,,no direct storage binding in inspected New_Entity core examples; not proof of no other metadata,server/packages/adapters/database/neon-postgres/dist/generated/kysely/types.d.ts; server/packages/adapters/database/neon-postgres/src/generated/kysely/types.ts; server/packages/services/master-data/src/kysely-business-partner-eligibility-repository.ts,master.business_partner; master.party_risk_assessment; master.principal; master.risk_model; master.tenant
master.party_risk_dimension_score,master,server/db/ddl/planes/neon/master/03_tables.sql,3625,CREATE with no later DROP TABLE found,,Risk,P3,Authorized qualification/risk summary with drilldown; preserve evidence and scoring ownership,,no direct storage binding in inspected New_Entity core examples; not proof of no other metadata,server/packages/adapters/database/neon-postgres/dist/generated/kysely/types.d.ts; server/packages/adapters/database/neon-postgres/src/generated/kysely/types.ts,master.party_risk_assessment; master.risk_dimension
master.party_risk_evidence,master,server/db/ddl/planes/neon/master/03_tables.sql,3660,CREATE with no later DROP TABLE found,,Risk,P3,Authorized qualification/risk summary with drilldown; preserve evidence and scoring ownership,,no direct storage binding in inspected New_Entity core examples; not proof of no other metadata,server/packages/adapters/database/neon-postgres/dist/generated/kysely/types.d.ts; server/packages/adapters/database/neon-postgres/src/generated/kysely/types.ts,master.business_partner; master.party_risk_evidence; master.principal; master.risk_source; master.tenant
master.party_risk_driver,master,server/db/ddl/planes/neon/master/03_tables.sql,3727,CREATE with no later DROP TABLE found,,Risk,P3,Authorized qualification/risk summary with drilldown; preserve evidence and scoring ownership,,no direct storage binding in inspected New_Entity core examples; not proof of no other metadata,server/packages/adapters/database/neon-postgres/dist/generated/kysely/types.d.ts; server/packages/adapters/database/neon-postgres/src/generated/kysely/types.ts,master.party_risk_assessment; master.party_risk_dimension_score; master.party_risk_evidence; master.principal; master.risk_dimension; master.risk_driver_registry
master.party_risk_mitigation,master,server/db/ddl/planes/neon/master/03_tables.sql,3762,CREATE with no later DROP TABLE found,,Risk,P3,Authorized qualification/risk summary with drilldown; preserve evidence and scoring ownership,,no direct storage binding in inspected New_Entity core examples; not proof of no other metadata,server/packages/adapters/database/neon-postgres/dist/generated/kysely/types.d.ts; server/packages/adapters/database/neon-postgres/src/generated/kysely/types.ts,master.business_partner; master.party_risk_assessment; master.party_risk_driver; master.principal; master.tenant
master.party_risk_review_event,master,server/db/ddl/planes/neon/master/03_tables.sql,3813,CREATE with no later DROP TABLE found,,Risk,P3,Authorized qualification/risk summary with drilldown; preserve evidence and scoring ownership,,no direct storage binding in inspected New_Entity core examples; not proof of no other metadata,server/packages/adapters/database/neon-postgres/dist/generated/kysely/types.d.ts; server/packages/adapters/database/neon-postgres/src/generated/kysely/types.ts,master.party_risk_assessment; master.principal
master.commodity_category,master,server/db/ddl/planes/neon/master/03_tables.sql,3861,CREATE with no later DROP TABLE found,,Classification and certification,P2,Partner capability/classification/certificate collections with shared reference lookups; type/category maintenance remains separate,,no direct storage binding in inspected New_Entity core examples; not proof of no other metadata,server/packages/adapters/database/neon-postgres/dist/generated/kysely/types.d.ts; server/packages/adapters/database/neon-postgres/src/generated/kysely/types.ts; server/packages/services/master-data/src/kysely-business-partner-360-commercial-controls.ts,master.commodity_category; master.principal; master.tenant
master.commodity_code_assignment,master,server/db/ddl/planes/neon/master/03_tables.sql,3989,CREATE with no later DROP TABLE found,,Classification mapping,P2,Category-to-shared-code bridge; do not point BP commodity capability directly at shared commodity_code,,no direct storage binding in inspected New_Entity core examples; not proof of no other metadata,server/packages/adapters/database/neon-postgres/dist/generated/kysely/types.d.ts; server/packages/adapters/database/neon-postgres/src/generated/kysely/types.ts; server/packages/services/master-data/src/kysely-business-partner-360-commercial-controls.ts,master.commodity_category; master.item; master.principal; master.product; shared.commodity_code
master.business_partner_relationship,master,server/db/ddl/planes/neon/master/03_tables.sql,4500,CREATE with no later DROP TABLE found,,Identity and relationships,P2,Related collections under Identity/Relationships; registered governed commands; retain directional relation semantics,,no direct storage binding in inspected New_Entity core examples; not proof of no other metadata,server/packages/adapters/database/neon-postgres/dist/generated/kysely/types.d.ts; server/packages/adapters/database/neon-postgres/src/generated/kysely/types.ts,master.business_partner; shared.country
master.business_partner_governance_relation,master,server/db/ddl/planes/neon/master/03_tables.sql,4542,CREATE with no later DROP TABLE found,,Identity and relationships,P2,Related collections under Identity/Relationships; registered governed commands; retain directional relation semantics,metadata/products/mdg/entities/business_partner_governance_relation/core.json,draft core example present; active release unverified,server/packages/adapters/database/neon-postgres/dist/generated/kysely/types.d.ts; server/packages/adapters/database/neon-postgres/src/generated/kysely/types.ts; server/packages/services/master-data/src/kysely-business-partner-360-repository.ts; server/packages/services/master-data/src/kysely-business-partner-360-sections.ts,master.business_partner; shared.country
master.business_partner_identifier,master,server/db/ddl/planes/neon/master/03_tables.sql,4594,CREATE with no later DROP TABLE found,,Identifiers and tax,P2,Partner identifier/tax collections with jurisdiction/type lookups; organizational registrations stay organization-owned,metadata/products/mdg/entities/business_partner_identifier/core.json,draft core example present; active release unverified,server/packages/adapters/database/neon-postgres/dist/generated/kysely/types.d.ts; server/packages/adapters/database/neon-postgres/src/generated/kysely/types.ts; server/packages/services/master-data/src/kysely-business-partner-360-repository.ts; server/packages/services/master-data/src/kysely-business-partner-360-sections.ts,master.business_partner; master.principal; shared.country
master.business_partner_tax_registration,master,server/db/ddl/planes/neon/master/03_tables.sql,4636,CREATE with no later DROP TABLE found,,Identifiers and tax,P2,Partner identifier/tax collections with jurisdiction/type lookups; organizational registrations stay organization-owned,metadata/products/mdg/entities/business_partner_tax_registration/core.json,draft core example present; active release unverified,server/packages/adapters/database/neon-postgres/dist/generated/kysely/types.d.ts; server/packages/adapters/database/neon-postgres/src/generated/kysely/types.ts; server/packages/services/master-data/src/business-partner-360-service.ts; server/packages/services/master-data/src/kysely-business-partner-360-repository.ts; server/packages/services/master-data/src/kysely-business-partner-360-sections.ts,master.business_partner; master.principal; master.tax_jurisdiction; master.tax_type
master.business_partner_commodity_capability,master,server/db/ddl/planes/neon/master/03_tables.sql,4679,CREATE with no later DROP TABLE found,,Classification and certification,P2,Partner capability/classification/certificate collections with shared reference lookups; type/category maintenance remains separate,metadata/products/mdg/entities/business_partner_commodity_capability/core.json,draft core example present; active release unverified,server/packages/adapters/database/neon-postgres/dist/generated/kysely/types.d.ts; server/packages/adapters/database/neon-postgres/src/generated/kysely/types.ts; server/packages/services/master-data/src/kysely-business-partner-360-commercial-controls.ts; server/packages/services/master-data/src/kysely-business-partner-360-repository.ts; server/packages/services/master-data/src/kysely-business-partner-eligibility-repository.ts,master.business_partner; master.commodity_category
master.business_partner_industry_classification,master,server/db/ddl/planes/neon/master/03_tables.sql,4710,CREATE with no later DROP TABLE found,,Classification and certification,P2,Partner capability/classification/certificate collections with shared reference lookups; type/category maintenance remains separate,metadata/products/mdg/entities/business_partner_industry_classification/core.json,draft core example present; active release unverified,server/packages/adapters/database/neon-postgres/dist/generated/kysely/types.d.ts; server/packages/adapters/database/neon-postgres/src/generated/kysely/types.ts; server/packages/services/master-data/src/kysely-business-partner-360-sections.ts,master.business_partner; master.principal; shared.industry_code
master.business_partner_operating_organization_assignment,master,server/db/ddl/planes/neon/master/03_tables.sql,4763,CREATE with no later DROP TABLE found,,Commercial scope,P2,Roles/scope and company-context sections; separate organizational authority and intercompany setup,metadata/products/mdg/entities/business_partner_operating_organization_assignment/core.json,draft core example present; active release unverified,server/packages/adapters/database/neon-postgres/dist/generated/kysely/types.d.ts; server/packages/adapters/database/neon-postgres/src/generated/kysely/types.ts; server/packages/planes/neon/src/business-partner-import.ts; server/packages/planes/neon/src/business-partner-profile-match.ts; server/packages/services/finance/src/ledger/business-partner-journal-activity.ts; server/packages/services/master-data/src/kysely-business-partner-360-repository.ts; server/packages/services/master-data/src/kysely-business-partner-360-role-sections.ts; server/packages/services/master-data/src/kysely-business-partner-case-repository.ts; server/packages/services/master-data/src/kysely-business-partner-eligibility-repository.ts; server/packages/services/master-data/src/master-data-authority.ts; server/packages/services/records/src/kysely-record-repository.ts,master.business_partner; master.operating_organization
master.company_code_supplier_profile,master,server/db/ddl/planes/neon/master/03_tables.sql,4793,CREATE with no later DROP TABLE found,,Commercial scope,P2,Roles/scope and company-context sections; separate organizational authority and intercompany setup,metadata/products/mdg/entities/supplier_company_profile/core.json,draft core example present; active release unverified,server/packages/adapters/database/neon-postgres/dist/generated/kysely/types.d.ts; server/packages/adapters/database/neon-postgres/src/generated/kysely/types.ts; server/packages/planes/neon/src/business-partner-account-bank-linkage.ts; server/packages/services/master-data/src/kysely-business-partner-360-commercial-controls.ts; server/packages/services/master-data/src/kysely-business-partner-360-repository.ts; server/packages/services/master-data/src/kysely-business-partner-360-role-sections.ts; server/packages/services/master-data/src/kysely-business-partner-case-repository.ts; server/packages/services/master-data/src/kysely-business-partner-eligibility-repository.ts; server/packages/services/records/src/kysely-record-repository.ts,master.accounting_profile; master.bank_account_link; master.company_code; master.dimension_set; master.payment_term; master.supplier; shared.currency
master.company_code_customer_profile,master,server/db/ddl/planes/neon/master/03_tables.sql,4828,CREATE with no later DROP TABLE found,,Commercial scope,P2,Roles/scope and company-context sections; separate organizational authority and intercompany setup,metadata/products/mdg/entities/customer_company_profile/core.json,draft core example present; active release unverified,server/packages/adapters/database/neon-postgres/dist/generated/kysely/types.d.ts; server/packages/adapters/database/neon-postgres/src/generated/kysely/types.ts; server/packages/services/master-data/src/kysely-business-partner-360-repository.ts; server/packages/services/master-data/src/kysely-business-partner-360-role-sections.ts; server/packages/services/master-data/src/kysely-business-partner-eligibility-repository.ts; server/packages/services/records/src/kysely-record-repository.ts,master.accounting_profile; master.company_code; master.customer; master.dimension_set; master.payment_term; shared.currency
master.legal_entity_internal_partner_link,master,server/db/ddl/planes/neon/master/03_tables.sql,4866,CREATE with no later DROP TABLE found,,Commercial scope,P2,Roles/scope and company-context sections; separate organizational authority and intercompany setup,,no direct storage binding in inspected New_Entity core examples; not proof of no other metadata,server/packages/adapters/database/neon-postgres/dist/generated/kysely/types.d.ts; server/packages/adapters/database/neon-postgres/src/generated/kysely/types.ts; server/packages/services/master-data/src/kysely-business-partner-360-repository.ts; server/packages/services/master-data/src/kysely-business-partner-360-role-sections.ts,master.business_partner; master.legal_entity
master.intercompany_trading_pair,master,server/db/ddl/planes/neon/master/03_tables.sql,4899,CREATE with no later DROP TABLE found,,Commercial scope,P2,Roles/scope and company-context sections; separate organizational authority and intercompany setup,,no direct storage binding in inspected New_Entity core examples; not proof of no other metadata,server/packages/adapters/database/neon-postgres/dist/generated/kysely/types.d.ts; server/packages/adapters/database/neon-postgres/src/generated/kysely/types.ts,master.company_code; master.company_code_customer_profile; master.company_code_supplier_profile
master.contact_person_identity_link,master,server/db/ddl/planes/neon/master/03_tables.sql,4942,CREATE with no later DROP TABLE found,,Address and contact graph,P1,"Link-aware related sections and child lookup metadata; preserve owner registry, tenant boundaries and contact verification",,no direct storage binding in inspected New_Entity core examples; not proof of no other metadata,server/packages/adapters/database/neon-postgres/dist/generated/kysely/types.d.ts; server/packages/adapters/database/neon-postgres/src/generated/kysely/types.ts; server/packages/platform/iam/src/customer-portal-delivery.ts,master.contact_person; master.person; master.principal
master.certification_type,master,server/db/ddl/planes/neon/master/03_tables.sql,4962,CREATE with no later DROP TABLE found,,Classification and certification,P2,Partner capability/classification/certificate collections with shared reference lookups; type/category maintenance remains separate,,no direct storage binding in inspected New_Entity core examples; not proof of no other metadata,server/packages/adapters/database/neon-postgres/dist/generated/kysely/types.d.ts; server/packages/adapters/database/neon-postgres/src/generated/kysely/types.ts; server/packages/services/master-data/src/kysely-business-partner-360-commercial-controls.ts,master.tenant
master.certification,master,server/db/ddl/planes/neon/master/03_tables.sql,4986,CREATE with no later DROP TABLE found,,Classification and certification,P2,Partner capability/classification/certificate collections with shared reference lookups; type/category maintenance remains separate,metadata/products/mdg/entities/certification/core.json,draft core example present; active release unverified,server/packages/adapters/database/neon-postgres/dist/generated/kysely/types.d.ts; server/packages/adapters/database/neon-postgres/src/generated/kysely/types.ts; server/packages/services/master-data/src/kysely-business-partner-360-commercial-controls.ts; server/packages/services/master-data/src/kysely-business-partner-360-repository.ts; server/packages/services/master-data/src/kysely-business-partner-360-sections.ts,master.certification_type; master.company_code; master.site; master.tenant
snapshot.entity_snapshot_identity,snapshot,server/db/ddl/common/snapshot/03_tables.sql,1,CREATE with no later DROP TABLE found,,Current shared request backbone,Dependency,Immutable case payload/revision lineage; expose safe request views only,,no direct storage binding in inspected New_Entity core examples; not proof of no other metadata,server/packages/adapters/database/athyper-postgres/dist/generated/kysely-studio/types.d.ts; server/packages/adapters/database/athyper-postgres/src/generated/kysely-studio/types.ts; server/packages/adapters/database/mesh-postgres/dist/generated/kysely-mesh/types.d.ts; server/packages/adapters/database/mesh-postgres/src/generated/kysely-mesh/types.ts; server/packages/adapters/database/neon-postgres/dist/generated/kysely/types.d.ts; server/packages/adapters/database/neon-postgres/src/generated/kysely/types.ts; server/packages/services/finance/src/shared/kysely-finance-foundation.ts; server/packages/services/master-data/src/kysely-business-partner-case-repository.ts; server/packages/services/records/src/snapshots/kysely-snapshot-repository.ts,master.principal; master.tenant; snapshot.entity_snapshot_identity
snapshot.entity_snapshot,snapshot,server/db/ddl/common/snapshot/03_tables.sql,78,CREATE with no later DROP TABLE found,,Current shared request backbone,Dependency,Immutable case payload/revision lineage; expose safe request views only,,no direct storage binding in inspected New_Entity core examples; not proof of no other metadata,server/packages/adapters/database/athyper-postgres/dist/generated/kysely-studio/types.d.ts; server/packages/adapters/database/athyper-postgres/src/generated/kysely-studio/types.ts; server/packages/adapters/database/mesh-postgres/dist/generated/kysely-mesh/types.d.ts; server/packages/adapters/database/mesh-postgres/src/generated/kysely-mesh/types.ts; server/packages/adapters/database/neon-postgres/dist/generated/kysely/types.d.ts; server/packages/adapters/database/neon-postgres/src/generated/kysely/types.ts; server/packages/contracts/master-data/dist/business-partner-requests.d.ts; server/packages/contracts/master-data/src/business-partner-requests.ts; server/packages/services/master-data/dist/kysely-business-partner-case-repository.d.ts; server/packages/services/master-data/src/business-partner-onboarding-cycle.ts; server/packages/services/master-data/src/kysely-business-partner-360-explainability.ts; server/packages/services/master-data/src/kysely-business-partner-case-repository.ts; server/packages/services/master-data/src/kysely-governed-internal-business-partner-repository.ts; server/packages/services/records/src/snapshots/kysely-snapshot-repository.ts; server/packages/services/records/src/standard-view-relationship-sql.ts,snapshot.entity_snapshot_identity
snapshot.entity_case_snapshot_lineage,snapshot,server/db/ddl/common/snapshot/03_tables.sql,90,CREATE with no later DROP TABLE found,,Current shared request backbone,Dependency,Immutable case payload/revision lineage; expose safe request views only,,no direct storage binding in inspected New_Entity core examples; not proof of no other metadata,server/packages/adapters/database/athyper-postgres/dist/generated/kysely-studio/types.d.ts; server/packages/adapters/database/athyper-postgres/src/generated/kysely-studio/types.ts; server/packages/adapters/database/mesh-postgres/dist/generated/kysely-mesh/types.d.ts; server/packages/adapters/database/mesh-postgres/src/generated/kysely-mesh/types.ts; server/packages/adapters/database/neon-postgres/dist/generated/kysely/types.d.ts; server/packages/adapters/database/neon-postgres/src/generated/kysely/types.ts; server/packages/services/master-data/src/kysely-business-partner-case-repository.ts,document.entity_case; master.principal; snapshot.entity_snapshot_identity
document.attachment_series,document,server/db/ddl/common/document/03_foundation_tables.sql,4,CREATE with no later DROP TABLE found,,Shared comments and attachments,Existing workstream,Reuse completed shared capability metadata and authorized services; no duplicate BP attachment/comment implementation,,no direct storage binding in inspected New_Entity core examples; not proof of no other metadata,server/packages/adapters/database/athyper-postgres/dist/generated/kysely-studio/types.d.ts; server/packages/adapters/database/athyper-postgres/src/generated/kysely-studio/types.ts; server/packages/adapters/database/mesh-postgres/dist/generated/kysely-mesh/types.d.ts; server/packages/adapters/database/mesh-postgres/src/generated/kysely-mesh/types.ts; server/packages/adapters/database/neon-postgres/dist/generated/kysely/types.d.ts; server/packages/adapters/database/neon-postgres/src/generated/kysely/types.ts; server/packages/platform/ai/src/attachment-context.ts; server/packages/services/attachments/src/kysely-attachment-repository.ts; server/packages/services/attachments/src/retrieval-admission.ts; server/packages/services/content/src/kysely-content-resources.ts; server/packages/services/document-derivatives/src/document-derivatives.ts; server/packages/services/document-processing/src/kysely-document-processing-repository.ts; server/packages/services/documents/src/kysely-document-repositories.ts; server/packages/services/master-data/src/kysely-business-partner-360-commercial-controls.ts; server/packages/services/master-data/src/kysely-business-partner-360-sections.ts,document.attachment; master.principal; master.tenant
document.attachment,document,server/db/ddl/common/document/03_foundation_tables.sql,29,CREATE with no later DROP TABLE found,,Shared comments and attachments,Existing workstream,Reuse completed shared capability metadata and authorized services; no duplicate BP attachment/comment implementation,,no direct storage binding in inspected New_Entity core examples; not proof of no other metadata,server/packages/adapters/database/athyper-postgres/dist/generated/kysely-studio/types.d.ts; server/packages/adapters/database/athyper-postgres/src/generated/kysely-studio/types.ts; server/packages/adapters/database/mesh-postgres/dist/generated/kysely-mesh/types.d.ts; server/packages/adapters/database/mesh-postgres/src/generated/kysely-mesh/types.ts; server/packages/adapters/database/neon-postgres/dist/generated/kysely/types.d.ts; server/packages/adapters/database/neon-postgres/src/generated/kysely/types.ts; server/packages/contracts/master-data/dist/business-partner-360.d.ts; server/packages/contracts/master-data/src/business-partner-360.ts; server/packages/platform/ai/src/attachment-context.ts; server/packages/platform/collaboration/src/kysely-collaboration-repository.ts; server/packages/services/attachments/src/attachment-lifecycle.ts; server/packages/services/attachments/src/attachment-routes.ts; server/packages/services/attachments/src/kysely-attachment-quota-ledger.ts; server/packages/services/attachments/src/kysely-attachment-repository.ts; server/packages/services/attachments/src/retrieval-admission.ts; server/packages/services/content/src/kysely-content-resources.ts; server/packages/services/document-derivatives/src/document-derivatives.ts; server/packages/services/document-processing/src/kysely-document-processing-repository.ts; server/packages/services/documents/src/document-service.ts; server/packages/services/documents/src/kysely-document-repositories.ts; server/packages/services/master-data/dist/business-partner-360-response-schemas.d.ts; server/packages/services/master-data/dist/business-partner-360-route-contracts.d.ts; server/packages/services/master-data/src/business-partner-360-response-schemas.ts; server/packages/services/master-data/src/business-partner-provider-projection.ts; server/packages/services/master-data/src/business-partner-request-capture.ts; server/packages/services/master-data/src/kysely-business-partner-360-commercial-controls.ts; server/packages/services/master-data/src/kysely-business-partner-360-sections.ts,document.attachment; document.attachment_series; document.comment_draft; master.principal; master.tenant
document.attachment_folder,document,server/db/ddl/common/document/03_foundation_tables.sql,103,CREATE with no later DROP TABLE found,,Shared comments and attachments,Existing workstream,Reuse completed shared capability metadata and authorized services; no duplicate BP attachment/comment implementation,,no direct storage binding in inspected New_Entity core examples; not proof of no other metadata,server/packages/adapters/database/athyper-postgres/dist/generated/kysely-studio/types.d.ts; server/packages/adapters/database/athyper-postgres/src/generated/kysely-studio/types.ts; server/packages/adapters/database/mesh-postgres/dist/generated/kysely-mesh/types.d.ts; server/packages/adapters/database/mesh-postgres/src/generated/kysely-mesh/types.ts; server/packages/adapters/database/neon-postgres/dist/generated/kysely/types.d.ts; server/packages/adapters/database/neon-postgres/src/generated/kysely/types.ts,document.attachment_folder; master.principal; master.tenant
document.attachment_link,document,server/db/ddl/common/document/03_foundation_tables.sql,131,CREATE with no later DROP TABLE found,,Shared comments and attachments,Existing workstream,Reuse completed shared capability metadata and authorized services; no duplicate BP attachment/comment implementation,,no direct storage binding in inspected New_Entity core examples; not proof of no other metadata,server/packages/adapters/database/athyper-postgres/dist/generated/kysely-studio/types.d.ts; server/packages/adapters/database/athyper-postgres/src/generated/kysely-studio/types.ts; server/packages/adapters/database/mesh-postgres/dist/generated/kysely-mesh/types.d.ts; server/packages/adapters/database/mesh-postgres/src/generated/kysely-mesh/types.ts; server/packages/adapters/database/neon-postgres/dist/generated/kysely/types.d.ts; server/packages/adapters/database/neon-postgres/src/generated/kysely/types.ts; server/packages/platform/ai/src/attachment-context.ts; server/packages/platform/collaboration/src/kysely-collaboration-repository.ts; server/packages/services/attachments/src/kysely-attachment-repository.ts; server/packages/services/attachments/src/retrieval-admission.ts; server/packages/services/content/src/kysely-content-resources.ts; server/packages/services/document-processing/src/kysely-document-processing-repository.ts; server/packages/services/documents/src/kysely-document-repositories.ts; server/packages/services/master-data/src/business-partner-request-capture.ts; server/packages/services/master-data/src/kysely-business-partner-360-sections.ts,document.attachment; document.attachment_folder; document.attachment_series; master.principal; master.tenant
document.comment,document,server/db/ddl/common/document/03_foundation_tables.sql,160,CREATE with no later DROP TABLE found,,Shared comments and attachments,Existing workstream,Reuse completed shared capability metadata and authorized services; no duplicate BP attachment/comment implementation,,no direct storage binding in inspected New_Entity core examples; not proof of no other metadata,server/packages/adapters/database/athyper-postgres/dist/generated/kysely-studio/types.d.ts; server/packages/adapters/database/athyper-postgres/src/generated/kysely-studio/types.ts; server/packages/adapters/database/mesh-postgres/dist/generated/kysely-mesh/types.d.ts; server/packages/adapters/database/mesh-postgres/src/generated/kysely-mesh/types.ts; server/packages/adapters/database/neon-postgres/dist/generated/kysely/types.d.ts; server/packages/adapters/database/neon-postgres/src/generated/kysely/types.ts; server/packages/platform/collaboration/src/collaboration-service.ts; server/packages/platform/collaboration/src/kysely-collaboration-repository.ts; server/packages/services/master-data/src/business-partner-provider-projection.ts; server/packages/services/master-data/src/kysely-business-partner-360-sections.ts,document.comment; master.principal; master.tenant
document.comment_draft,document,server/db/ddl/common/document/03_foundation_tables.sql,222,CREATE with no later DROP TABLE found,,Shared comments and attachments,Existing workstream,Reuse completed shared capability metadata and authorized services; no duplicate BP attachment/comment implementation,,no direct storage binding in inspected New_Entity core examples; not proof of no other metadata,server/packages/adapters/database/athyper-postgres/dist/generated/kysely-studio/types.d.ts; server/packages/adapters/database/athyper-postgres/src/generated/kysely-studio/types.ts; server/packages/adapters/database/mesh-postgres/dist/generated/kysely-mesh/types.d.ts; server/packages/adapters/database/mesh-postgres/src/generated/kysely-mesh/types.ts; server/packages/adapters/database/neon-postgres/dist/generated/kysely/types.d.ts; server/packages/adapters/database/neon-postgres/src/generated/kysely/types.ts; server/packages/platform/collaboration/src/kysely-collaboration-repository.ts,document.comment; master.principal; master.tenant
document.comment_feed_cursor,document,server/db/ddl/common/document/03_foundation_tables.sql,264,CREATE with no later DROP TABLE found,,Shared comments and attachments,Existing workstream,Reuse completed shared capability metadata and authorized services; no duplicate BP attachment/comment implementation,,no direct storage binding in inspected New_Entity core examples; not proof of no other metadata,server/packages/adapters/database/athyper-postgres/dist/generated/kysely-studio/types.d.ts; server/packages/adapters/database/athyper-postgres/src/generated/kysely-studio/types.ts; server/packages/adapters/database/mesh-postgres/dist/generated/kysely-mesh/types.d.ts; server/packages/adapters/database/mesh-postgres/src/generated/kysely-mesh/types.ts; server/packages/adapters/database/neon-postgres/dist/generated/kysely/types.d.ts; server/packages/adapters/database/neon-postgres/src/generated/kysely/types.ts; server/packages/platform/collaboration/src/kysely-collaboration-repository.ts,master.principal; master.tenant
document.comment_mention,document,server/db/ddl/common/document/03_foundation_tables.sql,289,CREATE with no later DROP TABLE found,,Shared comments and attachments,Existing workstream,Reuse completed shared capability metadata and authorized services; no duplicate BP attachment/comment implementation,,no direct storage binding in inspected New_Entity core examples; not proof of no other metadata,server/packages/adapters/database/athyper-postgres/dist/generated/kysely-studio/types.d.ts; server/packages/adapters/database/athyper-postgres/src/generated/kysely-studio/types.ts; server/packages/adapters/database/mesh-postgres/dist/generated/kysely-mesh/types.d.ts; server/packages/adapters/database/mesh-postgres/src/generated/kysely-mesh/types.ts; server/packages/adapters/database/neon-postgres/dist/generated/kysely/types.d.ts; server/packages/adapters/database/neon-postgres/src/generated/kysely/types.ts; server/packages/platform/collaboration/src/kysely-collaboration-repository.ts,document.comment; master.principal; master.tenant
document.comment_reaction,document,server/db/ddl/common/document/03_foundation_tables.sql,302,CREATE with no later DROP TABLE found,,Shared comments and attachments,Existing workstream,Reuse completed shared capability metadata and authorized services; no duplicate BP attachment/comment implementation,,no direct storage binding in inspected New_Entity core examples; not proof of no other metadata,server/packages/adapters/database/athyper-postgres/dist/generated/kysely-studio/types.d.ts; server/packages/adapters/database/athyper-postgres/src/generated/kysely-studio/types.ts; server/packages/adapters/database/mesh-postgres/dist/generated/kysely-mesh/types.d.ts; server/packages/adapters/database/mesh-postgres/src/generated/kysely-mesh/types.ts; server/packages/adapters/database/neon-postgres/dist/generated/kysely/types.d.ts; server/packages/adapters/database/neon-postgres/src/generated/kysely/types.ts; server/packages/platform/collaboration/src/kysely-collaboration-repository.ts,document.comment; master.principal; master.tenant
document.content_item,document,server/db/ddl/common/document/03_foundation_tables.sql,319,CREATE with no later DROP TABLE found,,Shared comments and attachments,Existing workstream,Reuse completed shared capability metadata and authorized services; no duplicate BP attachment/comment implementation,,no direct storage binding in inspected New_Entity core examples; not proof of no other metadata,server/packages/adapters/database/athyper-postgres/dist/generated/kysely-studio/types.d.ts; server/packages/adapters/database/athyper-postgres/src/generated/kysely-studio/types.ts; server/packages/adapters/database/mesh-postgres/dist/generated/kysely-mesh/types.d.ts; server/packages/adapters/database/mesh-postgres/src/generated/kysely-mesh/types.ts; server/packages/adapters/database/neon-postgres/dist/generated/kysely/types.d.ts; server/packages/adapters/database/neon-postgres/src/generated/kysely/types.ts; server/packages/services/content/src/content-service.ts; server/packages/services/content/src/kysely-content-acl.ts; server/packages/services/content/src/kysely-content-quota.ts; server/packages/services/content/src/kysely-content-repository.ts; server/packages/services/master-data/src/kysely-workforce-request-repository.ts,document.content_item; master.principal; master.tenant; shared.locale; snapshot.content_item_version
document.content_item_link,document,server/db/ddl/common/document/03_foundation_tables.sql,358,CREATE with no later DROP TABLE found,,Shared comments and attachments,Existing workstream,Reuse completed shared capability metadata and authorized services; no duplicate BP attachment/comment implementation,,no direct storage binding in inspected New_Entity core examples; not proof of no other metadata,server/packages/adapters/database/athyper-postgres/dist/generated/kysely-studio/types.d.ts; server/packages/adapters/database/athyper-postgres/src/generated/kysely-studio/types.ts; server/packages/adapters/database/mesh-postgres/dist/generated/kysely-mesh/types.d.ts; server/packages/adapters/database/mesh-postgres/src/generated/kysely-mesh/types.ts; server/packages/adapters/database/neon-postgres/dist/generated/kysely/types.d.ts; server/packages/adapters/database/neon-postgres/src/generated/kysely/types.ts; server/packages/services/content/src/kysely-content-resources.ts,document.content_item; master.principal; master.tenant
document.attachment_legal_hold,document,server/db/ddl/common/document/03_foundation_tables.sql,384,CREATE with no later DROP TABLE found,,Shared comments and attachments,Existing workstream,Reuse completed shared capability metadata and authorized services; no duplicate BP attachment/comment implementation,,no direct storage binding in inspected New_Entity core examples; not proof of no other metadata,server/packages/adapters/database/athyper-postgres/dist/generated/kysely-studio/types.d.ts; server/packages/adapters/database/athyper-postgres/src/generated/kysely-studio/types.ts; server/packages/adapters/database/mesh-postgres/dist/generated/kysely-mesh/types.d.ts; server/packages/adapters/database/mesh-postgres/src/generated/kysely-mesh/types.ts; server/packages/adapters/database/neon-postgres/dist/generated/kysely/types.d.ts; server/packages/adapters/database/neon-postgres/src/generated/kysely/types.ts; server/packages/services/attachments/src/kysely-attachment-repository.ts,document.attachment_series; master.principal; master.tenant
document.attachment_legal_hold_event,document,server/db/ddl/common/document/03_foundation_tables.sql,414,CREATE with no later DROP TABLE found,,Shared comments and attachments,Existing workstream,Reuse completed shared capability metadata and authorized services; no duplicate BP attachment/comment implementation,,no direct storage binding in inspected New_Entity core examples; not proof of no other metadata,server/packages/adapters/database/athyper-postgres/dist/generated/kysely-studio/types.d.ts; server/packages/adapters/database/athyper-postgres/src/generated/kysely-studio/types.ts; server/packages/adapters/database/mesh-postgres/dist/generated/kysely-mesh/types.d.ts; server/packages/adapters/database/mesh-postgres/src/generated/kysely-mesh/types.ts; server/packages/adapters/database/neon-postgres/dist/generated/kysely/types.d.ts; server/packages/adapters/database/neon-postgres/src/generated/kysely/types.ts,document.attachment_legal_hold; document.attachment_series; master.principal; master.tenant
document.attachment_derivative,document,server/db/ddl/common/document/03_foundation_tables.sql,432,CREATE with no later DROP TABLE found,,Shared comments and attachments,Existing workstream,Reuse completed shared capability metadata and authorized services; no duplicate BP attachment/comment implementation,,no direct storage binding in inspected New_Entity core examples; not proof of no other metadata,server/packages/adapters/database/athyper-postgres/dist/generated/kysely-studio/types.d.ts; server/packages/adapters/database/athyper-postgres/src/generated/kysely-studio/types.ts; server/packages/adapters/database/mesh-postgres/dist/generated/kysely-mesh/types.d.ts; server/packages/adapters/database/mesh-postgres/src/generated/kysely-mesh/types.ts; server/packages/adapters/database/neon-postgres/dist/generated/kysely/types.d.ts; server/packages/adapters/database/neon-postgres/src/generated/kysely/types.ts; server/packages/services/document-derivatives/src/derivative-scan-backfill.ts; server/packages/services/document-derivatives/src/document-derivatives.ts,document.attachment; master.principal; master.tenant
document.comment_revision,document,server/db/ddl/common/document/03_foundation_tables.sql,481,CREATE with no later DROP TABLE found,,Shared comments and attachments,Existing workstream,Reuse completed shared capability metadata and authorized services; no duplicate BP attachment/comment implementation,,no direct storage binding in inspected New_Entity core examples; not proof of no other metadata,server/packages/adapters/database/athyper-postgres/dist/generated/kysely-studio/types.d.ts; server/packages/adapters/database/athyper-postgres/src/generated/kysely-studio/types.ts,document.comment; master.principal; master.tenant
document.service_sheet,document,server/db/ddl/planes/neon/document/03_tables.sql,1525,CREATE with no later DROP TABLE found,,Supplier workforce documents,P3,Supplier-filtered related summaries/deep links with governed lifecycle; detailed execution stays in Workforce/Procurement/Finance,,no direct storage binding in inspected New_Entity core examples; not proof of no other metadata,server/packages/adapters/database/neon-postgres/dist/generated/kysely/types.d.ts; server/packages/adapters/database/neon-postgres/src/generated/kysely/types.ts,document.commitment; document.journal_entry; document.workflow_request; master.company_code; master.fiscal_period; master.principal; master.supplier; master.tenant; shared.currency
document.service_sheet_line,document,server/db/ddl/planes/neon/document/03_tables.sql,1582,CREATE with no later DROP TABLE found,,Supplier workforce documents,P3,Supplier-filtered related summaries/deep links with governed lifecycle; detailed execution stays in Workforce/Procurement/Finance,,no direct storage binding in inspected New_Entity core examples; not proof of no other metadata,server/packages/adapters/database/neon-postgres/dist/generated/kysely/types.d.ts; server/packages/adapters/database/neon-postgres/src/generated/kysely/types.ts,control.tax_group; document.commitment_line; document.schedule_line; document.service_sheet; master.address; master.company_code; master.item; master.principal; master.site; master.supplier; master.tax_jurisdiction; master.warehouse; shared.currency; shared.uom
document.workforce_request,document,server/db/ddl/planes/neon/document/03_tables.sql,3244,CREATE with no later DROP TABLE found,,Internal workforce boundary,Later/adjacent,Separate People-owned workforce lifecycle from supplier external-worker engagement,,no direct storage binding in inspected New_Entity core examples; not proof of no other metadata,server/packages/adapters/database/neon-postgres/dist/generated/kysely/types.d.ts; server/packages/adapters/database/neon-postgres/src/generated/kysely/types.ts; server/packages/services/master-data/src/kysely-workforce-repository.ts; server/packages/services/master-data/src/kysely-workforce-request-repository.ts,document.content_item; document.onboarding_case; document.workflow_request; master.company_code; master.employee; master.employment; master.legal_entity; master.org_unit; master.person; master.position; master.principal; master.tenant; master.work_assignment; snapshot.entity_snapshot_identity
document.workforce_request_validation,document,server/db/ddl/planes/neon/document/03_tables.sql,3383,CREATE with no later DROP TABLE found,,Internal workforce boundary,Later/adjacent,Separate People-owned workforce lifecycle from supplier external-worker engagement,,no direct storage binding in inspected New_Entity core examples; not proof of no other metadata,server/packages/adapters/database/neon-postgres/dist/generated/kysely/types.d.ts; server/packages/adapters/database/neon-postgres/src/generated/kysely/types.ts; server/packages/services/master-data/src/kysely-workforce-request-repository.ts,document.workforce_request; master.principal
document.business_partner_invitation,document,server/db/ddl/planes/neon/document/03_tables.sql,4371,CREATE with no later DROP TABLE found,,BP workflow dependencies,P2,Governed workflow/evidence surfaces; retain verification/invitation/activation authority,,no direct storage binding in inspected New_Entity core examples; not proof of no other metadata,server/packages/adapters/database/neon-postgres/dist/generated/kysely/types.d.ts; server/packages/adapters/database/neon-postgres/src/generated/kysely/types.ts; server/packages/services/master-data/src/kysely-business-partner-case-repository.ts; server/packages/services/master-data/src/kysely-business-partner-invitation-repository.ts,document.business_partner_request; document.entity_case; master.company_code; master.legal_entity; master.operating_organization; master.org_unit; master.position; master.principal; master.tenant
document.workforce_iam_projection,document,server/db/ddl/planes/neon/document/03_tables.sql,4398,CREATE with no later DROP TABLE found,,Internal workforce boundary,Later/adjacent,Separate People-owned workforce lifecycle from supplier external-worker engagement,,no direct storage binding in inspected New_Entity core examples; not proof of no other metadata,server/packages/adapters/database/neon-postgres/dist/generated/kysely/types.d.ts; server/packages/adapters/database/neon-postgres/src/generated/kysely/types.ts,master.employee
document.business_partner_request,document,server/db/ddl/planes/neon/document/03_tables.sql,4427,later DROP TABLE declaration,server/db/ddl/planes/neon/document/11_grants.sql:609,Retired by later manifest DDL,Do not wire,Legacy CREATE declaration is followed by DROP TABLE; inspect current entity_case/snapshot provider instead,metadata/products/mdg/entities/business_partner_request/core.json,draft core example present; active release unverified,,document.business_partner_bank_verification; document.business_partner_invitation; document.business_partner_request_evidence; document.workflow_request; master.business_partner; master.business_partner_operating_organization_assignment; master.company_code; master.company_code_customer_profile; master.company_code_supplier_profile; master.customer; master.employee; master.employment; master.legal_entity; master.operating_organization; master.org_unit; master.person; master.position; master.principal; master.supplier; master.tenant; master.work_assignment; snapshot.entity_snapshot_identity; snapshot.mesh_business_partner_profile_received
document.business_partner_request_evidence,document,server/db/ddl/planes/neon/document/03_tables.sql,4678,later DROP TABLE declaration,server/db/ddl/planes/neon/document/11_grants.sql:608,Retired by later manifest DDL,Do not wire,Legacy CREATE declaration is followed by DROP TABLE; inspect current entity_case/snapshot provider instead,,no direct storage binding in inspected New_Entity core examples; not proof of no other metadata,,document.attachment; document.business_partner_request; master.principal; snapshot.entity_snapshot_identity
document.business_partner_request_validation,document,server/db/ddl/planes/neon/document/03_tables.sql,4717,later DROP TABLE declaration,server/db/ddl/planes/neon/document/11_grants.sql:607,Retired by later manifest DDL,Do not wire,Legacy CREATE declaration is followed by DROP TABLE; inspect current entity_case/snapshot provider instead,,no direct storage binding in inspected New_Entity core examples; not proof of no other metadata,,document.business_partner_request; master.principal
document.business_partner_request_address,document,server/db/ddl/planes/neon/document/03_tables.sql,4757,later DROP TABLE declaration,server/db/ddl/planes/neon/document/11_grants.sql:601,Retired by later manifest DDL,Do not wire,Legacy CREATE declaration is followed by DROP TABLE; inspect current entity_case/snapshot provider instead,,no direct storage binding in inspected New_Entity core examples; not proof of no other metadata,,document.business_partner_request; document.business_partner_request_evidence; master.principal; shared.state_region
document.business_partner_request_contact_person,document,server/db/ddl/planes/neon/document/03_tables.sql,4796,later DROP TABLE declaration,server/db/ddl/planes/neon/document/11_grants.sql:600,Retired by later manifest DDL,Do not wire,Legacy CREATE declaration is followed by DROP TABLE; inspect current entity_case/snapshot provider instead,,no direct storage binding in inspected New_Entity core examples; not proof of no other metadata,,document.business_partner_request; master.principal
document.business_partner_request_contact_channel,document,server/db/ddl/planes/neon/document/03_tables.sql,4823,later DROP TABLE declaration,server/db/ddl/planes/neon/document/11_grants.sql:599,Retired by later manifest DDL,Do not wire,Legacy CREATE declaration is followed by DROP TABLE; inspect current entity_case/snapshot provider instead,,no direct storage binding in inspected New_Entity core examples; not proof of no other metadata,,document.business_partner_request_contact_person; master.principal
document.business_partner_request_identifier,document,server/db/ddl/planes/neon/document/03_tables.sql,4851,later DROP TABLE declaration,server/db/ddl/planes/neon/document/11_grants.sql:602,Retired by later manifest DDL,Do not wire,Legacy CREATE declaration is followed by DROP TABLE; inspect current entity_case/snapshot provider instead,,no direct storage binding in inspected New_Entity core examples; not proof of no other metadata,,document.business_partner_request; master.principal
document.business_partner_request_tax_registration,document,server/db/ddl/planes/neon/document/03_tables.sql,4883,later DROP TABLE declaration,server/db/ddl/planes/neon/document/11_grants.sql:603,Retired by later manifest DDL,Do not wire,Legacy CREATE declaration is followed by DROP TABLE; inspect current entity_case/snapshot provider instead,,no direct storage binding in inspected New_Entity core examples; not proof of no other metadata,,document.business_partner_request; master.principal; master.tax_jurisdiction; master.tax_type
document.business_partner_request_classification,document,server/db/ddl/planes/neon/document/03_tables.sql,4912,later DROP TABLE declaration,server/db/ddl/planes/neon/document/11_grants.sql:604,Retired by later manifest DDL,Do not wire,Legacy CREATE declaration is followed by DROP TABLE; inspect current entity_case/snapshot provider instead,,no direct storage binding in inspected New_Entity core examples; not proof of no other metadata,,document.business_partner_request; master.principal
document.business_partner_request_certification,document,server/db/ddl/planes/neon/document/03_tables.sql,4944,later DROP TABLE declaration,server/db/ddl/planes/neon/document/11_grants.sql:605,Retired by later manifest DDL,Do not wire,Legacy CREATE declaration is followed by DROP TABLE; inspect current entity_case/snapshot provider instead,,no direct storage binding in inspected New_Entity core examples; not proof of no other metadata,,document.attachment; document.business_partner_request; master.company_code; master.principal
document.business_partner_request_materialization_item,document,server/db/ddl/planes/neon/document/03_tables.sql,4974,later DROP TABLE declaration,server/db/ddl/planes/neon/document/11_grants.sql:606,Retired by later manifest DDL,Do not wire,Legacy CREATE declaration is followed by DROP TABLE; inspect current entity_case/snapshot provider instead,,no direct storage binding in inspected New_Entity core examples; not proof of no other metadata,,document.business_partner_request; master.principal
document.mesh_business_partner_match,document,server/db/ddl/planes/neon/document/03_tables.sql,5002,CREATE with no later DROP TABLE found,,Neon network acceptance workflow,P3,Neon-owned match/accept/change review; Mesh application work remains deferred,,no direct storage binding in inspected New_Entity core examples; not proof of no other metadata,server/packages/adapters/database/neon-postgres/dist/generated/kysely/types.d.ts; server/packages/adapters/database/neon-postgres/src/generated/kysely/types.ts; server/packages/planes/neon/src/business-partner-profile-match.ts; server/packages/services/master-data/src/kysely-business-partner-360-network.ts,control.mesh_business_partner_profile_projection; master.business_partner; master.company_code; master.operating_organization; master.principal; snapshot.mesh_business_partner_profile_received
document.mesh_business_partner_acceptance,document,server/db/ddl/planes/neon/document/03_tables.sql,5035,CREATE with no later DROP TABLE found,,Neon network acceptance workflow,P3,Neon-owned match/accept/change review; Mesh application work remains deferred,,no direct storage binding in inspected New_Entity core examples; not proof of no other metadata,server/packages/adapters/database/neon-postgres/dist/generated/kysely/types.d.ts; server/packages/adapters/database/neon-postgres/src/generated/kysely/types.ts; server/packages/planes/neon/src/business-partner-profile-match.ts; server/packages/services/master-data/src/kysely-business-partner-360-network.ts,document.mesh_business_partner_match; master.principal
document.mesh_business_partner_acceptance_event,document,server/db/ddl/planes/neon/document/03_tables.sql,5064,CREATE with no later DROP TABLE found,,Neon network acceptance workflow,P3,Neon-owned match/accept/change review; Mesh application work remains deferred,,no direct storage binding in inspected New_Entity core examples; not proof of no other metadata,server/packages/adapters/database/neon-postgres/dist/generated/kysely/types.d.ts; server/packages/adapters/database/neon-postgres/src/generated/kysely/types.ts; server/packages/planes/neon/src/business-partner-profile-match.ts; server/packages/services/master-data/src/kysely-business-partner-360-network.ts,document.business_partner_request; document.entity_case; document.mesh_business_partner_acceptance; master.principal
document.business_partner_bank_verification,document,server/db/ddl/planes/neon/document/03_tables.sql,5092,CREATE with no later DROP TABLE found,,BP workflow dependencies,P2,Governed workflow/evidence surfaces; retain verification/invitation/activation authority,,no direct storage binding in inspected New_Entity core examples; not proof of no other metadata,server/packages/adapters/database/neon-postgres/dist/generated/kysely/types.d.ts; server/packages/adapters/database/neon-postgres/src/generated/kysely/types.ts; server/packages/planes/neon/src/business-partner-account-bank-linkage.ts; server/packages/services/master-data/src/kysely-business-partner-360-commercial-controls.ts; server/packages/services/master-data/src/kysely-business-partner-360-repository.ts,control.mesh_bank_account_projection; master.bank_account_link; master.business_partner; master.company_code; master.company_code_supplier_profile; master.principal; master.tenant
document.business_partner_duplicate_resolution,document,server/db/ddl/planes/neon/document/03_tables.sql,5137,CREATE with no later DROP TABLE found,,BP workflow dependencies,P2,Governed workflow/evidence surfaces; retain verification/invitation/activation authority,,no direct storage binding in inspected New_Entity core examples; not proof of no other metadata,server/packages/adapters/database/neon-postgres/dist/generated/kysely/types.d.ts; server/packages/adapters/database/neon-postgres/src/generated/kysely/types.ts,master.business_partner; master.principal; snapshot.entity_snapshot_identity
document.supplier_activation_evidence,document,server/db/ddl/planes/neon/document/03_tables.sql,5155,CREATE with no later DROP TABLE found,,BP workflow dependencies,P2,Governed workflow/evidence surfaces; retain verification/invitation/activation authority,,no direct storage binding in inspected New_Entity core examples; not proof of no other metadata,server/packages/adapters/database/neon-postgres/dist/generated/kysely/types.d.ts; server/packages/adapters/database/neon-postgres/src/generated/kysely/types.ts; server/packages/services/master-data/src/kysely-business-partner-case-repository.ts; server/packages/services/master-data/src/kysely-business-partner-eligibility-repository.ts; server/packages/services/master-data/src/supplier-activation-readiness.ts; server/packages/services/master-data/src/supplier-onboarding-completion.ts,master.business_partner; master.company_code; master.operating_organization; master.principal; master.supplier; master.tenant
document.business_partner_invitation_recovery,document,server/db/ddl/planes/neon/document/03_tables.sql,5173,CREATE with no later DROP TABLE found,,BP workflow dependencies,P2,Governed workflow/evidence surfaces; retain verification/invitation/activation authority,,no direct storage binding in inspected New_Entity core examples; not proof of no other metadata,server/packages/adapters/database/neon-postgres/dist/generated/kysely/types.d.ts; server/packages/adapters/database/neon-postgres/src/generated/kysely/types.ts; server/packages/services/master-data/src/kysely-business-partner-invitation-repository.ts,document.business_partner_invitation; document.business_partner_request; document.entity_case; master.principal
document.workforce_requisition,document,server/db/ddl/planes/neon/document/03_tables.sql,5183,CREATE with no later DROP TABLE found,,Supplier workforce documents,P3,Supplier-filtered related summaries/deep links with governed lifecycle; detailed execution stays in Workforce/Procurement/Finance,,no direct storage binding in inspected New_Entity core examples; not proof of no other metadata,server/packages/adapters/database/neon-postgres/dist/generated/kysely/types.d.ts; server/packages/adapters/database/neon-postgres/src/generated/kysely/types.ts; server/packages/services/master-data/src/supplier-workforce-requisition-repository.ts,document.purchase_requisition; document.workflow_request; master.company_code; master.cost_center; master.employee; master.job; master.legal_entity; master.org_unit; master.position; master.site; master.tenant
document.workforce_requisition_supplier,document,server/db/ddl/planes/neon/document/03_tables.sql,5214,CREATE with no later DROP TABLE found,,Supplier workforce documents,P3,Supplier-filtered related summaries/deep links with governed lifecycle; detailed execution stays in Workforce/Procurement/Finance,,no direct storage binding in inspected New_Entity core examples; not proof of no other metadata,server/packages/adapters/database/neon-postgres/dist/generated/kysely/types.d.ts; server/packages/adapters/database/neon-postgres/src/generated/kysely/types.ts,document.workforce_requisition; master.principal; master.supplier; master.tenant
document.external_candidate_submission,document,server/db/ddl/planes/neon/document/03_tables.sql,5230,CREATE with no later DROP TABLE found,,Supplier workforce documents,P3,Supplier-filtered related summaries/deep links with governed lifecycle; detailed execution stays in Workforce/Procurement/Finance,,no direct storage binding in inspected New_Entity core examples; not proof of no other metadata,server/packages/adapters/database/neon-postgres/dist/generated/kysely/types.d.ts; server/packages/adapters/database/neon-postgres/src/generated/kysely/types.ts,document.content_item; document.workforce_requisition; document.workforce_requisition_supplier; master.person; master.principal; master.supplier; master.tenant
document.external_candidate_evaluation,document,server/db/ddl/planes/neon/document/03_tables.sql,5251,CREATE with no later DROP TABLE found,,Supplier workforce documents,P3,Supplier-filtered related summaries/deep links with governed lifecycle; detailed execution stays in Workforce/Procurement/Finance,,no direct storage binding in inspected New_Entity core examples; not proof of no other metadata,server/packages/adapters/database/neon-postgres/dist/generated/kysely/types.d.ts; server/packages/adapters/database/neon-postgres/src/generated/kysely/types.ts,document.external_candidate_submission; master.principal; master.tenant
document.contingent_work_order,document,server/db/ddl/planes/neon/document/03_tables.sql,5269,CREATE with no later DROP TABLE found,,Supplier workforce documents,P3,Supplier-filtered related summaries/deep links with governed lifecycle; detailed execution stays in Workforce/Procurement/Finance,,no direct storage binding in inspected New_Entity core examples; not proof of no other metadata,server/packages/adapters/database/neon-postgres/dist/generated/kysely/types.d.ts; server/packages/adapters/database/neon-postgres/src/generated/kysely/types.ts,document.commitment; document.external_candidate_submission; master.company_code; master.legal_entity; master.supplier; master.tenant
document.contingent_work_order_revision,document,server/db/ddl/planes/neon/document/03_tables.sql,5291,CREATE with no later DROP TABLE found,,Supplier workforce documents,P3,Supplier-filtered related summaries/deep links with governed lifecycle; detailed execution stays in Workforce/Procurement/Finance,,no direct storage binding in inspected New_Entity core examples; not proof of no other metadata,server/packages/adapters/database/neon-postgres/dist/generated/kysely/types.d.ts; server/packages/adapters/database/neon-postgres/src/generated/kysely/types.ts,control.external_workforce_rate; document.contingent_work_order; document.contingent_work_order_revision; document.workflow_request; master.tenant
document.statement_of_work,document,server/db/ddl/planes/neon/document/03_tables.sql,5319,CREATE with no later DROP TABLE found,,Supplier workforce documents,P3,Supplier-filtered related summaries/deep links with governed lifecycle; detailed execution stays in Workforce/Procurement/Finance,,no direct storage binding in inspected New_Entity core examples; not proof of no other metadata,server/packages/adapters/database/neon-postgres/dist/generated/kysely/types.d.ts; server/packages/adapters/database/neon-postgres/src/generated/kysely/types.ts,document.commitment; document.purchase_requisition; master.company_code; master.legal_entity; master.supplier; master.tenant
document.statement_of_work_revision,document,server/db/ddl/planes/neon/document/03_tables.sql,5341,CREATE with no later DROP TABLE found,,Supplier workforce documents,P3,Supplier-filtered related summaries/deep links with governed lifecycle; detailed execution stays in Workforce/Procurement/Finance,,no direct storage binding in inspected New_Entity core examples; not proof of no other metadata,server/packages/adapters/database/neon-postgres/dist/generated/kysely/types.d.ts; server/packages/adapters/database/neon-postgres/src/generated/kysely/types.ts,document.statement_of_work; document.statement_of_work_revision; document.workflow_request; master.tenant
document.statement_of_work_item,document,server/db/ddl/planes/neon/document/03_tables.sql,5368,CREATE with no later DROP TABLE found,,Supplier workforce documents,P3,Supplier-filtered related summaries/deep links with governed lifecycle; detailed execution stays in Workforce/Procurement/Finance,,no direct storage binding in inspected New_Entity core examples; not proof of no other metadata,server/packages/adapters/database/neon-postgres/dist/generated/kysely/types.d.ts; server/packages/adapters/database/neon-postgres/src/generated/kysely/types.ts,document.statement_of_work_revision; master.tenant
document.worker_engagement,document,server/db/ddl/planes/neon/document/03_tables.sql,5391,CREATE with no later DROP TABLE found,,Supplier workforce documents,P3,Supplier-filtered related summaries/deep links with governed lifecycle; detailed execution stays in Workforce/Procurement/Finance,,no direct storage binding in inspected New_Entity core examples; not proof of no other metadata,server/packages/adapters/database/neon-postgres/dist/generated/kysely/types.d.ts; server/packages/adapters/database/neon-postgres/src/generated/kysely/types.ts,control.external_workforce_rate; document.contingent_work_order; document.statement_of_work; document.workflow_request; master.company_code; master.external_worker; master.legal_entity; master.supplier; master.tenant
document.worker_operational_placement,document,server/db/ddl/planes/neon/document/03_tables.sql,5429,CREATE with no later DROP TABLE found,,Supplier workforce documents,P3,Supplier-filtered related summaries/deep links with governed lifecycle; detailed execution stays in Workforce/Procurement/Finance,,no direct storage binding in inspected New_Entity core examples; not proof of no other metadata,server/packages/adapters/database/neon-postgres/dist/generated/kysely/types.d.ts; server/packages/adapters/database/neon-postgres/src/generated/kysely/types.ts,document.worker_engagement; master.company_code; master.cost_center; master.employee; master.org_unit; master.position; master.profit_center; master.project; master.site; master.tenant
document.worker_compliance_item,document,server/db/ddl/planes/neon/document/03_tables.sql,5448,CREATE with no later DROP TABLE found,,Supplier workforce documents,P3,Supplier-filtered related summaries/deep links with governed lifecycle; detailed execution stays in Workforce/Procurement/Finance,,no direct storage binding in inspected New_Entity core examples; not proof of no other metadata,server/packages/adapters/database/neon-postgres/dist/generated/kysely/types.d.ts; server/packages/adapters/database/neon-postgres/src/generated/kysely/types.ts,document.content_item; document.worker_engagement; master.tenant
document.engagement_onboarding_case,document,server/db/ddl/planes/neon/document/03_tables.sql,5468,CREATE with no later DROP TABLE found,,Supplier workforce documents,P3,Supplier-filtered related summaries/deep links with governed lifecycle; detailed execution stays in Workforce/Procurement/Finance,,no direct storage binding in inspected New_Entity core examples; not proof of no other metadata,server/packages/adapters/database/neon-postgres/dist/generated/kysely/types.d.ts; server/packages/adapters/database/neon-postgres/src/generated/kysely/types.ts,document.worker_engagement; document.workflow_request; master.tenant
document.external_time_sheet,document,server/db/ddl/planes/neon/document/03_tables.sql,5493,CREATE with no later DROP TABLE found,,Supplier workforce documents,P3,Supplier-filtered related summaries/deep links with governed lifecycle; detailed execution stays in Workforce/Procurement/Finance,,no direct storage binding in inspected New_Entity core examples; not proof of no other metadata,server/packages/adapters/database/neon-postgres/dist/generated/kysely/types.d.ts; server/packages/adapters/database/neon-postgres/src/generated/kysely/types.ts,control.mesh_workforce_claim_inbox; document.external_time_sheet; document.worker_engagement; document.workflow_request; master.principal; master.tenant
document.external_time_entry,document,server/db/ddl/planes/neon/document/03_tables.sql,5523,CREATE with no later DROP TABLE found,,Supplier workforce documents,P3,Supplier-filtered related summaries/deep links with governed lifecycle; detailed execution stays in Workforce/Procurement/Finance,,no direct storage binding in inspected New_Entity core examples; not proof of no other metadata,server/packages/adapters/database/neon-postgres/dist/generated/kysely/types.d.ts; server/packages/adapters/database/neon-postgres/src/generated/kysely/types.ts,document.external_time_sheet; document.project_task; document.statement_of_work_item; master.cost_center; master.project; master.tenant
document.external_expense_sheet,document,server/db/ddl/planes/neon/document/03_tables.sql,5539,CREATE with no later DROP TABLE found,,Supplier workforce documents,P3,Supplier-filtered related summaries/deep links with governed lifecycle; detailed execution stays in Workforce/Procurement/Finance,,no direct storage binding in inspected New_Entity core examples; not proof of no other metadata,server/packages/adapters/database/neon-postgres/dist/generated/kysely/types.d.ts; server/packages/adapters/database/neon-postgres/src/generated/kysely/types.ts,control.mesh_workforce_claim_inbox; document.external_expense_sheet; document.worker_engagement; document.workflow_request; master.principal; master.tenant
document.external_expense_item,document,server/db/ddl/planes/neon/document/03_tables.sql,5569,CREATE with no later DROP TABLE found,,Supplier workforce documents,P3,Supplier-filtered related summaries/deep links with governed lifecycle; detailed execution stays in Workforce/Procurement/Finance,,no direct storage binding in inspected New_Entity core examples; not proof of no other metadata,server/packages/adapters/database/neon-postgres/dist/generated/kysely/types.d.ts; server/packages/adapters/database/neon-postgres/src/generated/kysely/types.ts,document.content_item; document.external_expense_sheet; document.project_task; document.statement_of_work_item; master.cost_center; master.project; master.tenant
document.external_service_entry,document,server/db/ddl/planes/neon/document/03_tables.sql,5584,CREATE with no later DROP TABLE found,,Supplier workforce documents,P3,Supplier-filtered related summaries/deep links with governed lifecycle; detailed execution stays in Workforce/Procurement/Finance,,no direct storage binding in inspected New_Entity core examples; not proof of no other metadata,server/packages/adapters/database/neon-postgres/dist/generated/kysely/types.d.ts; server/packages/adapters/database/neon-postgres/src/generated/kysely/types.ts,document.commitment; document.workflow_request; master.company_code; master.supplier; master.tenant
document.external_service_entry_line,document,server/db/ddl/planes/neon/document/03_tables.sql,5607,CREATE with no later DROP TABLE found,,Supplier workforce documents,P3,Supplier-filtered related summaries/deep links with governed lifecycle; detailed execution stays in Workforce/Procurement/Finance,,no direct storage binding in inspected New_Entity core examples; not proof of no other metadata,server/packages/adapters/database/neon-postgres/dist/generated/kysely/types.d.ts; server/packages/adapters/database/neon-postgres/src/generated/kysely/types.ts,document.external_expense_sheet; document.external_service_entry; document.external_time_sheet; document.statement_of_work_item; master.tenant
document.external_workforce_invoice_allocation,document,server/db/ddl/planes/neon/document/03_tables.sql,5622,CREATE with no later DROP TABLE found,,Supplier workforce documents,P3,Supplier-filtered related summaries/deep links with governed lifecycle; detailed execution stays in Workforce/Procurement/Finance,,no direct storage binding in inspected New_Entity core examples; not proof of no other metadata,server/packages/adapters/database/neon-postgres/dist/generated/kysely/types.d.ts; server/packages/adapters/database/neon-postgres/src/generated/kysely/types.ts,document.external_service_entry_line; document.external_workforce_invoice_allocation; document.purchase_invoice_line; master.tenant
document.service_sheet_source_allocation,document,server/db/ddl/planes/neon/document/03_tables.sql,5637,CREATE with no later DROP TABLE found,,Supplier workforce documents,P3,Supplier-filtered related summaries/deep links with governed lifecycle; detailed execution stays in Workforce/Procurement/Finance,,no direct storage binding in inspected New_Entity core examples; not proof of no other metadata,server/packages/adapters/database/neon-postgres/dist/generated/kysely/types.d.ts; server/packages/adapters/database/neon-postgres/src/generated/kysely/types.ts; server/packages/services/finance/src/external-workforce/kysely-service-sheet-source-repository.ts,document.external_expense_sheet; document.external_time_sheet; document.service_sheet_line; document.service_sheet_source_allocation; document.statement_of_work_item; master.principal; master.tenant; shared.currency
document.mesh_profile_change_resolution,document,server/db/ddl/planes/neon/document/03_tables.sql,5665,CREATE with no later DROP TABLE found,,Neon network acceptance workflow,P3,Neon-owned match/accept/change review; Mesh application work remains deferred,,no direct storage binding in inspected New_Entity core examples; not proof of no other metadata,server/packages/adapters/database/neon-postgres/dist/generated/kysely/types.d.ts; server/packages/adapters/database/neon-postgres/src/generated/kysely/types.ts; server/packages/planes/neon/src/business-partner-profile-match.ts; server/packages/services/master-data/src/kysely-business-partner-case-repository.ts,control.mesh_business_partner_profile_projection; master.business_partner; master.principal; snapshot.mesh_business_partner_profile_received
document.mesh_profile_change_case,document,server/db/ddl/planes/neon/document/03_tables.sql,5690,CREATE with no later DROP TABLE found,,Neon network acceptance workflow,P3,Neon-owned match/accept/change review; Mesh application work remains deferred,,no direct storage binding in inspected New_Entity core examples; not proof of no other metadata,server/packages/adapters/database/neon-postgres/dist/generated/kysely/types.d.ts; server/packages/adapters/database/neon-postgres/src/generated/kysely/types.ts; server/packages/planes/neon/src/business-partner-profile-match.ts; server/packages/services/master-data/src/kysely-business-partner-case-repository.ts,document.entity_case; document.mesh_profile_change_resolution
snapshot.mesh_business_partner_profile_received,snapshot,server/db/ddl/planes/neon/snapshot/03_tables.sql,184,CREATE with no later DROP TABLE found,,Neon network snapshots,Internal,Immutable received evidence; approved projected fields only,,no direct storage binding in inspected New_Entity core examples; not proof of no other metadata,server/packages/adapters/database/neon-postgres/dist/generated/kysely/types.d.ts; server/packages/adapters/database/neon-postgres/src/generated/kysely/types.ts; server/packages/planes/neon/src/business-partner-account-bank-linkage.ts; server/packages/planes/neon/src/business-partner-profile-match.ts; server/packages/planes/neon/src/business-partner-profile-projection.ts; server/packages/planes/neon/src/mesh-external-reference-code.ts; server/packages/services/master-data/src/business-partner-360-service.ts; server/packages/services/master-data/src/kysely-business-partner-360-network.ts,control.mesh_business_partner_profile_inbox; master.principal; master.tenant
snapshot.mesh_bank_account_disclosure_received,snapshot,server/db/ddl/planes/neon/snapshot/03_tables.sql,217,CREATE with no later DROP TABLE found,,Neon network snapshots,Internal,Immutable received evidence; approved projected fields only,,no direct storage binding in inspected New_Entity core examples; not proof of no other metadata,server/packages/adapters/database/neon-postgres/dist/generated/kysely/types.d.ts; server/packages/adapters/database/neon-postgres/src/generated/kysely/types.ts; server/packages/planes/neon/src/business-partner-account-bank-linkage.ts; server/packages/services/master-data/src/kysely-business-partner-360-commercial-controls.ts; server/packages/services/master-data/src/kysely-business-partner-360-network.ts,control.mesh_bank_account_disclosure_inbox; master.principal; master.tenant
control.subscription_plan,control,server/db/ddl/planes/neon/control/03_tables.sql,4,CREATE with no later DROP TABLE found,,Application configuration,Dependency,"Existing navigation, entitlement, feature and parameter authority; no BP-specific copy",,no direct storage binding in inspected New_Entity core examples; not proof of no other metadata,server/packages/adapters/database/athyper-postgres/dist/generated/kysely-studio/types.d.ts; server/packages/adapters/database/athyper-postgres/src/generated/kysely-studio/types.ts; server/packages/adapters/database/mesh-postgres/dist/generated/kysely-mesh/types.d.ts; server/packages/adapters/database/mesh-postgres/src/generated/kysely-mesh/types.ts; server/packages/adapters/database/neon-postgres/dist/generated/kysely/types.d.ts; server/packages/adapters/database/neon-postgres/src/generated/kysely/types.ts; server/packages/adapters/experience-postgres/src/index.ts; server/packages/platform/control-admin/src/control-administration-ownership.ts; server/packages/platform/control-admin/src/kysely-entitlement-repository.ts,
control.owner_type,control,server/db/ddl/planes/neon/control/03_tables.sql,40,CREATE with no later DROP TABLE found,,Reference and owner infrastructure,P1,Reuse canonical owner registry and published lookup definitions; internal revision/receipt records not app entities,,no direct storage binding in inspected New_Entity core examples; not proof of no other metadata,server/packages/adapters/database/athyper-postgres/dist/generated/kysely-studio/types.d.ts; server/packages/adapters/database/athyper-postgres/src/generated/kysely-studio/types.ts; server/packages/adapters/database/mesh-postgres/dist/generated/kysely-mesh/types.d.ts; server/packages/adapters/database/mesh-postgres/src/generated/kysely-mesh/types.ts; server/packages/adapters/database/neon-postgres/dist/generated/kysely/types.d.ts; server/packages/adapters/database/neon-postgres/src/generated/kysely/types.ts; server/packages/planes/neon/src/business-partner-account-bank-linkage.ts; server/packages/platform/iam/src/customer-portal-delivery.ts; server/packages/platform/notifications/src/kysely-notification-preferences.ts; server/packages/platform/notifications/src/kysely-notification-repositories.ts; server/packages/platform/notifications/src/notification-planner.ts; server/packages/services/master-data/src/kysely-business-partner-360-bank-reveal.ts; server/packages/services/master-data/src/kysely-business-partner-360-commercial-controls.ts; server/packages/services/master-data/src/kysely-business-partner-360-repository.ts; server/packages/services/master-data/src/kysely-business-partner-360-sections.ts; server/packages/services/master-data/src/kysely-master-data-repository.ts; server/packages/services/master-data/src/master-data-authority.ts,master.tenant
control.owner_type_purpose,control,server/db/ddl/planes/neon/control/03_tables.sql,123,CREATE with no later DROP TABLE found,,Reference and owner infrastructure,P1,Reuse canonical owner registry and published lookup definitions; internal revision/receipt records not app entities,,no direct storage binding in inspected New_Entity core examples; not proof of no other metadata,server/packages/adapters/database/athyper-postgres/dist/generated/kysely-studio/types.d.ts; server/packages/adapters/database/athyper-postgres/src/generated/kysely-studio/types.ts; server/packages/adapters/database/mesh-postgres/dist/generated/kysely-mesh/types.d.ts; server/packages/adapters/database/mesh-postgres/src/generated/kysely-mesh/types.ts; server/packages/adapters/database/neon-postgres/dist/generated/kysely/types.d.ts; server/packages/adapters/database/neon-postgres/src/generated/kysely/types.ts,control.owner_type
control.risk_source_config,control,server/db/ddl/planes/neon/control/03_tables.sql,174,CREATE with no later DROP TABLE found,,Risk configuration,P3,"Risk-provider configuration; administer outside BP, show authorized derived outcomes",,no direct storage binding in inspected New_Entity core examples; not proof of no other metadata,server/packages/adapters/database/neon-postgres/dist/generated/kysely/types.d.ts; server/packages/adapters/database/neon-postgres/src/generated/kysely/types.ts,control.connector_instance; master.principal; master.risk_source; master.tenant
control.business_partner_qualification,control,server/db/ddl/planes/neon/control/03_tables.sql,208,CREATE with no later DROP TABLE found,,Governed commercial decisions,P2,MetaEntity read/detail surfaces and registered decide/revoke/lift operations; no generic writes to final decisions,metadata/products/mdg/entities/business_partner_qualification/core.json,draft core example present; active release unverified,server/packages/adapters/database/neon-postgres/dist/generated/kysely/types.d.ts; server/packages/adapters/database/neon-postgres/src/generated/kysely/types.ts; server/packages/services/master-data/src/kysely-business-partner-360-commercial-controls.ts; server/packages/services/master-data/src/kysely-business-partner-360-repository.ts; server/packages/services/master-data/src/kysely-business-partner-eligibility-repository.ts,master.business_partner; master.business_partner_commodity_capability; master.company_code; master.operating_organization; master.party_risk_assessment; master.principal; master.tenant
control.supplier_preference_designation,control,server/db/ddl/planes/neon/control/03_tables.sql,276,CREATE with no later DROP TABLE found,,Governed commercial decisions,P2,MetaEntity read/detail surfaces and registered decide/revoke/lift operations; no generic writes to final decisions,,no direct storage binding in inspected New_Entity core examples; not proof of no other metadata,server/packages/adapters/database/neon-postgres/dist/generated/kysely/types.d.ts; server/packages/adapters/database/neon-postgres/src/generated/kysely/types.ts; server/packages/services/master-data/src/kysely-business-partner-360-commercial-controls.ts; server/packages/services/master-data/src/kysely-business-partner-360-repository.ts; server/packages/services/master-data/src/kysely-business-partner-eligibility-repository.ts,master.business_partner; master.commodity_category; master.company_code; master.operating_organization; master.principal; master.supplier; master.tenant
control.customer_account_designation,control,server/db/ddl/planes/neon/control/03_tables.sql,347,CREATE with no later DROP TABLE found,,Governed commercial decisions,P2,MetaEntity read/detail surfaces and registered decide/revoke/lift operations; no generic writes to final decisions,,no direct storage binding in inspected New_Entity core examples; not proof of no other metadata,server/packages/adapters/database/neon-postgres/dist/generated/kysely/types.d.ts; server/packages/adapters/database/neon-postgres/src/generated/kysely/types.ts; server/packages/services/master-data/src/business-partner-request-validator.ts; server/packages/services/master-data/src/kysely-business-partner-360-role-sections.ts; server/packages/services/master-data/src/kysely-business-partner-eligibility-repository.ts,master.business_partner; master.company_code; master.customer; master.operating_organization; master.principal; master.tenant; shared.country
control.business_partner_block,control,server/db/ddl/planes/neon/control/03_tables.sql,413,CREATE with no later DROP TABLE found,,Governed commercial decisions,P2,MetaEntity read/detail surfaces and registered decide/revoke/lift operations; no generic writes to final decisions,,no direct storage binding in inspected New_Entity core examples; not proof of no other metadata,server/packages/adapters/database/neon-postgres/dist/generated/kysely/types.d.ts; server/packages/adapters/database/neon-postgres/src/generated/kysely/types.ts; server/packages/services/master-data/src/kysely-business-partner-360-commercial-controls.ts; server/packages/services/master-data/src/kysely-business-partner-eligibility-repository.ts,master.business_partner; master.company_code; master.operating_organization; master.principal; master.tenant
control.commodity_code_classification_policy,control,server/db/ddl/planes/neon/control/03_tables.sql,1058,CREATE with no later DROP TABLE found,,Classification policy,P2,Reference constraints for capability selection; retain procurement/sales policy ownership,,no direct storage binding in inspected New_Entity core examples; not proof of no other metadata,server/packages/adapters/database/neon-postgres/dist/generated/kysely/types.d.ts; server/packages/adapters/database/neon-postgres/src/generated/kysely/types.ts,master.principal; master.tenant
control.commodity_category_buy_policy,control,server/db/ddl/planes/neon/control/03_tables.sql,1124,CREATE with no later DROP TABLE found,,Classification policy,P2,Reference constraints for capability selection; retain procurement/sales policy ownership,,no direct storage binding in inspected New_Entity core examples; not proof of no other metadata,server/packages/adapters/database/neon-postgres/dist/generated/kysely/types.d.ts; server/packages/adapters/database/neon-postgres/src/generated/kysely/types.ts,master.business_intent; master.commodity_category; master.company_code; master.company_code_supplier_profile; master.principal; master.tenant
control.commodity_category_sell_policy,control,server/db/ddl/planes/neon/control/03_tables.sql,1166,CREATE with no later DROP TABLE found,,Classification policy,P2,Reference constraints for capability selection; retain procurement/sales policy ownership,,no direct storage binding in inspected New_Entity core examples; not proof of no other metadata,server/packages/adapters/database/neon-postgres/dist/generated/kysely/types.d.ts; server/packages/adapters/database/neon-postgres/src/generated/kysely/types.ts,master.business_intent; master.commodity_category; master.company_code; master.company_code_customer_profile; master.principal; master.tenant
control.commodity_category_inventory_policy,control,server/db/ddl/planes/neon/control/03_tables.sql,1208,CREATE with no later DROP TABLE found,,Classification policy,P2,Reference constraints for capability selection; retain procurement/sales policy ownership,,no direct storage binding in inspected New_Entity core examples; not proof of no other metadata,server/packages/adapters/database/neon-postgres/dist/generated/kysely/types.d.ts; server/packages/adapters/database/neon-postgres/src/generated/kysely/types.ts,master.commodity_category; master.company_code; master.principal; master.tenant
control.mesh_business_partner_profile_inbox,control,server/db/ddl/planes/neon/control/03_tables.sql,2068,CREATE with no later DROP TABLE found,,Neon integration internals,Internal,No generic BP entities; authorized status/reconciliation projection only; preserve replay/idempotency semantics,,no direct storage binding in inspected New_Entity core examples; not proof of no other metadata,server/packages/adapters/database/neon-postgres/dist/generated/kysely/types.d.ts; server/packages/adapters/database/neon-postgres/src/generated/kysely/types.ts; server/packages/planes/neon/src/business-partner-profile-projection.ts,master.principal; master.tenant
control.mesh_business_partner_profile_processing_attempt,control,server/db/ddl/planes/neon/control/03_tables.sql,2102,CREATE with no later DROP TABLE found,,Neon integration internals,Internal,No generic BP entities; authorized status/reconciliation projection only; preserve replay/idempotency semantics,,no direct storage binding in inspected New_Entity core examples; not proof of no other metadata,server/packages/adapters/database/neon-postgres/dist/generated/kysely/types.d.ts; server/packages/adapters/database/neon-postgres/src/generated/kysely/types.ts; server/packages/planes/neon/src/business-partner-profile-projection.ts,control.mesh_business_partner_profile_inbox; master.principal
control.mesh_workforce_claim_inbox,control,server/db/ddl/planes/neon/control/03_tables.sql,2128,CREATE with no later DROP TABLE found,,Neon integration internals,Internal,No generic BP entities; authorized status/reconciliation projection only; preserve replay/idempotency semantics,,no direct storage binding in inspected New_Entity core examples; not proof of no other metadata,server/packages/adapters/database/neon-postgres/dist/generated/kysely/types.d.ts; server/packages/adapters/database/neon-postgres/src/generated/kysely/types.ts,master.principal; master.tenant
control.mesh_workforce_claim_processing_attempt,control,server/db/ddl/planes/neon/control/03_tables.sql,2165,CREATE with no later DROP TABLE found,,Neon integration internals,Internal,No generic BP entities; authorized status/reconciliation projection only; preserve replay/idempotency semantics,,no direct storage binding in inspected New_Entity core examples; not proof of no other metadata,server/packages/adapters/database/neon-postgres/dist/generated/kysely/types.d.ts; server/packages/adapters/database/neon-postgres/src/generated/kysely/types.ts,control.mesh_workforce_claim_inbox; master.principal
control.mesh_business_partner_profile_projection,control,server/db/ddl/planes/neon/control/03_tables.sql,2197,CREATE with no later DROP TABLE found,,Neon network projections,P3,Safe read-only Network/Banking provenance in Neon; acceptance via governed commands; no Mesh app implementation,,no direct storage binding in inspected New_Entity core examples; not proof of no other metadata,server/packages/adapters/database/neon-postgres/dist/generated/kysely/types.d.ts; server/packages/adapters/database/neon-postgres/src/generated/kysely/types.ts; server/packages/planes/neon/src/business-partner-account-bank-linkage.ts; server/packages/planes/neon/src/business-partner-profile-match.ts; server/packages/planes/neon/src/business-partner-profile-projection.ts; server/packages/planes/neon/src/mesh-external-reference-code.ts; server/packages/services/master-data/src/kysely-business-partner-360-network.ts; server/packages/services/master-data/src/kysely-business-partner-case-repository.ts,control.mesh_business_partner_profile_inbox; master.principal; snapshot.mesh_business_partner_profile_received
control.mesh_business_partner_account_link,control,server/db/ddl/planes/neon/control/03_tables.sql,2228,CREATE with no later DROP TABLE found,,Neon network projections,P3,Safe read-only Network/Banking provenance in Neon; acceptance via governed commands; no Mesh app implementation,,no direct storage binding in inspected New_Entity core examples; not proof of no other metadata,server/packages/adapters/database/neon-postgres/dist/generated/kysely/types.d.ts; server/packages/adapters/database/neon-postgres/src/generated/kysely/types.ts; server/packages/planes/neon/src/business-partner-account-bank-linkage.ts; server/packages/services/master-data/src/kysely-business-partner-360-commercial-controls.ts; server/packages/services/master-data/src/kysely-business-partner-360-network.ts; server/packages/services/master-data/src/kysely-business-partner-360-repository.ts; server/packages/services/master-data/src/kysely-business-partner-case-repository.ts,control.mesh_business_partner_profile_projection; document.business_partner_request; master.business_partner; master.external_reference; master.principal; master.tenant
control.mesh_bank_account_disclosure_inbox,control,server/db/ddl/planes/neon/control/03_tables.sql,2268,CREATE with no later DROP TABLE found,,Neon integration internals,Internal,No generic BP entities; authorized status/reconciliation projection only; preserve replay/idempotency semantics,,no direct storage binding in inspected New_Entity core examples; not proof of no other metadata,server/packages/adapters/database/neon-postgres/dist/generated/kysely/types.d.ts; server/packages/adapters/database/neon-postgres/src/generated/kysely/types.ts; server/packages/planes/neon/src/business-partner-account-bank-linkage.ts,master.principal; master.tenant
control.mesh_bank_account_projection,control,server/db/ddl/planes/neon/control/03_tables.sql,2297,CREATE with no later DROP TABLE found,,Neon network projections,P3,Safe read-only Network/Banking provenance in Neon; acceptance via governed commands; no Mesh app implementation,,no direct storage binding in inspected New_Entity core examples; not proof of no other metadata,server/packages/adapters/database/neon-postgres/dist/generated/kysely/types.d.ts; server/packages/adapters/database/neon-postgres/src/generated/kysely/types.ts; server/packages/planes/neon/src/business-partner-account-bank-linkage.ts; server/packages/services/master-data/src/kysely-business-partner-360-commercial-controls.ts; server/packages/services/master-data/src/kysely-business-partner-360-network.ts; server/packages/services/master-data/src/kysely-business-partner-case-repository.ts,control.mesh_bank_account_disclosure_inbox; control.mesh_business_partner_account_link; master.principal; master.tenant; snapshot.mesh_bank_account_disclosure_received
control.customer_credit_review,control,server/db/ddl/planes/neon/control/03_tables.sql,2367,CREATE with no later DROP TABLE found,,Governed commercial decisions,P2,MetaEntity read/detail surfaces and registered decide/revoke/lift operations; no generic writes to final decisions,,no direct storage binding in inspected New_Entity core examples; not proof of no other metadata,server/packages/adapters/database/neon-postgres/dist/generated/kysely/types.d.ts; server/packages/adapters/database/neon-postgres/src/generated/kysely/types.ts; server/packages/services/master-data/src/business-partner-request-validator.ts; server/packages/services/master-data/src/kysely-business-partner-360-commercial-controls.ts; server/packages/services/master-data/src/kysely-business-partner-360-repository.ts; server/packages/services/master-data/src/kysely-business-partner-eligibility-repository.ts,master.business_partner; master.company_code; master.customer; master.operating_organization; master.principal; master.tenant; shared.currency
control.business_partner_mutation_evidence,control,server/db/ddl/planes/neon/control/03_tables.sql,2418,CREATE with no later DROP TABLE found,,Governance history,P2,Read-only timeline/evidence projection; mutation/service owner remains authoritative,,no direct storage binding in inspected New_Entity core examples; not proof of no other metadata,server/packages/adapters/database/neon-postgres/dist/generated/kysely/types.d.ts; server/packages/adapters/database/neon-postgres/src/generated/kysely/types.ts,master.business_partner; master.principal; master.tenant
control.customer_lifecycle_event,control,server/db/ddl/planes/neon/control/03_tables.sql,2459,CREATE with no later DROP TABLE found,,Governance history,P2,Read-only timeline/evidence projection; mutation/service owner remains authoritative,,no direct storage binding in inspected New_Entity core examples; not proof of no other metadata,server/packages/adapters/database/neon-postgres/dist/generated/kysely/types.d.ts; server/packages/adapters/database/neon-postgres/src/generated/kysely/types.ts; server/packages/platform/iam/src/customer-portal-delivery.ts,master.business_partner; master.company_code; master.customer; master.operating_organization; master.principal; master.tenant
control.business_partner_decision_scope,control,server/db/ddl/planes/neon/control/03_tables.sql,2505,CREATE with no later DROP TABLE found,,Decision scope children,P2,Parent-owned include/exclude scope rows; authorize through the parent decision,,no direct storage binding in inspected New_Entity core examples; not proof of no other metadata,server/packages/adapters/database/neon-postgres/dist/generated/kysely/types.d.ts; server/packages/adapters/database/neon-postgres/src/generated/kysely/types.ts; server/packages/services/master-data/src/kysely-business-partner-360-commercial-controls.ts; server/packages/services/master-data/src/kysely-business-partner-360-repository.ts; server/packages/services/master-data/src/kysely-business-partner-360-role-sections.ts; server/packages/services/master-data/src/kysely-business-partner-eligibility-repository.ts,control.business_partner_qualification; control.customer_account_designation; control.customer_credit_review; control.supplier_preference_designation; master.commodity_category; master.company_code; master.operating_organization; master.org_unit; master.principal; master.tax_jurisdiction; shared.country
control.external_workforce_rate_card,control,server/db/ddl/planes/neon/control/03_tables.sql,2557,CREATE with no later DROP TABLE found,,Supplier workforce pricing,P3,Company-governed rate-card entity with supplier-filtered child rows; preserve effective dates and constrained billing units,,no direct storage binding in inspected New_Entity core examples; not proof of no other metadata,server/packages/adapters/database/neon-postgres/dist/generated/kysely/types.d.ts; server/packages/adapters/database/neon-postgres/src/generated/kysely/types.ts,master.company_code; master.principal; master.tenant
control.external_workforce_rate,control,server/db/ddl/planes/neon/control/03_tables.sql,2589,CREATE with no later DROP TABLE found,,Supplier workforce pricing,P3,Company-governed rate-card entity with supplier-filtered child rows; preserve effective dates and constrained billing units,,no direct storage binding in inspected New_Entity core examples; not proof of no other metadata,server/packages/adapters/database/neon-postgres/dist/generated/kysely/types.d.ts; server/packages/adapters/database/neon-postgres/src/generated/kysely/types.ts,control.external_workforce_rate_card; master.job; master.principal; master.site; master.supplier; master.tenant
control.supplier_communication_policy,control,server/db/ddl/planes/neon/control/03_tables.sql,2643,CREATE with no later DROP TABLE found,,Process configuration,Dependency,"Use existing process/activation/task authority; BP shows eligible actions and outcomes, not raw configuration editors",,no direct storage binding in inspected New_Entity core examples; not proof of no other metadata,server/packages/adapters/database/neon-postgres/dist/generated/kysely/types.d.ts; server/packages/adapters/database/neon-postgres/src/generated/kysely/types.ts,master.principal; master.tenant
control.workspace,control,server/db/ddl/common/control/03_tables.sql,5,CREATE with no later DROP TABLE found,,Application configuration,Dependency,"Existing navigation, entitlement, feature and parameter authority; no BP-specific copy",,no direct storage binding in inspected New_Entity core examples; not proof of no other metadata,server/packages/adapters/database/athyper-postgres/dist/generated/kysely-studio/types.d.ts; server/packages/adapters/database/athyper-postgres/src/generated/kysely-studio/types.ts; server/packages/adapters/database/mesh-postgres/dist/generated/kysely-mesh/types.d.ts; server/packages/adapters/database/mesh-postgres/src/generated/kysely-mesh/types.ts; server/packages/adapters/database/neon-postgres/dist/generated/kysely/types.d.ts; server/packages/adapters/database/neon-postgres/src/generated/kysely/types.ts; server/packages/adapters/experience-postgres/src/index.ts,master.principal
control.module,control,server/db/ddl/common/control/03_tables.sql,38,CREATE with no later DROP TABLE found,,Application configuration,Dependency,"Existing navigation, entitlement, feature and parameter authority; no BP-specific copy",,no direct storage binding in inspected New_Entity core examples; not proof of no other metadata,server/packages/adapters/database/athyper-postgres/dist/generated/kysely-studio/types.d.ts; server/packages/adapters/database/athyper-postgres/src/generated/kysely-studio/types.ts; server/packages/adapters/database/mesh-postgres/dist/generated/kysely-mesh/types.d.ts; server/packages/adapters/database/mesh-postgres/src/generated/kysely-mesh/types.ts; server/packages/adapters/database/neon-postgres/dist/generated/kysely/types.d.ts; server/packages/adapters/database/neon-postgres/src/generated/kysely/types.ts; server/packages/adapters/experience-postgres/src/index.ts; server/packages/planes/studio/meta-entity-authoring/src/kysely-authoring-repository.ts; server/packages/platform/control-admin/src/control-administration-ownership.ts; server/packages/platform/control-admin/src/kysely-entitlement-repository.ts; server/packages/platform/iam/src/kysely-permission-resolver.ts,master.principal
control.workspace_module,control,server/db/ddl/common/control/03_tables.sql,70,CREATE with no later DROP TABLE found,,Application configuration,Dependency,"Existing navigation, entitlement, feature and parameter authority; no BP-specific copy",,no direct storage binding in inspected New_Entity core examples; not proof of no other metadata,server/packages/adapters/database/athyper-postgres/dist/generated/kysely-studio/types.d.ts; server/packages/adapters/database/athyper-postgres/src/generated/kysely-studio/types.ts; server/packages/adapters/database/mesh-postgres/dist/generated/kysely-mesh/types.d.ts; server/packages/adapters/database/mesh-postgres/src/generated/kysely-mesh/types.ts; server/packages/adapters/database/neon-postgres/dist/generated/kysely/types.d.ts; server/packages/adapters/database/neon-postgres/src/generated/kysely/types.ts; server/packages/adapters/experience-postgres/src/index.ts,control.module; control.workspace; master.principal
control.subscription_plan_module,control,server/db/ddl/common/control/03_tables.sql,94,CREATE with no later DROP TABLE found,,Application configuration,Dependency,"Existing navigation, entitlement, feature and parameter authority; no BP-specific copy",,no direct storage binding in inspected New_Entity core examples; not proof of no other metadata,server/packages/adapters/database/athyper-postgres/dist/generated/kysely-studio/types.d.ts; server/packages/adapters/database/athyper-postgres/src/generated/kysely-studio/types.ts; server/packages/adapters/database/mesh-postgres/dist/generated/kysely-mesh/types.d.ts; server/packages/adapters/database/mesh-postgres/src/generated/kysely-mesh/types.ts; server/packages/adapters/database/neon-postgres/dist/generated/kysely/types.d.ts; server/packages/adapters/database/neon-postgres/src/generated/kysely/types.ts; server/packages/platform/control-admin/src/control-administration-ownership.ts; server/packages/platform/control-admin/src/kysely-entitlement-repository.ts,control.module; control.subscription_plan; master.principal
control.cycle_type,control,server/db/ddl/common/control/03_tables.sql,317,CREATE with no later DROP TABLE found,,Process configuration,Dependency,"Use existing process/activation/task authority; BP shows eligible actions and outcomes, not raw configuration editors",,no direct storage binding in inspected New_Entity core examples; not proof of no other metadata,server/packages/adapters/database/athyper-postgres/dist/generated/kysely-studio/types.d.ts; server/packages/adapters/database/athyper-postgres/src/generated/kysely-studio/types.ts; server/packages/adapters/database/mesh-postgres/dist/generated/kysely-mesh/types.d.ts; server/packages/adapters/database/mesh-postgres/src/generated/kysely-mesh/types.ts; server/packages/adapters/database/neon-postgres/dist/generated/kysely/types.d.ts; server/packages/adapters/database/neon-postgres/src/generated/kysely/types.ts; server/packages/platform/control-admin/src/control-administration-ownership.ts; server/packages/platform/control-admin/src/cycle/kysely-cycle-template-repository.ts; server/packages/services/master-data/src/business-partner-onboarding-cycle.ts,master.principal; master.tenant
control.cycle_phase,control,server/db/ddl/common/control/03_tables.sql,357,CREATE with no later DROP TABLE found,,Process configuration,Dependency,"Use existing process/activation/task authority; BP shows eligible actions and outcomes, not raw configuration editors",,no direct storage binding in inspected New_Entity core examples; not proof of no other metadata,server/packages/adapters/database/athyper-postgres/dist/generated/kysely-studio/types.d.ts; server/packages/adapters/database/athyper-postgres/src/generated/kysely-studio/types.ts; server/packages/adapters/database/mesh-postgres/dist/generated/kysely-mesh/types.d.ts; server/packages/adapters/database/mesh-postgres/src/generated/kysely-mesh/types.ts; server/packages/adapters/database/neon-postgres/dist/generated/kysely/types.d.ts; server/packages/adapters/database/neon-postgres/src/generated/kysely/types.ts; server/packages/platform/control-admin/src/control-administration-ownership.ts,control.cycle_type; master.principal; master.tenant
control.cycle_task_category,control,server/db/ddl/common/control/03_tables.sql,395,CREATE with no later DROP TABLE found,,Process configuration,Dependency,"Use existing process/activation/task authority; BP shows eligible actions and outcomes, not raw configuration editors",,no direct storage binding in inspected New_Entity core examples; not proof of no other metadata,server/packages/adapters/database/athyper-postgres/dist/generated/kysely-studio/types.d.ts; server/packages/adapters/database/athyper-postgres/src/generated/kysely-studio/types.ts; server/packages/adapters/database/mesh-postgres/dist/generated/kysely-mesh/types.d.ts; server/packages/adapters/database/mesh-postgres/src/generated/kysely-mesh/types.ts; server/packages/adapters/database/neon-postgres/dist/generated/kysely/types.d.ts; server/packages/adapters/database/neon-postgres/src/generated/kysely/types.ts; server/packages/platform/control-admin/src/control-administration-ownership.ts,control.cycle_type; master.principal; master.tenant
control.cycle_task_template,control,server/db/ddl/common/control/03_tables.sql,429,CREATE with no later DROP TABLE found,,Process configuration,Dependency,"Use existing process/activation/task authority; BP shows eligible actions and outcomes, not raw configuration editors",,no direct storage binding in inspected New_Entity core examples; not proof of no other metadata,server/packages/adapters/database/athyper-postgres/dist/generated/kysely-studio/types.d.ts; server/packages/adapters/database/athyper-postgres/src/generated/kysely-studio/types.ts; server/packages/adapters/database/mesh-postgres/dist/generated/kysely-mesh/types.d.ts; server/packages/adapters/database/mesh-postgres/src/generated/kysely-mesh/types.ts; server/packages/adapters/database/neon-postgres/dist/generated/kysely/types.d.ts; server/packages/adapters/database/neon-postgres/src/generated/kysely/types.ts; server/packages/platform/control-admin/src/control-administration-ownership.ts,control.cycle_phase; control.cycle_task_category; control.cycle_type; master.principal; master.tenant
control.cycle_task_dependency,control,server/db/ddl/common/control/03_tables.sql,488,CREATE with no later DROP TABLE found,,Process configuration,Dependency,"Use existing process/activation/task authority; BP shows eligible actions and outcomes, not raw configuration editors",,no direct storage binding in inspected New_Entity core examples; not proof of no other metadata,server/packages/adapters/database/athyper-postgres/dist/generated/kysely-studio/types.d.ts; server/packages/adapters/database/athyper-postgres/src/generated/kysely-studio/types.ts; server/packages/adapters/database/mesh-postgres/dist/generated/kysely-mesh/types.d.ts; server/packages/adapters/database/mesh-postgres/src/generated/kysely-mesh/types.ts; server/packages/adapters/database/neon-postgres/dist/generated/kysely/types.d.ts; server/packages/adapters/database/neon-postgres/src/generated/kysely/types.ts; server/packages/platform/control-admin/src/control-administration-ownership.ts,control.cycle_task_template; control.cycle_type; master.principal; master.tenant
control.cycle_cross_dependency,control,server/db/ddl/common/control/03_tables.sql,513,CREATE with no later DROP TABLE found,,Process configuration,Dependency,"Use existing process/activation/task authority; BP shows eligible actions and outcomes, not raw configuration editors",,no direct storage binding in inspected New_Entity core examples; not proof of no other metadata,server/packages/adapters/database/athyper-postgres/dist/generated/kysely-studio/types.d.ts; server/packages/adapters/database/athyper-postgres/src/generated/kysely-studio/types.ts; server/packages/adapters/database/mesh-postgres/dist/generated/kysely-mesh/types.d.ts; server/packages/adapters/database/mesh-postgres/src/generated/kysely-mesh/types.ts; server/packages/adapters/database/neon-postgres/dist/generated/kysely/types.d.ts; server/packages/adapters/database/neon-postgres/src/generated/kysely/types.ts; server/packages/platform/control-admin/src/control-administration-ownership.ts,control.cycle_phase; control.cycle_type; master.principal; master.tenant
control.cycle_carryforward_rule,control,server/db/ddl/common/control/03_tables.sql,542,CREATE with no later DROP TABLE found,,Process configuration,Dependency,"Use existing process/activation/task authority; BP shows eligible actions and outcomes, not raw configuration editors",,no direct storage binding in inspected New_Entity core examples; not proof of no other metadata,server/packages/adapters/database/athyper-postgres/dist/generated/kysely-studio/types.d.ts; server/packages/adapters/database/athyper-postgres/src/generated/kysely-studio/types.ts; server/packages/adapters/database/mesh-postgres/dist/generated/kysely-mesh/types.d.ts; server/packages/adapters/database/mesh-postgres/src/generated/kysely-mesh/types.ts; server/packages/adapters/database/neon-postgres/dist/generated/kysely/types.d.ts; server/packages/adapters/database/neon-postgres/src/generated/kysely/types.ts; server/packages/platform/control-admin/src/control-administration-ownership.ts,control.cycle_type; master.principal; master.tenant
control.cycle_template_revision,control,server/db/ddl/common/control/03_tables.sql,569,CREATE with no later DROP TABLE found,,Process configuration,Dependency,"Use existing process/activation/task authority; BP shows eligible actions and outcomes, not raw configuration editors",,no direct storage binding in inspected New_Entity core examples; not proof of no other metadata,server/packages/adapters/database/athyper-postgres/dist/generated/kysely-studio/types.d.ts; server/packages/adapters/database/athyper-postgres/src/generated/kysely-studio/types.ts; server/packages/adapters/database/mesh-postgres/dist/generated/kysely-mesh/types.d.ts; server/packages/adapters/database/mesh-postgres/src/generated/kysely-mesh/types.ts; server/packages/adapters/database/neon-postgres/dist/generated/kysely/types.d.ts; server/packages/adapters/database/neon-postgres/src/generated/kysely/types.ts; server/packages/platform/control-admin/src/control-administration-ownership.ts; server/packages/platform/control-admin/src/cycle/kysely-cycle-template-repository.ts; server/packages/platform/control-admin/src/cycle/process-selection-catalog.ts; server/packages/platform/governance/src/cycles/kysely-cycle-execution-repository.ts; server/packages/services/master-data/src/business-partner-onboarding-cycle.ts; server/packages/services/master-data/src/kysely-business-partner-case-repository.ts,control.cycle_type; master.principal; master.tenant
control.bank_account_validation_rule,control,server/db/ddl/common/control/03_tables.sql,602,CREATE with no later DROP TABLE found,,Bank validation configuration,P2,Internal validation policy/reference; not an editable partner section,,no direct storage binding in inspected New_Entity core examples; not proof of no other metadata,server/packages/adapters/database/athyper-postgres/dist/generated/kysely-studio/types.d.ts; server/packages/adapters/database/athyper-postgres/src/generated/kysely-studio/types.ts; server/packages/adapters/database/mesh-postgres/dist/generated/kysely-mesh/types.d.ts; server/packages/adapters/database/mesh-postgres/src/generated/kysely-mesh/types.ts; server/packages/adapters/database/neon-postgres/dist/generated/kysely/types.d.ts; server/packages/adapters/database/neon-postgres/src/generated/kysely/types.ts; server/packages/platform/control-admin/src/control-administration-ownership.ts; server/packages/platform/control-admin/src/kysely-bank-validation-repository.ts; server/packages/services/master-data/src/business-partner-request-capture.ts; server/packages/services/records/src/bank-form-choices.ts,shared.country; shared.currency
control.feature_flag_catalog,control,server/db/ddl/common/control/03_tables.sql,780,CREATE with no later DROP TABLE found,,Application configuration,Dependency,"Existing navigation, entitlement, feature and parameter authority; no BP-specific copy",,no direct storage binding in inspected New_Entity core examples; not proof of no other metadata,server/packages/adapters/database/athyper-postgres/dist/generated/kysely-studio/types.d.ts; server/packages/adapters/database/athyper-postgres/src/generated/kysely-studio/types.ts; server/packages/adapters/database/mesh-postgres/dist/generated/kysely-mesh/types.d.ts; server/packages/adapters/database/mesh-postgres/src/generated/kysely-mesh/types.ts; server/packages/adapters/database/neon-postgres/dist/generated/kysely/types.d.ts; server/packages/adapters/database/neon-postgres/src/generated/kysely/types.ts; server/packages/adapters/experience-postgres/src/index.ts; server/packages/platform/control-admin/scripts/compare-feature-cohorts.ts; server/packages/platform/control-admin/src/control-administration-ownership.ts; server/packages/platform/control-admin/src/kysely-feature-flag-repository.ts,control.module
control.feature_flag_override,control,server/db/ddl/common/control/03_tables.sql,824,CREATE with no later DROP TABLE found,,Application configuration,Dependency,"Existing navigation, entitlement, feature and parameter authority; no BP-specific copy",,no direct storage binding in inspected New_Entity core examples; not proof of no other metadata,server/packages/adapters/database/athyper-postgres/dist/generated/kysely-studio/types.d.ts; server/packages/adapters/database/athyper-postgres/src/generated/kysely-studio/types.ts; server/packages/adapters/database/mesh-postgres/dist/generated/kysely-mesh/types.d.ts; server/packages/adapters/database/mesh-postgres/src/generated/kysely-mesh/types.ts; server/packages/adapters/database/neon-postgres/dist/generated/kysely/types.d.ts; server/packages/adapters/database/neon-postgres/src/generated/kysely/types.ts; server/packages/adapters/experience-postgres/src/index.ts; server/packages/platform/control-admin/scripts/compare-feature-cohorts.ts; server/packages/platform/control-admin/src/control-administration-ownership.ts; server/packages/platform/control-admin/src/kysely-feature-flag-repository.ts,control.feature_flag_catalog; master.tenant
control.parameter_definition,control,server/db/ddl/common/control/03_tables.sql,853,CREATE with no later DROP TABLE found,,Application configuration,Dependency,"Existing navigation, entitlement, feature and parameter authority; no BP-specific copy",,no direct storage binding in inspected New_Entity core examples; not proof of no other metadata,server/packages/adapters/database/athyper-postgres/dist/generated/kysely-studio/types.d.ts; server/packages/adapters/database/athyper-postgres/src/generated/kysely-studio/types.ts; server/packages/adapters/database/mesh-postgres/dist/generated/kysely-mesh/types.d.ts; server/packages/adapters/database/mesh-postgres/src/generated/kysely-mesh/types.ts; server/packages/adapters/database/neon-postgres/dist/generated/kysely/types.d.ts; server/packages/adapters/database/neon-postgres/src/generated/kysely/types.ts; server/packages/platform/control-admin/src/control-administration-ownership.ts; server/packages/platform/control-admin/src/kysely-parameter-repository.ts,control.module
control.tenant_parameter_value,control,server/db/ddl/common/control/03_tables.sql,909,CREATE with no later DROP TABLE found,,Application configuration,Dependency,"Existing navigation, entitlement, feature and parameter authority; no BP-specific copy",,no direct storage binding in inspected New_Entity core examples; not proof of no other metadata,server/packages/adapters/database/athyper-postgres/dist/generated/kysely-studio/types.d.ts; server/packages/adapters/database/athyper-postgres/src/generated/kysely-studio/types.ts; server/packages/adapters/database/mesh-postgres/dist/generated/kysely-mesh/types.d.ts; server/packages/adapters/database/mesh-postgres/src/generated/kysely-mesh/types.ts; server/packages/adapters/database/neon-postgres/dist/generated/kysely/types.d.ts; server/packages/adapters/database/neon-postgres/src/generated/kysely/types.ts; server/packages/platform/control-admin/src/control-administration-ownership.ts; server/packages/platform/control-admin/src/kysely-parameter-repository.ts,control.parameter_definition; master.tenant
control.lookup_domain,control,server/db/ddl/common/control/03_tables.sql,949,CREATE with no later DROP TABLE found,,Reference and owner infrastructure,P1,Reuse canonical owner registry and published lookup definitions; internal revision/receipt records not app entities,,no direct storage binding in inspected New_Entity core examples; not proof of no other metadata,server/packages/adapters/database/athyper-postgres/dist/generated/kysely-studio/types.d.ts; server/packages/adapters/database/athyper-postgres/src/generated/kysely-studio/types.ts; server/packages/adapters/database/mesh-postgres/dist/generated/kysely-mesh/types.d.ts; server/packages/adapters/database/mesh-postgres/src/generated/kysely-mesh/types.ts; server/packages/adapters/database/neon-postgres/dist/generated/kysely/types.d.ts; server/packages/adapters/database/neon-postgres/src/generated/kysely/types.ts; server/packages/platform/control-admin/src/control-administration-ownership.ts; server/packages/platform/control-admin/src/kysely-lookup-repository.ts,
control.lookup_value,control,server/db/ddl/common/control/03_tables.sql,970,CREATE with no later DROP TABLE found,,Reference and owner infrastructure,P1,Reuse canonical owner registry and published lookup definitions; internal revision/receipt records not app entities,,no direct storage binding in inspected New_Entity core examples; not proof of no other metadata,server/packages/adapters/database/athyper-postgres/dist/generated/kysely-studio/types.d.ts; server/packages/adapters/database/athyper-postgres/src/generated/kysely-studio/types.ts; server/packages/adapters/database/mesh-postgres/dist/generated/kysely-mesh/types.d.ts; server/packages/adapters/database/mesh-postgres/src/generated/kysely-mesh/types.ts; server/packages/adapters/database/neon-postgres/dist/generated/kysely/types.d.ts; server/packages/adapters/database/neon-postgres/src/generated/kysely/types.ts; server/packages/platform/control-admin/src/control-administration-ownership.ts; server/packages/platform/control-admin/src/kysely-lookup-repository.ts,control.lookup_domain; master.tenant
control.notification_provider,control,server/db/ddl/common/control/03_tables.sql,1049,CREATE with no later DROP TABLE found,,Workflow supporting configuration,Dependency,Reuse shared numbering and notification behavior; no direct BP data surfaces,,no direct storage binding in inspected New_Entity core examples; not proof of no other metadata,server/packages/adapters/database/athyper-postgres/dist/generated/kysely-studio/types.d.ts; server/packages/adapters/database/athyper-postgres/src/generated/kysely-studio/types.ts; server/packages/adapters/database/mesh-postgres/dist/generated/kysely-mesh/types.d.ts; server/packages/adapters/database/mesh-postgres/src/generated/kysely-mesh/types.ts; server/packages/adapters/database/neon-postgres/dist/generated/kysely/types.d.ts; server/packages/adapters/database/neon-postgres/src/generated/kysely/types.ts,
control.notification_template,control,server/db/ddl/common/control/03_tables.sql,1080,CREATE with no later DROP TABLE found,,Workflow supporting configuration,Dependency,Reuse shared numbering and notification behavior; no direct BP data surfaces,,no direct storage binding in inspected New_Entity core examples; not proof of no other metadata,server/packages/adapters/database/athyper-postgres/dist/generated/kysely-studio/types.d.ts; server/packages/adapters/database/athyper-postgres/src/generated/kysely-studio/types.ts; server/packages/adapters/database/mesh-postgres/dist/generated/kysely-mesh/types.d.ts; server/packages/adapters/database/mesh-postgres/src/generated/kysely-mesh/types.ts; server/packages/adapters/database/neon-postgres/dist/generated/kysely/types.d.ts; server/packages/adapters/database/neon-postgres/src/generated/kysely/types.ts; server/packages/platform/notifications/src/notification-planner.ts,master.tenant
control.notification_routing_rule,control,server/db/ddl/common/control/03_tables.sql,1109,CREATE with no later DROP TABLE found,,Workflow supporting configuration,Dependency,Reuse shared numbering and notification behavior; no direct BP data surfaces,,no direct storage binding in inspected New_Entity core examples; not proof of no other metadata,server/packages/adapters/database/athyper-postgres/dist/generated/kysely-studio/types.d.ts; server/packages/adapters/database/athyper-postgres/src/generated/kysely-studio/types.ts; server/packages/adapters/database/mesh-postgres/dist/generated/kysely-mesh/types.d.ts; server/packages/adapters/database/mesh-postgres/src/generated/kysely-mesh/types.ts; server/packages/adapters/database/neon-postgres/dist/generated/kysely/types.d.ts; server/packages/adapters/database/neon-postgres/src/generated/kysely/types.ts; server/packages/platform/notifications/src/notification-planner.ts; server/packages/platform/notifications/src/outbox-planning.ts,master.tenant
control.numbering_policy,control,server/db/ddl/common/control/03_tables.sql,1152,CREATE with no later DROP TABLE found,,Workflow supporting configuration,Dependency,Reuse shared numbering and notification behavior; no direct BP data surfaces,,no direct storage binding in inspected New_Entity core examples; not proof of no other metadata,server/packages/adapters/database/athyper-postgres/dist/generated/kysely-studio/types.d.ts; server/packages/adapters/database/athyper-postgres/src/generated/kysely-studio/types.ts; server/packages/adapters/database/mesh-postgres/dist/generated/kysely-mesh/types.d.ts; server/packages/adapters/database/mesh-postgres/src/generated/kysely-mesh/types.ts; server/packages/adapters/database/neon-postgres/dist/generated/kysely/types.d.ts; server/packages/adapters/database/neon-postgres/src/generated/kysely/types.ts; server/packages/services/finance/src/numbering/kysely-numbering-repository.ts; server/packages/services/numbering/src/kysely-numbering-repository.ts,master.principal; master.tenant; shared.timezone
control.ui_locale_catalog,control,server/db/ddl/common/control/03_tables.sql,1433,CREATE with no later DROP TABLE found,,Locale qualification,Dependency,Existing plane/tenant locale governance; defer localization workstream,,no direct storage binding in inspected New_Entity core examples; not proof of no other metadata,server/packages/adapters/database/athyper-postgres/dist/generated/kysely-studio/types.d.ts; server/packages/adapters/database/athyper-postgres/src/generated/kysely-studio/types.ts; server/packages/adapters/database/mesh-postgres/dist/generated/kysely-mesh/types.d.ts; server/packages/adapters/database/mesh-postgres/src/generated/kysely-mesh/types.ts; server/packages/adapters/database/neon-postgres/dist/generated/kysely/types.d.ts; server/packages/adapters/database/neon-postgres/src/generated/kysely/types.ts; server/packages/adapters/experience-postgres/src/index.ts,shared.locale
master.tenant_locale_activation,master,server/db/ddl/common/control/03_tables.sql,1471,CREATE with no later DROP TABLE found,,Platform identity/context dependencies,Dependency,Retain platform scope/profile authority; not Business Partner sections,,no direct storage binding in inspected New_Entity core examples; not proof of no other metadata,server/packages/adapters/database/athyper-postgres/dist/generated/kysely-studio/types.d.ts; server/packages/adapters/database/athyper-postgres/src/generated/kysely-studio/types.ts; server/packages/adapters/database/mesh-postgres/dist/generated/kysely-mesh/types.d.ts; server/packages/adapters/database/mesh-postgres/src/generated/kysely-mesh/types.ts; server/packages/adapters/database/neon-postgres/dist/generated/kysely/types.d.ts; server/packages/adapters/database/neon-postgres/src/generated/kysely/types.ts; server/packages/adapters/experience-postgres/src/index.ts,control.ui_locale_catalog; master.tenant
control.tenant_module_entitlement_override,control,server/db/ddl/common/control/03_tables.sql,1503,CREATE with no later DROP TABLE found,,Application configuration,Dependency,"Existing navigation, entitlement, feature and parameter authority; no BP-specific copy",,no direct storage binding in inspected New_Entity core examples; not proof of no other metadata,server/packages/adapters/database/athyper-postgres/dist/generated/kysely-studio/types.d.ts; server/packages/adapters/database/athyper-postgres/src/generated/kysely-studio/types.ts; server/packages/adapters/database/mesh-postgres/dist/generated/kysely-mesh/types.d.ts; server/packages/adapters/database/mesh-postgres/src/generated/kysely-mesh/types.ts; server/packages/adapters/database/neon-postgres/dist/generated/kysely/types.d.ts; server/packages/adapters/database/neon-postgres/src/generated/kysely/types.ts; server/packages/platform/control-admin/src/kysely-entitlement-repository.ts,control.module; control.subscription_plan; master.principal; master.tenant
control.process_selection_publication,control,server/db/ddl/common/control/03_tables.sql,1535,CREATE with no later DROP TABLE found,,Process configuration,Dependency,"Use existing process/activation/task authority; BP shows eligible actions and outcomes, not raw configuration editors",,no direct storage binding in inspected New_Entity core examples; not proof of no other metadata,server/packages/adapters/database/neon-postgres/dist/generated/kysely/types.d.ts; server/packages/adapters/database/neon-postgres/src/generated/kysely/types.ts; server/packages/platform/control-admin/src/cycle/process-selection-publication.ts,control.policy_definition
control.process_selection_catalog_revision,control,server/db/ddl/common/control/03_tables.sql,1560,CREATE with no later DROP TABLE found,,Process configuration,Dependency,"Use existing process/activation/task authority; BP shows eligible actions and outcomes, not raw configuration editors",,no direct storage binding in inspected New_Entity core examples; not proof of no other metadata,server/packages/adapters/database/neon-postgres/dist/generated/kysely/types.d.ts; server/packages/adapters/database/neon-postgres/src/generated/kysely/types.ts; server/packages/platform/control-admin/src/cycle/process-selection-catalog.ts,
control.supplier_activation_policy,control,server/db/ddl/common/control/03_tables.sql,1574,CREATE with no later DROP TABLE found,,Process configuration,Dependency,"Use existing process/activation/task authority; BP shows eligible actions and outcomes, not raw configuration editors",,no direct storage binding in inspected New_Entity core examples; not proof of no other metadata,server/packages/adapters/database/neon-postgres/dist/generated/kysely/types.d.ts; server/packages/adapters/database/neon-postgres/src/generated/kysely/types.ts; server/packages/services/master-data/src/supplier-onboarding-completion.ts,
master.contact_person,master,server/db/ddl/common/master/03_tables.sql,3,CREATE with no later DROP TABLE found,,Address and contact graph,P1,"Link-aware related sections and child lookup metadata; preserve owner registry, tenant boundaries and contact verification",metadata/products/mdg/entities/contact_person/core.json,draft core example present; active release unverified,server/packages/adapters/database/mesh-postgres/dist/generated/kysely-mesh/types.d.ts; server/packages/adapters/database/mesh-postgres/src/generated/kysely-mesh/types.ts; server/packages/adapters/database/neon-postgres/dist/generated/kysely/types.d.ts; server/packages/adapters/database/neon-postgres/src/generated/kysely/types.ts; server/packages/platform/iam/src/customer-portal-delivery.ts; server/packages/services/master-data/src/kysely-business-partner-360-repository.ts; server/packages/services/master-data/src/kysely-business-partner-360-sections.ts,control.owner_type; master.principal; master.tenant
master.contact_person_role,master,server/db/ddl/common/master/03_tables.sql,47,CREATE with no later DROP TABLE found,,Address and contact graph,P1,"Link-aware related sections and child lookup metadata; preserve owner registry, tenant boundaries and contact verification",,no direct storage binding in inspected New_Entity core examples; not proof of no other metadata,server/packages/adapters/database/mesh-postgres/dist/generated/kysely-mesh/types.d.ts; server/packages/adapters/database/mesh-postgres/src/generated/kysely-mesh/types.ts; server/packages/adapters/database/neon-postgres/dist/generated/kysely/types.d.ts; server/packages/adapters/database/neon-postgres/src/generated/kysely/types.ts; server/packages/services/master-data/src/kysely-business-partner-360-sections.ts,master.contact_person; master.principal; master.tenant
document.entity_case,document,server/db/ddl/common/document/03_tables.sql,50,CREATE with no later DROP TABLE found,,Current shared request backbone,Dependency,Use current case service and snapshot model; do not resurrect dropped BP request tables,,no direct storage binding in inspected New_Entity core examples; not proof of no other metadata,server/packages/adapters/database/athyper-postgres/dist/generated/kysely-studio/types.d.ts; server/packages/adapters/database/athyper-postgres/src/generated/kysely-studio/types.ts; server/packages/adapters/database/mesh-postgres/dist/generated/kysely-mesh/types.d.ts; server/packages/adapters/database/mesh-postgres/src/generated/kysely-mesh/types.ts; server/packages/adapters/database/neon-postgres/dist/generated/kysely/types.d.ts; server/packages/adapters/database/neon-postgres/src/generated/kysely/types.ts; server/packages/contracts/master-data/dist/business-partner-requests.d.ts; server/packages/contracts/master-data/src/business-partner-requests.ts; server/packages/planes/neon/src/business-partner-account-bank-linkage.ts; server/packages/planes/neon/src/business-partner-profile-match.ts; server/packages/services/master-data/dist/kysely-business-partner-case-repository.d.ts; server/packages/services/master-data/src/business-partner-invitation-service.ts; server/packages/services/master-data/src/business-partner-onboarding-cycle.ts; server/packages/services/master-data/src/kysely-business-partner-360-explainability.ts; server/packages/services/master-data/src/kysely-business-partner-360-repository.ts; server/packages/services/master-data/src/kysely-business-partner-case-repository.ts; server/packages/services/master-data/src/kysely-business-partner-invitation-repository.ts; server/packages/services/master-data/src/kysely-governed-internal-business-partner-repository.ts; server/packages/services/master-data/src/supplier-activation-readiness.ts; server/packages/services/master-data/src/supplier-onboarding-completion.ts; server/packages/services/publication/src/kysely-publication-authority-work.ts,master.company_code; master.principal; master.tenant; runtime_meta.entity_contract; snapshot.entity_snapshot_identity
document.entity_case_command_evidence,document,server/db/ddl/common/document/03_tables.sql,83,CREATE with no later DROP TABLE found,,Current shared request backbone,Dependency,Use current case service and snapshot model; do not resurrect dropped BP request tables,,no direct storage binding in inspected New_Entity core examples; not proof of no other metadata,server/packages/adapters/database/athyper-postgres/dist/generated/kysely-studio/types.d.ts; server/packages/adapters/database/athyper-postgres/src/generated/kysely-studio/types.ts; server/packages/adapters/database/mesh-postgres/dist/generated/kysely-mesh/types.d.ts; server/packages/adapters/database/mesh-postgres/src/generated/kysely-mesh/types.ts; server/packages/adapters/database/neon-postgres/dist/generated/kysely/types.d.ts; server/packages/adapters/database/neon-postgres/src/generated/kysely/types.ts; server/packages/services/master-data/src/kysely-business-partner-360-explainability.ts; server/packages/services/master-data/src/kysely-business-partner-360-repository.ts; server/packages/services/master-data/src/kysely-business-partner-case-repository.ts; server/packages/services/records/src/standard-view-relationship-sql.ts,document.entity_case; master.principal; snapshot.entity_snapshot_identity
document.entity_case_validation,document,server/db/ddl/common/document/03_tables.sql,102,CREATE with no later DROP TABLE found,,Current shared request backbone,Dependency,Use current case service and snapshot model; do not resurrect dropped BP request tables,,no direct storage binding in inspected New_Entity core examples; not proof of no other metadata,server/packages/adapters/database/athyper-postgres/dist/generated/kysely-studio/types.d.ts; server/packages/adapters/database/athyper-postgres/src/generated/kysely-studio/types.ts; server/packages/adapters/database/mesh-postgres/dist/generated/kysely-mesh/types.d.ts; server/packages/adapters/database/mesh-postgres/src/generated/kysely-mesh/types.ts; server/packages/adapters/database/neon-postgres/dist/generated/kysely/types.d.ts; server/packages/adapters/database/neon-postgres/src/generated/kysely/types.ts; server/packages/services/master-data/src/kysely-business-partner-case-repository.ts,document.entity_case; master.principal; snapshot.entity_snapshot_identity
document.entity_case_materialization,document,server/db/ddl/common/document/03_tables.sql,119,CREATE with no later DROP TABLE found,,Current shared request backbone,Dependency,Use current case service and snapshot model; do not resurrect dropped BP request tables,,no direct storage binding in inspected New_Entity core examples; not proof of no other metadata,server/packages/adapters/database/athyper-postgres/dist/generated/kysely-studio/types.d.ts; server/packages/adapters/database/athyper-postgres/src/generated/kysely-studio/types.ts; server/packages/adapters/database/mesh-postgres/dist/generated/kysely-mesh/types.d.ts; server/packages/adapters/database/mesh-postgres/src/generated/kysely-mesh/types.ts; server/packages/adapters/database/neon-postgres/dist/generated/kysely/types.d.ts; server/packages/adapters/database/neon-postgres/src/generated/kysely/types.ts; server/packages/services/master-data/src/kysely-business-partner-360-explainability.ts; server/packages/services/master-data/src/kysely-business-partner-case-repository.ts; server/packages/services/master-data/src/supplier-activation-readiness.ts; server/packages/services/master-data/src/supplier-onboarding-completion.ts,document.entity_case; master.principal; snapshot.entity_snapshot_identity
master.operating_organization_capability,master,server/db/ddl/planes/neon/master/16_operating_organization_model.sql,54,CREATE with no later DROP TABLE found,,Organization reference dependencies,P1,Authorized context/lookups reused by BP; do not copy organization management into partner CRUD,,no direct storage binding in inspected New_Entity core examples; not proof of no other metadata,server/packages/adapters/database/neon-postgres/dist/generated/kysely/types.d.ts; server/packages/adapters/database/neon-postgres/src/generated/kysely/types.ts; server/packages/adapters/experience-postgres/src/index.ts,master.operating_organization; master.principal; master.tenant
control.lookup_revision,control,server/db/ddl/common/control/14_admin_integrations.sql,20,CREATE with no later DROP TABLE found,,Reference and owner infrastructure,P1,Reuse canonical owner registry and published lookup definitions; internal revision/receipt records not app entities,,no direct storage binding in inspected New_Entity core examples; not proof of no other metadata,server/packages/adapters/database/athyper-postgres/dist/generated/kysely-studio/types.d.ts; server/packages/adapters/database/athyper-postgres/src/generated/kysely-studio/types.ts; server/packages/adapters/database/mesh-postgres/dist/generated/kysely-mesh/types.d.ts; server/packages/adapters/database/mesh-postgres/src/generated/kysely-mesh/types.ts; server/packages/adapters/database/neon-postgres/dist/generated/kysely/types.d.ts; server/packages/adapters/database/neon-postgres/src/generated/kysely/types.ts; server/packages/platform/control-admin/src/kysely-lookup-repository.ts,control.lookup_domain
control.lookup_tenant_revision,control,server/db/ddl/common/control/14_admin_integrations.sql,21,CREATE with no later DROP TABLE found,,Reference and owner infrastructure,P1,Reuse canonical owner registry and published lookup definitions; internal revision/receipt records not app entities,,no direct storage binding in inspected New_Entity core examples; not proof of no other metadata,server/packages/adapters/database/athyper-postgres/dist/generated/kysely-studio/types.d.ts; server/packages/adapters/database/athyper-postgres/src/generated/kysely-studio/types.ts; server/packages/adapters/database/mesh-postgres/dist/generated/kysely-mesh/types.d.ts; server/packages/adapters/database/mesh-postgres/src/generated/kysely-mesh/types.ts; server/packages/adapters/database/neon-postgres/dist/generated/kysely/types.d.ts; server/packages/adapters/database/neon-postgres/src/generated/kysely/types.ts; server/packages/platform/control-admin/src/kysely-lookup-repository.ts,control.lookup_domain
control.lookup_publication_receipt,control,server/db/ddl/common/control/14_admin_integrations.sql,22,CREATE with no later DROP TABLE found,,Reference and owner infrastructure,P1,Reuse canonical owner registry and published lookup definitions; internal revision/receipt records not app entities,,no direct storage binding in inspected New_Entity core examples; not proof of no other metadata,server/packages/adapters/database/athyper-postgres/dist/generated/kysely-studio/types.d.ts; server/packages/adapters/database/athyper-postgres/src/generated/kysely-studio/types.ts; server/packages/adapters/database/mesh-postgres/dist/generated/kysely-mesh/types.d.ts; server/packages/adapters/database/mesh-postgres/src/generated/kysely-mesh/types.ts; server/packages/adapters/database/neon-postgres/dist/generated/kysely/types.d.ts; server/packages/adapters/database/neon-postgres/src/generated/kysely/types.ts; server/packages/platform/control-admin/src/kysely-lookup-repository.ts,control.lookup_revision
control.lookup_value_reference,control,server/db/ddl/common/control/14_admin_integrations.sql,24,CREATE with no later DROP TABLE found,,Reference and owner infrastructure,P1,Reuse canonical owner registry and published lookup definitions; internal revision/receipt records not app entities,,no direct storage binding in inspected New_Entity core examples; not proof of no other metadata,server/packages/adapters/database/athyper-postgres/dist/generated/kysely-studio/types.d.ts; server/packages/adapters/database/athyper-postgres/src/generated/kysely-studio/types.ts; server/packages/adapters/database/mesh-postgres/dist/generated/kysely-mesh/types.d.ts; server/packages/adapters/database/mesh-postgres/src/generated/kysely-mesh/types.ts; server/packages/adapters/database/neon-postgres/dist/generated/kysely/types.d.ts; server/packages/adapters/database/neon-postgres/src/generated/kysely/types.ts,control.lookup_value
master.bank_account_usage,master,server/db/ddl/planes/neon/master/15_bank_account_company_usage.sql,2,CREATE with no later DROP TABLE found,,Banking graph,P2,Masked Banking projection with usage and company acceptance; verification/resolution through governed operations,,no direct storage binding in inspected New_Entity core examples; not proof of no other metadata,server/packages/adapters/database/neon-postgres/dist/generated/kysely/types.d.ts; server/packages/adapters/database/neon-postgres/src/generated/kysely/types.ts; server/packages/planes/neon/src/business-partner-account-bank-linkage.ts; server/packages/services/master-data/src/kysely-business-partner-360-commercial-controls.ts,master.bank_account_link
master.bank_account_company_usage,master,server/db/ddl/planes/neon/master/15_bank_account_company_usage.sql,10,CREATE with no later DROP TABLE found,,Banking graph,P2,Masked Banking projection with usage and company acceptance; verification/resolution through governed operations,,no direct storage binding in inspected New_Entity core examples; not proof of no other metadata,server/packages/adapters/database/neon-postgres/dist/generated/kysely/types.d.ts; server/packages/adapters/database/neon-postgres/src/generated/kysely/types.ts; server/packages/planes/neon/src/business-partner-account-bank-linkage.ts; server/packages/services/master-data/src/kysely-business-partner-360-commercial-controls.ts; server/packages/services/master-data/src/kysely-business-partner-eligibility-repository.ts,master.bank_account_usage; master.company_code; master.principal
master.saved_view_default,master,server/db/ddl/common/master/19_entity_saved_views.sql,2,CREATE with no later DROP TABLE found,,Shared experience dependencies,Dependency,Reuse shared record/lookup facilities; no new BP-specific copies,,no direct storage binding in inspected New_Entity core examples; not proof of no other metadata,server/packages/adapters/database/athyper-postgres/dist/generated/kysely-studio/types.d.ts; server/packages/adapters/database/athyper-postgres/src/generated/kysely-studio/types.ts; server/packages/adapters/database/mesh-postgres/dist/generated/kysely-mesh/types.d.ts; server/packages/adapters/database/mesh-postgres/src/generated/kysely-mesh/types.ts; server/packages/adapters/database/neon-postgres/dist/generated/kysely/types.d.ts; server/packages/adapters/database/neon-postgres/src/generated/kysely/types.ts; server/packages/platform/preferences/src/kysely-saved-view-repository.ts,
control.process_task_rule_proposal,control,server/db/ddl/common/control/17_process_task_rule_publication.sql,3,CREATE with no later DROP TABLE found,,Process configuration,Dependency,"Use existing process/activation/task authority; BP shows eligible actions and outcomes, not raw configuration editors",,no direct storage binding in inspected New_Entity core examples; not proof of no other metadata,server/packages/adapters/database/neon-postgres/dist/generated/kysely/types.d.ts; server/packages/adapters/database/neon-postgres/src/generated/kysely/types.ts,control.policy_definition; control.process_selection_publication; control.process_task_rule_release
control.process_task_rule_release,control,server/db/ddl/common/control/17_process_task_rule_publication.sql,10,CREATE with no later DROP TABLE found,,Process configuration,Dependency,"Use existing process/activation/task authority; BP shows eligible actions and outcomes, not raw configuration editors",,no direct storage binding in inspected New_Entity core examples; not proof of no other metadata,server/packages/adapters/database/neon-postgres/dist/generated/kysely/types.d.ts; server/packages/adapters/database/neon-postgres/src/generated/kysely/types.ts; server/packages/platform/control-admin/src/cycle/process-selection-publication.ts,control.process_selection_publication; control.process_task_rule_proposal; control.process_task_rule_release
master.reference_choice_recent,master,server/db/ddl/common/master/21_reference_choice_recent.sql,2,CREATE with no later DROP TABLE found,,Shared experience dependencies,Dependency,Reuse shared record/lookup facilities; no new BP-specific copies,,no direct storage binding in inspected New_Entity core examples; not proof of no other metadata,server/packages/adapters/database/athyper-postgres/dist/generated/kysely-studio/types.d.ts; server/packages/adapters/database/athyper-postgres/src/generated/kysely-studio/types.ts; server/packages/adapters/database/mesh-postgres/dist/generated/kysely-mesh/types.d.ts; server/packages/adapters/database/mesh-postgres/src/generated/kysely-mesh/types.ts; server/packages/adapters/database/neon-postgres/dist/generated/kysely/types.d.ts; server/packages/adapters/database/neon-postgres/src/generated/kysely/types.ts; server/packages/platform/preferences/src/reference-choice-routes.ts,
