source_table,local_columns,target_table,target_columns,ddl_file,line
shared.bank_institution,country_code,shared.country,code,server/db/ddl/common/shared/03_bank_master.sql,29
shared.bank_branch,institution_id,shared.bank_institution,id,server/db/ddl/common/shared/03_bank_master.sql,62
shared.bank_branch,country_code,shared.country,code,server/db/ddl/common/shared/03_bank_master.sql,63
shared.bank_identifier,institution_id,shared.bank_institution,id,server/db/ddl/common/shared/03_bank_master.sql,93
shared.bank_identifier,"institution_id, branch_id",shared.bank_branch,"institution_id, id",server/db/ddl/common/shared/03_bank_master.sql,94
shared.bank_identifier,jurisdiction,shared.country,code,server/db/ddl/common/shared/03_bank_master.sql,95
master.bank_provisional_reference,inline reference; inspect source,master.tenant,id,server/db/ddl/planes/neon/master/03_tables.sql,1244
master.bank_provisional_reference,inline reference; inspect source,shared.country,code,server/db/ddl/planes/neon/master/03_tables.sql,1246
master.bank_provisional_reference,inline reference; inspect source,shared.bank_institution,id,server/db/ddl/planes/neon/master/03_tables.sql,1249
master.bank_provisional_reference,"resolved_institution_id,resolved_branch_id",shared.bank_branch,"institution_id,id",server/db/ddl/planes/neon/master/03_tables.sql,1253
snapshot.entity_case_snapshot_lineage,"tenant_id,source_snapshot_id",snapshot.entity_snapshot_identity,"tenant_id,id",server/db/ddl/common/snapshot/03_tables.sql,103
snapshot.entity_case_snapshot_lineage,"tenant_id,target_snapshot_id",snapshot.entity_snapshot_identity,"tenant_id,id",server/db/ddl/common/snapshot/03_tables.sql,104
snapshot.entity_case_snapshot_lineage,"tenant_id,created_by",master.principal,"tenant_id,id",server/db/ddl/common/snapshot/03_tables.sql,105
document.workforce_iam_projection,"tenant_id, employee_id",master.employee,"tenant_id, id",server/db/ddl/planes/neon/document/03_tables.sql,4419
document.business_partner_request_address,"country_code, state_region_code",shared.state_region,"country_code, code",server/db/ddl/planes/neon/document/03_tables.sql,4783
control.supplier_communication_policy,inline reference; inspect source,master.tenant,id,server/db/ddl/planes/neon/control/03_tables.sql,2644
control.supplier_communication_policy,"tenant_id,operational_owner_principal_id",master.principal,"tenant_id,id",server/db/ddl/planes/neon/control/03_tables.sql,2651
control.supplier_communication_policy,"tenant_id,created_by",master.principal,"tenant_id,id",server/db/ddl/planes/neon/control/03_tables.sql,2652
control.cron_schedule_change_log,schedule_id,control.cron_schedule,id,server/db/ddl/common/control/03_tables.sql,1041
control.cron_schedule_change_log,tenant_id,master.tenant,id,server/db/ddl/common/control/03_tables.sql,1042
control.ui_locale_catalog,locale_code,shared.locale,code,server/db/ddl/common/control/03_tables.sql,1457
control.ui_locale_catalog,format_locale_code,shared.locale,code,server/db/ddl/common/control/03_tables.sql,1459
master.tenant_locale_activation,tenant_id,master.tenant,id,server/db/ddl/common/control/03_tables.sql,1484
master.tenant_locale_activation,locale_code,control.ui_locale_catalog,locale_code,server/db/ddl/common/control/03_tables.sql,1486
control.process_selection_publication,inline reference; inspect source,control.policy_definition,id,server/db/ddl/common/control/03_tables.sql,1539
ops.authorization_operation_rollout,certification_id,ops.authorization_parity_certification,id,server/db/ddl/common/ops/03_tables.sql,89
ops.authorization_operation_cutover_drill,certification_id,ops.authorization_parity_certification,id,server/db/ddl/common/ops/03_tables.sql,111
ops.record_import_chunk,"tenant_id,session_id",ops.record_import_session,"tenant_id,id",server/db/ddl/common/ops/03_tables.sql,437
ops.control_runtime_command_approval_decision,approval_id,ops.control_runtime_command_approval_request,id,server/db/ddl/common/ops/03_tables.sql,535
ledger.budget_transaction,"tenant_id, reversal_of_transaction_id",ledger.budget_transaction,"tenant_id, id",server/db/ddl/planes/neon/ledger/03_tables.sql,33
ledger.planning_run,"tenant_id, retry_of_run_id",ledger.planning_run,"tenant_id, id",server/db/ddl/planes/neon/ledger/03_tables.sql,119
event.integration_delivery,"tenant_id,endpoint_id",control.integration_endpoint,"tenant_id,id",server/db/ddl/common/event/03_tables.sql,290
event.integration_inbound_receipt,"tenant_id,subscription_id",control.webhook_subscription,"tenant_id,id",server/db/ddl/common/event/03_tables.sql,304
log.integration_delivery_attempt,"tenant_id,delivery_id",event.integration_delivery,"tenant_id,id",server/db/ddl/common/log/03_tables.sql,66
log.integration_dlq,"tenant_id,delivery_id",event.integration_delivery,"tenant_id,id",server/db/ddl/common/log/03_tables.sql,82
governance.cycle_subject,"tenant_id,cycle_run_id",governance.cycle_run,"tenant_id,id",server/db/ddl/common/governance/03_tables.sql,150
governance.cycle_subject,"tenant_id,cycle_task_id",governance.cycle_task,"tenant_id,id",server/db/ddl/common/governance/03_tables.sql,151
governance.cycle_subject,"tenant_id,snapshot_id",snapshot.entity_snapshot_identity,"tenant_id,id",server/db/ddl/common/governance/03_tables.sql,152
governance.cycle_subject,"tenant_id,created_by",master.principal,"tenant_id,id",server/db/ddl/common/governance/03_tables.sql,153
governance.process_attempt,"tenant_id,cycle_run_id",governance.cycle_run,"tenant_id,id",server/db/ddl/common/governance/03_tables.sql,376
governance.process_attempt,"tenant_id,selection_id",governance.process_selection_evidence,"tenant_id,id",server/db/ddl/common/governance/03_tables.sql,377
governance.process_document_job,"tenant_id,attempt_id,case_id,cycle_run_id,selection_id",governance.process_attempt,"tenant_id,id,case_id,cycle_run_id,selection_id",server/db/ddl/common/governance/03_tables.sql,396
document.entity_case,tenant_id,master.tenant,id,server/db/ddl/common/document/03_tables.sql,72
document.entity_case,"tenant_id,entity_contract_id",runtime_meta.entity_contract,"tenant_id,id",server/db/ddl/common/document/03_tables.sql,73
document.entity_case,"tenant_id,current_snapshot_id",snapshot.entity_snapshot_identity,"tenant_id,id",server/db/ddl/common/document/03_tables.sql,74
document.entity_case,"tenant_id,submitted_snapshot_id",snapshot.entity_snapshot_identity,"tenant_id,id",server/db/ddl/common/document/03_tables.sql,75
document.entity_case,"tenant_id,decision_snapshot_id",snapshot.entity_snapshot_identity,"tenant_id,id",server/db/ddl/common/document/03_tables.sql,76
document.entity_case,"tenant_id,result_snapshot_id",snapshot.entity_snapshot_identity,"tenant_id,id",server/db/ddl/common/document/03_tables.sql,77
document.entity_case,"tenant_id,created_by",master.principal,"tenant_id,id",server/db/ddl/common/document/03_tables.sql,78
document.entity_case,"tenant_id,updated_by",master.principal,"tenant_id,id",server/db/ddl/common/document/03_tables.sql,79
document.entity_case,"tenant_id,status_changed_by",master.principal,"tenant_id,id",server/db/ddl/common/document/03_tables.sql,80
document.entity_case_command_evidence,"tenant_id,entity_case_id",document.entity_case,"tenant_id,id",server/db/ddl/common/document/03_tables.sql,97
document.entity_case_command_evidence,"tenant_id,result_snapshot_id",snapshot.entity_snapshot_identity,"tenant_id,id",server/db/ddl/common/document/03_tables.sql,98
document.entity_case_command_evidence,"tenant_id,recorded_by",master.principal,"tenant_id,id",server/db/ddl/common/document/03_tables.sql,99
document.entity_case_validation,"tenant_id,entity_case_id",document.entity_case,"tenant_id,id",server/db/ddl/common/document/03_tables.sql,114
document.entity_case_validation,"tenant_id,evaluated_snapshot_id",snapshot.entity_snapshot_identity,"tenant_id,id",server/db/ddl/common/document/03_tables.sql,115
document.entity_case_validation,"tenant_id,evaluated_by",master.principal,"tenant_id,id",server/db/ddl/common/document/03_tables.sql,116
document.entity_case_materialization,"tenant_id,entity_case_id",document.entity_case,"tenant_id,id",server/db/ddl/common/document/03_tables.sql,133
document.entity_case_materialization,"tenant_id,source_snapshot_id",snapshot.entity_snapshot_identity,"tenant_id,id",server/db/ddl/common/document/03_tables.sql,134
document.entity_case_materialization,"tenant_id,result_snapshot_id",snapshot.entity_snapshot_identity,"tenant_id,id",server/db/ddl/common/document/03_tables.sql,135
document.entity_case_materialization,"tenant_id,requested_by",master.principal,"tenant_id,id",server/db/ddl/common/document/03_tables.sql,136
document.entity_case_materialization,"tenant_id,completed_by",master.principal,"tenant_id,id",server/db/ddl/common/document/03_tables.sql,137
shared.timezone,canonical_code,shared.timezone,code,server/db/ddl/common/shared/05_constraints.sql,16
shared.locale,language_code,shared.language,code,server/db/ddl/common/shared/05_constraints.sql,24
shared.locale,country_code,shared.country,code,server/db/ddl/common/shared/05_constraints.sql,32
shared.state_region,country_code,shared.country,code,server/db/ddl/common/shared/05_constraints.sql,40
shared.state_region,"country_code, parent_code",shared.state_region,"country_code, code",server/db/ddl/common/shared/05_constraints.sql,49
shared.commodity_code,domain_code,shared.classification_scheme,code,server/db/ddl/common/shared/05_constraints.sql,68
shared.commodity_code,"domain_code, parent_code",shared.commodity_code,"domain_code, code",server/db/ddl/common/shared/05_constraints.sql,74
shared.industry_code,domain_code,shared.classification_scheme,code,server/db/ddl/common/shared/05_constraints.sql,83
shared.industry_code,"domain_code, parent_code",shared.industry_code,"domain_code, code",server/db/ddl/common/shared/05_constraints.sql,89
shared.commodity_crosswalk,"source_domain_code, source_code",shared.commodity_code,"domain_code, code",server/db/ddl/common/shared/05_constraints.sql,98
shared.commodity_crosswalk,"target_domain_code, target_code",shared.commodity_code,"domain_code, code",server/db/ddl/common/shared/05_constraints.sql,103
shared.industry_crosswalk,"source_domain_code, source_code",shared.industry_code,"domain_code, code",server/db/ddl/common/shared/05_constraints.sql,111
shared.industry_crosswalk,"target_domain_code, target_code",shared.industry_code,"domain_code, code",server/db/ddl/common/shared/05_constraints.sql,116
master.tenant,subscription_plan_id,control.subscription_plan,id,server/db/ddl/planes/neon/master/05_constraints.sql,5
master.tenant_profile,tenant_id,master.tenant,id,server/db/ddl/planes/neon/master/05_constraints.sql,11
master.tenant_profile,country_code,shared.country,code,server/db/ddl/planes/neon/master/05_constraints.sql,17
master.tenant_profile,locale_code,shared.locale,code,server/db/ddl/planes/neon/master/05_constraints.sql,23
master.tenant_profile,timezone_code,shared.timezone,code,server/db/ddl/planes/neon/master/05_constraints.sql,29
master.tenant_profile,language_code,shared.language,code,server/db/ddl/planes/neon/master/05_constraints.sql,35
master.tenant_relationship,from_tenant_id,master.tenant,id,server/db/ddl/planes/neon/master/05_constraints.sql,41
master.tenant_relationship,to_tenant_id,master.tenant,id,server/db/ddl/planes/neon/master/05_constraints.sql,47
master.module,workspace_id,master.workspace,id,server/db/ddl/planes/neon/master/05_constraints.sql,53
master.address,tenant_id,master.tenant,id,server/db/ddl/planes/neon/master/05_constraints.sql,59
master.address,country_code,shared.country,code,server/db/ddl/planes/neon/master/05_constraints.sql,65
master.address_link,tenant_id,master.tenant,id,server/db/ddl/planes/neon/master/05_constraints.sql,71
master.address_link,owner_type_id,control.owner_type,id,server/db/ddl/planes/neon/master/05_constraints.sql,77
master.address_link,"tenant_id, address_id",master.address,"tenant_id, id",server/db/ddl/planes/neon/master/05_constraints.sql,83
master.contact_link,tenant_id,master.tenant,id,server/db/ddl/planes/neon/master/05_constraints.sql,109
master.contact_link,owner_type_id,control.owner_type,id,server/db/ddl/planes/neon/master/05_constraints.sql,115
master.contact_email,tenant_id,master.tenant,id,server/db/ddl/planes/neon/master/05_constraints.sql,125
master.contact_email,"tenant_id, contact_link_id",master.contact_link,"tenant_id, id",server/db/ddl/planes/neon/master/05_constraints.sql,131
master.contact_phone,tenant_id,master.tenant,id,server/db/ddl/planes/neon/master/05_constraints.sql,137
master.contact_phone,"tenant_id, contact_link_id",master.contact_link,"tenant_id, id",server/db/ddl/planes/neon/master/05_constraints.sql,143
master.principal,tenant_id,master.tenant,id,server/db/ddl/planes/neon/master/05_constraints.sql,149
master.principal_profile,tenant_id,master.tenant,id,server/db/ddl/planes/neon/master/05_constraints.sql,155
master.principal_profile,"tenant_id, principal_id",master.principal,"tenant_id, id",server/db/ddl/planes/neon/master/05_constraints.sql,161
master.principal_identity_binding,tenant_id,master.tenant,id,server/db/ddl/planes/neon/master/05_constraints.sql,167
master.principal_identity_binding,"tenant_id, principal_id",master.principal,"tenant_id, id",server/db/ddl/planes/neon/master/05_constraints.sql,173
master.principal_ui_profile,tenant_id,master.tenant,id,server/db/ddl/planes/neon/master/05_constraints.sql,179
master.principal_ui_profile,"tenant_id, principal_id",master.principal,"tenant_id, id",server/db/ddl/planes/neon/master/05_constraints.sql,185
master.principal_ui_profile,locale_code,shared.locale,code,server/db/ddl/planes/neon/master/05_constraints.sql,191
master.principal_ui_profile,language_code,shared.language,code,server/db/ddl/planes/neon/master/05_constraints.sql,197
master.principal_ui_profile,timezone_code,shared.timezone,code,server/db/ddl/planes/neon/master/05_constraints.sql,203
master.principal_ui_preference,tenant_id,master.tenant,id,server/db/ddl/planes/neon/master/05_constraints.sql,209
master.principal_ui_preference,"tenant_id, principal_id",master.principal,"tenant_id, id",server/db/ddl/planes/neon/master/05_constraints.sql,215
master.principal_notification_preference,tenant_id,master.tenant,id,server/db/ddl/planes/neon/master/05_constraints.sql,226
master.principal_notification_preference,"tenant_id, principal_id",master.principal,"tenant_id, id",server/db/ddl/planes/neon/master/05_constraints.sql,232
master.saved_view,tenant_id,master.tenant,id,server/db/ddl/planes/neon/master/05_constraints.sql,242
master.saved_view,"tenant_id, owner_principal_id",master.principal,"tenant_id, id",server/db/ddl/planes/neon/master/05_constraints.sql,248
master.record_bookmark,tenant_id,master.tenant,id,server/db/ddl/planes/neon/master/05_constraints.sql,254
master.record_bookmark,"tenant_id, principal_id",master.principal,"tenant_id, id",server/db/ddl/planes/neon/master/05_constraints.sql,260
master.external_reference,tenant_id,master.tenant,id,server/db/ddl/planes/neon/master/05_constraints.sql,266
master.external_reference,owner_type_id,control.owner_type,id,server/db/ddl/planes/neon/master/05_constraints.sql,272
master.external_reference,"tenant_id, created_by",master.principal,"tenant_id, id",server/db/ddl/planes/neon/master/05_constraints.sql,287
master.external_reference,"tenant_id, updated_by",master.principal,"tenant_id, id",server/db/ddl/planes/neon/master/05_constraints.sql,293
master.external_reference,"tenant_id, status_changed_by",master.principal,"tenant_id, id",server/db/ddl/planes/neon/master/05_constraints.sql,299
master.team,tenant_id,master.tenant,id,server/db/ddl/planes/neon/master/05_constraints.sql,305
master.team,"tenant_id, created_by",master.principal,"tenant_id, id",server/db/ddl/planes/neon/master/05_constraints.sql,315
master.team,"tenant_id, updated_by",master.principal,"tenant_id, id",server/db/ddl/planes/neon/master/05_constraints.sql,321
master.team,"tenant_id, status_changed_by",master.principal,"tenant_id, id",server/db/ddl/planes/neon/master/05_constraints.sql,327
master.team_member,tenant_id,master.tenant,id,server/db/ddl/planes/neon/master/05_constraints.sql,333
master.team_member,"tenant_id, team_id",master.team,"tenant_id, id",server/db/ddl/planes/neon/master/05_constraints.sql,339
master.team_member,"tenant_id, principal_id",master.principal,"tenant_id, id",server/db/ddl/planes/neon/master/05_constraints.sql,345
master.team_member,"tenant_id, created_by",master.principal,"tenant_id, id",server/db/ddl/planes/neon/master/05_constraints.sql,351
master.team_member,"tenant_id, left_by",master.principal,"tenant_id, id",server/db/ddl/planes/neon/master/05_constraints.sql,357
master.brand_profile,tenant_id,master.tenant,id,server/db/ddl/planes/neon/master/05_constraints.sql,362
master.brand_profile,"tenant_id, created_by",master.principal,"tenant_id, id",server/db/ddl/planes/neon/master/05_constraints.sql,365
master.letterhead,tenant_id,master.tenant,id,server/db/ddl/planes/neon/master/05_constraints.sql,369
master.letterhead,"tenant_id, created_by",master.principal,"tenant_id, id",server/db/ddl/planes/neon/master/05_constraints.sql,372
master.print_profile,tenant_id,master.tenant,id,server/db/ddl/planes/neon/master/05_constraints.sql,376
master.print_profile,"tenant_id, created_by",master.principal,"tenant_id, id",server/db/ddl/planes/neon/master/05_constraints.sql,379
master.template,tenant_id,master.tenant,id,server/db/ddl/planes/neon/master/05_constraints.sql,383
master.template,"tenant_id, created_by",master.principal,"tenant_id, id",server/db/ddl/planes/neon/master/05_constraints.sql,386
master.template,"tenant_id, id, current_version_id",snapshot.template_version,"tenant_id, template_id, id",server/db/ddl/planes/neon/master/05_constraints.sql,390
master.template_binding,tenant_id,master.tenant,id,server/db/ddl/planes/neon/master/05_constraints.sql,396
master.template_binding,"tenant_id, template_id",master.template,"tenant_id, id",server/db/ddl/planes/neon/master/05_constraints.sql,400
master.template_binding,"tenant_id, brand_profile_id",master.brand_profile,"tenant_id, id",server/db/ddl/planes/neon/master/05_constraints.sql,404
master.template_binding,"tenant_id, letterhead_id",master.letterhead,"tenant_id, id",server/db/ddl/planes/neon/master/05_constraints.sql,408
master.template_binding,"tenant_id, print_profile_id",master.print_profile,"tenant_id, id",server/db/ddl/planes/neon/master/05_constraints.sql,412
master.template_binding,locale_code,shared.locale,code,server/db/ddl/planes/neon/master/05_constraints.sql,415
master.template_binding,"tenant_id, created_by",master.principal,"tenant_id, id",server/db/ddl/planes/neon/master/05_constraints.sql,418
master.legal_entity,tenant_id,master.tenant,id,server/db/ddl/planes/neon/master/05_constraints.sql,423
master.legal_entity,"tenant_id, parent_legal_entity_id",master.legal_entity,"tenant_id, id",server/db/ddl/planes/neon/master/05_constraints.sql,427
master.legal_entity,registration_country_code,shared.country,code,server/db/ddl/planes/neon/master/05_constraints.sql,430
master.legal_entity,functional_currency,shared.currency,code,server/db/ddl/planes/neon/master/05_constraints.sql,433
master.legal_entity,reporting_currency,shared.currency,code,server/db/ddl/planes/neon/master/05_constraints.sql,436
master.company_code,tenant_id,master.tenant,id,server/db/ddl/planes/neon/master/05_constraints.sql,440
master.company_code,"tenant_id, legal_entity_id",master.legal_entity,"tenant_id, id",server/db/ddl/planes/neon/master/05_constraints.sql,444
master.company_code,functional_currency,shared.currency,code,server/db/ddl/planes/neon/master/05_constraints.sql,447
master.company_code,country_code,shared.country,code,server/db/ddl/planes/neon/master/05_constraints.sql,450
master.company_code,timezone_code,shared.timezone,code,server/db/ddl/planes/neon/master/05_constraints.sql,453
master.company_code,locale_code,shared.locale,code,server/db/ddl/planes/neon/master/05_constraints.sql,456
master.organization_tax_registration,tenant_id,master.tenant,id,server/db/ddl/planes/neon/master/05_constraints.sql,463
master.tax_jurisdiction,tenant_id,master.tenant,id,server/db/ddl/planes/neon/master/05_constraints.sql,466
master.tax_jurisdiction,country_code,shared.country,code,server/db/ddl/planes/neon/master/05_constraints.sql,470
master.tax_jurisdiction,"country_code, state_region_code",shared.state_region,"country_code, code",server/db/ddl/planes/neon/master/05_constraints.sql,474
master.tax_type,tenant_id,master.tenant,id,server/db/ddl/planes/neon/master/05_constraints.sql,478
master.condition_type,tenant_id,master.tenant,id,server/db/ddl/planes/neon/master/05_constraints.sql,481
master.condition_type,"tenant_id, replaces_condition_type_id",master.condition_type,"tenant_id, id",server/db/ddl/planes/neon/master/05_constraints.sql,485
master.tax_type,"tenant_id, condition_type_id",master.condition_type,"tenant_id, id",server/db/ddl/planes/neon/master/05_constraints.sql,489
master.tax_jurisdiction,"tenant_id, created_by",master.principal,"tenant_id, id",server/db/ddl/planes/neon/master/05_constraints.sql,494
master.tax_jurisdiction,"tenant_id, updated_by",master.principal,"tenant_id, id",server/db/ddl/planes/neon/master/05_constraints.sql,498
master.tax_jurisdiction,"tenant_id, status_changed_by",master.principal,"tenant_id, id",server/db/ddl/planes/neon/master/05_constraints.sql,502
master.tax_type,"tenant_id, created_by",master.principal,"tenant_id, id",server/db/ddl/planes/neon/master/05_constraints.sql,506
master.tax_type,"tenant_id, updated_by",master.principal,"tenant_id, id",server/db/ddl/planes/neon/master/05_constraints.sql,510
master.tax_type,"tenant_id, status_changed_by",master.principal,"tenant_id, id",server/db/ddl/planes/neon/master/05_constraints.sql,514
master.condition_type,"tenant_id, created_by",master.principal,"tenant_id, id",server/db/ddl/planes/neon/master/05_constraints.sql,518
master.condition_type,"tenant_id, updated_by",master.principal,"tenant_id, id",server/db/ddl/planes/neon/master/05_constraints.sql,522
master.condition_type,"tenant_id, status_changed_by",master.principal,"tenant_id, id",server/db/ddl/planes/neon/master/05_constraints.sql,526
master.organization_tax_registration,"tenant_id, legal_entity_id",master.legal_entity,"tenant_id, id",server/db/ddl/planes/neon/master/05_constraints.sql,531
master.organization_tax_registration,"tenant_id, company_code_id, legal_entity_id",master.company_code,"tenant_id, id, legal_entity_id",server/db/ddl/planes/neon/master/05_constraints.sql,535
master.organization_tax_registration,"tenant_id, jurisdiction_id",master.tax_jurisdiction,"tenant_id, id",server/db/ddl/planes/neon/master/05_constraints.sql,539
master.operating_organization,tenant_id,master.tenant,id,server/db/ddl/planes/neon/master/05_constraints.sql,543
master.operating_organization,"tenant_id, parent_operating_organization_id",master.operating_organization,"tenant_id, id",server/db/ddl/planes/neon/master/05_constraints.sql,547
master.procurement_organization_profile,"tenant_id, operating_organization_id",master.operating_organization,"tenant_id, id",server/db/ddl/planes/neon/master/05_constraints.sql,552
master.procurement_organization_profile,default_currency,shared.currency,code,server/db/ddl/planes/neon/master/05_constraints.sql,555
master.procurement_organization_profile,"tenant_id, lead_company_code_id",master.company_code,"tenant_id, id",server/db/ddl/planes/neon/master/05_constraints.sql,559
master.sales_organization_profile,"tenant_id, operating_organization_id",master.operating_organization,"tenant_id, id",server/db/ddl/planes/neon/master/05_constraints.sql,564
master.sales_organization_profile,default_currency,shared.currency,code,server/db/ddl/planes/neon/master/05_constraints.sql,567
master.sales_organization_profile,"tenant_id, booking_company_code_id",master.company_code,"tenant_id, id",server/db/ddl/planes/neon/master/05_constraints.sql,571
master.sales_organization_profile,"tenant_id, invoicing_company_code_id",master.company_code,"tenant_id, id",server/db/ddl/planes/neon/master/05_constraints.sql,575
master.operating_organization_company_assignment,tenant_id,master.tenant,id,server/db/ddl/planes/neon/master/05_constraints.sql,579
master.operating_organization_company_assignment,"tenant_id, operating_organization_id",master.operating_organization,"tenant_id, id",server/db/ddl/planes/neon/master/05_constraints.sql,583
master.operating_organization_company_assignment,"tenant_id, company_code_id",master.company_code,"tenant_id, id",server/db/ddl/planes/neon/master/05_constraints.sql,587
master.org_unit,tenant_id,master.tenant,id,server/db/ddl/planes/neon/master/05_constraints.sql,603
master.org_unit,"tenant_id, org_unit_type_id",control.org_unit_type,"tenant_id, id",server/db/ddl/planes/neon/master/05_constraints.sql,607
master.org_unit,"tenant_id, parent_org_unit_id",master.org_unit,"tenant_id, id",server/db/ddl/planes/neon/master/05_constraints.sql,611
master.org_unit,"tenant_id, manager_principal_id",master.principal,"tenant_id, id",server/db/ddl/planes/neon/master/05_constraints.sql,615
master.legal_entity,"tenant_id, created_by",master.principal,"tenant_id, id",server/db/ddl/planes/neon/master/05_constraints.sql,620
master.company_code,"tenant_id, created_by",master.principal,"tenant_id, id",server/db/ddl/planes/neon/master/05_constraints.sql,624
master.organization_tax_registration,"tenant_id, created_by",master.principal,"tenant_id, id",server/db/ddl/planes/neon/master/05_constraints.sql,628
master.operating_organization,"tenant_id, created_by",master.principal,"tenant_id, id",server/db/ddl/planes/neon/master/05_constraints.sql,632
master.procurement_organization_profile,"tenant_id, created_by",master.principal,"tenant_id, id",server/db/ddl/planes/neon/master/05_constraints.sql,636
master.sales_organization_profile,"tenant_id, created_by",master.principal,"tenant_id, id",server/db/ddl/planes/neon/master/05_constraints.sql,640
master.operating_organization_company_assignment,"tenant_id, created_by",master.principal,"tenant_id, id",server/db/ddl/planes/neon/master/05_constraints.sql,644
master.org_unit,"tenant_id, created_by",master.principal,"tenant_id, id",server/db/ddl/planes/neon/master/05_constraints.sql,648
master.profit_center,tenant_id,master.tenant,id,server/db/ddl/planes/neon/master/05_constraints.sql,653
master.profit_center,"tenant_id, company_code_id",master.company_code,"tenant_id, id",server/db/ddl/planes/neon/master/05_constraints.sql,657
master.profit_center,"tenant_id, company_code_id, parent_id",master.profit_center,"tenant_id, company_code_id, id",server/db/ddl/planes/neon/master/05_constraints.sql,661
master.profit_center,"tenant_id, created_by",master.principal,"tenant_id, id",server/db/ddl/planes/neon/master/05_constraints.sql,666
master.profit_center,"tenant_id, updated_by",master.principal,"tenant_id, id",server/db/ddl/planes/neon/master/05_constraints.sql,670
master.profit_center,"tenant_id, status_changed_by",master.principal,"tenant_id, id",server/db/ddl/planes/neon/master/05_constraints.sql,674
master.cost_center,tenant_id,master.tenant,id,server/db/ddl/planes/neon/master/05_constraints.sql,678
master.cost_center,"tenant_id, company_code_id",master.company_code,"tenant_id, id",server/db/ddl/planes/neon/master/05_constraints.sql,682
master.cost_center,"tenant_id, company_code_id, parent_id",master.cost_center,"tenant_id, company_code_id, id",server/db/ddl/planes/neon/master/05_constraints.sql,686
master.cost_center,"tenant_id, company_code_id, profit_center_id",master.profit_center,"tenant_id, company_code_id, id",server/db/ddl/planes/neon/master/05_constraints.sql,691
master.cost_center,"tenant_id, created_by",master.principal,"tenant_id, id",server/db/ddl/planes/neon/master/05_constraints.sql,696
master.cost_center,"tenant_id, updated_by",master.principal,"tenant_id, id",server/db/ddl/planes/neon/master/05_constraints.sql,700
master.cost_center,"tenant_id, status_changed_by",master.principal,"tenant_id, id",server/db/ddl/planes/neon/master/05_constraints.sql,704
master.dimension_type,tenant_id,master.tenant,id,server/db/ddl/planes/neon/master/05_constraints.sql,708
master.dimension_type,"tenant_id, created_by",master.principal,"tenant_id, id",server/db/ddl/planes/neon/master/05_constraints.sql,712
master.dimension_type,"tenant_id, updated_by",master.principal,"tenant_id, id",server/db/ddl/planes/neon/master/05_constraints.sql,716
master.dimension_type,"tenant_id, status_changed_by",master.principal,"tenant_id, id",server/db/ddl/planes/neon/master/05_constraints.sql,720
master.dimension_value,tenant_id,master.tenant,id,server/db/ddl/planes/neon/master/05_constraints.sql,724
master.dimension_value,"tenant_id, dimension_type_id",master.dimension_type,"tenant_id, id",server/db/ddl/planes/neon/master/05_constraints.sql,728
master.dimension_value,"tenant_id, company_code_id",master.company_code,"tenant_id, id",server/db/ddl/planes/neon/master/05_constraints.sql,732
master.dimension_value,"tenant_id, dimension_type_id, parent_id",master.dimension_value,"tenant_id, dimension_type_id, id",server/db/ddl/planes/neon/master/05_constraints.sql,736
master.dimension_value,"tenant_id, created_by",master.principal,"tenant_id, id",server/db/ddl/planes/neon/master/05_constraints.sql,741
master.dimension_value,"tenant_id, updated_by",master.principal,"tenant_id, id",server/db/ddl/planes/neon/master/05_constraints.sql,745
master.dimension_value,"tenant_id, status_changed_by",master.principal,"tenant_id, id",server/db/ddl/planes/neon/master/05_constraints.sql,749
master.dimension_set,tenant_id,master.tenant,id,server/db/ddl/planes/neon/master/05_constraints.sql,753
master.dimension_set,"tenant_id, created_by",master.principal,"tenant_id, id",server/db/ddl/planes/neon/master/05_constraints.sql,757
master.dimension_set_item,"tenant_id, dimension_set_id",master.dimension_set,"tenant_id, id",server/db/ddl/planes/neon/master/05_constraints.sql,762
master.dimension_set_item,"tenant_id, dimension_type_id",master.dimension_type,"tenant_id, id",server/db/ddl/planes/neon/master/05_constraints.sql,766
master.dimension_set_item,"tenant_id, dimension_type_id, dimension_value_id",master.dimension_value,"tenant_id, dimension_type_id, id",server/db/ddl/planes/neon/master/05_constraints.sql,770
master.dimension_set_item,"tenant_id, created_by",master.principal,"tenant_id, id",server/db/ddl/planes/neon/master/05_constraints.sql,775
master.accounting_profile,tenant_id,master.tenant,id,server/db/ddl/planes/neon/master/05_constraints.sql,780
master.chart_of_account,tenant_id,master.tenant,id,server/db/ddl/planes/neon/master/05_constraints.sql,783
master.ledger_book,tenant_id,master.tenant,id,server/db/ddl/planes/neon/master/05_constraints.sql,786
master.gl_account,tenant_id,master.tenant,id,server/db/ddl/planes/neon/master/05_constraints.sql,790
master.gl_account,"tenant_id, chart_of_account_id",master.chart_of_account,"tenant_id, id",server/db/ddl/planes/neon/master/05_constraints.sql,794
master.gl_account,"tenant_id, chart_of_account_id, parent_id",master.gl_account,"tenant_id, chart_of_account_id, id",server/db/ddl/planes/neon/master/05_constraints.sql,798
master.gl_account,currency_code,shared.currency,code,server/db/ddl/planes/neon/master/05_constraints.sql,802
master.ledger_book,base_currency_code,shared.currency,code,server/db/ddl/planes/neon/master/05_constraints.sql,806
master.company_code_chart_assignment,tenant_id,master.tenant,id,server/db/ddl/planes/neon/master/05_constraints.sql,810
master.company_code_chart_assignment,"tenant_id, company_code_id",master.company_code,"tenant_id, id",server/db/ddl/planes/neon/master/05_constraints.sql,814
master.company_code_chart_assignment,"tenant_id, chart_of_account_id",master.chart_of_account,"tenant_id, id",server/db/ddl/planes/neon/master/05_constraints.sql,818
master.company_code_book_assignment,tenant_id,master.tenant,id,server/db/ddl/planes/neon/master/05_constraints.sql,822
master.company_code_book_assignment,"tenant_id, company_code_id",master.company_code,"tenant_id, id",server/db/ddl/planes/neon/master/05_constraints.sql,826
master.company_code_book_assignment,"tenant_id, book_id",master.ledger_book,"tenant_id, id",server/db/ddl/planes/neon/master/05_constraints.sql,830
master.company_code_book_assignment,override_currency_code,shared.currency,code,server/db/ddl/planes/neon/master/05_constraints.sql,833
master.fiscal_period,tenant_id,master.tenant,id,server/db/ddl/planes/neon/master/05_constraints.sql,837
master.fiscal_period,"tenant_id, company_code_id",master.company_code,"tenant_id, id",server/db/ddl/planes/neon/master/05_constraints.sql,841
master.fx_rate,tenant_id,master.tenant,id,server/db/ddl/planes/neon/master/05_constraints.sql,845
master.fx_rate,from_currency,shared.currency,code,server/db/ddl/planes/neon/master/05_constraints.sql,848
master.fx_rate,to_currency,shared.currency,code,server/db/ddl/planes/neon/master/05_constraints.sql,851
master.fx_rate,"tenant_id, supersedes_id",master.fx_rate,"tenant_id, id",server/db/ddl/planes/neon/master/05_constraints.sql,855
master.company_code_dimension_default,tenant_id,master.tenant,id,server/db/ddl/planes/neon/master/05_constraints.sql,859
master.company_code_dimension_default,"tenant_id, company_code_id",master.company_code,"tenant_id, id",server/db/ddl/planes/neon/master/05_constraints.sql,863
master.company_code_dimension_default,"tenant_id, dimension_type_id",master.dimension_type,"tenant_id, id",server/db/ddl/planes/neon/master/05_constraints.sql,867
master.company_code_dimension_default,"tenant_id, dimension_type_id, dimension_value_id",master.dimension_value,"tenant_id, dimension_type_id, id",server/db/ddl/planes/neon/master/05_constraints.sql,871
master.company_code_gl_account,tenant_id,master.tenant,id,server/db/ddl/planes/neon/master/05_constraints.sql,884
master.company_code_gl_account,"tenant_id, company_code_id",master.company_code,"tenant_id, id",server/db/ddl/planes/neon/master/05_constraints.sql,888
master.company_code_gl_account,"tenant_id, gl_account_id",master.gl_account,"tenant_id, id",server/db/ddl/planes/neon/master/05_constraints.sql,892
master.company_code_gl_account,"tenant_id, company_code_id, default_cost_center_id",master.cost_center,"tenant_id, company_code_id, id",server/db/ddl/planes/neon/master/05_constraints.sql,896
master.fiscal_period,"tenant_id, %I",master.principal,"tenant_id, id",server/db/ddl/planes/neon/master/05_constraints.sql,929
master.asset_class,tenant_id,master.tenant,id,server/db/ddl/planes/neon/master/05_constraints.sql,940
master.asset_class,"tenant_id, parent_id",master.asset_class,"tenant_id, id",server/db/ddl/planes/neon/master/05_constraints.sql,944
master.asset_class,default_uom_code,shared.uom,code,server/db/ddl/planes/neon/master/05_constraints.sql,948
master.asset,tenant_id,master.tenant,id,server/db/ddl/planes/neon/master/05_constraints.sql,952
master.asset,"tenant_id, company_code_id",master.company_code,"tenant_id, id",server/db/ddl/planes/neon/master/05_constraints.sql,956
master.asset,"tenant_id, asset_class_id",master.asset_class,"tenant_id, id",server/db/ddl/planes/neon/master/05_constraints.sql,960
master.asset,currency_code,shared.currency,code,server/db/ddl/planes/neon/master/05_constraints.sql,963
master.asset,"tenant_id, custodian_principal_id",master.principal,"tenant_id, id",server/db/ddl/planes/neon/master/05_constraints.sql,967
master.asset_book,tenant_id,master.tenant,id,server/db/ddl/planes/neon/master/05_constraints.sql,971
master.asset_book,"tenant_id, company_code_id",master.company_code,"tenant_id, id",server/db/ddl/planes/neon/master/05_constraints.sql,975
master.asset_book,"tenant_id, asset_id",master.asset,"tenant_id, id",server/db/ddl/planes/neon/master/05_constraints.sql,979
master.asset_book,"tenant_id, ledger_book_id",master.ledger_book,"tenant_id, id",server/db/ddl/planes/neon/master/05_constraints.sql,983
master.asset_book,currency_code,shared.currency,code,server/db/ddl/planes/neon/master/05_constraints.sql,986
master.asset_component,tenant_id,master.tenant,id,server/db/ddl/planes/neon/master/05_constraints.sql,990
master.asset_component,"tenant_id, parent_asset_id",master.asset,"tenant_id, id",server/db/ddl/planes/neon/master/05_constraints.sql,994
master.asset_component,"tenant_id, component_asset_id",master.asset,"tenant_id, id",server/db/ddl/planes/neon/master/05_constraints.sql,998
master.asset_assignment_history,tenant_id,master.tenant,id,server/db/ddl/planes/neon/master/05_constraints.sql,1002
master.asset_assignment_history,"tenant_id, asset_id",master.asset,"tenant_id, id",server/db/ddl/planes/neon/master/05_constraints.sql,1006
master.asset_assignment_history,"tenant_id, from_principal_id",master.principal,"tenant_id, id",server/db/ddl/planes/neon/master/05_constraints.sql,1010
master.asset_assignment_history,"tenant_id, to_principal_id",master.principal,"tenant_id, id",server/db/ddl/planes/neon/master/05_constraints.sql,1014
master.asset_assignment_history,"tenant_id, from_scope_target_id",authz.scope_target,"tenant_id, id",server/db/ddl/planes/neon/master/05_constraints.sql,1018
master.asset_assignment_history,"tenant_id, to_scope_target_id",authz.scope_target,"tenant_id, id",server/db/ddl/planes/neon/master/05_constraints.sql,1022
master.asset_assignment_history,"tenant_id, assigned_by",master.principal,"tenant_id, id",server/db/ddl/planes/neon/master/05_constraints.sql,1026
master.asset_assignment_history,"tenant_id, created_by",master.principal,"tenant_id, id",server/db/ddl/planes/neon/master/05_constraints.sql,1055
master.business_partner,tenant_id,master.tenant,id,server/db/ddl/planes/neon/master/05_constraints.sql,1063
master.business_partner,registration_country_code,shared.country,code,server/db/ddl/planes/neon/master/05_constraints.sql,1069
master.business_partner,"tenant_id, parent_business_partner_id",master.business_partner,"tenant_id, id",server/db/ddl/planes/neon/master/05_constraints.sql,1075
master.business_partner,"tenant_id, category_locked_by",master.principal,"tenant_id, id",server/db/ddl/planes/neon/master/05_constraints.sql,1082
master.supplier,tenant_id,master.tenant,id,server/db/ddl/planes/neon/master/05_constraints.sql,1088
master.supplier,"tenant_id, business_partner_id",master.business_partner,"tenant_id, id",server/db/ddl/planes/neon/master/05_constraints.sql,1094
master.customer,tenant_id,master.tenant,id,server/db/ddl/planes/neon/master/05_constraints.sql,1100
master.customer,"tenant_id, business_partner_id",master.business_partner,"tenant_id, id",server/db/ddl/planes/neon/master/05_constraints.sql,1106
master.business_partner_alias,"tenant_id, business_partner_id",master.business_partner,"tenant_id, id",server/db/ddl/planes/neon/master/05_constraints.sql,1112
master.business_partner_alias,country_code,shared.country,code,server/db/ddl/planes/neon/master/05_constraints.sql,1114
master.business_partner_alias,"tenant_id, created_by",master.principal,"tenant_id, id",server/db/ddl/planes/neon/master/05_constraints.sql,1117
master.business_partner_alias,"tenant_id, updated_by",master.principal,"tenant_id, id",server/db/ddl/planes/neon/master/05_constraints.sql,1120
master.bank_account,tenant_id,master.tenant,id,server/db/ddl/planes/neon/master/05_constraints.sql,1167
master.bank_account,bank_institution_id,shared.bank_institution,id,server/db/ddl/planes/neon/master/05_constraints.sql,1171
master.bank_account,correspondent_bank_institution_id,shared.bank_institution,id,server/db/ddl/planes/neon/master/05_constraints.sql,1175
master.bank_account,currency_code,shared.currency,code,server/db/ddl/planes/neon/master/05_constraints.sql,1178
master.bank_account_link,tenant_id,master.tenant,id,server/db/ddl/planes/neon/master/05_constraints.sql,1182
master.bank_account_link,owner_type_id,control.owner_type,id,server/db/ddl/planes/neon/master/05_constraints.sql,1186
master.bank_account_link,"tenant_id, bank_account_id",master.bank_account,"tenant_id, id",server/db/ddl/planes/neon/master/05_constraints.sql,1190
master.bank_account_link,"tenant_id, company_code_id",master.company_code,"tenant_id, id",server/db/ddl/planes/neon/master/05_constraints.sql,1194
master.bank_account_house_config,tenant_id,master.tenant,id,server/db/ddl/planes/neon/master/05_constraints.sql,1198
master.bank_account_house_config,"tenant_id, bank_account_link_id",master.bank_account_link,"tenant_id, id",server/db/ddl/planes/neon/master/05_constraints.sql,1202
master.bank_account_house_config,"tenant_id, company_code_id",master.company_code,"tenant_id, id",server/db/ddl/planes/neon/master/05_constraints.sql,1206
master.bank_account_house_payment_method,tenant_id,master.tenant,id,server/db/ddl/planes/neon/master/05_constraints.sql,1209
master.bank_account_house_payment_method,"tenant_id, house_config_id",master.bank_account_house_config,"tenant_id, id",server/db/ddl/planes/neon/master/05_constraints.sql,1213
master.bank_account_house_payment_method,"tenant_id, payment_method_id",master.payment_method,"tenant_id, id",server/db/ddl/planes/neon/master/05_constraints.sql,1217
master.bank_account_house_config,"tenant_id, gl_account_id",master.gl_account,"tenant_id, id",server/db/ddl/planes/neon/master/05_constraints.sql,1221
master.bank_account_link,"tenant_id, %I",master.principal,"tenant_id, id",server/db/ddl/planes/neon/master/05_constraints.sql,1248
master.bank_account_house_payment_method,"tenant_id, %I",master.principal,"tenant_id, id",server/db/ddl/planes/neon/master/05_constraints.sql,1254
master.bank_account,"tenant_id, verified_by",master.principal,"tenant_id, id",server/db/ddl/planes/neon/master/05_constraints.sql,1265
master.payment_method,tenant_id,master.tenant,id,server/db/ddl/planes/neon/master/05_constraints.sql,1270
master.payment_term,tenant_id,master.tenant,id,server/db/ddl/planes/neon/master/05_constraints.sql,1275
master.payment_term,"tenant_id, replaces_payment_term_id",master.payment_term,"tenant_id, id",server/db/ddl/planes/neon/master/05_constraints.sql,1279
master.payment_term_clause,tenant_id,master.tenant,id,server/db/ddl/planes/neon/master/05_constraints.sql,1283
master.payment_term_clause,"tenant_id, payment_term_id",master.payment_term,"tenant_id, id",server/db/ddl/planes/neon/master/05_constraints.sql,1287
master.payment_term_clause,"tenant_id, payment_term_id, settles_clause_code",master.payment_term_clause,"tenant_id, payment_term_id, clause_code",server/db/ddl/planes/neon/master/05_constraints.sql,1291
master.payment_term_clause,currency_code,shared.currency,code,server/db/ddl/planes/neon/master/05_constraints.sql,1298
master.payment_term_discount_tier,tenant_id,master.tenant,id,server/db/ddl/planes/neon/master/05_constraints.sql,1302
master.payment_term_discount_tier,"tenant_id, payment_term_id",master.payment_term,"tenant_id, id",server/db/ddl/planes/neon/master/05_constraints.sql,1306
master.payment_term_discount_tier,currency_code,shared.currency,code,server/db/ddl/planes/neon/master/05_constraints.sql,1310
master.payment_term,"tenant_id, status_changed_by",master.principal,"tenant_id, id",server/db/ddl/planes/neon/master/05_constraints.sql,1339
master.payment_method,"tenant_id, status_changed_by",master.principal,"tenant_id, id",server/db/ddl/planes/neon/master/05_constraints.sql,1343
master.business_intent,"tenant_id, parent_id",master.business_intent,"tenant_id, id",server/db/ddl/planes/neon/master/05_constraints.sql,1374
master.business_intent,tenant_id,master.tenant,id,server/db/ddl/planes/neon/master/05_constraints.sql,1380
master.person,tenant_id,master.tenant,id,server/db/ddl/planes/neon/master/05_constraints.sql,1395
master.person,country_code,shared.country,code,server/db/ddl/planes/neon/master/05_constraints.sql,1397
master.person_sensitive_profile,tenant_id,master.tenant,id,server/db/ddl/planes/neon/master/05_constraints.sql,1406
master.person_sensitive_profile,"tenant_id, person_id",master.person,"tenant_id, id",server/db/ddl/planes/neon/master/05_constraints.sql,1409
master.person_sensitive_profile,nationality_country_code,shared.country,code,server/db/ddl/planes/neon/master/05_constraints.sql,1412
master.site,tenant_id,master.tenant,id,server/db/ddl/planes/neon/master/05_constraints.sql,1416
master.site,"tenant_id, company_code_id",master.company_code,"tenant_id, id",server/db/ddl/planes/neon/master/05_constraints.sql,1419
master.site,country_code,shared.country,code,server/db/ddl/planes/neon/master/05_constraints.sql,1421
master.site,timezone_code,shared.timezone,code,server/db/ddl/planes/neon/master/05_constraints.sql,1423
master.site,manager_id,master.principal,id,server/db/ddl/planes/neon/master/05_constraints.sql,1425
master.site,capacity_uom,shared.uom,code,server/db/ddl/planes/neon/master/05_constraints.sql,1427
master.site,"tenant_id, parent_site_id",master.site,"tenant_id, id",server/db/ddl/planes/neon/master/05_constraints.sql,1430
master.career_band,tenant_id,master.tenant,id,server/db/ddl/planes/neon/master/05_constraints.sql,1434
master.career_level,tenant_id,master.tenant,id,server/db/ddl/planes/neon/master/05_constraints.sql,1438
master.career_level,"tenant_id, career_band_id",master.career_band,"tenant_id, id",server/db/ddl/planes/neon/master/05_constraints.sql,1441
master.designation,tenant_id,master.tenant,id,server/db/ddl/planes/neon/master/05_constraints.sql,1445
master.job_family,tenant_id,master.tenant,id,server/db/ddl/planes/neon/master/05_constraints.sql,1449
master.job_function,tenant_id,master.tenant,id,server/db/ddl/planes/neon/master/05_constraints.sql,1453
master.job_function,"tenant_id, job_family_id",master.job_family,"tenant_id, id",server/db/ddl/planes/neon/master/05_constraints.sql,1456
master.pay_grade,tenant_id,master.tenant,id,server/db/ddl/planes/neon/master/05_constraints.sql,1460
master.pay_grade,currency_code,shared.currency,code,server/db/ddl/planes/neon/master/05_constraints.sql,1462
master.job,tenant_id,master.tenant,id,server/db/ddl/planes/neon/master/05_constraints.sql,1466
master.job,"tenant_id, job_family_id",master.job_family,"tenant_id, id",server/db/ddl/planes/neon/master/05_constraints.sql,1469
master.job,"tenant_id, job_function_id",master.job_function,"tenant_id, id",server/db/ddl/planes/neon/master/05_constraints.sql,1472
master.job,"tenant_id, career_band_id",master.career_band,"tenant_id, id",server/db/ddl/planes/neon/master/05_constraints.sql,1475
master.job,"tenant_id, career_level_id",master.career_level,"tenant_id, id",server/db/ddl/planes/neon/master/05_constraints.sql,1478
master.job,"tenant_id, pay_grade_id",master.pay_grade,"tenant_id, id",server/db/ddl/planes/neon/master/05_constraints.sql,1481
master.job,"tenant_id, designation_id",master.designation,"tenant_id, id",server/db/ddl/planes/neon/master/05_constraints.sql,1484
master.holiday_calendar,tenant_id,master.tenant,id,server/db/ddl/planes/neon/master/05_constraints.sql,1488
master.holiday_calendar,country_code,shared.country,code,server/db/ddl/planes/neon/master/05_constraints.sql,1490
master.holiday_calendar,"tenant_id, company_code_id",master.company_code,"tenant_id, id",server/db/ddl/planes/neon/master/05_constraints.sql,1493
master.holiday_calendar,"tenant_id, legal_entity_id",master.legal_entity,"tenant_id, id",server/db/ddl/planes/neon/master/05_constraints.sql,1496
master.holiday_calendar,"tenant_id, site_id",master.site,"tenant_id, id",server/db/ddl/planes/neon/master/05_constraints.sql,1499
master.holiday_calendar_day,tenant_id,master.tenant,id,server/db/ddl/planes/neon/master/05_constraints.sql,1503
master.holiday_calendar_day,"tenant_id, holiday_calendar_id",master.holiday_calendar,"tenant_id, id",server/db/ddl/planes/neon/master/05_constraints.sql,1506
master.shift_type,tenant_id,master.tenant,id,server/db/ddl/planes/neon/master/05_constraints.sql,1510
master.work_pattern,tenant_id,master.tenant,id,server/db/ddl/planes/neon/master/05_constraints.sql,1514
master.work_pattern_day,tenant_id,master.tenant,id,server/db/ddl/planes/neon/master/05_constraints.sql,1518
master.work_pattern_day,"tenant_id, work_pattern_id",master.work_pattern,"tenant_id, id",server/db/ddl/planes/neon/master/05_constraints.sql,1521
master.pay_component,tenant_id,master.tenant,id,server/db/ddl/planes/neon/master/05_constraints.sql,1525
master.pay_component,"tenant_id, formula_expression_id",control.formula_expression,"tenant_id, id",server/db/ddl/planes/neon/master/05_constraints.sql,1528
master.pay_group,tenant_id,master.tenant,id,server/db/ddl/planes/neon/master/05_constraints.sql,1532
master.pay_group,"tenant_id, legal_entity_id",master.legal_entity,"tenant_id, id",server/db/ddl/planes/neon/master/05_constraints.sql,1535
master.pay_group,"tenant_id, company_code_id",master.company_code,"tenant_id, id",server/db/ddl/planes/neon/master/05_constraints.sql,1538
master.pay_group,currency_code,shared.currency,code,server/db/ddl/planes/neon/master/05_constraints.sql,1540
master.pay_group,country_code,shared.country,code,server/db/ddl/planes/neon/master/05_constraints.sql,1542
master.pay_group,"tenant_id, calendar_id",master.holiday_calendar,"tenant_id, id",server/db/ddl/planes/neon/master/05_constraints.sql,1545
master.pay_structure,tenant_id,master.tenant,id,server/db/ddl/planes/neon/master/05_constraints.sql,1549
master.pay_structure,"tenant_id, pay_group_id",master.pay_group,"tenant_id, id",server/db/ddl/planes/neon/master/05_constraints.sql,1552
master.pay_structure,currency_code,shared.currency,code,server/db/ddl/planes/neon/master/05_constraints.sql,1554
master.pay_structure_line,tenant_id,master.tenant,id,server/db/ddl/planes/neon/master/05_constraints.sql,1558
master.pay_structure_line,"tenant_id, pay_structure_id",master.pay_structure,"tenant_id, id",server/db/ddl/planes/neon/master/05_constraints.sql,1561
master.pay_structure_line,"tenant_id, pay_component_id",master.pay_component,"tenant_id, id",server/db/ddl/planes/neon/master/05_constraints.sql,1564
master.pay_structure_line,"tenant_id, formula_expression_id",control.formula_expression,"tenant_id, id",server/db/ddl/planes/neon/master/05_constraints.sql,1567
master.statutory_scheme,tenant_id,master.tenant,id,server/db/ddl/planes/neon/master/05_constraints.sql,1571
master.statutory_scheme,country_code,shared.country,code,server/db/ddl/planes/neon/master/05_constraints.sql,1573
master.statutory_scheme,"tenant_id, employee_component_id",master.pay_component,"tenant_id, id",server/db/ddl/planes/neon/master/05_constraints.sql,1576
master.statutory_scheme,"tenant_id, employer_component_id",master.pay_component,"tenant_id, id",server/db/ddl/planes/neon/master/05_constraints.sql,1579
master.statutory_scheme,"tenant_id, rate_table_id",control.rate_table,"tenant_id, id",server/db/ddl/planes/neon/master/05_constraints.sql,1582
master.statutory_scheme,"tenant_id, formula_expression_id",control.formula_expression,"tenant_id, id",server/db/ddl/planes/neon/master/05_constraints.sql,1585
master.leave_type,tenant_id,master.tenant,id,server/db/ddl/planes/neon/master/05_constraints.sql,1589
master.leave_plan,tenant_id,master.tenant,id,server/db/ddl/planes/neon/master/05_constraints.sql,1593
master.leave_plan,"tenant_id, leave_type_id",master.leave_type,"tenant_id, id",server/db/ddl/planes/neon/master/05_constraints.sql,1596
master.leave_plan,country_code,shared.country,code,server/db/ddl/planes/neon/master/05_constraints.sql,1598
master.leave_plan,"tenant_id, legal_entity_id",master.legal_entity,"tenant_id, id",server/db/ddl/planes/neon/master/05_constraints.sql,1601
master.leave_plan,"tenant_id, company_code_id",master.company_code,"tenant_id, id",server/db/ddl/planes/neon/master/05_constraints.sql,1604
master.leave_plan_rule,tenant_id,master.tenant,id,server/db/ddl/planes/neon/master/05_constraints.sql,1608
master.leave_plan_rule,"tenant_id, leave_plan_id",master.leave_plan,"tenant_id, id",server/db/ddl/planes/neon/master/05_constraints.sql,1611
master.leave_plan_rule,"tenant_id, accrual_formula_version_id",control.formula_expression_version,"tenant_id, id",server/db/ddl/planes/neon/master/05_constraints.sql,1614
master.position,tenant_id,master.tenant,id,server/db/ddl/planes/neon/master/05_constraints.sql,1618
master.position,"tenant_id, legal_entity_id",master.legal_entity,"tenant_id, id",server/db/ddl/planes/neon/master/05_constraints.sql,1621
master.position,"tenant_id, company_code_id",master.company_code,"tenant_id, id",server/db/ddl/planes/neon/master/05_constraints.sql,1624
master.position,"tenant_id, org_unit_id",master.org_unit,"tenant_id, id",server/db/ddl/planes/neon/master/05_constraints.sql,1627
master.position,"tenant_id, job_id",master.job,"tenant_id, id",server/db/ddl/planes/neon/master/05_constraints.sql,1630
master.position,"tenant_id, reports_to_position_id",master.position,"tenant_id, id",server/db/ddl/planes/neon/master/05_constraints.sql,1633
master.position,"tenant_id, company_code_id, cost_center_id",master.cost_center,"tenant_id, company_code_id, id",server/db/ddl/planes/neon/master/05_constraints.sql,1636
master.position,"tenant_id, company_code_id, profit_center_id",master.profit_center,"tenant_id, company_code_id, id",server/db/ddl/planes/neon/master/05_constraints.sql,1639
master.position,"tenant_id, company_code_id, site_id",master.site,"tenant_id, company_code_id, id",server/db/ddl/planes/neon/master/05_constraints.sql,1642
master.employee,tenant_id,master.tenant,id,server/db/ddl/planes/neon/master/05_constraints.sql,1646
master.employee,"tenant_id, principal_id",master.principal,"tenant_id, id",server/db/ddl/planes/neon/master/05_constraints.sql,1649
master.employee,"tenant_id, person_id",master.person,"tenant_id, id",server/db/ddl/planes/neon/master/05_constraints.sql,1652
master.employee,"tenant_id, manager_id",master.employee,"tenant_id, id",server/db/ddl/planes/neon/master/05_constraints.sql,1655
master.employee,"tenant_id, company_code_id",master.company_code,"tenant_id, id",server/db/ddl/planes/neon/master/05_constraints.sql,1658
master.employment,tenant_id,master.tenant,id,server/db/ddl/planes/neon/master/05_constraints.sql,1666
master.employment,"tenant_id, person_id",master.person,"tenant_id, id",server/db/ddl/planes/neon/master/05_constraints.sql,1669
master.employment,"tenant_id, employee_id",master.employee,"tenant_id, id",server/db/ddl/planes/neon/master/05_constraints.sql,1672
master.employment,"tenant_id, legal_entity_id",master.legal_entity,"tenant_id, id",server/db/ddl/planes/neon/master/05_constraints.sql,1675
master.employment,"tenant_id, company_code_id",master.company_code,"tenant_id, id",server/db/ddl/planes/neon/master/05_constraints.sql,1678
master.employment,"tenant_id, employee_id, person_id",master.employee,"tenant_id, id, person_id",server/db/ddl/planes/neon/master/05_constraints.sql,1685
master.employment,"tenant_id, company_code_id, legal_entity_id",master.company_code,"tenant_id, id, legal_entity_id",server/db/ddl/planes/neon/master/05_constraints.sql,1688
master.work_assignment,tenant_id,master.tenant,id,server/db/ddl/planes/neon/master/05_constraints.sql,1698
master.work_assignment,"tenant_id, employee_id",master.employee,"tenant_id, id",server/db/ddl/planes/neon/master/05_constraints.sql,1701
master.work_assignment,"tenant_id, employment_id",master.employment,"tenant_id, id",server/db/ddl/planes/neon/master/05_constraints.sql,1704
master.work_assignment,"tenant_id, position_id",master.position,"tenant_id, id",server/db/ddl/planes/neon/master/05_constraints.sql,1707
master.work_assignment,"tenant_id, org_unit_id",master.org_unit,"tenant_id, id",server/db/ddl/planes/neon/master/05_constraints.sql,1710
master.work_assignment,"tenant_id, job_id",master.job,"tenant_id, id",server/db/ddl/planes/neon/master/05_constraints.sql,1713
master.work_assignment,"tenant_id, manager_employee_id",master.employee,"tenant_id, id",server/db/ddl/planes/neon/master/05_constraints.sql,1716
master.work_assignment,"tenant_id, company_code_id",master.company_code,"tenant_id, id",server/db/ddl/planes/neon/master/05_constraints.sql,1719
master.work_assignment,"tenant_id, employment_id, employee_id, company_code_id",master.employment,"tenant_id, id, employee_id, company_code_id",server/db/ddl/planes/neon/master/05_constraints.sql,1722
master.work_assignment,"tenant_id, company_code_id, cost_center_id",master.cost_center,"tenant_id, company_code_id, id",server/db/ddl/planes/neon/master/05_constraints.sql,1725
master.work_assignment,"tenant_id, company_code_id, profit_center_id",master.profit_center,"tenant_id, company_code_id, id",server/db/ddl/planes/neon/master/05_constraints.sql,1728
master.work_assignment,"tenant_id, company_code_id, site_id",master.site,"tenant_id, company_code_id, id",server/db/ddl/planes/neon/master/05_constraints.sql,1731
master.employee_leave_enrollment,tenant_id,master.tenant,id,server/db/ddl/planes/neon/master/05_constraints.sql,1743
master.employee_leave_enrollment,"tenant_id, employee_id",master.employee,"tenant_id, id",server/db/ddl/planes/neon/master/05_constraints.sql,1746
master.employee_leave_enrollment,"tenant_id, leave_plan_id",master.leave_plan,"tenant_id, id",server/db/ddl/planes/neon/master/05_constraints.sql,1749
master.employee_statutory_enrollment,tenant_id,master.tenant,id,server/db/ddl/planes/neon/master/05_constraints.sql,1753
master.employee_statutory_enrollment,"tenant_id, employee_id",master.employee,"tenant_id, id",server/db/ddl/planes/neon/master/05_constraints.sql,1756
master.employee_statutory_enrollment,"tenant_id, statutory_scheme_id",master.statutory_scheme,"tenant_id, id",server/db/ddl/planes/neon/master/05_constraints.sql,1759
master.payment_term,"tenant_id, holiday_calendar_id",master.holiday_calendar,"tenant_id, id",server/db/ddl/planes/neon/master/05_constraints.sql,1764
master.person,created_by,master.principal,id,server/db/ddl/planes/neon/master/05_constraints.sql,1768
master.person_sensitive_profile,created_by,master.principal,id,server/db/ddl/planes/neon/master/05_constraints.sql,1770
master.site,created_by,master.principal,id,server/db/ddl/planes/neon/master/05_constraints.sql,1772
master.career_band,created_by,master.principal,id,server/db/ddl/planes/neon/master/05_constraints.sql,1774
master.career_level,created_by,master.principal,id,server/db/ddl/planes/neon/master/05_constraints.sql,1776
master.designation,created_by,master.principal,id,server/db/ddl/planes/neon/master/05_constraints.sql,1778
master.job_family,created_by,master.principal,id,server/db/ddl/planes/neon/master/05_constraints.sql,1780
master.job_function,created_by,master.principal,id,server/db/ddl/planes/neon/master/05_constraints.sql,1782
master.pay_grade,created_by,master.principal,id,server/db/ddl/planes/neon/master/05_constraints.sql,1784
master.job,created_by,master.principal,id,server/db/ddl/planes/neon/master/05_constraints.sql,1786
master.holiday_calendar,created_by,master.principal,id,server/db/ddl/planes/neon/master/05_constraints.sql,1788
master.holiday_calendar_day,created_by,master.principal,id,server/db/ddl/planes/neon/master/05_constraints.sql,1790
master.shift_type,created_by,master.principal,id,server/db/ddl/planes/neon/master/05_constraints.sql,1792
master.work_pattern,created_by,master.principal,id,server/db/ddl/planes/neon/master/05_constraints.sql,1794
master.work_pattern_day,created_by,master.principal,id,server/db/ddl/planes/neon/master/05_constraints.sql,1796
master.pay_component,created_by,master.principal,id,server/db/ddl/planes/neon/master/05_constraints.sql,1798
master.pay_group,created_by,master.principal,id,server/db/ddl/planes/neon/master/05_constraints.sql,1800
master.pay_structure,created_by,master.principal,id,server/db/ddl/planes/neon/master/05_constraints.sql,1802
master.pay_structure_line,created_by,master.principal,id,server/db/ddl/planes/neon/master/05_constraints.sql,1804
master.statutory_scheme,created_by,master.principal,id,server/db/ddl/planes/neon/master/05_constraints.sql,1806
master.leave_type,created_by,master.principal,id,server/db/ddl/planes/neon/master/05_constraints.sql,1808
master.leave_plan,created_by,master.principal,id,server/db/ddl/planes/neon/master/05_constraints.sql,1810
master.leave_plan_rule,created_by,master.principal,id,server/db/ddl/planes/neon/master/05_constraints.sql,1812
master.position,created_by,master.principal,id,server/db/ddl/planes/neon/master/05_constraints.sql,1814
master.employee,created_by,master.principal,id,server/db/ddl/planes/neon/master/05_constraints.sql,1816
master.employment,created_by,master.principal,id,server/db/ddl/planes/neon/master/05_constraints.sql,1818
master.work_assignment,created_by,master.principal,id,server/db/ddl/planes/neon/master/05_constraints.sql,1820
master.employee_leave_enrollment,created_by,master.principal,id,server/db/ddl/planes/neon/master/05_constraints.sql,1822
master.employee_statutory_enrollment,created_by,master.principal,id,server/db/ddl/planes/neon/master/05_constraints.sql,1824
master.warehouse,tenant_id,master.tenant,id,server/db/ddl/planes/neon/master/05_constraints.sql,1827
master.warehouse,"tenant_id, site_id",master.site,"tenant_id, id",server/db/ddl/planes/neon/master/05_constraints.sql,1828
master.warehouse,"tenant_id, manager_id",master.principal,"tenant_id, id",server/db/ddl/planes/neon/master/05_constraints.sql,1829
master.warehouse,"tenant_id, status_changed_by",master.principal,"tenant_id, id",server/db/ddl/planes/neon/master/05_constraints.sql,1830
master.warehouse,"tenant_id, created_by",master.principal,"tenant_id, id",server/db/ddl/planes/neon/master/05_constraints.sql,1831
master.warehouse,"tenant_id, updated_by",master.principal,"tenant_id, id",server/db/ddl/planes/neon/master/05_constraints.sql,1832
master.risk_driver_registry,default_dimension_code,master.risk_dimension,code,server/db/ddl/planes/neon/master/05_constraints.sql,1837
master.risk_model_dimension,"model_code, model_version",master.risk_model,"code, version",server/db/ddl/planes/neon/master/05_constraints.sql,1843
master.risk_model_dimension,dimension_code,master.risk_dimension,code,server/db/ddl/planes/neon/master/05_constraints.sql,1848
master.party_risk_assessment,tenant_id,master.tenant,id,server/db/ddl/planes/neon/master/05_constraints.sql,1854
master.party_risk_assessment,"tenant_id, business_partner_id",master.business_partner,"tenant_id, id",server/db/ddl/planes/neon/master/05_constraints.sql,1859
master.party_risk_assessment,"model_code, model_version",master.risk_model,"code, version",server/db/ddl/planes/neon/master/05_constraints.sql,1864
master.party_risk_assessment,"tenant_id, superseded_by",master.party_risk_assessment,"tenant_id, id",server/db/ddl/planes/neon/master/05_constraints.sql,1869
master.party_risk_assessment,"tenant_id, assessed_by",master.principal,"tenant_id, id",server/db/ddl/planes/neon/master/05_constraints.sql,1874
master.party_risk_assessment,"tenant_id, approved_by",master.principal,"tenant_id, id",server/db/ddl/planes/neon/master/05_constraints.sql,1879
master.party_risk_assessment,"tenant_id, created_by",master.principal,"tenant_id, id",server/db/ddl/planes/neon/master/05_constraints.sql,1884
master.party_risk_assessment,"tenant_id, updated_by",master.principal,"tenant_id, id",server/db/ddl/planes/neon/master/05_constraints.sql,1889
master.party_risk_dimension_score,"tenant_id, assessment_id",master.party_risk_assessment,"tenant_id, id",server/db/ddl/planes/neon/master/05_constraints.sql,1895
master.party_risk_dimension_score,dimension_code,master.risk_dimension,code,server/db/ddl/planes/neon/master/05_constraints.sql,1900
master.party_risk_evidence,tenant_id,master.tenant,id,server/db/ddl/planes/neon/master/05_constraints.sql,1906
master.party_risk_evidence,"tenant_id, business_partner_id",master.business_partner,"tenant_id, id",server/db/ddl/planes/neon/master/05_constraints.sql,1911
master.party_risk_evidence,source_code,master.risk_source,code,server/db/ddl/planes/neon/master/05_constraints.sql,1916
master.party_risk_evidence,"tenant_id, superseded_by",master.party_risk_evidence,"tenant_id, id",server/db/ddl/planes/neon/master/05_constraints.sql,1921
master.party_risk_evidence,"tenant_id, ingested_by",master.principal,"tenant_id, id",server/db/ddl/planes/neon/master/05_constraints.sql,1926
master.party_risk_evidence,"tenant_id, created_by",master.principal,"tenant_id, id",server/db/ddl/planes/neon/master/05_constraints.sql,1931
master.party_risk_evidence,"tenant_id, updated_by",master.principal,"tenant_id, id",server/db/ddl/planes/neon/master/05_constraints.sql,1936
master.party_risk_driver,"tenant_id, assessment_id",master.party_risk_assessment,"tenant_id, id",server/db/ddl/planes/neon/master/05_constraints.sql,1942
master.party_risk_driver,"tenant_id, dimension_score_id",master.party_risk_dimension_score,"tenant_id, id",server/db/ddl/planes/neon/master/05_constraints.sql,1947
master.party_risk_driver,"tenant_id, evidence_id",master.party_risk_evidence,"tenant_id, id",server/db/ddl/planes/neon/master/05_constraints.sql,1952
master.party_risk_driver,dimension_code,master.risk_dimension,code,server/db/ddl/planes/neon/master/05_constraints.sql,1957
master.party_risk_driver,driver_code,master.risk_driver_registry,code,server/db/ddl/planes/neon/master/05_constraints.sql,1962
master.party_risk_driver,"tenant_id, created_by",master.principal,"tenant_id, id",server/db/ddl/planes/neon/master/05_constraints.sql,1967
master.party_risk_mitigation,tenant_id,master.tenant,id,server/db/ddl/planes/neon/master/05_constraints.sql,1973
master.party_risk_mitigation,"tenant_id, business_partner_id",master.business_partner,"tenant_id, id",server/db/ddl/planes/neon/master/05_constraints.sql,1978
master.party_risk_mitigation,"tenant_id, assessment_id",master.party_risk_assessment,"tenant_id, id",server/db/ddl/planes/neon/master/05_constraints.sql,1983
master.party_risk_mitigation,"tenant_id, driver_id",master.party_risk_driver,"tenant_id, id",server/db/ddl/planes/neon/master/05_constraints.sql,1988
master.party_risk_mitigation,"tenant_id, assigned_to",master.principal,"tenant_id, id",server/db/ddl/planes/neon/master/05_constraints.sql,1993
master.party_risk_mitigation,"tenant_id, approved_by",master.principal,"tenant_id, id",server/db/ddl/planes/neon/master/05_constraints.sql,1998
master.party_risk_mitigation,"tenant_id, created_by",master.principal,"tenant_id, id",server/db/ddl/planes/neon/master/05_constraints.sql,2003
master.party_risk_mitigation,"tenant_id, updated_by",master.principal,"tenant_id, id",server/db/ddl/planes/neon/master/05_constraints.sql,2008
master.party_risk_review_event,"tenant_id, assessment_id",master.party_risk_assessment,"tenant_id, id",server/db/ddl/planes/neon/master/05_constraints.sql,2014
master.party_risk_review_event,"tenant_id, actor_id",master.principal,"tenant_id, id",server/db/ddl/planes/neon/master/05_constraints.sql,2019
master.commodity_category,tenant_id,master.tenant,id,server/db/ddl/planes/neon/master/05_constraints.sql,2024
master.commodity_category,"tenant_id, parent_id",master.commodity_category,"tenant_id, id",server/db/ddl/planes/neon/master/05_constraints.sql,2028
master.commodity_category,"tenant_id, created_by",master.principal,"tenant_id, id",server/db/ddl/planes/neon/master/05_constraints.sql,2032
master.product,tenant_id,master.tenant,id,server/db/ddl/planes/neon/master/05_constraints.sql,2036
master.product,"tenant_id, commodity_category_id",master.commodity_category,"tenant_id, id",server/db/ddl/planes/neon/master/05_constraints.sql,2040
master.product,base_uom_code,shared.uom,code,server/db/ddl/planes/neon/master/05_constraints.sql,2043
master.product,"tenant_id, created_by",master.principal,"tenant_id, id",server/db/ddl/planes/neon/master/05_constraints.sql,2047
master.item,"tenant_id, company_code_id",master.company_code,"tenant_id, id",server/db/ddl/planes/neon/master/05_constraints.sql,2052
master.item,"tenant_id, product_id",master.product,"tenant_id, id",server/db/ddl/planes/neon/master/05_constraints.sql,2056
master.item,base_uom_code,shared.uom,code,server/db/ddl/planes/neon/master/05_constraints.sql,2059
master.item,"tenant_id, created_by",master.principal,"tenant_id, id",server/db/ddl/planes/neon/master/05_constraints.sql,2063
master.commodity_code_assignment,"tenant_id, commodity_category_id",master.commodity_category,"tenant_id, id",server/db/ddl/planes/neon/master/05_constraints.sql,2068
master.commodity_code_assignment,"tenant_id, product_id",master.product,"tenant_id, id",server/db/ddl/planes/neon/master/05_constraints.sql,2072
master.commodity_code_assignment,"tenant_id, item_id",master.item,"tenant_id, id",server/db/ddl/planes/neon/master/05_constraints.sql,2076
master.commodity_code_assignment,"commodity_domain_code, commodity_code_id",shared.commodity_code,"domain_code, id",server/db/ddl/planes/neon/master/05_constraints.sql,2080
master.commodity_code_assignment,"tenant_id, created_by",master.principal,"tenant_id, id",server/db/ddl/planes/neon/master/05_constraints.sql,2084
master.catalog,"tenant_id, company_code_id",master.company_code,"tenant_id, id",server/db/ddl/planes/neon/master/05_constraints.sql,2089
master.catalog,"tenant_id, supplier_business_partner_id",master.business_partner,"tenant_id, id",server/db/ddl/planes/neon/master/05_constraints.sql,2093
master.catalog,"tenant_id, created_by",master.principal,"tenant_id, id",server/db/ddl/planes/neon/master/05_constraints.sql,2097
master.catalog_item,"tenant_id, catalog_id",master.catalog,"tenant_id, id",server/db/ddl/planes/neon/master/05_constraints.sql,2102
master.catalog_item,"tenant_id, item_id",master.item,"tenant_id, id",server/db/ddl/planes/neon/master/05_constraints.sql,2106
master.catalog_item,"tenant_id, created_by",master.principal,"tenant_id, id",server/db/ddl/planes/neon/master/05_constraints.sql,2110
master.catalog_price,"tenant_id, catalog_item_id",master.catalog_item,"tenant_id, id",server/db/ddl/planes/neon/master/05_constraints.sql,2115
master.catalog_price,currency_code,shared.currency,code,server/db/ddl/planes/neon/master/05_constraints.sql,2119
master.catalog_price,price_uom_code,shared.uom,code,server/db/ddl/planes/neon/master/05_constraints.sql,2123
master.catalog_price,"tenant_id, created_by",master.principal,"tenant_id, id",server/db/ddl/planes/neon/master/05_constraints.sql,2127
master.bom,"tenant_id, company_code_id",master.company_code,"tenant_id, id",server/db/ddl/planes/neon/master/05_constraints.sql,2132
master.bom,"tenant_id, company_code_id, output_item_id",master.item,"tenant_id, company_code_id, id",server/db/ddl/planes/neon/master/05_constraints.sql,2136
master.bom,uom_code,shared.uom,code,server/db/ddl/planes/neon/master/05_constraints.sql,2139
master.bom,"tenant_id, created_by",master.principal,"tenant_id, id",server/db/ddl/planes/neon/master/05_constraints.sql,2143
master.bom_component,"tenant_id, company_code_id, bom_id",master.bom,"tenant_id, company_code_id, id",server/db/ddl/planes/neon/master/05_constraints.sql,2148
master.bom_component,"tenant_id, company_code_id, component_item_id",master.item,"tenant_id, company_code_id, id",server/db/ddl/planes/neon/master/05_constraints.sql,2152
master.bom_component,uom_code,shared.uom,code,server/db/ddl/planes/neon/master/05_constraints.sql,2155
master.bom_component,"tenant_id, created_by",master.principal,"tenant_id, id",server/db/ddl/planes/neon/master/05_constraints.sql,2159
master.project,"tenant_id, company_code_id",master.company_code,"tenant_id, id",server/db/ddl/planes/neon/master/05_constraints.sql,2163
master.project,"tenant_id, customer_id",master.customer,"tenant_id, id",server/db/ddl/planes/neon/master/05_constraints.sql,2165
master.project,"tenant_id, responsible_principal_id",master.principal,"tenant_id, id",server/db/ddl/planes/neon/master/05_constraints.sql,2167
master.project,"tenant_id, default_cost_center_id",master.cost_center,"tenant_id, id",server/db/ddl/planes/neon/master/05_constraints.sql,2169
master.project,currency_code,shared.currency,code,server/db/ddl/planes/neon/master/05_constraints.sql,2171
master.project,"tenant_id, created_by",master.principal,"tenant_id, id",server/db/ddl/planes/neon/master/05_constraints.sql,2173
master.project_wbs,"tenant_id, project_id",master.project,"tenant_id, id",server/db/ddl/planes/neon/master/05_constraints.sql,2177
master.project_wbs,"tenant_id, project_id, parent_wbs_id",master.project_wbs,"tenant_id, project_id, id",server/db/ddl/planes/neon/master/05_constraints.sql,2179
master.project_wbs,"tenant_id, responsible_principal_id",master.principal,"tenant_id, id",server/db/ddl/planes/neon/master/05_constraints.sql,2181
master.project_wbs,"tenant_id, default_cost_center_id",master.cost_center,"tenant_id, id",server/db/ddl/planes/neon/master/05_constraints.sql,2183
master.project_wbs,"tenant_id, created_by",master.principal,"tenant_id, id",server/db/ddl/planes/neon/master/05_constraints.sql,2185
master.project_item,"tenant_id, project_id",master.project,"tenant_id, id",server/db/ddl/planes/neon/master/05_constraints.sql,2189
master.project_item,"tenant_id, project_id, project_wbs_id",master.project_wbs,"tenant_id, project_id, id",server/db/ddl/planes/neon/master/05_constraints.sql,2191
master.project_item,"tenant_id, item_id",master.item,"tenant_id, id",server/db/ddl/planes/neon/master/05_constraints.sql,2193
master.project_item,uom_code,shared.uom,code,server/db/ddl/planes/neon/master/05_constraints.sql,2195
master.project_item,currency_code,shared.currency,code,server/db/ddl/planes/neon/master/05_constraints.sql,2197
master.project_item,"tenant_id, created_by",master.principal,"tenant_id, id",server/db/ddl/planes/neon/master/05_constraints.sql,2199
master.compensation_assignment,tenant_id,master.tenant,id,server/db/ddl/planes/neon/master/05_constraints.sql,2202
master.compensation_assignment,"tenant_id,employee_id",master.employee,"tenant_id,id",server/db/ddl/planes/neon/master/05_constraints.sql,2203
master.compensation_assignment,"tenant_id,employment_id",master.employment,"tenant_id,id",server/db/ddl/planes/neon/master/05_constraints.sql,2204
master.compensation_assignment,"tenant_id,pay_group_id",master.pay_group,"tenant_id,id",server/db/ddl/planes/neon/master/05_constraints.sql,2205
master.compensation_assignment,"tenant_id,pay_structure_id",master.pay_structure,"tenant_id,id",server/db/ddl/planes/neon/master/05_constraints.sql,2206
master.compensation_assignment,currency_code,shared.currency,code,server/db/ddl/planes/neon/master/05_constraints.sql,2207
master.compensation_assignment,"tenant_id,source_compensation_change_id",document.compensation_change,"tenant_id,id",server/db/ddl/planes/neon/master/05_constraints.sql,2208
master.compensation_assignment,"tenant_id,status_changed_by",master.principal,"tenant_id,id",server/db/ddl/planes/neon/master/05_constraints.sql,2209
master.compensation_assignment,"tenant_id,created_by",master.principal,"tenant_id,id",server/db/ddl/planes/neon/master/05_constraints.sql,2210
master.compensation_assignment,"tenant_id,updated_by",master.principal,"tenant_id,id",server/db/ddl/planes/neon/master/05_constraints.sql,2211
master.business_partner_relationship,"tenant_id, source_business_partner_id",master.business_partner,"tenant_id, id",server/db/ddl/planes/neon/master/05_constraints.sql,2220
master.business_partner_relationship,"tenant_id, target_business_partner_id",master.business_partner,"tenant_id, id",server/db/ddl/planes/neon/master/05_constraints.sql,2223
master.business_partner_relationship,country_code,shared.country,code,server/db/ddl/planes/neon/master/05_constraints.sql,2225
master.business_partner_governance_relation,"tenant_id, business_partner_id",master.business_partner,"tenant_id, id",server/db/ddl/planes/neon/master/05_constraints.sql,2238
master.business_partner_governance_relation,"tenant_id, member_business_partner_id",master.business_partner,"tenant_id, id",server/db/ddl/planes/neon/master/05_constraints.sql,2241
master.business_partner_governance_relation,member_country_code,shared.country,code,server/db/ddl/planes/neon/master/05_constraints.sql,2244
master.business_partner_identifier,"tenant_id, business_partner_id",master.business_partner,"tenant_id, id",server/db/ddl/planes/neon/master/05_constraints.sql,2249
master.business_partner_identifier,issuing_country_code,shared.country,code,server/db/ddl/planes/neon/master/05_constraints.sql,2252
master.business_partner_identifier,"tenant_id, verified_by",master.principal,"tenant_id, id",server/db/ddl/planes/neon/master/05_constraints.sql,2255
master.business_partner_tax_registration,"tenant_id, business_partner_id",master.business_partner,"tenant_id, id",server/db/ddl/planes/neon/master/05_constraints.sql,2260
master.business_partner_tax_registration,"tenant_id, jurisdiction_id",master.tax_jurisdiction,"tenant_id, id",server/db/ddl/planes/neon/master/05_constraints.sql,2263
master.business_partner_tax_registration,"tenant_id, tax_type_id",master.tax_type,"tenant_id, id",server/db/ddl/planes/neon/master/05_constraints.sql,2266
master.business_partner_tax_registration,"tenant_id, verified_by",master.principal,"tenant_id, id",server/db/ddl/planes/neon/master/05_constraints.sql,2269
master.business_partner_commodity_capability,"tenant_id, business_partner_id",master.business_partner,"tenant_id, id",server/db/ddl/planes/neon/master/05_constraints.sql,2274
master.business_partner_commodity_capability,"tenant_id, commodity_category_id",master.commodity_category,"tenant_id, id",server/db/ddl/planes/neon/master/05_constraints.sql,2277
master.business_partner_industry_classification,"tenant_id, business_partner_id",master.business_partner,"tenant_id, id",server/db/ddl/planes/neon/master/05_constraints.sql,2282
master.business_partner_industry_classification,"industry_domain_code, industry_code_id",shared.industry_code,"domain_code, id",server/db/ddl/planes/neon/master/05_constraints.sql,2285
master.business_partner_industry_classification,"tenant_id, verified_by",master.principal,"tenant_id, id",server/db/ddl/planes/neon/master/05_constraints.sql,2288
master.business_partner_operating_organization_assignment,"tenant_id, business_partner_id",master.business_partner,"tenant_id, id",server/db/ddl/planes/neon/master/05_constraints.sql,2308
master.business_partner_operating_organization_assignment,"tenant_id, operating_organization_id",master.operating_organization,"tenant_id, id",server/db/ddl/planes/neon/master/05_constraints.sql,2311
master.company_code_supplier_profile,"tenant_id, supplier_id",master.supplier,"tenant_id, id",server/db/ddl/planes/neon/master/05_constraints.sql,2322
master.company_code_supplier_profile,"tenant_id, company_code_id",master.company_code,"tenant_id, id",server/db/ddl/planes/neon/master/05_constraints.sql,2325
master.company_code_supplier_profile,currency_code,shared.currency,code,server/db/ddl/planes/neon/master/05_constraints.sql,2327
master.company_code_supplier_profile,"tenant_id, payment_term_id",master.payment_term,"tenant_id, id",server/db/ddl/planes/neon/master/05_constraints.sql,2330
master.company_code_supplier_profile,"tenant_id, default_accounting_profile_id",master.accounting_profile,"tenant_id, id",server/db/ddl/planes/neon/master/05_constraints.sql,2333
master.company_code_supplier_profile,"tenant_id, preferred_remittance_bank_link_id",master.bank_account_link,"tenant_id, id",server/db/ddl/planes/neon/master/05_constraints.sql,2336
master.company_code_supplier_profile,"tenant_id, default_dimension_set_id",master.dimension_set,"tenant_id, id",server/db/ddl/planes/neon/master/05_constraints.sql,2339
master.company_code_customer_profile,"tenant_id, customer_id",master.customer,"tenant_id, id",server/db/ddl/planes/neon/master/05_constraints.sql,2344
master.company_code_customer_profile,"tenant_id, company_code_id",master.company_code,"tenant_id, id",server/db/ddl/planes/neon/master/05_constraints.sql,2347
master.company_code_customer_profile,currency_code,shared.currency,code,server/db/ddl/planes/neon/master/05_constraints.sql,2349
master.company_code_customer_profile,"tenant_id, payment_term_id",master.payment_term,"tenant_id, id",server/db/ddl/planes/neon/master/05_constraints.sql,2352
master.company_code_customer_profile,"tenant_id, default_accounting_profile_id",master.accounting_profile,"tenant_id, id",server/db/ddl/planes/neon/master/05_constraints.sql,2355
master.company_code_customer_profile,"tenant_id, default_dimension_set_id",master.dimension_set,"tenant_id, id",server/db/ddl/planes/neon/master/05_constraints.sql,2358
master.legal_entity_internal_partner_link,"tenant_id, legal_entity_id",master.legal_entity,"tenant_id, id",server/db/ddl/planes/neon/master/05_constraints.sql,2363
master.legal_entity_internal_partner_link,"tenant_id, business_partner_id",master.business_partner,"tenant_id, id",server/db/ddl/planes/neon/master/05_constraints.sql,2366
master.intercompany_trading_pair,"tenant_id, source_company_code_id",master.company_code,"tenant_id, id",server/db/ddl/planes/neon/master/05_constraints.sql,2371
master.intercompany_trading_pair,"tenant_id, counterparty_company_code_id",master.company_code,"tenant_id, id",server/db/ddl/planes/neon/master/05_constraints.sql,2374
master.intercompany_trading_pair,"tenant_id, counterparty_supplier_profile_id",master.company_code_supplier_profile,"tenant_id, id",server/db/ddl/planes/neon/master/05_constraints.sql,2377
master.intercompany_trading_pair,"tenant_id, mirror_customer_profile_id",master.company_code_customer_profile,"tenant_id, id",server/db/ddl/planes/neon/master/05_constraints.sql,2380
master.contact_person_identity_link,"tenant_id, contact_person_id",master.contact_person,"tenant_id, id",server/db/ddl/planes/neon/master/05_constraints.sql,2385
master.contact_person_identity_link,"tenant_id, person_id",master.person,"tenant_id, id",server/db/ddl/planes/neon/master/05_constraints.sql,2388
master.contact_person_identity_link,"tenant_id, created_by",master.principal,"tenant_id, id",server/db/ddl/planes/neon/master/05_constraints.sql,2391
master.certification_type,tenant_id,master.tenant,id,server/db/ddl/planes/neon/master/05_constraints.sql,2451
master.certification,certification_type_id,master.certification_type,id,server/db/ddl/planes/neon/master/05_constraints.sql,2478
master.certification,tenant_id,master.tenant,id,server/db/ddl/planes/neon/master/05_constraints.sql,2482
master.certification,"tenant_id, company_code_id",master.company_code,"tenant_id, id",server/db/ddl/planes/neon/master/05_constraints.sql,2486
master.certification,"tenant_id, site_id",master.site,"tenant_id, id",server/db/ddl/planes/neon/master/05_constraints.sql,2490
master.organization_amendment,tenant_id,master.tenant,id,server/db/ddl/planes/neon/master/05_constraints.sql,2494
master.organization_amendment,"tenant_id,recorded_by",master.principal,"tenant_id,id",server/db/ddl/planes/neon/master/05_constraints.sql,2495
master.external_worker,tenant_id,master.tenant,id,server/db/ddl/planes/neon/master/05_constraints.sql,2498
master.external_worker,"tenant_id, person_id",master.person,"tenant_id, id",server/db/ddl/planes/neon/master/05_constraints.sql,2499
master.external_worker,"tenant_id, created_by",master.principal,"tenant_id, id",server/db/ddl/planes/neon/master/05_constraints.sql,2500
master.external_worker,"tenant_id, updated_by",master.principal,"tenant_id, id",server/db/ddl/planes/neon/master/05_constraints.sql,2501
master.external_worker,"tenant_id, status_changed_by",master.principal,"tenant_id, id",server/db/ddl/planes/neon/master/05_constraints.sql,2502
master.bank_account,"bank_institution_id,bank_branch_id",shared.bank_branch,"institution_id,id",server/db/ddl/planes/neon/master/05_constraints.sql,2505
master.bank_account,"tenant_id,provisional_bank_reference_id",master.bank_provisional_reference,"tenant_id,id",server/db/ddl/planes/neon/master/05_constraints.sql,2507
control.rounding_context,"tenant_id, company_code_id",master.company_code,"tenant_id, id",server/db/ddl/planes/neon/control/05_constraints.sql,4
control.owner_type,tenant_id,master.tenant,id,server/db/ddl/planes/neon/control/05_constraints.sql,9
control.owner_type_purpose,owner_type_id,control.owner_type,id,server/db/ddl/planes/neon/control/05_constraints.sql,15
control.org_unit_type,tenant_id,master.tenant,id,server/db/ddl/planes/neon/control/05_constraints.sql,21
control.org_unit_type,"tenant_id, created_by",master.principal,"tenant_id, id",server/db/ddl/planes/neon/control/05_constraints.sql,26
control.risk_source_config,tenant_id,master.tenant,id,server/db/ddl/planes/neon/control/05_constraints.sql,31
control.risk_source_config,source_code,master.risk_source,code,server/db/ddl/planes/neon/control/05_constraints.sql,33
control.risk_source_config,"tenant_id, connector_instance_id",control.connector_instance,"tenant_id, id",server/db/ddl/planes/neon/control/05_constraints.sql,36
control.risk_source_config,"tenant_id, status_changed_by",master.principal,"tenant_id, id",server/db/ddl/planes/neon/control/05_constraints.sql,39
control.risk_source_config,"tenant_id, created_by",master.principal,"tenant_id, id",server/db/ddl/planes/neon/control/05_constraints.sql,42
control.risk_source_config,"tenant_id, updated_by",master.principal,"tenant_id, id",server/db/ddl/planes/neon/control/05_constraints.sql,45
control.formula_expression,tenant_id,master.tenant,id,server/db/ddl/planes/neon/control/05_constraints.sql,49
control.formula_expression_version,tenant_id,master.tenant,id,server/db/ddl/planes/neon/control/05_constraints.sql,53
control.formula_expression_version,"tenant_id, formula_expression_id",control.formula_expression,"tenant_id, id",server/db/ddl/planes/neon/control/05_constraints.sql,56
control.rate_table,tenant_id,master.tenant,id,server/db/ddl/planes/neon/control/05_constraints.sql,60
control.rate_table,country_code,shared.country,code,server/db/ddl/planes/neon/control/05_constraints.sql,62
control.rate_table,currency_code,shared.currency,code,server/db/ddl/planes/neon/control/05_constraints.sql,64
control.rate_table_row,tenant_id,master.tenant,id,server/db/ddl/planes/neon/control/05_constraints.sql,68
control.rate_table_row,"tenant_id, rate_table_id",control.rate_table,"tenant_id, id",server/db/ddl/planes/neon/control/05_constraints.sql,71
control.formula_expression,created_by,master.principal,id,server/db/ddl/planes/neon/control/05_constraints.sql,75
control.formula_expression,updated_by,master.principal,id,server/db/ddl/planes/neon/control/05_constraints.sql,77
control.formula_expression,status_changed_by,master.principal,id,server/db/ddl/planes/neon/control/05_constraints.sql,79
control.formula_expression_version,created_by,master.principal,id,server/db/ddl/planes/neon/control/05_constraints.sql,83
control.formula_expression_version,updated_by,master.principal,id,server/db/ddl/planes/neon/control/05_constraints.sql,85
control.formula_expression_version,published_by,master.principal,id,server/db/ddl/planes/neon/control/05_constraints.sql,87
control.rate_table,created_by,master.principal,id,server/db/ddl/planes/neon/control/05_constraints.sql,91
control.rate_table,updated_by,master.principal,id,server/db/ddl/planes/neon/control/05_constraints.sql,93
control.rate_table,status_changed_by,master.principal,id,server/db/ddl/planes/neon/control/05_constraints.sql,95
control.rate_table_row,created_by,master.principal,id,server/db/ddl/planes/neon/control/05_constraints.sql,99
control.rate_table_row,updated_by,master.principal,id,server/db/ddl/planes/neon/control/05_constraints.sql,101
control.item_inventory_policy,"tenant_id, company_code_id, item_id",master.item,"tenant_id, company_code_id, id",server/db/ddl/planes/neon/control/05_constraints.sql,106
control.item_inventory_policy,"tenant_id, created_by",master.principal,"tenant_id, id",server/db/ddl/planes/neon/control/05_constraints.sql,110
control.item_inventory_policy,"tenant_id, updated_by",master.principal,"tenant_id, id",server/db/ddl/planes/neon/control/05_constraints.sql,114
control.item_inventory_policy,"tenant_id, status_changed_by",master.principal,"tenant_id, id",server/db/ddl/planes/neon/control/05_constraints.sql,118
control.planning_model,"tenant_id, company_code_id",master.company_code,"tenant_id, id",server/db/ddl/planes/neon/control/05_constraints.sql,135
control.planning_model,"tenant_id, ledger_book_id",master.ledger_book,"tenant_id, id",server/db/ddl/planes/neon/control/05_constraints.sql,137
control.planning_model,base_currency_code,shared.currency,code,server/db/ddl/planes/neon/control/05_constraints.sql,139
control.planning_model,"tenant_id, based_on_model_id",control.planning_model,"tenant_id, id",server/db/ddl/planes/neon/control/05_constraints.sql,141
control.planning_model,"tenant_id, responsible_principal_id",master.principal,"tenant_id, id",server/db/ddl/planes/neon/control/05_constraints.sql,143
control.planning_model,"tenant_id, created_by",master.principal,"tenant_id, id",server/db/ddl/planes/neon/control/05_constraints.sql,145
control.planning_driver,"tenant_id, planning_model_id",control.planning_model,"tenant_id, id",server/db/ddl/planes/neon/control/05_constraints.sql,149
control.planning_driver,uom_code,shared.uom,code,server/db/ddl/planes/neon/control/05_constraints.sql,151
control.planning_driver,"tenant_id, formula_expression_id",control.formula_expression,"tenant_id, id",server/db/ddl/planes/neon/control/05_constraints.sql,153
control.planning_driver,"tenant_id, created_by",master.principal,"tenant_id, id",server/db/ddl/planes/neon/control/05_constraints.sql,155
control.planning_driver_dependency,"tenant_id, planning_model_id",control.planning_model,"tenant_id, id",server/db/ddl/planes/neon/control/05_constraints.sql,159
control.planning_driver_dependency,"tenant_id, planning_model_id, planning_driver_id",control.planning_driver,"tenant_id, planning_model_id, id",server/db/ddl/planes/neon/control/05_constraints.sql,162
control.planning_driver_dependency,"tenant_id, planning_model_id, depends_on_driver_id",control.planning_driver,"tenant_id, planning_model_id, id",server/db/ddl/planes/neon/control/05_constraints.sql,165
control.planning_driver_dependency,"tenant_id, created_by",master.principal,"tenant_id, id",server/db/ddl/planes/neon/control/05_constraints.sql,167
control.budget_control_policy,tenant_id,master.tenant,id,server/db/ddl/planes/neon/control/05_constraints.sql,171
control.budget_control_policy,"tenant_id, company_code_id",master.company_code,"tenant_id, id",server/db/ddl/planes/neon/control/05_constraints.sql,174
control.budget_control_policy,"tenant_id, ledger_book_id",master.ledger_book,"tenant_id, id",server/db/ddl/planes/neon/control/05_constraints.sql,177
control.budget_control_policy,override_policy_definition_id,control.policy_definition,id,server/db/ddl/planes/neon/control/05_constraints.sql,180
control.budget_control_policy,"tenant_id, supersedes_id",control.budget_control_policy,"tenant_id, id",server/db/ddl/planes/neon/control/05_constraints.sql,183
control.budget_control_policy,"tenant_id, created_by",master.principal,"tenant_id, id",server/db/ddl/planes/neon/control/05_constraints.sql,186
control.budget_control_policy,"tenant_id, updated_by",master.principal,"tenant_id, id",server/db/ddl/planes/neon/control/05_constraints.sql,189
control.budget_control_policy,"tenant_id, status_changed_by",master.principal,"tenant_id, id",server/db/ddl/planes/neon/control/05_constraints.sql,192
control.payment_execution_profile,tenant_id,master.tenant,id,server/db/ddl/planes/neon/control/05_constraints.sql,205
control.payment_execution_profile,"tenant_id, connector_instance_id",control.connector_instance,"tenant_id, id",server/db/ddl/planes/neon/control/05_constraints.sql,208
control.payment_execution_profile,"tenant_id, created_by",master.principal,"tenant_id, id",server/db/ddl/planes/neon/control/05_constraints.sql,210
control.payment_execution_profile,"tenant_id, updated_by",master.principal,"tenant_id, id",server/db/ddl/planes/neon/control/05_constraints.sql,212
control.payment_execution_profile,"tenant_id, status_changed_by",master.principal,"tenant_id, id",server/db/ddl/planes/neon/control/05_constraints.sql,214
control.asset_class_book_policy,tenant_id,master.tenant,id,server/db/ddl/planes/neon/control/05_constraints.sql,218
control.asset_class_book_policy,"tenant_id, company_code_id",master.company_code,"tenant_id, id",server/db/ddl/planes/neon/control/05_constraints.sql,221
control.asset_class_book_policy,"tenant_id, asset_class_id",master.asset_class,"tenant_id, id",server/db/ddl/planes/neon/control/05_constraints.sql,224
control.asset_class_book_policy,"tenant_id, ledger_book_id",master.ledger_book,"tenant_id, id",server/db/ddl/planes/neon/control/05_constraints.sql,227
control.asset_class_book_policy,"tenant_id, created_by",master.principal,"tenant_id, id",server/db/ddl/planes/neon/control/05_constraints.sql,230
control.asset_class_book_policy,"tenant_id, updated_by",master.principal,"tenant_id, id",server/db/ddl/planes/neon/control/05_constraints.sql,233
control.asset_class_book_policy,"tenant_id, status_changed_by",master.principal,"tenant_id, id",server/db/ddl/planes/neon/control/05_constraints.sql,236
control.commodity_code_classification_policy,tenant_id,master.tenant,id,server/db/ddl/planes/neon/control/05_constraints.sql,254
control.commodity_code_classification_policy,"tenant_id, created_by",master.principal,"tenant_id, id",server/db/ddl/planes/neon/control/05_constraints.sql,257
control.commodity_code_classification_policy,"tenant_id, updated_by",master.principal,"tenant_id, id",server/db/ddl/planes/neon/control/05_constraints.sql,260
control.commodity_code_classification_policy,"tenant_id, status_changed_by",master.principal,"tenant_id, id",server/db/ddl/planes/neon/control/05_constraints.sql,263
control.commodity_category_buy_policy,tenant_id,master.tenant,id,server/db/ddl/planes/neon/control/05_constraints.sql,267
control.commodity_category_buy_policy,"tenant_id, commodity_category_id",master.commodity_category,"tenant_id, id",server/db/ddl/planes/neon/control/05_constraints.sql,270
control.commodity_category_buy_policy,"tenant_id, company_code_id",master.company_code,"tenant_id, id",server/db/ddl/planes/neon/control/05_constraints.sql,273
control.commodity_category_buy_policy,"
            tenant_id, company_code_id, company_code_supplier_profile_id
        ",master.company_code_supplier_profile,"
            tenant_id, company_code_id, id
        ",server/db/ddl/planes/neon/control/05_constraints.sql,277
control.commodity_category_buy_policy,"tenant_id, business_intent_id",master.business_intent,"tenant_id, id",server/db/ddl/planes/neon/control/05_constraints.sql,282
control.commodity_category_buy_policy,"tenant_id, created_by",master.principal,"tenant_id, id",server/db/ddl/planes/neon/control/05_constraints.sql,285
control.commodity_category_buy_policy,"tenant_id, updated_by",master.principal,"tenant_id, id",server/db/ddl/planes/neon/control/05_constraints.sql,288
control.commodity_category_buy_policy,"tenant_id, status_changed_by",master.principal,"tenant_id, id",server/db/ddl/planes/neon/control/05_constraints.sql,291
control.commodity_category_sell_policy,tenant_id,master.tenant,id,server/db/ddl/planes/neon/control/05_constraints.sql,295
control.commodity_category_sell_policy,"tenant_id, commodity_category_id",master.commodity_category,"tenant_id, id",server/db/ddl/planes/neon/control/05_constraints.sql,298
control.commodity_category_sell_policy,"tenant_id, company_code_id",master.company_code,"tenant_id, id",server/db/ddl/planes/neon/control/05_constraints.sql,301
control.commodity_category_sell_policy,"
            tenant_id, company_code_id, company_code_customer_profile_id
        ",master.company_code_customer_profile,"
            tenant_id, company_code_id, id
        ",server/db/ddl/planes/neon/control/05_constraints.sql,305
control.commodity_category_sell_policy,"tenant_id, business_intent_id",master.business_intent,"tenant_id, id",server/db/ddl/planes/neon/control/05_constraints.sql,310
control.commodity_category_sell_policy,"tenant_id, created_by",master.principal,"tenant_id, id",server/db/ddl/planes/neon/control/05_constraints.sql,313
control.commodity_category_sell_policy,"tenant_id, updated_by",master.principal,"tenant_id, id",server/db/ddl/planes/neon/control/05_constraints.sql,316
control.commodity_category_sell_policy,"tenant_id, status_changed_by",master.principal,"tenant_id, id",server/db/ddl/planes/neon/control/05_constraints.sql,319
control.commodity_category_inventory_policy,tenant_id,master.tenant,id,server/db/ddl/planes/neon/control/05_constraints.sql,323
control.commodity_category_inventory_policy,"tenant_id, commodity_category_id",master.commodity_category,"tenant_id, id",server/db/ddl/planes/neon/control/05_constraints.sql,326
control.commodity_category_inventory_policy,"tenant_id, company_code_id",master.company_code,"tenant_id, id",server/db/ddl/planes/neon/control/05_constraints.sql,329
control.commodity_category_inventory_policy,"tenant_id, created_by",master.principal,"tenant_id, id",server/db/ddl/planes/neon/control/05_constraints.sql,332
control.commodity_category_inventory_policy,"tenant_id, updated_by",master.principal,"tenant_id, id",server/db/ddl/planes/neon/control/05_constraints.sql,335
control.commodity_category_inventory_policy,"tenant_id, status_changed_by",master.principal,"tenant_id, id",server/db/ddl/planes/neon/control/05_constraints.sql,338
control.procurement_match_tolerance_policy,tenant_id,master.tenant,id,server/db/ddl/planes/neon/control/05_constraints.sql,418
control.procurement_match_tolerance_policy,"tenant_id, company_code_id",master.company_code,"tenant_id, id",server/db/ddl/planes/neon/control/05_constraints.sql,421
control.procurement_match_tolerance_policy,"tenant_id, created_by",master.principal,"tenant_id, id",server/db/ddl/planes/neon/control/05_constraints.sql,424
control.procurement_match_tolerance_policy,"tenant_id, updated_by",master.principal,"tenant_id, id",server/db/ddl/planes/neon/control/05_constraints.sql,427
control.procurement_match_tolerance_policy,"tenant_id, status_changed_by",master.principal,"tenant_id, id",server/db/ddl/planes/neon/control/05_constraints.sql,430
control.fx_policy,tenant_id,master.tenant,id,server/db/ddl/planes/neon/control/05_constraints.sql,457
control.fx_policy,"tenant_id, company_code_id",master.company_code,"tenant_id, id",server/db/ddl/planes/neon/control/05_constraints.sql,460
control.fx_policy,"tenant_id, ledger_book_id",master.ledger_book,"tenant_id, id",server/db/ddl/planes/neon/control/05_constraints.sql,463
control.fx_policy,pivot_currency_code,shared.currency,code,server/db/ddl/planes/neon/control/05_constraints.sql,465
control.fx_policy,"tenant_id, supersedes_id",control.fx_policy,"tenant_id, id",server/db/ddl/planes/neon/control/05_constraints.sql,468
control.fx_policy,"tenant_id, created_by",master.principal,"tenant_id, id",server/db/ddl/planes/neon/control/05_constraints.sql,471
control.fx_policy,"tenant_id, updated_by",master.principal,"tenant_id, id",server/db/ddl/planes/neon/control/05_constraints.sql,474
control.fx_policy,"tenant_id, status_changed_by",master.principal,"tenant_id, id",server/db/ddl/planes/neon/control/05_constraints.sql,477
control.dimension_policy,tenant_id,master.tenant,id,server/db/ddl/planes/neon/control/05_constraints.sql,495
control.dimension_policy,"tenant_id, dimension_type_id",master.dimension_type,"tenant_id, id",server/db/ddl/planes/neon/control/05_constraints.sql,498
control.dimension_policy,"tenant_id, company_code_id",master.company_code,"tenant_id, id",server/db/ddl/planes/neon/control/05_constraints.sql,501
control.dimension_policy,"tenant_id, scope_account_id",master.gl_account,"tenant_id, id",server/db/ddl/planes/neon/control/05_constraints.sql,504
control.dimension_policy,"tenant_id, scope_book_id",master.ledger_book,"tenant_id, id",server/db/ddl/planes/neon/control/05_constraints.sql,507
control.dimension_policy,"tenant_id, depends_on_dimension_type_id",master.dimension_type,"tenant_id, id",server/db/ddl/planes/neon/control/05_constraints.sql,510
control.dimension_policy,"tenant_id, mutually_exclusive_dimension_type_id",master.dimension_type,"tenant_id, id",server/db/ddl/planes/neon/control/05_constraints.sql,513
control.dimension_policy,"tenant_id, supersedes_id",control.dimension_policy,"tenant_id, id",server/db/ddl/planes/neon/control/05_constraints.sql,516
control.dimension_policy,"tenant_id, created_by",master.principal,"tenant_id, id",server/db/ddl/planes/neon/control/05_constraints.sql,519
control.dimension_policy,"tenant_id, updated_by",master.principal,"tenant_id, id",server/db/ddl/planes/neon/control/05_constraints.sql,522
control.dimension_policy,"tenant_id, status_changed_by",master.principal,"tenant_id, id",server/db/ddl/planes/neon/control/05_constraints.sql,525
control.dimension_policy_allowed_value,tenant_id,master.tenant,id,server/db/ddl/planes/neon/control/05_constraints.sql,552
control.dimension_policy_allowed_value,"tenant_id, policy_id, dimension_type_id",control.dimension_policy,"tenant_id, id, dimension_type_id",server/db/ddl/planes/neon/control/05_constraints.sql,555
control.dimension_policy_allowed_value,"tenant_id, dimension_type_id, dimension_value_id",master.dimension_value,"tenant_id, dimension_type_id, id",server/db/ddl/planes/neon/control/05_constraints.sql,559
control.dimension_policy_allowed_value,"tenant_id, created_by",master.principal,"tenant_id, id",server/db/ddl/planes/neon/control/05_constraints.sql,562
control.tax_rate_schedule,tenant_id,master.tenant,id,server/db/ddl/planes/neon/control/05_constraints.sql,566
control.tax_rate_schedule,"tenant_id, jurisdiction_id",master.tax_jurisdiction,"tenant_id, id",server/db/ddl/planes/neon/control/05_constraints.sql,568
control.tax_rate_schedule,"tenant_id, tax_type_id",master.tax_type,"tenant_id, id",server/db/ddl/planes/neon/control/05_constraints.sql,570
control.tax_rate_schedule,rate_currency,shared.currency,code,server/db/ddl/planes/neon/control/05_constraints.sql,572
control.tax_rate_schedule,rate_uom_code,shared.uom,code,server/db/ddl/planes/neon/control/05_constraints.sql,574
control.tax_rate_schedule,"tenant_id, created_by",master.principal,"tenant_id, id",server/db/ddl/planes/neon/control/05_constraints.sql,576
control.tax_rate_schedule,"tenant_id, updated_by",master.principal,"tenant_id, id",server/db/ddl/planes/neon/control/05_constraints.sql,578
control.tax_rate_schedule,"tenant_id, status_changed_by",master.principal,"tenant_id, id",server/db/ddl/planes/neon/control/05_constraints.sql,580
control.tax_group,tenant_id,master.tenant,id,server/db/ddl/planes/neon/control/05_constraints.sql,595
control.tax_group,"tenant_id, jurisdiction_id",master.tax_jurisdiction,"tenant_id, id",server/db/ddl/planes/neon/control/05_constraints.sql,597
control.tax_group,"tenant_id, rounding_rule_id",control.rounding_rule,"tenant_id, id",server/db/ddl/planes/neon/control/05_constraints.sql,599
control.tax_group,"tenant_id, supersedes_tax_group_id",control.tax_group,"tenant_id, id",server/db/ddl/planes/neon/control/05_constraints.sql,601
control.tax_group,"tenant_id, created_by",master.principal,"tenant_id, id",server/db/ddl/planes/neon/control/05_constraints.sql,603
control.tax_group,"tenant_id, updated_by",master.principal,"tenant_id, id",server/db/ddl/planes/neon/control/05_constraints.sql,605
control.tax_group,"tenant_id, status_changed_by",master.principal,"tenant_id, id",server/db/ddl/planes/neon/control/05_constraints.sql,607
control.tax_group_component,tenant_id,master.tenant,id,server/db/ddl/planes/neon/control/05_constraints.sql,619
control.tax_group_component,"tenant_id, tax_group_id",control.tax_group,"tenant_id, id",server/db/ddl/planes/neon/control/05_constraints.sql,621
control.tax_group_component,"tenant_id, tax_rate_schedule_id",control.tax_rate_schedule,"tenant_id, id",server/db/ddl/planes/neon/control/05_constraints.sql,623
control.tax_group_component,"tenant_id, created_by",master.principal,"tenant_id, id",server/db/ddl/planes/neon/control/05_constraints.sql,625
control.tax_resolution_rule,tenant_id,master.tenant,id,server/db/ddl/planes/neon/control/05_constraints.sql,629
control.tax_resolution_rule,"tenant_id, scope_company_code_id",master.company_code,"tenant_id, id",server/db/ddl/planes/neon/control/05_constraints.sql,631
control.tax_resolution_rule,"tenant_id, scope_billto_jurisdiction_id",master.tax_jurisdiction,"tenant_id, id",server/db/ddl/planes/neon/control/05_constraints.sql,633
control.tax_resolution_rule,"tenant_id, scope_shipto_jurisdiction_id",master.tax_jurisdiction,"tenant_id, id",server/db/ddl/planes/neon/control/05_constraints.sql,635
control.tax_resolution_rule,"tenant_id, scope_billfrom_jurisdiction_id",master.tax_jurisdiction,"tenant_id, id",server/db/ddl/planes/neon/control/05_constraints.sql,637
control.tax_resolution_rule,"tenant_id, scope_shipfrom_jurisdiction_id",master.tax_jurisdiction,"tenant_id, id",server/db/ddl/planes/neon/control/05_constraints.sql,639
control.tax_resolution_rule,"tenant_id, scope_commodity_category_id",master.commodity_category,"tenant_id, id",server/db/ddl/planes/neon/control/05_constraints.sql,641
control.tax_resolution_rule,"tenant_id, resolved_tax_group_id",control.tax_group,"tenant_id, id",server/db/ddl/planes/neon/control/05_constraints.sql,643
control.tax_resolution_rule,"tenant_id, created_by",master.principal,"tenant_id, id",server/db/ddl/planes/neon/control/05_constraints.sql,645
control.tax_resolution_rule,"tenant_id, updated_by",master.principal,"tenant_id, id",server/db/ddl/planes/neon/control/05_constraints.sql,647
control.tax_resolution_rule,"tenant_id, status_changed_by",master.principal,"tenant_id, id",server/db/ddl/planes/neon/control/05_constraints.sql,649
control.wht_threshold_config,tenant_id,master.tenant,id,server/db/ddl/planes/neon/control/05_constraints.sql,661
control.wht_threshold_config,"tenant_id, company_code_id",master.company_code,"tenant_id, id",server/db/ddl/planes/neon/control/05_constraints.sql,663
control.wht_threshold_config,"tenant_id, jurisdiction_id",master.tax_jurisdiction,"tenant_id, id",server/db/ddl/planes/neon/control/05_constraints.sql,665
control.wht_threshold_config,"tenant_id, tax_type_id",master.tax_type,"tenant_id, id",server/db/ddl/planes/neon/control/05_constraints.sql,667
control.wht_threshold_config,threshold_currency,shared.currency,code,server/db/ddl/planes/neon/control/05_constraints.sql,669
control.wht_threshold_config,"tenant_id, created_by",master.principal,"tenant_id, id",server/db/ddl/planes/neon/control/05_constraints.sql,671
control.wht_threshold_config,"tenant_id, updated_by",master.principal,"tenant_id, id",server/db/ddl/planes/neon/control/05_constraints.sql,673
control.wht_threshold_config,"tenant_id, status_changed_by",master.principal,"tenant_id, id",server/db/ddl/planes/neon/control/05_constraints.sql,675
control.accounting_profile_policy,tenant_id,master.tenant,id,server/db/ddl/planes/neon/control/05_constraints.sql,691
control.accounting_profile_policy,"tenant_id, accounting_profile_id",master.accounting_profile,"tenant_id, id",server/db/ddl/planes/neon/control/05_constraints.sql,694
control.accounting_profile_policy,"tenant_id, supersedes_policy_id",control.accounting_profile_policy,"tenant_id, id",server/db/ddl/planes/neon/control/05_constraints.sql,697
control.accounting_profile_policy,"tenant_id, created_by",master.principal,"tenant_id, id",server/db/ddl/planes/neon/control/05_constraints.sql,699
control.accounting_profile_policy,"tenant_id, updated_by",master.principal,"tenant_id, id",server/db/ddl/planes/neon/control/05_constraints.sql,701
control.accounting_profile_policy,"tenant_id, status_changed_by",master.principal,"tenant_id, id",server/db/ddl/planes/neon/control/05_constraints.sql,703
control.accounting_profile_event,tenant_id,master.tenant,id,server/db/ddl/planes/neon/control/05_constraints.sql,715
control.accounting_profile_event,"tenant_id, accounting_profile_policy_id",control.accounting_profile_policy,"tenant_id, id",server/db/ddl/planes/neon/control/05_constraints.sql,718
control.accounting_profile_event,"tenant_id, created_by",master.principal,"tenant_id, id",server/db/ddl/planes/neon/control/05_constraints.sql,720
control.accounting_profile_entry,tenant_id,master.tenant,id,server/db/ddl/planes/neon/control/05_constraints.sql,724
control.accounting_profile_entry,"tenant_id, accounting_profile_event_id",control.accounting_profile_event,"tenant_id, id",server/db/ddl/planes/neon/control/05_constraints.sql,727
control.accounting_profile_entry,"tenant_id, condition_type_id",master.condition_type,"tenant_id, id",server/db/ddl/planes/neon/control/05_constraints.sql,730
control.accounting_profile_entry,"tenant_id, created_by",master.principal,"tenant_id, id",server/db/ddl/planes/neon/control/05_constraints.sql,732
control.accounting_profile_assignment,tenant_id,master.tenant,id,server/db/ddl/planes/neon/control/05_constraints.sql,736
control.accounting_profile_assignment,"tenant_id, company_code_id",master.company_code,"tenant_id, id",server/db/ddl/planes/neon/control/05_constraints.sql,738
control.accounting_profile_assignment,"tenant_id, business_intent_id",master.business_intent,"tenant_id, id",server/db/ddl/planes/neon/control/05_constraints.sql,740
control.accounting_profile_assignment,"tenant_id, accounting_profile_policy_id",control.accounting_profile_policy,"tenant_id, id",server/db/ddl/planes/neon/control/05_constraints.sql,743
control.accounting_profile_assignment,"tenant_id, created_by",master.principal,"tenant_id, id",server/db/ddl/planes/neon/control/05_constraints.sql,745
control.accounting_profile_assignment,"tenant_id, updated_by",master.principal,"tenant_id, id",server/db/ddl/planes/neon/control/05_constraints.sql,747
control.accounting_profile_assignment,"tenant_id, status_changed_by",master.principal,"tenant_id, id",server/db/ddl/planes/neon/control/05_constraints.sql,749
control.posting_role_account_assignment,tenant_id,master.tenant,id,server/db/ddl/planes/neon/control/05_constraints.sql,764
control.posting_role_account_assignment,"tenant_id, company_code_id",master.company_code,"tenant_id, id",server/db/ddl/planes/neon/control/05_constraints.sql,766
control.posting_role_account_assignment,"tenant_id, ledger_book_id",master.ledger_book,"tenant_id, id",server/db/ddl/planes/neon/control/05_constraints.sql,768
control.posting_role_account_assignment,"tenant_id, gl_account_id",master.gl_account,"tenant_id, id",server/db/ddl/planes/neon/control/05_constraints.sql,770
control.posting_role_account_assignment,"tenant_id, supersedes_assignment_id",control.posting_role_account_assignment,"tenant_id, id",server/db/ddl/planes/neon/control/05_constraints.sql,773
control.posting_role_account_assignment,"tenant_id, created_by",master.principal,"tenant_id, id",server/db/ddl/planes/neon/control/05_constraints.sql,775
control.posting_role_account_assignment,"tenant_id, updated_by",master.principal,"tenant_id, id",server/db/ddl/planes/neon/control/05_constraints.sql,777
control.posting_role_account_assignment,"tenant_id, status_changed_by",master.principal,"tenant_id, id",server/db/ddl/planes/neon/control/05_constraints.sql,779
control.cross_book_posting_policy,tenant_id,master.tenant,id,server/db/ddl/planes/neon/control/05_constraints.sql,793
control.cross_book_posting_policy,"tenant_id, company_code_id",master.company_code,"tenant_id, id",server/db/ddl/planes/neon/control/05_constraints.sql,795
control.cross_book_posting_policy,"tenant_id, source_book_id",master.ledger_book,"tenant_id, id",server/db/ddl/planes/neon/control/05_constraints.sql,797
control.cross_book_posting_policy,"tenant_id, target_book_id",master.ledger_book,"tenant_id, id",server/db/ddl/planes/neon/control/05_constraints.sql,799
control.cross_book_posting_policy,"tenant_id, scope_business_intent_id",master.business_intent,"tenant_id, id",server/db/ddl/planes/neon/control/05_constraints.sql,801
control.cross_book_posting_policy,"tenant_id, supersedes_policy_id",control.cross_book_posting_policy,"tenant_id, id",server/db/ddl/planes/neon/control/05_constraints.sql,804
control.cross_book_posting_policy,"tenant_id, created_by",master.principal,"tenant_id, id",server/db/ddl/planes/neon/control/05_constraints.sql,806
control.cross_book_posting_policy,"tenant_id, updated_by",master.principal,"tenant_id, id",server/db/ddl/planes/neon/control/05_constraints.sql,808
control.cross_book_posting_policy,"tenant_id, status_changed_by",master.principal,"tenant_id, id",server/db/ddl/planes/neon/control/05_constraints.sql,810
control.cross_book_account_assignment,tenant_id,master.tenant,id,server/db/ddl/planes/neon/control/05_constraints.sql,826
control.cross_book_account_assignment,"tenant_id, cross_book_posting_policy_id",control.cross_book_posting_policy,"tenant_id, id",server/db/ddl/planes/neon/control/05_constraints.sql,829
control.cross_book_account_assignment,"tenant_id, source_gl_account_id",master.gl_account,"tenant_id, id",server/db/ddl/planes/neon/control/05_constraints.sql,831
control.cross_book_account_assignment,"tenant_id, target_gl_account_id",master.gl_account,"tenant_id, id",server/db/ddl/planes/neon/control/05_constraints.sql,833
control.cross_book_account_assignment,"tenant_id, created_by",master.principal,"tenant_id, id",server/db/ddl/planes/neon/control/05_constraints.sql,835
control.fiscal_calendar_config,tenant_id,master.tenant,id,server/db/ddl/planes/neon/control/05_constraints.sql,839
control.fiscal_calendar_config,"tenant_id, supersedes_id",control.fiscal_calendar_config,"tenant_id, id",server/db/ddl/planes/neon/control/05_constraints.sql,842
control.fiscal_calendar_config,"tenant_id, created_by",master.principal,"tenant_id, id",server/db/ddl/planes/neon/control/05_constraints.sql,845
control.fiscal_calendar_config,"tenant_id, updated_by",master.principal,"tenant_id, id",server/db/ddl/planes/neon/control/05_constraints.sql,848
control.fiscal_calendar_config,"tenant_id, status_changed_by",master.principal,"tenant_id, id",server/db/ddl/planes/neon/control/05_constraints.sql,851
control.fiscal_calendar_period_rule,tenant_id,master.tenant,id,server/db/ddl/planes/neon/control/05_constraints.sql,855
control.fiscal_calendar_period_rule,"tenant_id, fiscal_calendar_config_id",control.fiscal_calendar_config,"tenant_id, id",server/db/ddl/planes/neon/control/05_constraints.sql,858
control.fiscal_calendar_period_rule,"tenant_id, created_by",master.principal,"tenant_id, id",server/db/ddl/planes/neon/control/05_constraints.sql,862
control.company_fiscal_calendar_assignment,tenant_id,master.tenant,id,server/db/ddl/planes/neon/control/05_constraints.sql,866
control.company_fiscal_calendar_assignment,"tenant_id, company_code_id",master.company_code,"tenant_id, id",server/db/ddl/planes/neon/control/05_constraints.sql,869
control.company_fiscal_calendar_assignment,"tenant_id, fiscal_calendar_config_id",control.fiscal_calendar_config,"tenant_id, id",server/db/ddl/planes/neon/control/05_constraints.sql,872
control.company_fiscal_calendar_assignment,"tenant_id, created_by",master.principal,"tenant_id, id",server/db/ddl/planes/neon/control/05_constraints.sql,875
control.company_fiscal_calendar_assignment,"tenant_id, updated_by",master.principal,"tenant_id, id",server/db/ddl/planes/neon/control/05_constraints.sql,878
control.company_fiscal_calendar_assignment,"tenant_id, status_changed_by",master.principal,"tenant_id, id",server/db/ddl/planes/neon/control/05_constraints.sql,881
master.fiscal_period,"tenant_id, fiscal_calendar_config_id",control.fiscal_calendar_config,"tenant_id, id",server/db/ddl/planes/neon/control/05_constraints.sql,896
control.business_partner_qualification,tenant_id,master.tenant,id,server/db/ddl/planes/neon/control/05_constraints.sql,901
control.business_partner_qualification,"tenant_id, business_partner_id",master.business_partner,"tenant_id, id",server/db/ddl/planes/neon/control/05_constraints.sql,904
control.business_partner_qualification,"tenant_id, operating_organization_id",master.operating_organization,"tenant_id, id",server/db/ddl/planes/neon/control/05_constraints.sql,907
control.business_partner_qualification,"tenant_id, company_code_id",master.company_code,"tenant_id, id",server/db/ddl/planes/neon/control/05_constraints.sql,910
control.business_partner_qualification,"tenant_id, commodity_capability_id",master.business_partner_commodity_capability,"tenant_id, id",server/db/ddl/planes/neon/control/05_constraints.sql,913
control.business_partner_qualification,"tenant_id, risk_assessment_id",master.party_risk_assessment,"tenant_id, id",server/db/ddl/planes/neon/control/05_constraints.sql,917
control.business_partner_qualification,"tenant_id, reviewed_by",master.principal,"tenant_id, id",server/db/ddl/planes/neon/control/05_constraints.sql,920
control.business_partner_qualification,"tenant_id, approved_by",master.principal,"tenant_id, id",server/db/ddl/planes/neon/control/05_constraints.sql,923
control.business_partner_qualification,"tenant_id, created_by",master.principal,"tenant_id, id",server/db/ddl/planes/neon/control/05_constraints.sql,926
control.business_partner_qualification,"tenant_id, updated_by",master.principal,"tenant_id, id",server/db/ddl/planes/neon/control/05_constraints.sql,929
control.supplier_preference_designation,tenant_id,master.tenant,id,server/db/ddl/planes/neon/control/05_constraints.sql,933
control.supplier_preference_designation,"tenant_id, business_partner_id",master.business_partner,"tenant_id, id",server/db/ddl/planes/neon/control/05_constraints.sql,935
control.supplier_preference_designation,"tenant_id, supplier_id, business_partner_id",master.supplier,"tenant_id, id, business_partner_id",server/db/ddl/planes/neon/control/05_constraints.sql,938
control.supplier_preference_designation,"tenant_id, operating_organization_id",master.operating_organization,"tenant_id, id",server/db/ddl/planes/neon/control/05_constraints.sql,940
control.supplier_preference_designation,"tenant_id, company_code_id",master.company_code,"tenant_id, id",server/db/ddl/planes/neon/control/05_constraints.sql,942
control.supplier_preference_designation,"tenant_id, commodity_category_id",master.commodity_category,"tenant_id, id",server/db/ddl/planes/neon/control/05_constraints.sql,944
control.supplier_preference_designation,"tenant_id, reviewed_by",master.principal,"tenant_id, id",server/db/ddl/planes/neon/control/05_constraints.sql,946
control.supplier_preference_designation,"tenant_id, approved_by",master.principal,"tenant_id, id",server/db/ddl/planes/neon/control/05_constraints.sql,948
control.supplier_preference_designation,"tenant_id, revoked_by",master.principal,"tenant_id, id",server/db/ddl/planes/neon/control/05_constraints.sql,950
control.supplier_preference_designation,"tenant_id, created_by",master.principal,"tenant_id, id",server/db/ddl/planes/neon/control/05_constraints.sql,952
control.supplier_preference_designation,"tenant_id, updated_by",master.principal,"tenant_id, id",server/db/ddl/planes/neon/control/05_constraints.sql,954
control.customer_account_designation,tenant_id,master.tenant,id,server/db/ddl/planes/neon/control/05_constraints.sql,958
control.customer_account_designation,"tenant_id, business_partner_id",master.business_partner,"tenant_id, id",server/db/ddl/planes/neon/control/05_constraints.sql,960
control.customer_account_designation,"tenant_id, customer_id, business_partner_id",master.customer,"tenant_id, id, business_partner_id",server/db/ddl/planes/neon/control/05_constraints.sql,963
control.customer_account_designation,"tenant_id, operating_organization_id",master.operating_organization,"tenant_id, id",server/db/ddl/planes/neon/control/05_constraints.sql,965
control.customer_account_designation,"tenant_id, company_code_id",master.company_code,"tenant_id, id",server/db/ddl/planes/neon/control/05_constraints.sql,967
control.customer_account_designation,country_code,shared.country,code,server/db/ddl/planes/neon/control/05_constraints.sql,969
control.customer_account_designation,"tenant_id, reviewed_by",master.principal,"tenant_id, id",server/db/ddl/planes/neon/control/05_constraints.sql,971
control.customer_account_designation,"tenant_id, approved_by",master.principal,"tenant_id, id",server/db/ddl/planes/neon/control/05_constraints.sql,973
control.customer_account_designation,"tenant_id, revoked_by",master.principal,"tenant_id, id",server/db/ddl/planes/neon/control/05_constraints.sql,975
control.customer_account_designation,"tenant_id, created_by",master.principal,"tenant_id, id",server/db/ddl/planes/neon/control/05_constraints.sql,977
control.customer_account_designation,"tenant_id, updated_by",master.principal,"tenant_id, id",server/db/ddl/planes/neon/control/05_constraints.sql,979
control.business_partner_block,tenant_id,master.tenant,id,server/db/ddl/planes/neon/control/05_constraints.sql,984
control.business_partner_block,"tenant_id, business_partner_id",master.business_partner,"tenant_id, id",server/db/ddl/planes/neon/control/05_constraints.sql,987
control.business_partner_block,"tenant_id, operating_organization_id",master.operating_organization,"tenant_id, id",server/db/ddl/planes/neon/control/05_constraints.sql,990
control.business_partner_block,"tenant_id, company_code_id",master.company_code,"tenant_id, id",server/db/ddl/planes/neon/control/05_constraints.sql,993
control.business_partner_block,"tenant_id, blocked_by",master.principal,"tenant_id, id",server/db/ddl/planes/neon/control/05_constraints.sql,996
control.business_partner_block,"tenant_id, lifted_by",master.principal,"tenant_id, id",server/db/ddl/planes/neon/control/05_constraints.sql,999
control.business_partner_block,"tenant_id, created_by",master.principal,"tenant_id, id",server/db/ddl/planes/neon/control/05_constraints.sql,1002
control.business_partner_block,"tenant_id, updated_by",master.principal,"tenant_id, id",server/db/ddl/planes/neon/control/05_constraints.sql,1005
control.mesh_business_partner_profile_inbox,tenant_id,master.tenant,id,server/db/ddl/planes/neon/control/05_constraints.sql,1009
control.mesh_business_partner_profile_inbox,"tenant_id, received_by",master.principal,"tenant_id, id",server/db/ddl/planes/neon/control/05_constraints.sql,1011
control.mesh_business_partner_profile_processing_attempt,"tenant_id, inbox_event_id",control.mesh_business_partner_profile_inbox,"tenant_id, id",server/db/ddl/planes/neon/control/05_constraints.sql,1015
control.mesh_business_partner_profile_processing_attempt,"tenant_id, processed_by",master.principal,"tenant_id, id",server/db/ddl/planes/neon/control/05_constraints.sql,1017
control.mesh_workforce_claim_inbox,tenant_id,master.tenant,id,server/db/ddl/planes/neon/control/05_constraints.sql,1021
control.mesh_workforce_claim_inbox,"tenant_id, received_by",master.principal,"tenant_id, id",server/db/ddl/planes/neon/control/05_constraints.sql,1023
control.mesh_workforce_claim_processing_attempt,"tenant_id, inbox_id",control.mesh_workforce_claim_inbox,"tenant_id, id",server/db/ddl/planes/neon/control/05_constraints.sql,1027
control.mesh_workforce_claim_processing_attempt,"tenant_id, processed_by",master.principal,"tenant_id, id",server/db/ddl/planes/neon/control/05_constraints.sql,1029
control.mesh_business_partner_profile_projection,"tenant_id, current_snapshot_id",snapshot.mesh_business_partner_profile_received,"tenant_id, id",server/db/ddl/planes/neon/control/05_constraints.sql,1033
control.mesh_business_partner_profile_projection,"tenant_id, last_inbox_event_id",control.mesh_business_partner_profile_inbox,"tenant_id, id",server/db/ddl/planes/neon/control/05_constraints.sql,1035
control.mesh_business_partner_profile_projection,"tenant_id, updated_by",master.principal,"tenant_id, id",server/db/ddl/planes/neon/control/05_constraints.sql,1037
control.mesh_business_partner_account_link,tenant_id,master.tenant,id,server/db/ddl/planes/neon/control/05_constraints.sql,1039
control.mesh_business_partner_account_link,"tenant_id,profile_projection_id",control.mesh_business_partner_profile_projection,"tenant_id,id",server/db/ddl/planes/neon/control/05_constraints.sql,1040
control.mesh_business_partner_account_link,"tenant_id,business_partner_id",master.business_partner,"tenant_id,id",server/db/ddl/planes/neon/control/05_constraints.sql,1041
control.mesh_business_partner_account_link,"tenant_id,external_reference_id",master.external_reference,"tenant_id,id",server/db/ddl/planes/neon/control/05_constraints.sql,1042
control.mesh_business_partner_account_link,"tenant_id,onboarding_request_id",document.business_partner_request,"tenant_id,id",server/db/ddl/planes/neon/control/05_constraints.sql,1043
control.mesh_business_partner_account_link,"tenant_id,created_by",master.principal,"tenant_id,id",server/db/ddl/planes/neon/control/05_constraints.sql,1044
control.mesh_business_partner_account_link,"tenant_id,reviewed_by",master.principal,"tenant_id,id",server/db/ddl/planes/neon/control/05_constraints.sql,1045
control.mesh_business_partner_account_link,"tenant_id,approved_by",master.principal,"tenant_id,id",server/db/ddl/planes/neon/control/05_constraints.sql,1046
control.mesh_business_partner_account_link,"tenant_id,terminated_by",master.principal,"tenant_id,id",server/db/ddl/planes/neon/control/05_constraints.sql,1047
control.mesh_bank_account_disclosure_inbox,tenant_id,master.tenant,id,server/db/ddl/planes/neon/control/05_constraints.sql,1050
control.mesh_bank_account_disclosure_inbox,"tenant_id,received_by",master.principal,"tenant_id,id",server/db/ddl/planes/neon/control/05_constraints.sql,1051
control.mesh_bank_account_projection,tenant_id,master.tenant,id,server/db/ddl/planes/neon/control/05_constraints.sql,1054
control.mesh_bank_account_projection,"tenant_id,account_link_id",control.mesh_business_partner_account_link,"tenant_id,id",server/db/ddl/planes/neon/control/05_constraints.sql,1055
control.mesh_bank_account_projection,"tenant_id,current_snapshot_id",snapshot.mesh_bank_account_disclosure_received,"tenant_id,id",server/db/ddl/planes/neon/control/05_constraints.sql,1056
control.mesh_bank_account_projection,"tenant_id,last_inbox_event_id",control.mesh_bank_account_disclosure_inbox,"tenant_id,id",server/db/ddl/planes/neon/control/05_constraints.sql,1057
control.mesh_bank_account_projection,"tenant_id,updated_by",master.principal,"tenant_id,id",server/db/ddl/planes/neon/control/05_constraints.sql,1058
control.customer_credit_review,tenant_id,master.tenant,id,server/db/ddl/planes/neon/control/05_constraints.sql,1061
control.customer_credit_review,"tenant_id,business_partner_id",master.business_partner,"tenant_id,id",server/db/ddl/planes/neon/control/05_constraints.sql,1062
control.customer_credit_review,"tenant_id,customer_id,business_partner_id",master.customer,"tenant_id,id,business_partner_id",server/db/ddl/planes/neon/control/05_constraints.sql,1063
control.customer_credit_review,"tenant_id,operating_organization_id",master.operating_organization,"tenant_id,id",server/db/ddl/planes/neon/control/05_constraints.sql,1064
control.customer_credit_review,"tenant_id,company_code_id",master.company_code,"tenant_id,id",server/db/ddl/planes/neon/control/05_constraints.sql,1065
control.customer_credit_review,requested_currency_code,shared.currency,code,server/db/ddl/planes/neon/control/05_constraints.sql,1066
control.customer_credit_review,approved_currency_code,shared.currency,code,server/db/ddl/planes/neon/control/05_constraints.sql,1067
control.customer_credit_review,"tenant_id,reviewed_by",master.principal,"tenant_id,id",server/db/ddl/planes/neon/control/05_constraints.sql,1068
control.customer_credit_review,"tenant_id,approved_by",master.principal,"tenant_id,id",server/db/ddl/planes/neon/control/05_constraints.sql,1069
control.customer_credit_review,"tenant_id,created_by",master.principal,"tenant_id,id",server/db/ddl/planes/neon/control/05_constraints.sql,1070
control.customer_credit_review,"tenant_id,updated_by",master.principal,"tenant_id,id",server/db/ddl/planes/neon/control/05_constraints.sql,1071
control.customer_lifecycle_event,tenant_id,master.tenant,id,server/db/ddl/planes/neon/control/05_constraints.sql,1074
control.customer_lifecycle_event,"tenant_id,business_partner_id",master.business_partner,"tenant_id,id",server/db/ddl/planes/neon/control/05_constraints.sql,1075
control.customer_lifecycle_event,"tenant_id,customer_id,business_partner_id",master.customer,"tenant_id,id,business_partner_id",server/db/ddl/planes/neon/control/05_constraints.sql,1076
control.customer_lifecycle_event,"tenant_id,operating_organization_id",master.operating_organization,"tenant_id,id",server/db/ddl/planes/neon/control/05_constraints.sql,1077
control.customer_lifecycle_event,"tenant_id,company_code_id",master.company_code,"tenant_id,id",server/db/ddl/planes/neon/control/05_constraints.sql,1078
control.customer_lifecycle_event,"tenant_id,occurred_by",master.principal,"tenant_id,id",server/db/ddl/planes/neon/control/05_constraints.sql,1079
control.business_partner_mutation_evidence,tenant_id,master.tenant,id,server/db/ddl/planes/neon/control/05_constraints.sql,1082
control.business_partner_mutation_evidence,"tenant_id,business_partner_id",master.business_partner,"tenant_id,id",server/db/ddl/planes/neon/control/05_constraints.sql,1083
control.business_partner_mutation_evidence,"tenant_id,occurred_by",master.principal,"tenant_id,id",server/db/ddl/planes/neon/control/05_constraints.sql,1084
control.external_workforce_rate_card,tenant_id,master.tenant,id,server/db/ddl/planes/neon/control/05_constraints.sql,1086
control.external_workforce_rate_card,"tenant_id, company_code_id",master.company_code,"tenant_id, id",server/db/ddl/planes/neon/control/05_constraints.sql,1087
control.external_workforce_rate_card,"tenant_id, created_by",master.principal,"tenant_id, id",server/db/ddl/planes/neon/control/05_constraints.sql,1088
control.external_workforce_rate_card,"tenant_id, updated_by",master.principal,"tenant_id, id",server/db/ddl/planes/neon/control/05_constraints.sql,1089
control.external_workforce_rate_card,"tenant_id, status_changed_by",master.principal,"tenant_id, id",server/db/ddl/planes/neon/control/05_constraints.sql,1090
control.external_workforce_rate,tenant_id,master.tenant,id,server/db/ddl/planes/neon/control/05_constraints.sql,1093
control.external_workforce_rate,"tenant_id, rate_card_id",control.external_workforce_rate_card,"tenant_id, id",server/db/ddl/planes/neon/control/05_constraints.sql,1094
control.external_workforce_rate,"tenant_id, supplier_id",master.supplier,"tenant_id, id",server/db/ddl/planes/neon/control/05_constraints.sql,1095
control.external_workforce_rate,"tenant_id, job_id",master.job,"tenant_id, id",server/db/ddl/planes/neon/control/05_constraints.sql,1096
control.external_workforce_rate,"tenant_id, site_id",master.site,"tenant_id, id",server/db/ddl/planes/neon/control/05_constraints.sql,1097
control.external_workforce_rate,"tenant_id, created_by",master.principal,"tenant_id, id",server/db/ddl/planes/neon/control/05_constraints.sql,1098
control.external_workforce_rate,"tenant_id, updated_by",master.principal,"tenant_id, id",server/db/ddl/planes/neon/control/05_constraints.sql,1099
control.business_partner_decision_scope,"tenant_id, qualification_id",control.business_partner_qualification,"tenant_id,id",server/db/ddl/planes/neon/control/05_constraints.sql,1114
control.business_partner_decision_scope,"tenant_id, supplier_preference_id",control.supplier_preference_designation,"tenant_id,id",server/db/ddl/planes/neon/control/05_constraints.sql,1116
control.business_partner_decision_scope,"tenant_id, customer_designation_id",control.customer_account_designation,"tenant_id,id",server/db/ddl/planes/neon/control/05_constraints.sql,1118
control.business_partner_decision_scope,"tenant_id, credit_review_id",control.customer_credit_review,"tenant_id,id",server/db/ddl/planes/neon/control/05_constraints.sql,1120
control.business_partner_decision_scope,"tenant_id, operating_organization_id",master.operating_organization,"tenant_id,id",server/db/ddl/planes/neon/control/05_constraints.sql,1122
control.business_partner_decision_scope,"tenant_id, company_code_id",master.company_code,"tenant_id,id",server/db/ddl/planes/neon/control/05_constraints.sql,1124
control.business_partner_decision_scope,"tenant_id, commodity_category_id",master.commodity_category,"tenant_id,id",server/db/ddl/planes/neon/control/05_constraints.sql,1126
control.business_partner_decision_scope,country_code,shared.country,code,server/db/ddl/planes/neon/control/05_constraints.sql,1128
control.business_partner_decision_scope,"tenant_id, tax_jurisdiction_id",master.tax_jurisdiction,"tenant_id,id",server/db/ddl/planes/neon/control/05_constraints.sql,1130
control.business_partner_decision_scope,"tenant_id, organization_unit_id",master.org_unit,"tenant_id,id",server/db/ddl/planes/neon/control/05_constraints.sql,1132
control.business_partner_decision_scope,"tenant_id, created_by",master.principal,"tenant_id,id",server/db/ddl/planes/neon/control/05_constraints.sql,1134
control.lookup_value,domain_code,control.lookup_domain,code,server/db/ddl/common/control/05_constraints.sql,34
control.lookup_value,tenant_id,master.tenant,id,server/db/ddl/common/control/05_constraints.sql,36
control.connector_instance,tenant_id,master.tenant,id,server/db/ddl/common/control/05_constraints.sql,40
control.connector_instance,connector_type_id,control.connector_type,id,server/db/ddl/common/control/05_constraints.sql,42
control.connector_instance,"tenant_id, created_by",master.principal,"tenant_id, id",server/db/ddl/common/control/05_constraints.sql,44
control.connector_instance,"tenant_id, updated_by",master.principal,"tenant_id, id",server/db/ddl/common/control/05_constraints.sql,46
control.connector_instance,"tenant_id, status_changed_by",master.principal,"tenant_id, id",server/db/ddl/common/control/05_constraints.sql,48
control.integration_endpoint,tenant_id,master.tenant,id,server/db/ddl/common/control/05_constraints.sql,52
control.integration_endpoint,"tenant_id, connector_instance_id",control.connector_instance,"tenant_id, id",server/db/ddl/common/control/05_constraints.sql,55
control.integration_endpoint,"tenant_id, created_by",master.principal,"tenant_id, id",server/db/ddl/common/control/05_constraints.sql,57
control.integration_endpoint,"tenant_id, updated_by",master.principal,"tenant_id, id",server/db/ddl/common/control/05_constraints.sql,59
control.integration_endpoint,"tenant_id, status_changed_by",master.principal,"tenant_id, id",server/db/ddl/common/control/05_constraints.sql,61
control.webhook_subscription,tenant_id,master.tenant,id,server/db/ddl/common/control/05_constraints.sql,65
control.webhook_subscription,"tenant_id, integration_endpoint_id",control.integration_endpoint,"tenant_id, id",server/db/ddl/common/control/05_constraints.sql,68
control.webhook_subscription,"tenant_id, created_by",master.principal,"tenant_id, id",server/db/ddl/common/control/05_constraints.sql,70
control.webhook_subscription,"tenant_id, updated_by",master.principal,"tenant_id, id",server/db/ddl/common/control/05_constraints.sql,72
control.webhook_subscription,"tenant_id, status_changed_by",master.principal,"tenant_id, id",server/db/ddl/common/control/05_constraints.sql,74
control.cycle_type,tenant_id,master.tenant,id,server/db/ddl/common/control/05_constraints.sql,78
control.cycle_type,"tenant_id, created_by",master.principal,"tenant_id, id",server/db/ddl/common/control/05_constraints.sql,80
control.cycle_type,"tenant_id, updated_by",master.principal,"tenant_id, id",server/db/ddl/common/control/05_constraints.sql,82
control.cycle_type,"tenant_id, status_changed_by",master.principal,"tenant_id, id",server/db/ddl/common/control/05_constraints.sql,84
control.cycle_phase,tenant_id,master.tenant,id,server/db/ddl/common/control/05_constraints.sql,88
control.cycle_phase,"tenant_id, cycle_type_id",control.cycle_type,"tenant_id, id",server/db/ddl/common/control/05_constraints.sql,91
control.cycle_phase,"tenant_id, created_by",master.principal,"tenant_id, id",server/db/ddl/common/control/05_constraints.sql,93
control.cycle_phase,"tenant_id, updated_by",master.principal,"tenant_id, id",server/db/ddl/common/control/05_constraints.sql,95
control.cycle_phase,"tenant_id, status_changed_by",master.principal,"tenant_id, id",server/db/ddl/common/control/05_constraints.sql,97
control.cycle_task_category,tenant_id,master.tenant,id,server/db/ddl/common/control/05_constraints.sql,101
control.cycle_task_category,"tenant_id, cycle_type_id",control.cycle_type,"tenant_id, id",server/db/ddl/common/control/05_constraints.sql,104
control.cycle_task_category,"tenant_id, created_by",master.principal,"tenant_id, id",server/db/ddl/common/control/05_constraints.sql,106
control.cycle_task_category,"tenant_id, updated_by",master.principal,"tenant_id, id",server/db/ddl/common/control/05_constraints.sql,108
control.cycle_task_category,"tenant_id, status_changed_by",master.principal,"tenant_id, id",server/db/ddl/common/control/05_constraints.sql,110
control.cycle_task_template,tenant_id,master.tenant,id,server/db/ddl/common/control/05_constraints.sql,114
control.cycle_task_template,"tenant_id, cycle_type_id",control.cycle_type,"tenant_id, id",server/db/ddl/common/control/05_constraints.sql,117
control.cycle_task_template,"tenant_id, cycle_type_id, phase_id",control.cycle_phase,"tenant_id, cycle_type_id, id",server/db/ddl/common/control/05_constraints.sql,120
control.cycle_task_template,"tenant_id, cycle_type_id, category_id",control.cycle_task_category,"tenant_id, cycle_type_id, id",server/db/ddl/common/control/05_constraints.sql,123
control.cycle_task_template,"tenant_id, default_owner_principal_id",master.principal,"tenant_id, id",server/db/ddl/common/control/05_constraints.sql,126
control.cycle_task_template,"tenant_id, created_by",master.principal,"tenant_id, id",server/db/ddl/common/control/05_constraints.sql,128
control.cycle_task_template,"tenant_id, updated_by",master.principal,"tenant_id, id",server/db/ddl/common/control/05_constraints.sql,130
control.cycle_task_template,"tenant_id, status_changed_by",master.principal,"tenant_id, id",server/db/ddl/common/control/05_constraints.sql,132
control.cycle_task_dependency,tenant_id,master.tenant,id,server/db/ddl/common/control/05_constraints.sql,136
control.cycle_task_dependency,"tenant_id, cycle_type_id",control.cycle_type,"tenant_id, id",server/db/ddl/common/control/05_constraints.sql,139
control.cycle_task_dependency,"tenant_id, cycle_type_id, predecessor_template_id",control.cycle_task_template,"tenant_id, cycle_type_id, id",server/db/ddl/common/control/05_constraints.sql,142
control.cycle_task_dependency,"tenant_id, cycle_type_id, successor_template_id",control.cycle_task_template,"tenant_id, cycle_type_id, id",server/db/ddl/common/control/05_constraints.sql,145
control.cycle_task_dependency,"tenant_id, created_by",master.principal,"tenant_id, id",server/db/ddl/common/control/05_constraints.sql,147
control.cycle_task_dependency,"tenant_id, updated_by",master.principal,"tenant_id, id",server/db/ddl/common/control/05_constraints.sql,149
control.cycle_cross_dependency,tenant_id,master.tenant,id,server/db/ddl/common/control/05_constraints.sql,153
control.cycle_cross_dependency,"tenant_id, predecessor_type_id",control.cycle_type,"tenant_id, id",server/db/ddl/common/control/05_constraints.sql,156
control.cycle_cross_dependency,"tenant_id, predecessor_type_id, predecessor_phase_id",control.cycle_phase,"tenant_id, cycle_type_id, id",server/db/ddl/common/control/05_constraints.sql,159
control.cycle_cross_dependency,"tenant_id, successor_type_id",control.cycle_type,"tenant_id, id",server/db/ddl/common/control/05_constraints.sql,162
control.cycle_cross_dependency,"tenant_id, successor_type_id, successor_phase_id",control.cycle_phase,"tenant_id, cycle_type_id, id",server/db/ddl/common/control/05_constraints.sql,165
control.cycle_cross_dependency,"tenant_id, created_by",master.principal,"tenant_id, id",server/db/ddl/common/control/05_constraints.sql,167
control.cycle_cross_dependency,"tenant_id, updated_by",master.principal,"tenant_id, id",server/db/ddl/common/control/05_constraints.sql,169
control.cycle_carryforward_rule,tenant_id,master.tenant,id,server/db/ddl/common/control/05_constraints.sql,173
control.cycle_carryforward_rule,"tenant_id, cycle_type_id",control.cycle_type,"tenant_id, id",server/db/ddl/common/control/05_constraints.sql,176
control.cycle_carryforward_rule,"tenant_id, created_by",master.principal,"tenant_id, id",server/db/ddl/common/control/05_constraints.sql,178
control.cycle_carryforward_rule,"tenant_id, updated_by",master.principal,"tenant_id, id",server/db/ddl/common/control/05_constraints.sql,180
control.cycle_template_revision,tenant_id,master.tenant,id,server/db/ddl/common/control/05_constraints.sql,184
control.cycle_template_revision,"tenant_id, cycle_type_id",control.cycle_type,"tenant_id, id",server/db/ddl/common/control/05_constraints.sql,186
control.cycle_template_revision,"tenant_id, published_by",master.principal,"tenant_id, id",server/db/ddl/common/control/05_constraints.sql,188
control.cycle_template_revision,"tenant_id, created_by",master.principal,"tenant_id, id",server/db/ddl/common/control/05_constraints.sql,190
control.bank_account_validation_rule,country_code,shared.country,code,server/db/ddl/common/control/05_constraints.sql,194
control.bank_account_validation_rule,currency_code,shared.currency,code,server/db/ddl/common/control/05_constraints.sql,196
control.subscription_plan_usage_limit,subscription_plan_id,control.subscription_plan,id,server/db/ddl/common/control/05_constraints.sql,201
control.subscription_plan_usage_limit,usage_metric_id,control.usage_metric_catalog,id,server/db/ddl/common/control/05_constraints.sql,205
control.tenant_usage_limit_override,tenant_id,master.tenant,id,server/db/ddl/common/control/05_constraints.sql,211
control.tenant_usage_limit_override,usage_metric_id,control.usage_metric_catalog,id,server/db/ddl/common/control/05_constraints.sql,215
control.feature_flag_override,tenant_id,master.tenant,id,server/db/ddl/common/control/05_constraints.sql,230
control.feature_flag_override,feature_flag_id,control.feature_flag_catalog,id,server/db/ddl/common/control/05_constraints.sql,234
control.tenant_parameter_value,tenant_id,master.tenant,id,server/db/ddl/common/control/05_constraints.sql,248
control.tenant_parameter_value,parameter_definition_id,control.parameter_definition,id,server/db/ddl/common/control/05_constraints.sql,252
control.cron_schedule,tenant_id,master.tenant,id,server/db/ddl/common/control/05_constraints.sql,264
control.cron_schedule,timezone,shared.timezone,code,server/db/ddl/common/control/05_constraints.sql,265
control.notification_template,tenant_id,master.tenant,id,server/db/ddl/common/control/05_constraints.sql,267
control.notification_routing_rule,tenant_id,master.tenant,id,server/db/ddl/common/control/05_constraints.sql,268
control.numbering_policy,tenant_id,master.tenant,id,server/db/ddl/common/control/05_constraints.sql,272
control.numbering_policy,timezone_code,shared.timezone,code,server/db/ddl/common/control/05_constraints.sql,274
control.numbering_policy,created_by,master.principal,id,server/db/ddl/common/control/05_constraints.sql,276
control.numbering_policy,updated_by,master.principal,id,server/db/ddl/common/control/05_constraints.sql,278
control.numbering_policy,activated_by,master.principal,id,server/db/ddl/common/control/05_constraints.sql,280
control.policy_definition,created_by,master.principal,id,server/db/ddl/common/control/05_constraints.sql,304
control.policy_definition,module_id,control.module,id,server/db/ddl/common/control/05_constraints.sql,306
control.policy_definition,tenant_id,master.tenant,id,server/db/ddl/common/control/05_constraints.sql,308
control.policy_definition,predecessor_id,control.policy_definition,id,server/db/ddl/common/control/05_constraints.sql,310
control.policy_rule,policy_definition_id,control.policy_definition,id,server/db/ddl/common/control/05_constraints.sql,314
control.policy_rule,created_by,master.principal,id,server/db/ddl/common/control/05_constraints.sql,316
control.policy_rule,updated_by,master.principal,id,server/db/ddl/common/control/05_constraints.sql,318
control.policy_test_case,policy_definition_id,control.policy_definition,id,server/db/ddl/common/control/05_constraints.sql,322
control.policy_test_case,created_by,master.principal,id,server/db/ddl/common/control/05_constraints.sql,324
control.policy_test_case,updated_by,master.principal,id,server/db/ddl/common/control/05_constraints.sql,326
control.policy_test_case,status_changed_by,master.principal,id,server/db/ddl/common/control/05_constraints.sql,328
control.policy_test_result,policy_test_case_id,control.policy_test_case,id,server/db/ddl/common/control/05_constraints.sql,331
control.policy_test_result,policy_definition_id,control.policy_definition,id,server/db/ddl/common/control/05_constraints.sql,332
control.policy_test_result,executed_by,master.principal,id,server/db/ddl/common/control/05_constraints.sql,333
control.policy_activation,policy_definition_id,control.policy_definition,id,server/db/ddl/common/control/05_constraints.sql,335
control.policy_activation,activated_by,master.principal,id,server/db/ddl/common/control/05_constraints.sql,336
control.policy_evaluation_history,policy_definition_id,control.policy_definition,id,server/db/ddl/common/control/05_constraints.sql,338
control.policy_evaluation_history,evaluated_by,master.principal,id,server/db/ddl/common/control/05_constraints.sql,339
control.usage_metric_catalog,module_id,control.module,id,server/db/ddl/common/control/05_constraints.sql,343
control.feature_flag_catalog,module_id,control.module,id,server/db/ddl/common/control/05_constraints.sql,347
control.parameter_definition,module_id,control.module,id,server/db/ddl/common/control/05_constraints.sql,351
control.workspace,created_by,master.principal,id,server/db/ddl/common/control/05_constraints.sql,354
control.workspace,updated_by,master.principal,id,server/db/ddl/common/control/05_constraints.sql,356
control.workspace,status_changed_by,master.principal,id,server/db/ddl/common/control/05_constraints.sql,358
control.module,created_by,master.principal,id,server/db/ddl/common/control/05_constraints.sql,362
control.module,updated_by,master.principal,id,server/db/ddl/common/control/05_constraints.sql,364
control.module,status_changed_by,master.principal,id,server/db/ddl/common/control/05_constraints.sql,366
control.workspace_module,workspace_id,control.workspace,id,server/db/ddl/common/control/05_constraints.sql,370
control.workspace_module,module_id,control.module,id,server/db/ddl/common/control/05_constraints.sql,372
control.workspace_module,created_by,master.principal,id,server/db/ddl/common/control/05_constraints.sql,374
control.workspace_module,updated_by,master.principal,id,server/db/ddl/common/control/05_constraints.sql,376
control.workspace_module,status_changed_by,master.principal,id,server/db/ddl/common/control/05_constraints.sql,378
control.subscription_plan_module,subscription_plan_id,control.subscription_plan,id,server/db/ddl/common/control/05_constraints.sql,382
control.subscription_plan_module,module_id,control.module,id,server/db/ddl/common/control/05_constraints.sql,384
control.subscription_plan_module,created_by,master.principal,id,server/db/ddl/common/control/05_constraints.sql,386
control.subscription_plan_module,updated_by,master.principal,id,server/db/ddl/common/control/05_constraints.sql,388
control.subscription_plan_module,status_changed_by,master.principal,id,server/db/ddl/common/control/05_constraints.sql,390
control.rounding_rule,tenant_id,master.tenant,id,server/db/ddl/common/control/05_constraints.sql,394
control.rounding_rule,"tenant_id, created_by",master.principal,"tenant_id, id",server/db/ddl/common/control/05_constraints.sql,397
control.rounding_rule,"tenant_id, updated_by",master.principal,"tenant_id, id",server/db/ddl/common/control/05_constraints.sql,400
control.rounding_rule,"tenant_id, status_changed_by",master.principal,"tenant_id, id",server/db/ddl/common/control/05_constraints.sql,403
control.rounding_context,tenant_id,master.tenant,id,server/db/ddl/common/control/05_constraints.sql,407
control.rounding_context,currency_code,shared.currency,code,server/db/ddl/common/control/05_constraints.sql,409
control.rounding_context,"tenant_id, rounding_rule_id",control.rounding_rule,"tenant_id, id",server/db/ddl/common/control/05_constraints.sql,412
control.rounding_context,"tenant_id, created_by",master.principal,"tenant_id, id",server/db/ddl/common/control/05_constraints.sql,415
control.rounding_context,"tenant_id, updated_by",master.principal,"tenant_id, id",server/db/ddl/common/control/05_constraints.sql,418
control.tenant_usage_limit_override,subscription_plan_id,control.subscription_plan,id,server/db/ddl/common/control/05_constraints.sql,422
control.tenant_module_entitlement_override,subscription_plan_id,control.subscription_plan,id,server/db/ddl/common/control/05_constraints.sql,425
control.tenant_module_entitlement_override,module_id,control.module,id,server/db/ddl/common/control/05_constraints.sql,427
control.tenant_module_entitlement_override,tenant_id,master.tenant,id,server/db/ddl/common/control/05_constraints.sql,429
control.tenant_module_entitlement_override,"tenant_id, created_by",master.principal,"tenant_id, id",server/db/ddl/common/control/05_constraints.sql,431
control.tenant_module_entitlement_override,"tenant_id, updated_by",master.principal,"tenant_id, id",server/db/ddl/common/control/05_constraints.sql,433
ops.authorization_shadow_comparison,tenant_id,master.tenant,id,server/db/ddl/common/ops/05_constraints.sql,3
ops.authorization_shadow_comparison,"tenant_id,principal_id",master.principal,"tenant_id,id",server/db/ddl/common/ops/05_constraints.sql,5
ops.job_execution,tenant_id,master.tenant,id,server/db/ddl/common/ops/05_constraints.sql,9
ops.job_execution,cron_schedule_id,control.cron_schedule,id,server/db/ddl/common/ops/05_constraints.sql,11
ops.job_execution,parent_execution_id,ops.job_execution,id,server/db/ddl/common/ops/05_constraints.sql,13
ops.job_execution,created_by,master.principal,id,server/db/ddl/common/ops/05_constraints.sql,15
ops.job_execution,updated_by,master.principal,id,server/db/ddl/common/ops/05_constraints.sql,17
ops.job_execution_attempt,tenant_id,master.tenant,id,server/db/ddl/common/ops/05_constraints.sql,21
ops.job_execution_attempt,execution_id,ops.job_execution,id,server/db/ddl/common/ops/05_constraints.sql,23
ops.job_execution_attempt,created_by,master.principal,id,server/db/ddl/common/ops/05_constraints.sql,25
ops.job_execution_command,tenant_id,master.tenant,id,server/db/ddl/common/ops/05_constraints.sql,29
ops.job_execution_command,execution_id,ops.job_execution,id,server/db/ddl/common/ops/05_constraints.sql,31
ops.job_execution_command,requested_by,master.principal,id,server/db/ddl/common/ops/05_constraints.sql,33
ops.job_execution_command,replacement_execution_id,ops.job_execution,id,server/db/ddl/common/ops/05_constraints.sql,35
ops.identity_admission_shadow_comparison,tenant_id,master.tenant,id,server/db/ddl/common/ops/05_constraints.sql,37
ops.authorization_session_shadow_comparison,tenant_id,master.tenant,id,server/db/ddl/common/ops/05_constraints.sql,39
ops.authorization_session_shadow_comparison,"tenant_id,principal_id",master.principal,"tenant_id,id",server/db/ddl/common/ops/05_constraints.sql,40
ops.record_edit_lock,tenant_id,master.tenant,id,server/db/ddl/common/ops/05_constraints.sql,43
ops.record_edit_lock,"tenant_id, owner_principal_id",master.principal,"tenant_id,id",server/db/ddl/common/ops/05_constraints.sql,44
runtime_meta.tenant_usage_counter,tenant_id,master.tenant,id,server/db/ddl/common/runtime_meta/05_constraints.sql,4
runtime_meta.tenant_usage_counter,usage_metric_id,control.usage_metric_catalog,id,server/db/ddl/common/runtime_meta/05_constraints.sql,8
runtime_meta.usage_reservation,tenant_id,master.tenant,id,server/db/ddl/common/runtime_meta/05_constraints.sql,13
runtime_meta.usage_reservation,usage_metric_id,control.usage_metric_catalog,id,server/db/ddl/common/runtime_meta/05_constraints.sql,15
runtime_meta.usage_reservation,"tenant_id, created_by",master.principal,"tenant_id, id",server/db/ddl/common/runtime_meta/05_constraints.sql,17
runtime_meta.usage_reservation,"tenant_id, updated_by",master.principal,"tenant_id, id",server/db/ddl/common/runtime_meta/05_constraints.sql,19
runtime_meta.authorization_epoch,tenant_id,master.tenant,id,server/db/ddl/common/runtime_meta/05_constraints.sql,29
runtime_meta.entity_number_counter,tenant_id,master.tenant,id,server/db/ddl/common/runtime_meta/05_constraints.sql,33
runtime_meta.entity_number_counter,numbering_policy_id,control.numbering_policy,id,server/db/ddl/common/runtime_meta/05_constraints.sql,35
runtime_meta.entity_number_counter,created_by,master.principal,id,server/db/ddl/common/runtime_meta/05_constraints.sql,37
runtime_meta.entity_number_counter,updated_by,master.principal,id,server/db/ddl/common/runtime_meta/05_constraints.sql,39
runtime_meta.entity_number_counter,last_allocated_by,master.principal,id,server/db/ddl/common/runtime_meta/05_constraints.sql,41
runtime_meta.entity_number_allocation,tenant_id,master.tenant,id,server/db/ddl/common/runtime_meta/05_constraints.sql,44
runtime_meta.entity_number_allocation,numbering_policy_id,control.numbering_policy,id,server/db/ddl/common/runtime_meta/05_constraints.sql,45
runtime_meta.entity_number_allocation,"tenant_id,counter_id",runtime_meta.entity_number_counter,"tenant_id,id",server/db/ddl/common/runtime_meta/05_constraints.sql,46
runtime_meta.entity_number_allocation,allocated_by,master.principal,id,server/db/ddl/common/runtime_meta/05_constraints.sql,47
runtime_meta.release_activation_head,applied_release_id,runtime_meta.applied_release,id,server/db/ddl/common/runtime_meta/05_constraints.sql,49
runtime_meta.release_activation_event,previous_applied_release_id,runtime_meta.applied_release,id,server/db/ddl/common/runtime_meta/05_constraints.sql,50
runtime_meta.release_activation_event,applied_release_id,runtime_meta.applied_release,id,server/db/ddl/common/runtime_meta/05_constraints.sql,51
runtime_meta.entity_contract,tenant_id,master.tenant,id,server/db/ddl/common/runtime_meta/05_constraints.sql,55
runtime_meta.entity_descriptor,tenant_id,master.tenant,id,server/db/ddl/common/runtime_meta/05_constraints.sql,59
runtime_meta.entity_descriptor,entity_contract_id,runtime_meta.entity_contract,id,server/db/ddl/common/runtime_meta/05_constraints.sql,61
runtime_meta.entity_descriptor,applied_release_id,runtime_meta.applied_release,id,server/db/ddl/common/runtime_meta/05_constraints.sql,63
runtime_meta.applied_release_payload,tenant_id,master.tenant,id,server/db/ddl/common/runtime_meta/05_constraints.sql,67
runtime_meta.applied_release_payload,applied_release_id,runtime_meta.applied_release,id,server/db/ddl/common/runtime_meta/05_constraints.sql,69
master.contact_person,tenant_id,master.tenant,id,server/db/ddl/common/master/05_constraints.sql,3
master.contact_person,owner_type_id,control.owner_type,id,server/db/ddl/common/master/05_constraints.sql,5
master.contact_person,"tenant_id, created_by",master.principal,"tenant_id, id",server/db/ddl/common/master/05_constraints.sql,8
master.contact_person,"tenant_id, updated_by",master.principal,"tenant_id, id",server/db/ddl/common/master/05_constraints.sql,11
master.contact_person,"tenant_id, status_changed_by",master.principal,"tenant_id, id",server/db/ddl/common/master/05_constraints.sql,14
master.contact_person_role,tenant_id,master.tenant,id,server/db/ddl/common/master/05_constraints.sql,18
master.contact_person_role,"tenant_id, contact_person_id",master.contact_person,"tenant_id, id",server/db/ddl/common/master/05_constraints.sql,21
master.contact_person_role,"tenant_id, created_by",master.principal,"tenant_id, id",server/db/ddl/common/master/05_constraints.sql,24
master.contact_person_role,"tenant_id, updated_by",master.principal,"tenant_id, id",server/db/ddl/common/master/05_constraints.sql,27
master.address,timezone_code,shared.timezone,code,server/db/ddl/common/master/05_constraints.sql,32
master.address,"country_code, state_region_code",shared.state_region,"country_code, code",server/db/ddl/common/master/05_constraints.sql,37
master.address,"tenant_id, current_validation_event_id",master.address_event,"tenant_id, id",server/db/ddl/common/master/05_constraints.sql,42
master.address_event,tenant_id,master.tenant,id,server/db/ddl/common/master/05_constraints.sql,46
master.address_event,"tenant_id, subject_address_id",master.address,"tenant_id, id",server/db/ddl/common/master/05_constraints.sql,49
master.address_event,"tenant_id, related_address_id",master.address,"tenant_id, id",server/db/ddl/common/master/05_constraints.sql,52
master.address_event,"tenant_id, evidence_event_id",master.address_event,"tenant_id, id",server/db/ddl/common/master/05_constraints.sql,55
master.address_event,"tenant_id, created_by",master.principal,"tenant_id, id",server/db/ddl/common/master/05_constraints.sql,58
master.address_link,"tenant_id, usage_denied_by",master.principal,"tenant_id, id",server/db/ddl/common/master/05_constraints.sql,63
snapshot.entity_snapshot_identity,tenant_id,master.tenant,id,server/db/ddl/common/snapshot/05_constraints.sql,4
snapshot.entity_snapshot_identity,"tenant_id, previous_snapshot_id",snapshot.entity_snapshot_identity,"tenant_id, id",server/db/ddl/common/snapshot/05_constraints.sql,10
snapshot.entity_snapshot_identity,"tenant_id, captured_by",master.principal,"tenant_id, id",server/db/ddl/common/snapshot/05_constraints.sql,16
snapshot.entity_snapshot,"tenant_id, snapshot_id, captured_at",snapshot.entity_snapshot_identity,"tenant_id, id, captured_at",server/db/ddl/common/snapshot/05_constraints.sql,22
snapshot.subscription_plan_entitlement,subscription_plan_id,control.subscription_plan,id,server/db/ddl/common/snapshot/05_constraints.sql,27
master.audit_reason_code,tenant_id,master.tenant,id,server/db/ddl/common/audit/05_constraints.sql,4
master.audit_reason_code,"tenant_id, created_by",master.principal,"tenant_id, id",server/db/ddl/common/audit/05_constraints.sql,10
master.audit_reason_code,"tenant_id, updated_by",master.principal,"tenant_id, id",server/db/ddl/common/audit/05_constraints.sql,16
master.audit_reason_code,"tenant_id, status_changed_by",master.principal,"tenant_id, id",server/db/ddl/common/audit/05_constraints.sql,22
audit.audit_log,tenant_id,master.tenant,id,server/db/ddl/common/audit/05_constraints.sql,28
audit.audit_log,event_contract_code,master.audit_event_contract,code,server/db/ddl/common/audit/05_constraints.sql,34
audit.audit_log,"tenant_id, actor_principal_id",master.principal,"tenant_id, id",server/db/ddl/common/audit/05_constraints.sql,40
audit.audit_log,"tenant_id, audit_reason_code_id",master.audit_reason_code,"tenant_id, id",server/db/ddl/common/audit/05_constraints.sql,46
audit.authorization_decision_evidence,tenant_id,master.tenant,id,server/db/ddl/common/audit/05_constraints.sql,52
audit.authorization_decision_evidence,"tenant_id, subject_principal_id",master.principal,"tenant_id, id",server/db/ddl/common/audit/05_constraints.sql,58
audit.security_event,tenant_id,master.tenant,id,server/db/ddl/common/audit/05_constraints.sql,64
audit.security_event,"tenant_id, principal_id",master.principal,"tenant_id, id",server/db/ddl/common/audit/05_constraints.sql,70
audit.hash_anchor,tenant_id,master.tenant,id,server/db/ddl/common/audit/05_constraints.sql,76
audit.export_manifest,"tenant_id, export_request_id",audit.export_request,"tenant_id, id",server/db/ddl/common/audit/05_constraints.sql,81
audit.export_request,tenant_id,master.tenant,id,server/db/ddl/common/audit/05_constraints.sql,83
audit.export_request,"tenant_id, actor_principal_id",master.principal,"tenant_id,id",server/db/ddl/common/audit/05_constraints.sql,84
audit.export_manifest,tenant_id,master.tenant,id,server/db/ddl/common/audit/05_constraints.sql,85
audit.export_manifest,"tenant_id, actor_principal_id",master.principal,"tenant_id,id",server/db/ddl/common/audit/05_constraints.sql,86
audit.integrity_check_evidence,tenant_id,master.tenant,id,server/db/ddl/common/audit/05_constraints.sql,87
audit.integrity_check_evidence,"tenant_id, actor_principal_id",master.principal,"tenant_id,id",server/db/ddl/common/audit/05_constraints.sql,88
audit.legal_hold,tenant_id,master.tenant,id,server/db/ddl/common/audit/05_constraints.sql,89
audit.legal_hold,"tenant_id, created_by",master.principal,"tenant_id,id",server/db/ddl/common/audit/05_constraints.sql,90
audit.legal_hold,"tenant_id, released_by",master.principal,"tenant_id,id",server/db/ddl/common/audit/05_constraints.sql,91
audit.legal_hold_manifest,"tenant_id, legal_hold_id",audit.legal_hold,"tenant_id, id",server/db/ddl/common/audit/05_constraints.sql,96
audit.legal_hold_manifest,tenant_id,master.tenant,id,server/db/ddl/common/audit/05_constraints.sql,98
audit.legal_hold_manifest,"tenant_id, created_by",master.principal,"tenant_id,id",server/db/ddl/common/audit/05_constraints.sql,99
audit.retention_policy,tenant_id,master.tenant,id,server/db/ddl/common/audit/05_constraints.sql,100
audit.retention_policy,"tenant_id, created_by",master.principal,"tenant_id,id",server/db/ddl/common/audit/05_constraints.sql,101
audit.retention_policy,"tenant_id, updated_by",master.principal,"tenant_id,id",server/db/ddl/common/audit/05_constraints.sql,102
log.notification_delivery_attempt,tenant_id,master.tenant,id,server/db/ddl/common/log/05_constraints.sql,2
log.notification_delivery_attempt,"tenant_id, delivery_id",event.notification_delivery,"tenant_id, id",server/db/ddl/common/log/05_constraints.sql,3
log.notification_delivery_attempt,"tenant_id, subscription_id",event.webhook_subscription,"tenant_id, id",server/db/ddl/common/log/05_constraints.sql,4
log.notification_dlq,tenant_id,master.tenant,id,server/db/ddl/common/log/05_constraints.sql,7
authz.permission,module_id,control.module,id,server/db/ddl/common/authz/05_constraints.sql,5
authz.permission_scope_kind,permission_id,authz.permission,id,server/db/ddl/common/authz/05_constraints.sql,11
authz.plane_membership,tenant_id,master.tenant,id,server/db/ddl/common/authz/05_constraints.sql,17
authz.plane_membership,"tenant_id, principal_id",master.principal,"tenant_id, id",server/db/ddl/common/authz/05_constraints.sql,23
authz.scope_target,tenant_id,master.tenant,id,server/db/ddl/common/authz/05_constraints.sql,29
authz.scope_target,"tenant_id, parent_scope_target_id",authz.scope_target,"tenant_id, id",server/db/ddl/common/authz/05_constraints.sql,35
authz.role,tenant_id,master.tenant,id,server/db/ddl/common/authz/05_constraints.sql,41
authz.role_permission,tenant_id,master.tenant,id,server/db/ddl/common/authz/05_constraints.sql,47
authz.role_permission,"tenant_id, role_id",authz.role,"tenant_id, id",server/db/ddl/common/authz/05_constraints.sql,53
authz.role_permission,permission_id,authz.permission,id,server/db/ddl/common/authz/05_constraints.sql,59
authz.principal_group,tenant_id,master.tenant,id,server/db/ddl/common/authz/05_constraints.sql,65
authz.group_member,tenant_id,master.tenant,id,server/db/ddl/common/authz/05_constraints.sql,71
authz.group_member,"tenant_id, group_id",authz.principal_group,"tenant_id, id",server/db/ddl/common/authz/05_constraints.sql,77
authz.group_member,"tenant_id, principal_id",master.principal,"tenant_id, id",server/db/ddl/common/authz/05_constraints.sql,83
authz.group_role,tenant_id,master.tenant,id,server/db/ddl/common/authz/05_constraints.sql,89
authz.group_role,"tenant_id, group_id",authz.principal_group,"tenant_id, id",server/db/ddl/common/authz/05_constraints.sql,95
authz.group_role,"tenant_id, role_id",authz.role,"tenant_id, id",server/db/ddl/common/authz/05_constraints.sql,101
authz.group_role,"tenant_id, scope_target_id",authz.scope_target,"tenant_id, id",server/db/ddl/common/authz/05_constraints.sql,107
authz.deny_rule,tenant_id,master.tenant,id,server/db/ddl/common/authz/05_constraints.sql,113
authz.deny_rule,permission_id,authz.permission,id,server/db/ddl/common/authz/05_constraints.sql,119
authz.deny_rule,"tenant_id, scope_target_id",authz.scope_target,"tenant_id, id",server/db/ddl/common/authz/05_constraints.sql,125
authz.deny_rule,"tenant_id, principal_id",master.principal,"tenant_id, id",server/db/ddl/common/authz/05_constraints.sql,131
authz.deny_rule,"tenant_id, group_id",authz.principal_group,"tenant_id, id",server/db/ddl/common/authz/05_constraints.sql,137
authz.delegation,tenant_id,master.tenant,id,server/db/ddl/common/authz/05_constraints.sql,143
authz.delegation,"tenant_id, delegator_id",master.principal,"tenant_id, id",server/db/ddl/common/authz/05_constraints.sql,149
authz.delegation,"tenant_id, delegate_id",master.principal,"tenant_id, id",server/db/ddl/common/authz/05_constraints.sql,155
authz.delegation,"tenant_id, approved_by",master.principal,"tenant_id, id",server/db/ddl/common/authz/05_constraints.sql,161
authz.delegation,"tenant_id, revoked_by",master.principal,"tenant_id, id",server/db/ddl/common/authz/05_constraints.sql,167
authz.delegation_grant,tenant_id,master.tenant,id,server/db/ddl/common/authz/05_constraints.sql,173
authz.delegation_grant,"tenant_id, delegation_id",authz.delegation,"tenant_id, id",server/db/ddl/common/authz/05_constraints.sql,179
authz.delegation_grant,permission_id,authz.permission,id,server/db/ddl/common/authz/05_constraints.sql,185
authz.delegation_grant,"tenant_id, scope_target_id",authz.scope_target,"tenant_id, id",server/db/ddl/common/authz/05_constraints.sql,191
authz.override,tenant_id,master.tenant,id,server/db/ddl/common/authz/05_constraints.sql,197
authz.override,"tenant_id, principal_id",master.principal,"tenant_id, id",server/db/ddl/common/authz/05_constraints.sql,203
authz.override,permission_id,authz.permission,id,server/db/ddl/common/authz/05_constraints.sql,209
authz.override,"tenant_id, scope_target_id",authz.scope_target,"tenant_id, id",server/db/ddl/common/authz/05_constraints.sql,215
authz.override,"tenant_id, approved_by",master.principal,"tenant_id, id",server/db/ddl/common/authz/05_constraints.sql,221
authz.override,"tenant_id, revoked_by",master.principal,"tenant_id, id",server/db/ddl/common/authz/05_constraints.sql,227
authz.record_acl,tenant_id,master.tenant,id,server/db/ddl/common/authz/05_constraints.sql,233
authz.record_acl,permission_id,authz.permission,id,server/db/ddl/common/authz/05_constraints.sql,239
authz.record_acl,"tenant_id, principal_id",master.principal,"tenant_id, id",server/db/ddl/common/authz/05_constraints.sql,245
authz.record_acl,"tenant_id, group_id",authz.principal_group,"tenant_id, id",server/db/ddl/common/authz/05_constraints.sql,251
authz.record_acl,"tenant_id, granted_by",master.principal,"tenant_id, id",server/db/ddl/common/authz/05_constraints.sql,257
authz.record_acl,"tenant_id, revoked_by",master.principal,"tenant_id, id",server/db/ddl/common/authz/05_constraints.sql,263
authz.trusted_device,tenant_id,master.tenant,id,server/db/ddl/common/authz/05_constraints.sql,269
authz.trusted_device,"tenant_id, principal_id",master.principal,"tenant_id, id",server/db/ddl/common/authz/05_constraints.sql,275
authz.trusted_device,"tenant_id, created_by",master.principal,"tenant_id, id",server/db/ddl/common/authz/05_constraints.sql,281
authz.trusted_device,"tenant_id, revoked_by",master.principal,"tenant_id, id",server/db/ddl/common/authz/05_constraints.sql,287
authz.application_projection,tenant_id,master.tenant,id,server/db/ddl/common/authz/05_constraints.sql,291
authz.projection_provider,"tenant_id,projection_id",authz.application_projection,"tenant_id,id",server/db/ddl/common/authz/05_constraints.sql,292
authz.projection_scope,"tenant_id,projection_id",authz.application_projection,"tenant_id,id",server/db/ddl/common/authz/05_constraints.sql,293
authz.projection_scope,"tenant_id,scope_target_id",authz.scope_target,"tenant_id,id",server/db/ddl/common/authz/05_constraints.sql,293
authz.entity_operation_binding,tenant_id,master.tenant,id,server/db/ddl/common/authz/05_constraints.sql,297
authz.entity_operation_binding,applied_release_id,runtime_meta.applied_release,id,server/db/ddl/common/authz/05_constraints.sql,299
authz.entity_operation_binding,permission_id,authz.permission,id,server/db/ddl/common/authz/05_constraints.sql,301
authz.entity_operation_scope_binding,entity_operation_binding_id,authz.entity_operation_binding,id,server/db/ddl/common/authz/05_constraints.sql,306
snapshot.template_version,tenant_id,master.tenant,id,server/db/ddl/planes/neon/snapshot/05_constraints.sql,4
snapshot.template_version,"tenant_id, template_id",master.template,"tenant_id, id",server/db/ddl/planes/neon/snapshot/05_constraints.sql,10
snapshot.template_version,locale_code,shared.locale,code,server/db/ddl/planes/neon/snapshot/05_constraints.sql,16
snapshot.template_version,"tenant_id, created_by",master.principal,"tenant_id, id",server/db/ddl/planes/neon/snapshot/05_constraints.sql,22
snapshot.bom,"tenant_id, source_bom_id",master.bom,"tenant_id, id",server/db/ddl/planes/neon/snapshot/05_constraints.sql,28
snapshot.bom,"tenant_id, company_code_id",master.company_code,"tenant_id, id",server/db/ddl/planes/neon/snapshot/05_constraints.sql,32
snapshot.bom,"tenant_id, company_code_id, output_item_id",master.item,"tenant_id, company_code_id, id",server/db/ddl/planes/neon/snapshot/05_constraints.sql,36
snapshot.bom,uom_code,shared.uom,code,server/db/ddl/planes/neon/snapshot/05_constraints.sql,39
snapshot.bom,"tenant_id, released_by",master.principal,"tenant_id, id",server/db/ddl/planes/neon/snapshot/05_constraints.sql,43
snapshot.bom,"tenant_id, created_by",master.principal,"tenant_id, id",server/db/ddl/planes/neon/snapshot/05_constraints.sql,47
snapshot.bom_component,"tenant_id, bom_snapshot_id",snapshot.bom,"tenant_id, id",server/db/ddl/planes/neon/snapshot/05_constraints.sql,52
snapshot.bom_component,"tenant_id, source_bom_component_id",master.bom_component,"tenant_id, id",server/db/ddl/planes/neon/snapshot/05_constraints.sql,56
snapshot.bom_component,"tenant_id, component_item_id",master.item,"tenant_id, id",server/db/ddl/planes/neon/snapshot/05_constraints.sql,60
snapshot.bom_component,uom_code,shared.uom,code,server/db/ddl/planes/neon/snapshot/05_constraints.sql,63
snapshot.bom_component,"tenant_id, created_by",master.principal,"tenant_id, id",server/db/ddl/planes/neon/snapshot/05_constraints.sql,67
snapshot.mesh_business_partner_profile_received,tenant_id,master.tenant,id,server/db/ddl/planes/neon/snapshot/05_constraints.sql,71
snapshot.mesh_business_partner_profile_received,"tenant_id, inbox_event_id",control.mesh_business_partner_profile_inbox,"tenant_id, id",server/db/ddl/planes/neon/snapshot/05_constraints.sql,73
snapshot.mesh_business_partner_profile_received,"tenant_id, received_by",master.principal,"tenant_id, id",server/db/ddl/planes/neon/snapshot/05_constraints.sql,75
snapshot.mesh_bank_account_disclosure_received,tenant_id,master.tenant,id,server/db/ddl/planes/neon/snapshot/05_constraints.sql,77
snapshot.mesh_bank_account_disclosure_received,"tenant_id,inbox_event_id",control.mesh_bank_account_disclosure_inbox,"tenant_id,id",server/db/ddl/planes/neon/snapshot/05_constraints.sql,78
snapshot.mesh_bank_account_disclosure_received,"tenant_id,received_by",master.principal,"tenant_id,id",server/db/ddl/planes/neon/snapshot/05_constraints.sql,79
document.attachment,tenant_id,master.tenant,id,server/db/ddl/planes/neon/document/05_constraints.sql,3
document.attachment,"tenant_id, parent_attachment_id",document.attachment,"tenant_id, id",server/db/ddl/planes/neon/document/05_constraints.sql,7
document.attachment,"tenant_id, uploaded_by",master.principal,"tenant_id, id",server/db/ddl/planes/neon/document/05_constraints.sql,11
document.attachment,"tenant_id, created_by",master.principal,"tenant_id, id",server/db/ddl/planes/neon/document/05_constraints.sql,15
document.attachment,"tenant_id, updated_by",master.principal,"tenant_id, id",server/db/ddl/planes/neon/document/05_constraints.sql,19
document.attachment,"tenant_id, status_changed_by",master.principal,"tenant_id, id",server/db/ddl/planes/neon/document/05_constraints.sql,23
document.attachment_folder,tenant_id,master.tenant,id,server/db/ddl/planes/neon/document/05_constraints.sql,27
document.attachment_folder,"tenant_id, parent_id",document.attachment_folder,"tenant_id, id",server/db/ddl/planes/neon/document/05_constraints.sql,31
document.attachment_folder,"tenant_id, created_by",master.principal,"tenant_id, id",server/db/ddl/planes/neon/document/05_constraints.sql,35
document.attachment_folder,"tenant_id, updated_by",master.principal,"tenant_id, id",server/db/ddl/planes/neon/document/05_constraints.sql,39
document.attachment_link,tenant_id,master.tenant,id,server/db/ddl/planes/neon/document/05_constraints.sql,43
document.attachment_link,"tenant_id, pinned_attachment_id, attachment_series_id",document.attachment,"tenant_id, id, series_id",server/db/ddl/planes/neon/document/05_constraints.sql,47
document.attachment_link,"tenant_id, folder_id",document.attachment_folder,"tenant_id, id",server/db/ddl/planes/neon/document/05_constraints.sql,51
document.attachment_link,"tenant_id, created_by",master.principal,"tenant_id, id",server/db/ddl/planes/neon/document/05_constraints.sql,55
document.comment,tenant_id,master.tenant,id,server/db/ddl/planes/neon/document/05_constraints.sql,59
document.comment,"tenant_id, parent_comment_id",document.comment,"tenant_id, id",server/db/ddl/planes/neon/document/05_constraints.sql,63
document.comment,"tenant_id, commenter_id",master.principal,"tenant_id, id",server/db/ddl/planes/neon/document/05_constraints.sql,67
document.comment,"tenant_id, created_by",master.principal,"tenant_id, id",server/db/ddl/planes/neon/document/05_constraints.sql,71
document.comment,"tenant_id, updated_by",master.principal,"tenant_id, id",server/db/ddl/planes/neon/document/05_constraints.sql,75
document.comment,"tenant_id, deleted_by",master.principal,"tenant_id, id",server/db/ddl/planes/neon/document/05_constraints.sql,79
document.comment,"tenant_id, archived_by",master.principal,"tenant_id, id",server/db/ddl/planes/neon/document/05_constraints.sql,83
document.comment_draft,tenant_id,master.tenant,id,server/db/ddl/planes/neon/document/05_constraints.sql,87
document.comment_draft,"tenant_id, principal_id",master.principal,"tenant_id, id",server/db/ddl/planes/neon/document/05_constraints.sql,91
document.comment_draft,"tenant_id, parent_comment_id",document.comment,"tenant_id, id",server/db/ddl/planes/neon/document/05_constraints.sql,95
document.comment_draft,"tenant_id, created_by",master.principal,"tenant_id, id",server/db/ddl/planes/neon/document/05_constraints.sql,99
document.comment_draft,"tenant_id, updated_by",master.principal,"tenant_id, id",server/db/ddl/planes/neon/document/05_constraints.sql,103
document.comment_feed_cursor,tenant_id,master.tenant,id,server/db/ddl/planes/neon/document/05_constraints.sql,107
document.comment_feed_cursor,"tenant_id, principal_id",master.principal,"tenant_id, id",server/db/ddl/planes/neon/document/05_constraints.sql,111
document.comment_feed_cursor,"tenant_id, updated_by",master.principal,"tenant_id, id",server/db/ddl/planes/neon/document/05_constraints.sql,115
document.comment_mention,tenant_id,master.tenant,id,server/db/ddl/planes/neon/document/05_constraints.sql,119
document.comment_mention,"tenant_id, comment_id",document.comment,"tenant_id, id",server/db/ddl/planes/neon/document/05_constraints.sql,123
document.comment_mention,"tenant_id, mentioned_id",master.principal,"tenant_id, id",server/db/ddl/planes/neon/document/05_constraints.sql,127
document.comment_mention,"tenant_id, created_by",master.principal,"tenant_id, id",server/db/ddl/planes/neon/document/05_constraints.sql,131
document.comment_reaction,tenant_id,master.tenant,id,server/db/ddl/planes/neon/document/05_constraints.sql,135
document.comment_reaction,"tenant_id, comment_id",document.comment,"tenant_id, id",server/db/ddl/planes/neon/document/05_constraints.sql,139
document.comment_reaction,"tenant_id, principal_id",master.principal,"tenant_id, id",server/db/ddl/planes/neon/document/05_constraints.sql,143
document.comment_reaction,"tenant_id, created_by",master.principal,"tenant_id, id",server/db/ddl/planes/neon/document/05_constraints.sql,147
document.content_item,tenant_id,master.tenant,id,server/db/ddl/planes/neon/document/05_constraints.sql,151
document.content_item,"tenant_id, parent_id",document.content_item,"tenant_id, id",server/db/ddl/planes/neon/document/05_constraints.sql,155
document.content_item,locale_code,shared.locale,code,server/db/ddl/planes/neon/document/05_constraints.sql,158
document.content_item,"tenant_id, created_by",master.principal,"tenant_id, id",server/db/ddl/planes/neon/document/05_constraints.sql,162
document.content_item,"tenant_id, updated_by",master.principal,"tenant_id, id",server/db/ddl/planes/neon/document/05_constraints.sql,166
document.content_item,"tenant_id, status_changed_by",master.principal,"tenant_id, id",server/db/ddl/planes/neon/document/05_constraints.sql,170
document.content_item_link,tenant_id,master.tenant,id,server/db/ddl/planes/neon/document/05_constraints.sql,174
document.content_item_link,"tenant_id, source_content_item_id",document.content_item,"tenant_id, id",server/db/ddl/planes/neon/document/05_constraints.sql,178
document.content_item_link,"tenant_id, target_content_item_id",document.content_item,"tenant_id, id",server/db/ddl/planes/neon/document/05_constraints.sql,182
document.content_item_link,"tenant_id, created_by",master.principal,"tenant_id, id",server/db/ddl/planes/neon/document/05_constraints.sql,186
document.conversation,tenant_id,master.tenant,id,server/db/ddl/planes/neon/document/05_constraints.sql,190
document.conversation,"tenant_id, created_by",master.principal,"tenant_id, id",server/db/ddl/planes/neon/document/05_constraints.sql,194
document.conversation,"tenant_id, updated_by",master.principal,"tenant_id, id",server/db/ddl/planes/neon/document/05_constraints.sql,198
document.conversation,"tenant_id, status_changed_by",master.principal,"tenant_id, id",server/db/ddl/planes/neon/document/05_constraints.sql,202
document.conversation,"tenant_id, deleted_by",master.principal,"tenant_id, id",server/db/ddl/planes/neon/document/05_constraints.sql,206
document.conversation_participant,tenant_id,master.tenant,id,server/db/ddl/planes/neon/document/05_constraints.sql,210
document.conversation_participant,"tenant_id, conversation_id",document.conversation,"tenant_id, id",server/db/ddl/planes/neon/document/05_constraints.sql,214
document.conversation_participant,"tenant_id, principal_id",master.principal,"tenant_id, id",server/db/ddl/planes/neon/document/05_constraints.sql,218
document.conversation_participant,"tenant_id, created_by",master.principal,"tenant_id, id",server/db/ddl/planes/neon/document/05_constraints.sql,222
document.conversation_participant,"tenant_id, updated_by",master.principal,"tenant_id, id",server/db/ddl/planes/neon/document/05_constraints.sql,226
document.conversation_participant,"tenant_id, left_by",master.principal,"tenant_id, id",server/db/ddl/planes/neon/document/05_constraints.sql,230
document.multipart_upload,tenant_id,master.tenant,id,server/db/ddl/planes/neon/document/05_constraints.sql,234
document.multipart_upload,"tenant_id, attachment_id",document.attachment,"tenant_id, id",server/db/ddl/planes/neon/document/05_constraints.sql,238
document.multipart_upload,"tenant_id, initiated_by",master.principal,"tenant_id, id",server/db/ddl/planes/neon/document/05_constraints.sql,242
document.multipart_upload,"tenant_id, created_by",master.principal,"tenant_id, id",server/db/ddl/planes/neon/document/05_constraints.sql,246
document.multipart_upload,"tenant_id, updated_by",master.principal,"tenant_id, id",server/db/ddl/planes/neon/document/05_constraints.sql,250
snapshot.content_item_version,tenant_id,master.tenant,id,server/db/ddl/planes/neon/document/05_constraints.sql,254
snapshot.content_item_version,"tenant_id, content_item_id",document.content_item,"tenant_id, id",server/db/ddl/planes/neon/document/05_constraints.sql,258
snapshot.content_item_version,"tenant_id, created_by",master.principal,"tenant_id, id",server/db/ddl/planes/neon/document/05_constraints.sql,262
document.content_item,"tenant_id, current_version_id",snapshot.content_item_version,"tenant_id, id",server/db/ddl/planes/neon/document/05_constraints.sql,267
document.workflow_request,tenant_id,master.tenant,id,server/db/ddl/planes/neon/document/05_constraints.sql,272
document.workflow_request,"tenant_id, requested_by",master.principal,"tenant_id, id",server/db/ddl/planes/neon/document/05_constraints.sql,273
document.workflow_request,"tenant_id, decided_by",master.principal,"tenant_id, id",server/db/ddl/planes/neon/document/05_constraints.sql,274
document.workflow_request,"tenant_id, status_changed_by",master.principal,"tenant_id, id",server/db/ddl/planes/neon/document/05_constraints.sql,275
document.workflow_request,"tenant_id, created_by",master.principal,"tenant_id, id",server/db/ddl/planes/neon/document/05_constraints.sql,276
document.workflow_request,"tenant_id, updated_by",master.principal,"tenant_id, id",server/db/ddl/planes/neon/document/05_constraints.sql,277
document.workflow_stage,"tenant_id, workflow_request_id",document.workflow_request,"tenant_id, id",server/db/ddl/planes/neon/document/05_constraints.sql,281
document.workflow_stage,"tenant_id, status_changed_by",master.principal,"tenant_id, id",server/db/ddl/planes/neon/document/05_constraints.sql,282
document.workflow_stage,"tenant_id, created_by",master.principal,"tenant_id, id",server/db/ddl/planes/neon/document/05_constraints.sql,283
document.workflow_stage,"tenant_id, updated_by",master.principal,"tenant_id, id",server/db/ddl/planes/neon/document/05_constraints.sql,284
document.commitment,tenant_id,master.tenant,id,server/db/ddl/planes/neon/document/05_constraints.sql,287
document.commitment,"tenant_id, company_code_id",master.company_code,"tenant_id, id",server/db/ddl/planes/neon/document/05_constraints.sql,288
document.commitment,"tenant_id, supplier_id",master.supplier,"tenant_id, id",server/db/ddl/planes/neon/document/05_constraints.sql,289
document.commitment,"tenant_id, parent_commitment_id",document.commitment,"tenant_id, id",server/db/ddl/planes/neon/document/05_constraints.sql,291
document.commitment,"tenant_id, responsible_principal_id",master.principal,"tenant_id, id",server/db/ddl/planes/neon/document/05_constraints.sql,292
document.commitment,"tenant_id, requested_by",master.principal,"tenant_id, id",server/db/ddl/planes/neon/document/05_constraints.sql,293
document.commitment,"tenant_id, workflow_request_id",document.workflow_request,"tenant_id, id",server/db/ddl/planes/neon/document/05_constraints.sql,295
document.commitment,"tenant_id, approved_by",master.principal,"tenant_id, id",server/db/ddl/planes/neon/document/05_constraints.sql,296
document.commitment,currency_code,shared.currency,code,server/db/ddl/planes/neon/document/05_constraints.sql,297
document.commitment,base_currency_code,shared.currency,code,server/db/ddl/planes/neon/document/05_constraints.sql,298
document.commitment,"tenant_id, payment_term_id",master.payment_term,"tenant_id, id",server/db/ddl/planes/neon/document/05_constraints.sql,299
document.commitment,"tenant_id, fiscal_period_id",master.fiscal_period,"tenant_id, id",server/db/ddl/planes/neon/document/05_constraints.sql,300
document.commitment,"tenant_id, status_changed_by",master.principal,"tenant_id, id",server/db/ddl/planes/neon/document/05_constraints.sql,301
document.commitment,"tenant_id, created_by",master.principal,"tenant_id, id",server/db/ddl/planes/neon/document/05_constraints.sql,302
document.commitment,"tenant_id, updated_by",master.principal,"tenant_id, id",server/db/ddl/planes/neon/document/05_constraints.sql,303
document.commitment_line,"tenant_id, company_code_id",master.company_code,"tenant_id, id",server/db/ddl/planes/neon/document/05_constraints.sql,306
document.commitment_line,"tenant_id, commitment_id",document.commitment,"tenant_id, id",server/db/ddl/planes/neon/document/05_constraints.sql,308
document.commitment_line,"tenant_id, item_id",master.item,"tenant_id, id",server/db/ddl/planes/neon/document/05_constraints.sql,309
document.commitment_line,"tenant_id, commodity_category_id",master.commodity_category,"tenant_id, id",server/db/ddl/planes/neon/document/05_constraints.sql,310
document.commitment_line,"tenant_id, business_intent_id",master.business_intent,"tenant_id, id",server/db/ddl/planes/neon/document/05_constraints.sql,311
document.commitment_line,"tenant_id, asset_class_id",master.asset_class,"tenant_id, id",server/db/ddl/planes/neon/document/05_constraints.sql,312
document.commitment_line,uom_code,shared.uom,code,server/db/ddl/planes/neon/document/05_constraints.sql,313
document.commitment_line,currency_code,shared.currency,code,server/db/ddl/planes/neon/document/05_constraints.sql,314
document.commitment_line,"tenant_id, tax_group_id",control.tax_group,"tenant_id, id",server/db/ddl/planes/neon/document/05_constraints.sql,315
document.commitment_line,"tenant_id, withholding_tax_group_id",control.tax_group,"tenant_id, id",server/db/ddl/planes/neon/document/05_constraints.sql,316
document.commitment_line,"tenant_id, to_tax_jurisdiction_id",master.tax_jurisdiction,"tenant_id, id",server/db/ddl/planes/neon/document/05_constraints.sql,317
document.commitment_line,"tenant_id, from_tax_jurisdiction_id",master.tax_jurisdiction,"tenant_id, id",server/db/ddl/planes/neon/document/05_constraints.sql,318
document.commitment_line,"tenant_id, site_id",master.site,"tenant_id, id",server/db/ddl/planes/neon/document/05_constraints.sql,319
document.commitment_line,"tenant_id, site_id, warehouse_id",master.warehouse,"tenant_id, site_id, id",server/db/ddl/planes/neon/document/05_constraints.sql,320
document.commitment_line,"tenant_id, ship_to_address_id",master.address,"tenant_id, id",server/db/ddl/planes/neon/document/05_constraints.sql,321
document.commitment_line,"tenant_id, bill_to_address_id",master.address,"tenant_id, id",server/db/ddl/planes/neon/document/05_constraints.sql,322
document.commitment_line,"tenant_id, bill_from_address_id",master.address,"tenant_id, id",server/db/ddl/planes/neon/document/05_constraints.sql,323
document.commitment_line,"tenant_id, ship_from_address_id",master.address,"tenant_id, id",server/db/ddl/planes/neon/document/05_constraints.sql,324
document.commitment_line,"tenant_id, remit_to_address_id",master.address,"tenant_id, id",server/db/ddl/planes/neon/document/05_constraints.sql,325
document.commitment_line,"tenant_id, status_changed_by",master.principal,"tenant_id, id",server/db/ddl/planes/neon/document/05_constraints.sql,326
document.commitment_line,"tenant_id, created_by",master.principal,"tenant_id, id",server/db/ddl/planes/neon/document/05_constraints.sql,327
document.commitment_line,"tenant_id, updated_by",master.principal,"tenant_id, id",server/db/ddl/planes/neon/document/05_constraints.sql,328
document.commitment_release_allocation,"tenant_id, parent_commitment_id",document.commitment,"tenant_id, id",server/db/ddl/planes/neon/document/05_constraints.sql,332
document.commitment_release_allocation,"tenant_id, parent_line_id",document.commitment_line,"tenant_id, id",server/db/ddl/planes/neon/document/05_constraints.sql,334
document.commitment_release_allocation,"tenant_id, release_commitment_id",document.commitment,"tenant_id, id",server/db/ddl/planes/neon/document/05_constraints.sql,336
document.commitment_release_allocation,"tenant_id, release_line_id",document.commitment_line,"tenant_id, id",server/db/ddl/planes/neon/document/05_constraints.sql,338
document.commitment_release_allocation,"tenant_id, reverses_allocation_id",document.commitment_release_allocation,"tenant_id, id",server/db/ddl/planes/neon/document/05_constraints.sql,340
document.commitment_release_allocation,currency_code,shared.currency,code,server/db/ddl/planes/neon/document/05_constraints.sql,341
document.commitment_release_allocation,"tenant_id, released_by",master.principal,"tenant_id, id",server/db/ddl/planes/neon/document/05_constraints.sql,342
document.commitment_release_allocation,"tenant_id, created_by",master.principal,"tenant_id, id",server/db/ddl/planes/neon/document/05_constraints.sql,343
document.purchase_invoice,tenant_id,master.tenant,id,server/db/ddl/planes/neon/document/05_constraints.sql,346
document.purchase_invoice,"tenant_id, company_code_id",master.company_code,"tenant_id, id",server/db/ddl/planes/neon/document/05_constraints.sql,347
document.purchase_invoice,"tenant_id, supplier_id",master.supplier,"tenant_id, id",server/db/ddl/planes/neon/document/05_constraints.sql,348
document.purchase_invoice,"tenant_id, commitment_id",document.commitment,"tenant_id, id",server/db/ddl/planes/neon/document/05_constraints.sql,349
document.purchase_invoice,currency_code,shared.currency,code,server/db/ddl/planes/neon/document/05_constraints.sql,350
document.purchase_invoice,base_currency_code,shared.currency,code,server/db/ddl/planes/neon/document/05_constraints.sql,351
document.purchase_invoice,"tenant_id, payment_term_id",master.payment_term,"tenant_id, id",server/db/ddl/planes/neon/document/05_constraints.sql,352
document.purchase_invoice,"tenant_id, fiscal_period_id",master.fiscal_period,"tenant_id, id",server/db/ddl/planes/neon/document/05_constraints.sql,353
document.purchase_invoice,"tenant_id, requested_by",master.principal,"tenant_id, id",server/db/ddl/planes/neon/document/05_constraints.sql,354
document.purchase_invoice,"tenant_id, workflow_request_id",document.workflow_request,"tenant_id, id",server/db/ddl/planes/neon/document/05_constraints.sql,355
document.purchase_invoice,"tenant_id, approved_by",master.principal,"tenant_id, id",server/db/ddl/planes/neon/document/05_constraints.sql,356
document.purchase_invoice,"tenant_id, status_changed_by",master.principal,"tenant_id, id",server/db/ddl/planes/neon/document/05_constraints.sql,357
document.purchase_invoice,"tenant_id, created_by",master.principal,"tenant_id, id",server/db/ddl/planes/neon/document/05_constraints.sql,358
document.purchase_invoice,"tenant_id, updated_by",master.principal,"tenant_id, id",server/db/ddl/planes/neon/document/05_constraints.sql,359
document.purchase_invoice_line,"tenant_id, company_code_id",master.company_code,"tenant_id, id",server/db/ddl/planes/neon/document/05_constraints.sql,362
document.purchase_invoice_line,"tenant_id, purchase_invoice_id",document.purchase_invoice,"tenant_id, id",server/db/ddl/planes/neon/document/05_constraints.sql,364
document.purchase_invoice_line,"tenant_id, commitment_line_id",document.commitment_line,"tenant_id, id",server/db/ddl/planes/neon/document/05_constraints.sql,365
document.purchase_invoice_line,"tenant_id, item_id",master.item,"tenant_id, id",server/db/ddl/planes/neon/document/05_constraints.sql,366
document.purchase_invoice_line,"tenant_id, commodity_category_id",master.commodity_category,"tenant_id, id",server/db/ddl/planes/neon/document/05_constraints.sql,367
document.purchase_invoice_line,"tenant_id, business_intent_id",master.business_intent,"tenant_id, id",server/db/ddl/planes/neon/document/05_constraints.sql,368
document.purchase_invoice_line,"tenant_id, asset_class_id",master.asset_class,"tenant_id, id",server/db/ddl/planes/neon/document/05_constraints.sql,369
document.purchase_invoice_line,uom_code,shared.uom,code,server/db/ddl/planes/neon/document/05_constraints.sql,370
document.purchase_invoice_line,currency_code,shared.currency,code,server/db/ddl/planes/neon/document/05_constraints.sql,371
document.purchase_invoice_line,"tenant_id, tax_group_id",control.tax_group,"tenant_id, id",server/db/ddl/planes/neon/document/05_constraints.sql,372
document.purchase_invoice_line,"tenant_id, withholding_tax_group_id",control.tax_group,"tenant_id, id",server/db/ddl/planes/neon/document/05_constraints.sql,373
document.purchase_invoice_line,"tenant_id, to_tax_jurisdiction_id",master.tax_jurisdiction,"tenant_id, id",server/db/ddl/planes/neon/document/05_constraints.sql,374
document.purchase_invoice_line,"tenant_id, from_tax_jurisdiction_id",master.tax_jurisdiction,"tenant_id, id",server/db/ddl/planes/neon/document/05_constraints.sql,375
document.purchase_invoice_line,"tenant_id, site_id",master.site,"tenant_id, id",server/db/ddl/planes/neon/document/05_constraints.sql,376
document.purchase_invoice_line,"tenant_id, site_id, warehouse_id",master.warehouse,"tenant_id, site_id, id",server/db/ddl/planes/neon/document/05_constraints.sql,377
document.purchase_invoice_line,"tenant_id, ship_to_address_id",master.address,"tenant_id, id",server/db/ddl/planes/neon/document/05_constraints.sql,378
document.purchase_invoice_line,"tenant_id, bill_to_address_id",master.address,"tenant_id, id",server/db/ddl/planes/neon/document/05_constraints.sql,379
document.purchase_invoice_line,"tenant_id, bill_from_address_id",master.address,"tenant_id, id",server/db/ddl/planes/neon/document/05_constraints.sql,380
document.purchase_invoice_line,"tenant_id, ship_from_address_id",master.address,"tenant_id, id",server/db/ddl/planes/neon/document/05_constraints.sql,381
document.purchase_invoice_line,"tenant_id, remit_to_address_id",master.address,"tenant_id, id",server/db/ddl/planes/neon/document/05_constraints.sql,382
document.purchase_invoice_line,"tenant_id, created_by",master.principal,"tenant_id, id",server/db/ddl/planes/neon/document/05_constraints.sql,383
document.purchase_invoice_line,"tenant_id, updated_by",master.principal,"tenant_id, id",server/db/ddl/planes/neon/document/05_constraints.sql,384
document.invoice_match_case,"tenant_id, company_code_id",master.company_code,"tenant_id, id",server/db/ddl/planes/neon/document/05_constraints.sql,387
document.invoice_match_case,"tenant_id, purchase_invoice_id",document.purchase_invoice,"tenant_id, id",server/db/ddl/planes/neon/document/05_constraints.sql,389
document.invoice_match_case,"tenant_id, commitment_id",document.commitment,"tenant_id, id",server/db/ddl/planes/neon/document/05_constraints.sql,390
document.invoice_match_case,"tenant_id, matched_by",master.principal,"tenant_id, id",server/db/ddl/planes/neon/document/05_constraints.sql,391
document.invoice_match_case,"tenant_id, status_changed_by",master.principal,"tenant_id, id",server/db/ddl/planes/neon/document/05_constraints.sql,392
document.invoice_match_case,"tenant_id, created_by",master.principal,"tenant_id, id",server/db/ddl/planes/neon/document/05_constraints.sql,393
document.invoice_match_case,"tenant_id, updated_by",master.principal,"tenant_id, id",server/db/ddl/planes/neon/document/05_constraints.sql,394
document.accounting_distribution,"tenant_id, gl_account_id",master.gl_account,"tenant_id, id",server/db/ddl/planes/neon/document/05_constraints.sql,397
document.accounting_distribution,"tenant_id, cost_center_id",master.cost_center,"tenant_id, id",server/db/ddl/planes/neon/document/05_constraints.sql,398
document.accounting_distribution,"tenant_id, profit_center_id",master.profit_center,"tenant_id, id",server/db/ddl/planes/neon/document/05_constraints.sql,399
document.accounting_distribution,"tenant_id, project_id",master.project,"tenant_id, id",server/db/ddl/planes/neon/document/05_constraints.sql,400
document.accounting_distribution,"tenant_id, dimension_set_id",master.dimension_set,"tenant_id, id",server/db/ddl/planes/neon/document/05_constraints.sql,401
document.accounting_distribution,"tenant_id, asset_id",master.asset,"tenant_id, id",server/db/ddl/planes/neon/document/05_constraints.sql,402
document.accounting_distribution,"tenant_id, budget_allocation_id",document.budget_allocation,"tenant_id, id",server/db/ddl/planes/neon/document/05_constraints.sql,403
document.accounting_distribution,currency_code,shared.currency,code,server/db/ddl/planes/neon/document/05_constraints.sql,404
document.accounting_distribution,"tenant_id, created_by",master.principal,"tenant_id, id",server/db/ddl/planes/neon/document/05_constraints.sql,405
document.accounting_distribution,"tenant_id, updated_by",master.principal,"tenant_id, id",server/db/ddl/planes/neon/document/05_constraints.sql,406
document.payment_term_application,"tenant_id, purchase_invoice_id",document.purchase_invoice,"tenant_id, id",server/db/ddl/planes/neon/document/05_constraints.sql,410
document.payment_term_application,"tenant_id, purchase_invoice_line_id",document.purchase_invoice_line,"tenant_id, id",server/db/ddl/planes/neon/document/05_constraints.sql,412
document.payment_term_application,"tenant_id, commitment_id",document.commitment,"tenant_id, id",server/db/ddl/planes/neon/document/05_constraints.sql,414
document.payment_term_application,"tenant_id, payment_term_id",master.payment_term,"tenant_id, id",server/db/ddl/planes/neon/document/05_constraints.sql,416
document.payment_term_application,"tenant_id, payment_term_clause_id",master.payment_term_clause,"tenant_id, id",server/db/ddl/planes/neon/document/05_constraints.sql,418
document.payment_term_application,"tenant_id, override_requested_by",master.principal,"tenant_id, id",server/db/ddl/planes/neon/document/05_constraints.sql,420
document.payment_term_application,"tenant_id, override_decided_by",master.principal,"tenant_id, id",server/db/ddl/planes/neon/document/05_constraints.sql,422
document.payment_term_application,"tenant_id, reverses_application_id",document.payment_term_application,"tenant_id, id",server/db/ddl/planes/neon/document/05_constraints.sql,424
document.payment_term_application,"tenant_id, supersedes_application_id",document.payment_term_application,"tenant_id, id",server/db/ddl/planes/neon/document/05_constraints.sql,426
document.payment_term_application,"tenant_id, created_by",master.principal,"tenant_id, id",server/db/ddl/planes/neon/document/05_constraints.sql,428
document.payment_term_application,"tenant_id, updated_by",master.principal,"tenant_id, id",server/db/ddl/planes/neon/document/05_constraints.sql,430
document.payment_entry,tenant_id,master.tenant,id,server/db/ddl/planes/neon/document/05_constraints.sql,433
document.payment_entry,"tenant_id, company_code_id",master.company_code,"tenant_id, id",server/db/ddl/planes/neon/document/05_constraints.sql,434
document.payment_entry,"tenant_id, supplier_id",master.supplier,"tenant_id, id",server/db/ddl/planes/neon/document/05_constraints.sql,435
document.payment_entry,"tenant_id, bank_account_id",master.bank_account,"tenant_id, id",server/db/ddl/planes/neon/document/05_constraints.sql,436
document.payment_entry,currency_code,shared.currency,code,server/db/ddl/planes/neon/document/05_constraints.sql,437
document.payment_entry,base_currency_code,shared.currency,code,server/db/ddl/planes/neon/document/05_constraints.sql,438
document.payment_entry,bank_currency_code,shared.currency,code,server/db/ddl/planes/neon/document/05_constraints.sql,439
document.payment_entry,"tenant_id, fiscal_period_id",master.fiscal_period,"tenant_id, id",server/db/ddl/planes/neon/document/05_constraints.sql,440
document.payment_entry,"tenant_id, reversal_of_payment_id",document.payment_entry,"tenant_id, id",server/db/ddl/planes/neon/document/05_constraints.sql,441
document.payment_entry,"tenant_id, workflow_request_id",document.workflow_request,"tenant_id, id",server/db/ddl/planes/neon/document/05_constraints.sql,442
document.payment_entry,"tenant_id, approved_by",master.principal,"tenant_id, id",server/db/ddl/planes/neon/document/05_constraints.sql,443
document.payment_entry,"tenant_id, posted_by",master.principal,"tenant_id, id",server/db/ddl/planes/neon/document/05_constraints.sql,444
document.payment_entry,"tenant_id, status_changed_by",master.principal,"tenant_id, id",server/db/ddl/planes/neon/document/05_constraints.sql,445
document.payment_entry,"tenant_id, created_by",master.principal,"tenant_id, id",server/db/ddl/planes/neon/document/05_constraints.sql,446
document.payment_entry,"tenant_id, updated_by",master.principal,"tenant_id, id",server/db/ddl/planes/neon/document/05_constraints.sql,447
document.payment_entry_allocation,"tenant_id, payment_entry_id",document.payment_entry,"tenant_id, id",server/db/ddl/planes/neon/document/05_constraints.sql,451
document.payment_entry_allocation,"tenant_id, purchase_invoice_id",document.purchase_invoice,"tenant_id, id",server/db/ddl/planes/neon/document/05_constraints.sql,453
document.payment_entry_allocation,"tenant_id, commitment_id",document.commitment,"tenant_id, id",server/db/ddl/planes/neon/document/05_constraints.sql,455
document.payment_entry_allocation,"tenant_id, payment_term_application_id",document.payment_term_application,"tenant_id, id",server/db/ddl/planes/neon/document/05_constraints.sql,457
document.payment_entry_allocation,"tenant_id, reverses_allocation_id",document.payment_entry_allocation,"tenant_id, id",server/db/ddl/planes/neon/document/05_constraints.sql,459
document.payment_entry_allocation,currency_code,shared.currency,code,server/db/ddl/planes/neon/document/05_constraints.sql,460
document.payment_entry_allocation,base_currency_code,shared.currency,code,server/db/ddl/planes/neon/document/05_constraints.sql,461
document.payment_entry_allocation,"tenant_id, created_by",master.principal,"tenant_id, id",server/db/ddl/planes/neon/document/05_constraints.sql,462
document.journal_entry,tenant_id,master.tenant,id,server/db/ddl/planes/neon/document/05_constraints.sql,465
document.journal_entry,"tenant_id, company_code_id",master.company_code,"tenant_id, id",server/db/ddl/planes/neon/document/05_constraints.sql,466
document.journal_entry,"tenant_id, ledger_book_id",master.ledger_book,"tenant_id, id",server/db/ddl/planes/neon/document/05_constraints.sql,467
document.journal_entry,"tenant_id, fiscal_period_id",master.fiscal_period,"tenant_id, id",server/db/ddl/planes/neon/document/05_constraints.sql,468
document.journal_entry,transaction_currency_code,shared.currency,code,server/db/ddl/planes/neon/document/05_constraints.sql,469
document.journal_entry,base_currency_code,shared.currency,code,server/db/ddl/planes/neon/document/05_constraints.sql,470
document.journal_entry,"tenant_id, reversal_of_journal_id",document.journal_entry,"tenant_id, id",server/db/ddl/planes/neon/document/05_constraints.sql,471
document.journal_entry,"tenant_id, derived_from_journal_id",document.journal_entry,"tenant_id, id",server/db/ddl/planes/neon/document/05_constraints.sql,472
document.journal_entry,"tenant_id, original_fiscal_period_id",master.fiscal_period,"tenant_id, id",server/db/ddl/planes/neon/document/05_constraints.sql,473
document.journal_entry,"tenant_id, accounting_profile_policy_id",control.accounting_profile_policy,"tenant_id, id",server/db/ddl/planes/neon/document/05_constraints.sql,475
document.journal_entry,"tenant_id, posted_by",master.principal,"tenant_id, id",server/db/ddl/planes/neon/document/05_constraints.sql,476
document.journal_entry,"tenant_id, status_changed_by",master.principal,"tenant_id, id",server/db/ddl/planes/neon/document/05_constraints.sql,477
document.journal_entry,"tenant_id, created_by",master.principal,"tenant_id, id",server/db/ddl/planes/neon/document/05_constraints.sql,478
document.journal_entry,"tenant_id, updated_by",master.principal,"tenant_id, id",server/db/ddl/planes/neon/document/05_constraints.sql,479
document.journal_line,"tenant_id, journal_entry_id",document.journal_entry,"tenant_id, id",server/db/ddl/planes/neon/document/05_constraints.sql,483
document.journal_line,"tenant_id, gl_account_id",master.gl_account,"tenant_id, id",server/db/ddl/planes/neon/document/05_constraints.sql,484
document.journal_line,transaction_currency_code,shared.currency,code,server/db/ddl/planes/neon/document/05_constraints.sql,485
document.journal_line,base_currency_code,shared.currency,code,server/db/ddl/planes/neon/document/05_constraints.sql,486
document.journal_line,"tenant_id, cost_center_id",master.cost_center,"tenant_id, id",server/db/ddl/planes/neon/document/05_constraints.sql,487
document.journal_line,"tenant_id, profit_center_id",master.profit_center,"tenant_id, id",server/db/ddl/planes/neon/document/05_constraints.sql,488
document.journal_line,"tenant_id, project_id",master.project,"tenant_id, id",server/db/ddl/planes/neon/document/05_constraints.sql,489
document.journal_line,"tenant_id, dimension_set_id",master.dimension_set,"tenant_id, id",server/db/ddl/planes/neon/document/05_constraints.sql,490
document.journal_line,"tenant_id, business_partner_id",master.business_partner,"tenant_id, id",server/db/ddl/planes/neon/document/05_constraints.sql,491
document.journal_line,"tenant_id, created_by",master.principal,"tenant_id, id",server/db/ddl/planes/neon/document/05_constraints.sql,492
document.journal_line_reference,"tenant_id, journal_line_id",document.journal_line,"tenant_id, id",server/db/ddl/planes/neon/document/05_constraints.sql,496
document.journal_line_reference,"tenant_id, accounting_distribution_id",document.accounting_distribution,"tenant_id, id",server/db/ddl/planes/neon/document/05_constraints.sql,498
document.journal_line_reference,currency_code,shared.currency,code,server/db/ddl/planes/neon/document/05_constraints.sql,499
document.journal_line_reference,"tenant_id, created_by",master.principal,"tenant_id, id",server/db/ddl/planes/neon/document/05_constraints.sql,500
document.commitment,"tenant_id, encumbrance_journal_entry_id",document.journal_entry,"tenant_id, id",server/db/ddl/planes/neon/document/05_constraints.sql,506
document.purchase_invoice,"tenant_id, ap_journal_entry_id",document.journal_entry,"tenant_id, id",server/db/ddl/planes/neon/document/05_constraints.sql,509
document.payment_entry,"tenant_id, journal_entry_id",document.journal_entry,"tenant_id, id",server/db/ddl/planes/neon/document/05_constraints.sql,512
document.purchase_requisition,tenant_id,master.tenant,id,server/db/ddl/planes/neon/document/05_constraints.sql,515
document.purchase_requisition,"tenant_id, company_code_id",master.company_code,"tenant_id, id",server/db/ddl/planes/neon/document/05_constraints.sql,516
document.purchase_requisition,"tenant_id, requested_by",master.principal,"tenant_id, id",server/db/ddl/planes/neon/document/05_constraints.sql,517
document.purchase_requisition,"tenant_id, responsible_principal_id",master.principal,"tenant_id, id",server/db/ddl/planes/neon/document/05_constraints.sql,518
document.purchase_requisition,currency_code,shared.currency,code,server/db/ddl/planes/neon/document/05_constraints.sql,519
document.purchase_requisition,base_currency_code,shared.currency,code,server/db/ddl/planes/neon/document/05_constraints.sql,520
document.purchase_requisition,"tenant_id, fiscal_period_id",master.fiscal_period,"tenant_id, id",server/db/ddl/planes/neon/document/05_constraints.sql,521
document.purchase_requisition,"tenant_id, encumbrance_journal_entry_id",document.journal_entry,"tenant_id, id",server/db/ddl/planes/neon/document/05_constraints.sql,522
document.purchase_requisition,"tenant_id, workflow_request_id",document.workflow_request,"tenant_id, id",server/db/ddl/planes/neon/document/05_constraints.sql,523
document.purchase_requisition,"tenant_id, approved_by",master.principal,"tenant_id, id",server/db/ddl/planes/neon/document/05_constraints.sql,524
document.purchase_requisition,"tenant_id, status_changed_by",master.principal,"tenant_id, id",server/db/ddl/planes/neon/document/05_constraints.sql,525
document.purchase_requisition,"tenant_id, created_by",master.principal,"tenant_id, id",server/db/ddl/planes/neon/document/05_constraints.sql,526
document.purchase_requisition,"tenant_id, updated_by",master.principal,"tenant_id, id",server/db/ddl/planes/neon/document/05_constraints.sql,527
document.purchase_requisition_line,"tenant_id, company_code_id",master.company_code,"tenant_id, id",server/db/ddl/planes/neon/document/05_constraints.sql,530
document.purchase_requisition_line,"tenant_id, purchase_requisition_id",document.purchase_requisition,"tenant_id, id",server/db/ddl/planes/neon/document/05_constraints.sql,531
document.purchase_requisition_line,"tenant_id, item_id",master.item,"tenant_id, id",server/db/ddl/planes/neon/document/05_constraints.sql,532
document.purchase_requisition_line,"tenant_id, commodity_category_id",master.commodity_category,"tenant_id, id",server/db/ddl/planes/neon/document/05_constraints.sql,533
document.purchase_requisition_line,"tenant_id, business_intent_id",master.business_intent,"tenant_id, id",server/db/ddl/planes/neon/document/05_constraints.sql,534
document.purchase_requisition_line,"tenant_id, asset_class_id",master.asset_class,"tenant_id, id",server/db/ddl/planes/neon/document/05_constraints.sql,535
document.purchase_requisition_line,uom_code,shared.uom,code,server/db/ddl/planes/neon/document/05_constraints.sql,536
document.purchase_requisition_line,currency_code,shared.currency,code,server/db/ddl/planes/neon/document/05_constraints.sql,537
document.purchase_requisition_line,"tenant_id, tax_group_id",control.tax_group,"tenant_id, id",server/db/ddl/planes/neon/document/05_constraints.sql,538
document.purchase_requisition_line,"tenant_id, withholding_tax_group_id",control.tax_group,"tenant_id, id",server/db/ddl/planes/neon/document/05_constraints.sql,539
document.purchase_requisition_line,"tenant_id, to_tax_jurisdiction_id",master.tax_jurisdiction,"tenant_id, id",server/db/ddl/planes/neon/document/05_constraints.sql,540
document.purchase_requisition_line,"tenant_id, from_tax_jurisdiction_id",master.tax_jurisdiction,"tenant_id, id",server/db/ddl/planes/neon/document/05_constraints.sql,541
document.purchase_requisition_line,"tenant_id, site_id",master.site,"tenant_id, id",server/db/ddl/planes/neon/document/05_constraints.sql,542
document.purchase_requisition_line,"tenant_id, site_id, warehouse_id",master.warehouse,"tenant_id, site_id, id",server/db/ddl/planes/neon/document/05_constraints.sql,543
document.purchase_requisition_line,"tenant_id, suggested_supplier_id",master.supplier,"tenant_id, id",server/db/ddl/planes/neon/document/05_constraints.sql,544
document.purchase_requisition_line,"tenant_id, ship_to_address_id",master.address,"tenant_id, id",server/db/ddl/planes/neon/document/05_constraints.sql,545
document.purchase_requisition_line,"tenant_id, bill_to_address_id",master.address,"tenant_id, id",server/db/ddl/planes/neon/document/05_constraints.sql,546
document.purchase_requisition_line,"tenant_id, bill_from_address_id",master.address,"tenant_id, id",server/db/ddl/planes/neon/document/05_constraints.sql,547
document.purchase_requisition_line,"tenant_id, ship_from_address_id",master.address,"tenant_id, id",server/db/ddl/planes/neon/document/05_constraints.sql,548
document.purchase_requisition_line,"tenant_id, remit_to_address_id",master.address,"tenant_id, id",server/db/ddl/planes/neon/document/05_constraints.sql,549
document.purchase_requisition_line,"tenant_id, status_changed_by",master.principal,"tenant_id, id",server/db/ddl/planes/neon/document/05_constraints.sql,550
document.purchase_requisition_line,"tenant_id, created_by",master.principal,"tenant_id, id",server/db/ddl/planes/neon/document/05_constraints.sql,551
document.purchase_requisition_line,"tenant_id, updated_by",master.principal,"tenant_id, id",server/db/ddl/planes/neon/document/05_constraints.sql,552
document.purchase_order_confirmation,tenant_id,master.tenant,id,server/db/ddl/planes/neon/document/05_constraints.sql,555
document.purchase_order_confirmation,"tenant_id, company_code_id",master.company_code,"tenant_id, id",server/db/ddl/planes/neon/document/05_constraints.sql,556
document.purchase_order_confirmation,"tenant_id, commitment_id",document.commitment,"tenant_id, id",server/db/ddl/planes/neon/document/05_constraints.sql,557
document.purchase_order_confirmation,"tenant_id, supplier_id",master.supplier,"tenant_id, id",server/db/ddl/planes/neon/document/05_constraints.sql,558
document.purchase_order_confirmation,"tenant_id, amendment_commitment_id",document.commitment,"tenant_id, id",server/db/ddl/planes/neon/document/05_constraints.sql,559
document.purchase_order_confirmation,currency_code,shared.currency,code,server/db/ddl/planes/neon/document/05_constraints.sql,560
document.purchase_order_confirmation,"tenant_id, status_changed_by",master.principal,"tenant_id, id",server/db/ddl/planes/neon/document/05_constraints.sql,561
document.purchase_order_confirmation,"tenant_id, created_by",master.principal,"tenant_id, id",server/db/ddl/planes/neon/document/05_constraints.sql,562
document.purchase_order_confirmation,"tenant_id, updated_by",master.principal,"tenant_id, id",server/db/ddl/planes/neon/document/05_constraints.sql,563
document.purchase_order_confirmation_line,"tenant_id, confirmation_id",document.purchase_order_confirmation,"tenant_id, id",server/db/ddl/planes/neon/document/05_constraints.sql,566
document.purchase_order_confirmation_line,"tenant_id, commitment_line_id",document.commitment_line,"tenant_id, id",server/db/ddl/planes/neon/document/05_constraints.sql,567
document.purchase_order_confirmation_line,"tenant_id, created_by",master.principal,"tenant_id, id",server/db/ddl/planes/neon/document/05_constraints.sql,568
document.delivery_note,tenant_id,master.tenant,id,server/db/ddl/planes/neon/document/05_constraints.sql,571
document.delivery_note,"tenant_id, company_code_id",master.company_code,"tenant_id, id",server/db/ddl/planes/neon/document/05_constraints.sql,572
document.delivery_note,"tenant_id, commitment_id",document.commitment,"tenant_id, id",server/db/ddl/planes/neon/document/05_constraints.sql,573
document.delivery_note,"tenant_id, supplier_id",master.supplier,"tenant_id, id",server/db/ddl/planes/neon/document/05_constraints.sql,574
document.delivery_note,"tenant_id, delivery_site_id",master.site,"tenant_id, id",server/db/ddl/planes/neon/document/05_constraints.sql,575
document.delivery_note,"tenant_id, delivery_site_id, delivery_warehouse_id",master.warehouse,"tenant_id, site_id, id",server/db/ddl/planes/neon/document/05_constraints.sql,576
document.delivery_note,currency_code,shared.currency,code,server/db/ddl/planes/neon/document/05_constraints.sql,577
document.delivery_note,"tenant_id, status_changed_by",master.principal,"tenant_id, id",server/db/ddl/planes/neon/document/05_constraints.sql,578
document.delivery_note,"tenant_id, created_by",master.principal,"tenant_id, id",server/db/ddl/planes/neon/document/05_constraints.sql,579
document.delivery_note,"tenant_id, updated_by",master.principal,"tenant_id, id",server/db/ddl/planes/neon/document/05_constraints.sql,580
document.delivery_note_line,"tenant_id, company_code_id",master.company_code,"tenant_id, id",server/db/ddl/planes/neon/document/05_constraints.sql,583
document.delivery_note_line,"tenant_id, delivery_note_id",document.delivery_note,"tenant_id, id",server/db/ddl/planes/neon/document/05_constraints.sql,584
document.delivery_note_line,"tenant_id, commitment_line_id",document.commitment_line,"tenant_id, id",server/db/ddl/planes/neon/document/05_constraints.sql,585
document.delivery_note_line,"tenant_id, item_id",master.item,"tenant_id, id",server/db/ddl/planes/neon/document/05_constraints.sql,586
document.delivery_note_line,uom_code,shared.uom,code,server/db/ddl/planes/neon/document/05_constraints.sql,587
document.delivery_note_line,"tenant_id, created_by",master.principal,"tenant_id, id",server/db/ddl/planes/neon/document/05_constraints.sql,588
document.delivery_note_line,"tenant_id, updated_by",master.principal,"tenant_id, id",server/db/ddl/planes/neon/document/05_constraints.sql,589
document.receipt,tenant_id,master.tenant,id,server/db/ddl/planes/neon/document/05_constraints.sql,592
document.receipt,"tenant_id, company_code_id",master.company_code,"tenant_id, id",server/db/ddl/planes/neon/document/05_constraints.sql,593
document.receipt,"tenant_id, requested_by",master.principal,"tenant_id, id",server/db/ddl/planes/neon/document/05_constraints.sql,594
document.receipt,"tenant_id, commitment_id",document.commitment,"tenant_id, id",server/db/ddl/planes/neon/document/05_constraints.sql,595
document.receipt,"tenant_id, delivery_note_id",document.delivery_note,"tenant_id, id",server/db/ddl/planes/neon/document/05_constraints.sql,596
document.receipt,"tenant_id, supplier_id",master.supplier,"tenant_id, id",server/db/ddl/planes/neon/document/05_constraints.sql,597
document.receipt,"tenant_id, receiving_site_id",master.site,"tenant_id, id",server/db/ddl/planes/neon/document/05_constraints.sql,598
document.receipt,"tenant_id, receiving_site_id, receiving_warehouse_id",master.warehouse,"tenant_id, site_id, id",server/db/ddl/planes/neon/document/05_constraints.sql,599
document.receipt,currency_code,shared.currency,code,server/db/ddl/planes/neon/document/05_constraints.sql,600
document.receipt,base_currency_code,shared.currency,code,server/db/ddl/planes/neon/document/05_constraints.sql,601
document.receipt,"tenant_id, fiscal_period_id",master.fiscal_period,"tenant_id, id",server/db/ddl/planes/neon/document/05_constraints.sql,602
document.receipt,"tenant_id, accrual_journal_entry_id",document.journal_entry,"tenant_id, id",server/db/ddl/planes/neon/document/05_constraints.sql,603
document.receipt,"tenant_id, workflow_request_id",document.workflow_request,"tenant_id, id",server/db/ddl/planes/neon/document/05_constraints.sql,604
document.receipt,"tenant_id, approved_by",master.principal,"tenant_id, id",server/db/ddl/planes/neon/document/05_constraints.sql,605
document.receipt,"tenant_id, status_changed_by",master.principal,"tenant_id, id",server/db/ddl/planes/neon/document/05_constraints.sql,606
document.receipt,"tenant_id, created_by",master.principal,"tenant_id, id",server/db/ddl/planes/neon/document/05_constraints.sql,607
document.receipt,"tenant_id, updated_by",master.principal,"tenant_id, id",server/db/ddl/planes/neon/document/05_constraints.sql,608
document.receipt_line,"tenant_id, company_code_id",master.company_code,"tenant_id, id",server/db/ddl/planes/neon/document/05_constraints.sql,611
document.receipt_line,"tenant_id, receipt_id",document.receipt,"tenant_id, id",server/db/ddl/planes/neon/document/05_constraints.sql,612
document.receipt_line,"tenant_id, commitment_line_id",document.commitment_line,"tenant_id, id",server/db/ddl/planes/neon/document/05_constraints.sql,613
document.receipt_line,"tenant_id, delivery_note_line_id",document.delivery_note_line,"tenant_id, id",server/db/ddl/planes/neon/document/05_constraints.sql,614
document.receipt_line,"tenant_id, source_schedule_id",document.schedule_line,"tenant_id, id",server/db/ddl/planes/neon/document/05_constraints.sql,615
document.receipt_line,"tenant_id, item_id",master.item,"tenant_id, id",server/db/ddl/planes/neon/document/05_constraints.sql,616
document.receipt_line,uom_code,shared.uom,code,server/db/ddl/planes/neon/document/05_constraints.sql,617
document.receipt_line,currency_code,shared.currency,code,server/db/ddl/planes/neon/document/05_constraints.sql,618
document.receipt_line,"tenant_id, tax_group_id",control.tax_group,"tenant_id, id",server/db/ddl/planes/neon/document/05_constraints.sql,619
document.receipt_line,"tenant_id, withholding_tax_group_id",control.tax_group,"tenant_id, id",server/db/ddl/planes/neon/document/05_constraints.sql,620
document.receipt_line,"tenant_id, to_tax_jurisdiction_id",master.tax_jurisdiction,"tenant_id, id",server/db/ddl/planes/neon/document/05_constraints.sql,621
document.receipt_line,"tenant_id, from_tax_jurisdiction_id",master.tax_jurisdiction,"tenant_id, id",server/db/ddl/planes/neon/document/05_constraints.sql,622
document.receipt_line,"tenant_id, site_id",master.site,"tenant_id, id",server/db/ddl/planes/neon/document/05_constraints.sql,623
document.receipt_line,"tenant_id, site_id, warehouse_id",master.warehouse,"tenant_id, site_id, id",server/db/ddl/planes/neon/document/05_constraints.sql,624
document.receipt_line,"tenant_id, supplier_id",master.supplier,"tenant_id, id",server/db/ddl/planes/neon/document/05_constraints.sql,625
document.receipt_line,"tenant_id, ship_to_address_id",master.address,"tenant_id, id",server/db/ddl/planes/neon/document/05_constraints.sql,626
document.receipt_line,"tenant_id, bill_to_address_id",master.address,"tenant_id, id",server/db/ddl/planes/neon/document/05_constraints.sql,627
document.receipt_line,"tenant_id, bill_from_address_id",master.address,"tenant_id, id",server/db/ddl/planes/neon/document/05_constraints.sql,628
document.receipt_line,"tenant_id, ship_from_address_id",master.address,"tenant_id, id",server/db/ddl/planes/neon/document/05_constraints.sql,629
document.receipt_line,"tenant_id, remit_to_address_id",master.address,"tenant_id, id",server/db/ddl/planes/neon/document/05_constraints.sql,630
document.receipt_line,"tenant_id, asset_class_id",master.asset_class,"tenant_id, id",server/db/ddl/planes/neon/document/05_constraints.sql,631
document.receipt_line,"tenant_id, inventory_movement_id",ledger.inventory_movement,"tenant_id, id",server/db/ddl/planes/neon/document/05_constraints.sql,632
document.receipt_line,"tenant_id, created_by",master.principal,"tenant_id, id",server/db/ddl/planes/neon/document/05_constraints.sql,633
document.receipt_line,"tenant_id, updated_by",master.principal,"tenant_id, id",server/db/ddl/planes/neon/document/05_constraints.sql,634
document.service_sheet,tenant_id,master.tenant,id,server/db/ddl/planes/neon/document/05_constraints.sql,637
document.service_sheet,"tenant_id, company_code_id",master.company_code,"tenant_id, id",server/db/ddl/planes/neon/document/05_constraints.sql,638
document.service_sheet,"tenant_id, requested_by",master.principal,"tenant_id, id",server/db/ddl/planes/neon/document/05_constraints.sql,639
document.service_sheet,"tenant_id, commitment_id",document.commitment,"tenant_id, id",server/db/ddl/planes/neon/document/05_constraints.sql,640
document.service_sheet,"tenant_id, supplier_id",master.supplier,"tenant_id, id",server/db/ddl/planes/neon/document/05_constraints.sql,641
document.service_sheet,currency_code,shared.currency,code,server/db/ddl/planes/neon/document/05_constraints.sql,642
document.service_sheet,base_currency_code,shared.currency,code,server/db/ddl/planes/neon/document/05_constraints.sql,643
document.service_sheet,"tenant_id, fiscal_period_id",master.fiscal_period,"tenant_id, id",server/db/ddl/planes/neon/document/05_constraints.sql,644
document.service_sheet,"tenant_id, accrual_journal_entry_id",document.journal_entry,"tenant_id, id",server/db/ddl/planes/neon/document/05_constraints.sql,645
document.service_sheet,"tenant_id, accepted_by",master.principal,"tenant_id, id",server/db/ddl/planes/neon/document/05_constraints.sql,646
document.service_sheet,"tenant_id, workflow_request_id",document.workflow_request,"tenant_id, id",server/db/ddl/planes/neon/document/05_constraints.sql,647
document.service_sheet,"tenant_id, approved_by",master.principal,"tenant_id, id",server/db/ddl/planes/neon/document/05_constraints.sql,648
document.service_sheet,"tenant_id, status_changed_by",master.principal,"tenant_id, id",server/db/ddl/planes/neon/document/05_constraints.sql,649
document.service_sheet,"tenant_id, created_by",master.principal,"tenant_id, id",server/db/ddl/planes/neon/document/05_constraints.sql,650
document.service_sheet,"tenant_id, updated_by",master.principal,"tenant_id, id",server/db/ddl/planes/neon/document/05_constraints.sql,651
document.service_sheet_line,"tenant_id, company_code_id",master.company_code,"tenant_id, id",server/db/ddl/planes/neon/document/05_constraints.sql,654
document.service_sheet_line,"tenant_id, service_sheet_id",document.service_sheet,"tenant_id, id",server/db/ddl/planes/neon/document/05_constraints.sql,655
document.service_sheet_line,"tenant_id, commitment_line_id",document.commitment_line,"tenant_id, id",server/db/ddl/planes/neon/document/05_constraints.sql,656
document.service_sheet_line,"tenant_id, source_schedule_id",document.schedule_line,"tenant_id, id",server/db/ddl/planes/neon/document/05_constraints.sql,657
document.service_sheet_line,"tenant_id, item_id",master.item,"tenant_id, id",server/db/ddl/planes/neon/document/05_constraints.sql,658
document.service_sheet_line,uom_code,shared.uom,code,server/db/ddl/planes/neon/document/05_constraints.sql,659
document.service_sheet_line,currency_code,shared.currency,code,server/db/ddl/planes/neon/document/05_constraints.sql,660
document.service_sheet_line,"tenant_id, tax_group_id",control.tax_group,"tenant_id, id",server/db/ddl/planes/neon/document/05_constraints.sql,661
document.service_sheet_line,"tenant_id, withholding_tax_group_id",control.tax_group,"tenant_id, id",server/db/ddl/planes/neon/document/05_constraints.sql,662
document.service_sheet_line,"tenant_id, to_tax_jurisdiction_id",master.tax_jurisdiction,"tenant_id, id",server/db/ddl/planes/neon/document/05_constraints.sql,663
document.service_sheet_line,"tenant_id, from_tax_jurisdiction_id",master.tax_jurisdiction,"tenant_id, id",server/db/ddl/planes/neon/document/05_constraints.sql,664
document.service_sheet_line,"tenant_id, site_id",master.site,"tenant_id, id",server/db/ddl/planes/neon/document/05_constraints.sql,665
document.service_sheet_line,"tenant_id, site_id, warehouse_id",master.warehouse,"tenant_id, site_id, id",server/db/ddl/planes/neon/document/05_constraints.sql,666
document.service_sheet_line,"tenant_id, supplier_id",master.supplier,"tenant_id, id",server/db/ddl/planes/neon/document/05_constraints.sql,667
document.service_sheet_line,"tenant_id, ship_to_address_id",master.address,"tenant_id, id",server/db/ddl/planes/neon/document/05_constraints.sql,668
document.service_sheet_line,"tenant_id, bill_to_address_id",master.address,"tenant_id, id",server/db/ddl/planes/neon/document/05_constraints.sql,669
document.service_sheet_line,"tenant_id, bill_from_address_id",master.address,"tenant_id, id",server/db/ddl/planes/neon/document/05_constraints.sql,670
document.service_sheet_line,"tenant_id, ship_from_address_id",master.address,"tenant_id, id",server/db/ddl/planes/neon/document/05_constraints.sql,671
document.service_sheet_line,"tenant_id, remit_to_address_id",master.address,"tenant_id, id",server/db/ddl/planes/neon/document/05_constraints.sql,672
document.service_sheet_line,"tenant_id, created_by",master.principal,"tenant_id, id",server/db/ddl/planes/neon/document/05_constraints.sql,673
document.service_sheet_line,"tenant_id, updated_by",master.principal,"tenant_id, id",server/db/ddl/planes/neon/document/05_constraints.sql,674
document.pricing_component,tenant_id,master.tenant,id,server/db/ddl/planes/neon/document/05_constraints.sql,678
document.pricing_component,"tenant_id, company_code_id",master.company_code,"tenant_id, id",server/db/ddl/planes/neon/document/05_constraints.sql,680
document.pricing_component,"tenant_id, condition_type_id",master.condition_type,"tenant_id, id",server/db/ddl/planes/neon/document/05_constraints.sql,682
document.pricing_component,"tenant_id, tax_group_id",control.tax_group,"tenant_id, id",server/db/ddl/planes/neon/document/05_constraints.sql,684
document.pricing_component,"tenant_id, is_apportioned_from_id",document.pricing_component,"tenant_id, id",server/db/ddl/planes/neon/document/05_constraints.sql,686
document.pricing_component,"tenant_id, superseded_by_id",document.pricing_component,"tenant_id, id",server/db/ddl/planes/neon/document/05_constraints.sql,688
document.pricing_component,currency_code,shared.currency,code,server/db/ddl/planes/neon/document/05_constraints.sql,690
document.pricing_component,base_currency_code,shared.currency,code,server/db/ddl/planes/neon/document/05_constraints.sql,692
document.pricing_component,"tenant_id, superseded_by_user",master.principal,"tenant_id, id",server/db/ddl/planes/neon/document/05_constraints.sql,694
document.pricing_component,"tenant_id, created_by",master.principal,"tenant_id, id",server/db/ddl/planes/neon/document/05_constraints.sql,696
document.pricing_component,"tenant_id, updated_by",master.principal,"tenant_id, id",server/db/ddl/planes/neon/document/05_constraints.sql,698
document.schedule_line,tenant_id,master.tenant,id,server/db/ddl/planes/neon/document/05_constraints.sql,702
document.schedule_line,"tenant_id, previous_version_id",document.schedule_line,"tenant_id, id",server/db/ddl/planes/neon/document/05_constraints.sql,704
document.schedule_line,currency_code,shared.currency,code,server/db/ddl/planes/neon/document/05_constraints.sql,706
document.schedule_line,"tenant_id, created_by",master.principal,"tenant_id, id",server/db/ddl/planes/neon/document/05_constraints.sql,708
document.schedule_line,"tenant_id, updated_by",master.principal,"tenant_id, id",server/db/ddl/planes/neon/document/05_constraints.sql,710
document.catalog_import,"tenant_id, company_code_id",master.company_code,"tenant_id, id",server/db/ddl/planes/neon/document/05_constraints.sql,715
document.catalog_import,"tenant_id, supplier_business_partner_id",master.business_partner,"tenant_id, id",server/db/ddl/planes/neon/document/05_constraints.sql,719
document.catalog_import,"tenant_id, reviewed_by",master.principal,"tenant_id, id",server/db/ddl/planes/neon/document/05_constraints.sql,723
document.catalog_import,"tenant_id, published_by",master.principal,"tenant_id, id",server/db/ddl/planes/neon/document/05_constraints.sql,727
document.catalog_import,"tenant_id, created_by",master.principal,"tenant_id, id",server/db/ddl/planes/neon/document/05_constraints.sql,731
document.catalog_import_line,"tenant_id, catalog_import_id",document.catalog_import,"tenant_id, id",server/db/ddl/planes/neon/document/05_constraints.sql,736
document.catalog_import_line,commodity_code_id,shared.commodity_code,id,server/db/ddl/planes/neon/document/05_constraints.sql,740
document.catalog_import_line,normalized_uom_code,shared.uom,code,server/db/ddl/planes/neon/document/05_constraints.sql,744
document.catalog_import_line,currency_code,shared.currency,code,server/db/ddl/planes/neon/document/05_constraints.sql,748
document.catalog_import_line,"tenant_id, proposed_item_id",master.item,"tenant_id, id",server/db/ddl/planes/neon/document/05_constraints.sql,752
document.catalog_import_line,"tenant_id, published_catalog_item_id",master.catalog_item,"tenant_id, id",server/db/ddl/planes/neon/document/05_constraints.sql,756
document.catalog_import_line,"tenant_id, reviewed_by",master.principal,"tenant_id, id",server/db/ddl/planes/neon/document/05_constraints.sql,760
document.catalog_import_line,"tenant_id, created_by",master.principal,"tenant_id, id",server/db/ddl/planes/neon/document/05_constraints.sql,764
document.punchout_cart,"tenant_id, company_code_id",master.company_code,"tenant_id, id",server/db/ddl/planes/neon/document/05_constraints.sql,769
document.punchout_cart,"tenant_id, supplier_business_partner_id",master.business_partner,"tenant_id, id",server/db/ddl/planes/neon/document/05_constraints.sql,773
document.punchout_cart,currency_code,shared.currency,code,server/db/ddl/planes/neon/document/05_constraints.sql,777
document.punchout_cart,"tenant_id, created_by",master.principal,"tenant_id, id",server/db/ddl/planes/neon/document/05_constraints.sql,781
document.punchout_cart_line,"tenant_id, punchout_cart_id",document.punchout_cart,"tenant_id, id",server/db/ddl/planes/neon/document/05_constraints.sql,786
document.punchout_cart_line,commodity_code_id,shared.commodity_code,id,server/db/ddl/planes/neon/document/05_constraints.sql,790
document.punchout_cart_line,"tenant_id, item_id",master.item,"tenant_id, id",server/db/ddl/planes/neon/document/05_constraints.sql,794
document.punchout_cart_line,uom_code,shared.uom,code,server/db/ddl/planes/neon/document/05_constraints.sql,798
document.punchout_cart_line,currency_code,shared.currency,code,server/db/ddl/planes/neon/document/05_constraints.sql,802
document.punchout_cart_line,"tenant_id, matched_by",master.principal,"tenant_id, id",server/db/ddl/planes/neon/document/05_constraints.sql,806
document.punchout_cart_line,"tenant_id, created_by",master.principal,"tenant_id, id",server/db/ddl/planes/neon/document/05_constraints.sql,810
document.production_order,"tenant_id, company_code_id",master.company_code,"tenant_id, id",server/db/ddl/planes/neon/document/05_constraints.sql,815
document.production_order,"tenant_id, company_code_id, output_item_id",master.item,"tenant_id, company_code_id, id",server/db/ddl/planes/neon/document/05_constraints.sql,819
document.production_order,"tenant_id, bom_snapshot_id",snapshot.bom,"tenant_id, id",server/db/ddl/planes/neon/document/05_constraints.sql,823
document.production_order,uom_code,shared.uom,code,server/db/ddl/planes/neon/document/05_constraints.sql,827
document.production_order,"tenant_id, assembly_site_id",master.site,"tenant_id, id",server/db/ddl/planes/neon/document/05_constraints.sql,831
document.production_order,"tenant_id, created_by",master.principal,"tenant_id, id",server/db/ddl/planes/neon/document/05_constraints.sql,835
document.production_order_component,"tenant_id, production_order_id",document.production_order,"tenant_id, id",server/db/ddl/planes/neon/document/05_constraints.sql,840
document.production_order_component,"tenant_id, bom_component_snapshot_id",snapshot.bom_component,"tenant_id, id",server/db/ddl/planes/neon/document/05_constraints.sql,844
document.production_order_component,"tenant_id, component_item_id",master.item,"tenant_id, id",server/db/ddl/planes/neon/document/05_constraints.sql,848
document.production_order_component,uom_code,shared.uom,code,server/db/ddl/planes/neon/document/05_constraints.sql,852
document.production_order_component,"tenant_id, created_by",master.principal,"tenant_id, id",server/db/ddl/planes/neon/document/05_constraints.sql,856
document.sales_order,"tenant_id, company_code_id",master.company_code,"tenant_id, id",server/db/ddl/planes/neon/document/05_constraints.sql,861
document.sales_order,"tenant_id, customer_id",master.customer,"tenant_id, id",server/db/ddl/planes/neon/document/05_constraints.sql,865
document.sales_order,currency_code,shared.currency,code,server/db/ddl/planes/neon/document/05_constraints.sql,869
document.sales_order,"tenant_id, created_by",master.principal,"tenant_id, id",server/db/ddl/planes/neon/document/05_constraints.sql,873
document.sales_order_line,"tenant_id, sales_order_id",document.sales_order,"tenant_id, id",server/db/ddl/planes/neon/document/05_constraints.sql,878
document.sales_order_line,"tenant_id, item_id",master.item,"tenant_id, id",server/db/ddl/planes/neon/document/05_constraints.sql,882
document.sales_order_line,uom_code,shared.uom,code,server/db/ddl/planes/neon/document/05_constraints.sql,886
document.sales_order_line,currency_code,shared.currency,code,server/db/ddl/planes/neon/document/05_constraints.sql,890
document.sales_order_line,"tenant_id, created_by",master.principal,"tenant_id, id",server/db/ddl/planes/neon/document/05_constraints.sql,894
document.stocktake,tenant_id,master.tenant,id,server/db/ddl/planes/neon/document/05_constraints.sql,898
document.stocktake,"tenant_id, company_code_id, site_id",master.site,"tenant_id, company_code_id, id",server/db/ddl/planes/neon/document/05_constraints.sql,900
document.stocktake,"tenant_id, site_id, warehouse_id",master.warehouse,"tenant_id, site_id, id",server/db/ddl/planes/neon/document/05_constraints.sql,902
document.stocktake,"tenant_id, variance_journal_entry_id",document.journal_entry,"tenant_id, id",server/db/ddl/planes/neon/document/05_constraints.sql,904
document.stocktake,"tenant_id, completed_by",master.principal,"tenant_id, id",server/db/ddl/planes/neon/document/05_constraints.sql,906
document.stocktake,"tenant_id, status_changed_by",master.principal,"tenant_id, id",server/db/ddl/planes/neon/document/05_constraints.sql,908
document.stocktake,"tenant_id, created_by",master.principal,"tenant_id, id",server/db/ddl/planes/neon/document/05_constraints.sql,910
document.stocktake,"tenant_id, updated_by",master.principal,"tenant_id, id",server/db/ddl/planes/neon/document/05_constraints.sql,912
document.stocktake_line,"tenant_id, stocktake_id",document.stocktake,"tenant_id, id",server/db/ddl/planes/neon/document/05_constraints.sql,916
document.stocktake_line,"tenant_id, item_id",master.item,"tenant_id, id",server/db/ddl/planes/neon/document/05_constraints.sql,918
document.stocktake_line,uom_code,shared.uom,code,server/db/ddl/planes/neon/document/05_constraints.sql,920
document.stocktake_line,currency_code,shared.currency,code,server/db/ddl/planes/neon/document/05_constraints.sql,922
document.stocktake_line,"tenant_id, counted_by",master.principal,"tenant_id, id",server/db/ddl/planes/neon/document/05_constraints.sql,924
document.stocktake_line,"tenant_id, posted_inventory_movement_id",ledger.inventory_movement,"tenant_id, id",server/db/ddl/planes/neon/document/05_constraints.sql,926
document.stocktake_line,"tenant_id, created_by",master.principal,"tenant_id, id",server/db/ddl/planes/neon/document/05_constraints.sql,928
document.stocktake_line,"tenant_id, updated_by",master.principal,"tenant_id, id",server/db/ddl/planes/neon/document/05_constraints.sql,930
document.sales_opportunity,tenant_id,master.tenant,id,server/db/ddl/planes/neon/document/05_constraints.sql,934
document.sales_opportunity,"tenant_id, customer_id",master.customer,"tenant_id, id",server/db/ddl/planes/neon/document/05_constraints.sql,936
document.sales_opportunity,"tenant_id, operating_organization_id",master.operating_organization,"tenant_id, id",server/db/ddl/planes/neon/document/05_constraints.sql,938
document.sales_opportunity,"tenant_id, principal_seller_company_id",master.company_code,"tenant_id, id",server/db/ddl/planes/neon/document/05_constraints.sql,940
document.sales_opportunity,currency_code,shared.currency,code,server/db/ddl/planes/neon/document/05_constraints.sql,942
document.sales_opportunity,"tenant_id, requested_by",master.principal,"tenant_id, id",server/db/ddl/planes/neon/document/05_constraints.sql,944
document.sales_opportunity,"tenant_id, status_changed_by",master.principal,"tenant_id, id",server/db/ddl/planes/neon/document/05_constraints.sql,946
document.sales_opportunity,"tenant_id, created_by",master.principal,"tenant_id, id",server/db/ddl/planes/neon/document/05_constraints.sql,948
document.sales_opportunity,"tenant_id, updated_by",master.principal,"tenant_id, id",server/db/ddl/planes/neon/document/05_constraints.sql,950
document.sales_opportunity_company,"tenant_id, opportunity_id",document.sales_opportunity,"tenant_id, id",server/db/ddl/planes/neon/document/05_constraints.sql,954
document.sales_opportunity_company,"tenant_id, company_code_id",master.company_code,"tenant_id, id",server/db/ddl/planes/neon/document/05_constraints.sql,956
document.sales_opportunity_company,"tenant_id, status_changed_by",master.principal,"tenant_id, id",server/db/ddl/planes/neon/document/05_constraints.sql,958
document.sales_opportunity_company,"tenant_id, created_by",master.principal,"tenant_id, id",server/db/ddl/planes/neon/document/05_constraints.sql,960
document.sales_opportunity_company,"tenant_id, updated_by",master.principal,"tenant_id, id",server/db/ddl/planes/neon/document/05_constraints.sql,962
document.sales_quotation,tenant_id,master.tenant,id,server/db/ddl/planes/neon/document/05_constraints.sql,966
document.sales_quotation,"tenant_id, opportunity_id",document.sales_opportunity,"tenant_id, id",server/db/ddl/planes/neon/document/05_constraints.sql,968
document.sales_quotation,"tenant_id, customer_id",master.customer,"tenant_id, id",server/db/ddl/planes/neon/document/05_constraints.sql,970
document.sales_quotation,"tenant_id, operating_organization_id",master.operating_organization,"tenant_id, id",server/db/ddl/planes/neon/document/05_constraints.sql,972
document.sales_quotation,"tenant_id, principal_seller_company_id",master.company_code,"tenant_id, id",server/db/ddl/planes/neon/document/05_constraints.sql,974
document.sales_quotation,currency_code,shared.currency,code,server/db/ddl/planes/neon/document/05_constraints.sql,976
document.sales_quotation,"tenant_id, requested_by",master.principal,"tenant_id, id",server/db/ddl/planes/neon/document/05_constraints.sql,978
document.sales_quotation,"tenant_id, status_changed_by",master.principal,"tenant_id, id",server/db/ddl/planes/neon/document/05_constraints.sql,980
document.sales_quotation,"tenant_id, created_by",master.principal,"tenant_id, id",server/db/ddl/planes/neon/document/05_constraints.sql,982
document.sales_quotation,"tenant_id, updated_by",master.principal,"tenant_id, id",server/db/ddl/planes/neon/document/05_constraints.sql,984
document.sales_quotation_company,"tenant_id, quotation_id",document.sales_quotation,"tenant_id, id",server/db/ddl/planes/neon/document/05_constraints.sql,988
document.sales_quotation_company,"tenant_id, company_code_id",master.company_code,"tenant_id, id",server/db/ddl/planes/neon/document/05_constraints.sql,990
document.sales_quotation_company,"tenant_id, status_changed_by",master.principal,"tenant_id, id",server/db/ddl/planes/neon/document/05_constraints.sql,992
document.sales_quotation_company,"tenant_id, created_by",master.principal,"tenant_id, id",server/db/ddl/planes/neon/document/05_constraints.sql,994
document.sales_quotation_company,"tenant_id, updated_by",master.principal,"tenant_id, id",server/db/ddl/planes/neon/document/05_constraints.sql,996
document.sales_quotation_allocation,"tenant_id, quotation_id",document.sales_quotation,"tenant_id, id",server/db/ddl/planes/neon/document/05_constraints.sql,1000
document.sales_quotation_allocation,"tenant_id, quotation_id, company_code_id",document.sales_quotation_company,"tenant_id, quotation_id, company_code_id",server/db/ddl/planes/neon/document/05_constraints.sql,1002
document.sales_quotation_allocation,"tenant_id, output_sales_order_id",document.sales_order,"tenant_id, id",server/db/ddl/planes/neon/document/05_constraints.sql,1004
document.sales_quotation_allocation,"tenant_id, status_changed_by",master.principal,"tenant_id, id",server/db/ddl/planes/neon/document/05_constraints.sql,1006
document.sales_quotation_allocation,"tenant_id, created_by",master.principal,"tenant_id, id",server/db/ddl/planes/neon/document/05_constraints.sql,1008
document.sales_quotation_allocation,"tenant_id, updated_by",master.principal,"tenant_id, id",server/db/ddl/planes/neon/document/05_constraints.sql,1010
document.sales_order,"tenant_id, quotation_id",document.sales_quotation,"tenant_id, id",server/db/ddl/planes/neon/document/05_constraints.sql,1014
document.sales_order_intercompany_fulfillment,"tenant_id, sales_order_id",document.sales_order,"tenant_id, id",server/db/ddl/planes/neon/document/05_constraints.sql,1018
document.sales_order_intercompany_fulfillment,"tenant_id, selling_company_code_id",master.company_code,"tenant_id, id",server/db/ddl/planes/neon/document/05_constraints.sql,1020
document.sales_order_intercompany_fulfillment,"tenant_id, fulfillment_company_code_id",master.company_code,"tenant_id, id",server/db/ddl/planes/neon/document/05_constraints.sql,1022
document.sales_order_intercompany_fulfillment,currency_code,shared.currency,code,server/db/ddl/planes/neon/document/05_constraints.sql,1024
document.sales_order_intercompany_fulfillment,"tenant_id, status_changed_by",master.principal,"tenant_id, id",server/db/ddl/planes/neon/document/05_constraints.sql,1026
document.sales_order_intercompany_fulfillment,"tenant_id, created_by",master.principal,"tenant_id, id",server/db/ddl/planes/neon/document/05_constraints.sql,1028
document.sales_order_intercompany_fulfillment,"tenant_id, updated_by",master.principal,"tenant_id, id",server/db/ddl/planes/neon/document/05_constraints.sql,1030
document.bank_statement,tenant_id,master.tenant,id,server/db/ddl/planes/neon/document/05_constraints.sql,1033
document.bank_statement,"tenant_id, company_code_id",master.company_code,"tenant_id, id",server/db/ddl/planes/neon/document/05_constraints.sql,1034
document.bank_statement,"tenant_id, bank_account_id",master.bank_account,"tenant_id, id",server/db/ddl/planes/neon/document/05_constraints.sql,1035
document.bank_statement,currency_code,shared.currency,code,server/db/ddl/planes/neon/document/05_constraints.sql,1036
document.bank_statement,"tenant_id, signed_off_by",master.principal,"tenant_id, id",server/db/ddl/planes/neon/document/05_constraints.sql,1037
document.bank_statement,"tenant_id, status_changed_by",master.principal,"tenant_id, id",server/db/ddl/planes/neon/document/05_constraints.sql,1038
document.bank_statement,"tenant_id, created_by",master.principal,"tenant_id, id",server/db/ddl/planes/neon/document/05_constraints.sql,1039
document.bank_statement,"tenant_id, updated_by",master.principal,"tenant_id, id",server/db/ddl/planes/neon/document/05_constraints.sql,1040
document.bank_statement_line,"tenant_id, bank_statement_id",document.bank_statement,"tenant_id, id",server/db/ddl/planes/neon/document/05_constraints.sql,1043
document.bank_statement_line,currency_code,shared.currency,code,server/db/ddl/planes/neon/document/05_constraints.sql,1044
document.bank_statement_line,"tenant_id, created_by",master.principal,"tenant_id, id",server/db/ddl/planes/neon/document/05_constraints.sql,1045
document.bank_statement_line,"tenant_id, updated_by",master.principal,"tenant_id, id",server/db/ddl/planes/neon/document/05_constraints.sql,1046
document.bank_recon_case,tenant_id,master.tenant,id,server/db/ddl/planes/neon/document/05_constraints.sql,1049
document.bank_recon_case,"tenant_id, company_code_id",master.company_code,"tenant_id, id",server/db/ddl/planes/neon/document/05_constraints.sql,1050
document.bank_recon_case,"tenant_id, bank_account_id",master.bank_account,"tenant_id, id",server/db/ddl/planes/neon/document/05_constraints.sql,1051
document.bank_recon_case,currency_code,shared.currency,code,server/db/ddl/planes/neon/document/05_constraints.sql,1052
document.bank_recon_case,"tenant_id, sign_off_journal_entry_id",document.journal_entry,"tenant_id, id",server/db/ddl/planes/neon/document/05_constraints.sql,1053
document.bank_recon_case,"tenant_id, signed_off_by",master.principal,"tenant_id, id",server/db/ddl/planes/neon/document/05_constraints.sql,1054
document.bank_recon_case,"tenant_id, voided_by",master.principal,"tenant_id, id",server/db/ddl/planes/neon/document/05_constraints.sql,1055
document.bank_recon_case,"tenant_id, status_changed_by",master.principal,"tenant_id, id",server/db/ddl/planes/neon/document/05_constraints.sql,1056
document.bank_recon_case,"tenant_id, created_by",master.principal,"tenant_id, id",server/db/ddl/planes/neon/document/05_constraints.sql,1057
document.bank_recon_case,"tenant_id, updated_by",master.principal,"tenant_id, id",server/db/ddl/planes/neon/document/05_constraints.sql,1058
document.bank_recon_case_line,"tenant_id, bank_recon_case_id",document.bank_recon_case,"tenant_id, id",server/db/ddl/planes/neon/document/05_constraints.sql,1061
document.bank_recon_case_line,"tenant_id, payment_entry_id",document.payment_entry,"tenant_id, id",server/db/ddl/planes/neon/document/05_constraints.sql,1062
document.bank_recon_case_line,"tenant_id, bank_statement_line_id",document.bank_statement_line,"tenant_id, id",server/db/ddl/planes/neon/document/05_constraints.sql,1063
document.bank_recon_case_line,"tenant_id, created_by",master.principal,"tenant_id, id",server/db/ddl/planes/neon/document/05_constraints.sql,1064
document.depreciation_run,tenant_id,master.tenant,id,server/db/ddl/planes/neon/document/05_constraints.sql,1067
document.depreciation_run,"tenant_id, company_code_id",master.company_code,"tenant_id, id",server/db/ddl/planes/neon/document/05_constraints.sql,1068
document.depreciation_run,"tenant_id, ledger_book_id",master.ledger_book,"tenant_id, id",server/db/ddl/planes/neon/document/05_constraints.sql,1069
document.depreciation_run,"tenant_id, fiscal_period_id",master.fiscal_period,"tenant_id, id",server/db/ddl/planes/neon/document/05_constraints.sql,1070
document.depreciation_run,currency_code,shared.currency,code,server/db/ddl/planes/neon/document/05_constraints.sql,1071
document.depreciation_run,"tenant_id, reversal_of_run_id",document.depreciation_run,"tenant_id, id",server/db/ddl/planes/neon/document/05_constraints.sql,1072
document.depreciation_run,"tenant_id, reference_journal_entry_id",document.journal_entry,"tenant_id, id",server/db/ddl/planes/neon/document/05_constraints.sql,1073
document.depreciation_run,"tenant_id, started_by",master.principal,"tenant_id, id",server/db/ddl/planes/neon/document/05_constraints.sql,1074
document.depreciation_run,"tenant_id, completed_by",master.principal,"tenant_id, id",server/db/ddl/planes/neon/document/05_constraints.sql,1075
document.depreciation_run,"tenant_id, posted_by",master.principal,"tenant_id, id",server/db/ddl/planes/neon/document/05_constraints.sql,1076
document.depreciation_run,"tenant_id, status_changed_by",master.principal,"tenant_id, id",server/db/ddl/planes/neon/document/05_constraints.sql,1077
document.depreciation_run,"tenant_id, created_by",master.principal,"tenant_id, id",server/db/ddl/planes/neon/document/05_constraints.sql,1078
document.depreciation_run,"tenant_id, updated_by",master.principal,"tenant_id, id",server/db/ddl/planes/neon/document/05_constraints.sql,1079
document.depreciation_run_line,"tenant_id, run_id",document.depreciation_run,"tenant_id, id",server/db/ddl/planes/neon/document/05_constraints.sql,1082
document.depreciation_run_line,"tenant_id, asset_id",master.asset,"tenant_id, id",server/db/ddl/planes/neon/document/05_constraints.sql,1083
document.depreciation_run_line,"tenant_id, asset_book_id",master.asset_book,"tenant_id, id",server/db/ddl/planes/neon/document/05_constraints.sql,1084
document.depreciation_run_line,"tenant_id, depreciation_schedule_id",document.depreciation_schedule,"tenant_id, id",server/db/ddl/planes/neon/document/05_constraints.sql,1085
document.depreciation_run_line,"tenant_id, reversal_of_line_id",document.depreciation_run_line,"tenant_id, id",server/db/ddl/planes/neon/document/05_constraints.sql,1086
document.depreciation_run_line,currency_code,shared.currency,code,server/db/ddl/planes/neon/document/05_constraints.sql,1087
document.depreciation_run_line,"tenant_id, posted_by",master.principal,"tenant_id, id",server/db/ddl/planes/neon/document/05_constraints.sql,1088
document.depreciation_run_line,"tenant_id, created_by",master.principal,"tenant_id, id",server/db/ddl/planes/neon/document/05_constraints.sql,1089
document.depreciation_schedule,tenant_id,master.tenant,id,server/db/ddl/planes/neon/document/05_constraints.sql,1092
document.depreciation_schedule,"tenant_id, asset_id",master.asset,"tenant_id, id",server/db/ddl/planes/neon/document/05_constraints.sql,1093
document.depreciation_schedule,"tenant_id, asset_book_id",master.asset_book,"tenant_id, id",server/db/ddl/planes/neon/document/05_constraints.sql,1094
document.depreciation_schedule,"tenant_id, fiscal_period_id",master.fiscal_period,"tenant_id, id",server/db/ddl/planes/neon/document/05_constraints.sql,1095
document.depreciation_schedule,currency_code,shared.currency,code,server/db/ddl/planes/neon/document/05_constraints.sql,1096
document.depreciation_schedule,"tenant_id, actual_run_line_id",document.depreciation_run_line,"tenant_id, id",server/db/ddl/planes/neon/document/05_constraints.sql,1097
document.depreciation_schedule,"tenant_id, status_changed_by",master.principal,"tenant_id, id",server/db/ddl/planes/neon/document/05_constraints.sql,1098
document.depreciation_schedule,"tenant_id, created_by",master.principal,"tenant_id, id",server/db/ddl/planes/neon/document/05_constraints.sql,1099
document.depreciation_schedule,"tenant_id, updated_by",master.principal,"tenant_id, id",server/db/ddl/planes/neon/document/05_constraints.sql,1100
document.sourcing_event,tenant_id,master.tenant,id,server/db/ddl/planes/neon/document/05_constraints.sql,1103
document.sourcing_event,"tenant_id,operating_organization_id",master.operating_organization,"tenant_id,id",server/db/ddl/planes/neon/document/05_constraints.sql,1104
document.sourcing_event,"tenant_id,central_buyer_company_id",master.company_code,"tenant_id,id",server/db/ddl/planes/neon/document/05_constraints.sql,1105
document.sourcing_event,evaluation_currency_code,shared.currency,code,server/db/ddl/planes/neon/document/05_constraints.sql,1106
document.sourcing_event,"tenant_id,requested_by",master.principal,"tenant_id,id",server/db/ddl/planes/neon/document/05_constraints.sql,1107
document.sourcing_event,"tenant_id,published_by",master.principal,"tenant_id,id",server/db/ddl/planes/neon/document/05_constraints.sql,1108
document.sourcing_event,"tenant_id,awarded_by",master.principal,"tenant_id,id",server/db/ddl/planes/neon/document/05_constraints.sql,1109
document.sourcing_event,"tenant_id,closed_by",master.principal,"tenant_id,id",server/db/ddl/planes/neon/document/05_constraints.sql,1110
document.sourcing_event,"tenant_id,status_changed_by",master.principal,"tenant_id,id",server/db/ddl/planes/neon/document/05_constraints.sql,1111
document.sourcing_event,"tenant_id,created_by",master.principal,"tenant_id,id",server/db/ddl/planes/neon/document/05_constraints.sql,1112
document.sourcing_event,"tenant_id,updated_by",master.principal,"tenant_id,id",server/db/ddl/planes/neon/document/05_constraints.sql,1113
document.sourcing_event_company,"tenant_id,sourcing_event_id",document.sourcing_event,"tenant_id,id",server/db/ddl/planes/neon/document/05_constraints.sql,1116
document.sourcing_event_company,"tenant_id,company_code_id",master.company_code,"tenant_id,id",server/db/ddl/planes/neon/document/05_constraints.sql,1117
document.sourcing_event_company,"tenant_id,status_changed_by",master.principal,"tenant_id,id",server/db/ddl/planes/neon/document/05_constraints.sql,1118
document.sourcing_event_company,"tenant_id,created_by",master.principal,"tenant_id,id",server/db/ddl/planes/neon/document/05_constraints.sql,1119
document.sourcing_event_company,"tenant_id,updated_by",master.principal,"tenant_id,id",server/db/ddl/planes/neon/document/05_constraints.sql,1120
document.sourcing_event_demand,"tenant_id,sourcing_event_id",document.sourcing_event,"tenant_id,id",server/db/ddl/planes/neon/document/05_constraints.sql,1123
document.sourcing_event_demand,"tenant_id,purchase_requisition_line_id",document.purchase_requisition_line,"tenant_id,id",server/db/ddl/planes/neon/document/05_constraints.sql,1124
document.sourcing_event_demand,"tenant_id,demand_company_code_id",master.company_code,"tenant_id,id",server/db/ddl/planes/neon/document/05_constraints.sql,1125
document.sourcing_event_demand,uom_code,shared.uom,code,server/db/ddl/planes/neon/document/05_constraints.sql,1126
document.sourcing_event_demand,source_currency_code,shared.currency,code,server/db/ddl/planes/neon/document/05_constraints.sql,1127
document.sourcing_event_demand,evaluation_currency_code,shared.currency,code,server/db/ddl/planes/neon/document/05_constraints.sql,1128
document.sourcing_event_demand,"tenant_id,status_changed_by",master.principal,"tenant_id,id",server/db/ddl/planes/neon/document/05_constraints.sql,1129
document.sourcing_event_demand,"tenant_id,created_by",master.principal,"tenant_id,id",server/db/ddl/planes/neon/document/05_constraints.sql,1130
document.sourcing_event_demand,"tenant_id,updated_by",master.principal,"tenant_id,id",server/db/ddl/planes/neon/document/05_constraints.sql,1131
document.sourcing_event_award,"tenant_id,sourcing_event_id",document.sourcing_event,"tenant_id,id",server/db/ddl/planes/neon/document/05_constraints.sql,1134
document.sourcing_event_award,"tenant_id,supplier_id",master.supplier,"tenant_id,id",server/db/ddl/planes/neon/document/05_constraints.sql,1135
document.sourcing_event_award,currency_code,shared.currency,code,server/db/ddl/planes/neon/document/05_constraints.sql,1136
document.sourcing_event_award,"tenant_id,approved_by",master.principal,"tenant_id,id",server/db/ddl/planes/neon/document/05_constraints.sql,1137
document.sourcing_event_award,"tenant_id,converted_by",master.principal,"tenant_id,id",server/db/ddl/planes/neon/document/05_constraints.sql,1138
document.sourcing_event_award,"tenant_id,status_changed_by",master.principal,"tenant_id,id",server/db/ddl/planes/neon/document/05_constraints.sql,1139
document.sourcing_event_award,"tenant_id,created_by",master.principal,"tenant_id,id",server/db/ddl/planes/neon/document/05_constraints.sql,1140
document.sourcing_event_award,"tenant_id,updated_by",master.principal,"tenant_id,id",server/db/ddl/planes/neon/document/05_constraints.sql,1141
document.sourcing_event_award_allocation,"tenant_id,award_id",document.sourcing_event_award,"tenant_id,id",server/db/ddl/planes/neon/document/05_constraints.sql,1144
document.sourcing_event_award_allocation,"tenant_id,sourcing_event_demand_id",document.sourcing_event_demand,"tenant_id,id",server/db/ddl/planes/neon/document/05_constraints.sql,1145
document.sourcing_event_award_allocation,"tenant_id,company_code_id",master.company_code,"tenant_id,id",server/db/ddl/planes/neon/document/05_constraints.sql,1146
document.sourcing_event_award_allocation,uom_code,shared.uom,code,server/db/ddl/planes/neon/document/05_constraints.sql,1147
document.sourcing_event_award_allocation,currency_code,shared.currency,code,server/db/ddl/planes/neon/document/05_constraints.sql,1148
document.sourcing_event_award_allocation,"tenant_id,output_commitment_id",document.commitment,"tenant_id,id",server/db/ddl/planes/neon/document/05_constraints.sql,1149
document.sourcing_event_award_allocation,"tenant_id,status_changed_by",master.principal,"tenant_id,id",server/db/ddl/planes/neon/document/05_constraints.sql,1150
document.sourcing_event_award_allocation,"tenant_id,created_by",master.principal,"tenant_id,id",server/db/ddl/planes/neon/document/05_constraints.sql,1151
document.sourcing_event_award_allocation,"tenant_id,updated_by",master.principal,"tenant_id,id",server/db/ddl/planes/neon/document/05_constraints.sql,1152
document.sourcing_event_intercompany_allocation,"tenant_id,award_allocation_id",document.sourcing_event_award_allocation,"tenant_id,id",server/db/ddl/planes/neon/document/05_constraints.sql,1155
document.sourcing_event_intercompany_allocation,"tenant_id,source_company_code_id",master.company_code,"tenant_id,id",server/db/ddl/planes/neon/document/05_constraints.sql,1156
document.sourcing_event_intercompany_allocation,"tenant_id,beneficiary_company_code_id",master.company_code,"tenant_id,id",server/db/ddl/planes/neon/document/05_constraints.sql,1157
document.sourcing_event_intercompany_allocation,"tenant_id,commitment_id",document.commitment,"tenant_id,id",server/db/ddl/planes/neon/document/05_constraints.sql,1158
document.sourcing_event_intercompany_allocation,currency_code,shared.currency,code,server/db/ddl/planes/neon/document/05_constraints.sql,1159
document.sourcing_event_intercompany_allocation,"tenant_id,posting_journal_entry_id",document.journal_entry,"tenant_id,id",server/db/ddl/planes/neon/document/05_constraints.sql,1160
document.sourcing_event_intercompany_allocation,"tenant_id,status_changed_by",master.principal,"tenant_id,id",server/db/ddl/planes/neon/document/05_constraints.sql,1161
document.sourcing_event_intercompany_allocation,"tenant_id,created_by",master.principal,"tenant_id,id",server/db/ddl/planes/neon/document/05_constraints.sql,1162
document.sourcing_event_intercompany_allocation,"tenant_id,updated_by",master.principal,"tenant_id,id",server/db/ddl/planes/neon/document/05_constraints.sql,1163
document.shift_assignment,"tenant_id,employee_id",master.employee,"tenant_id,id",server/db/ddl/planes/neon/document/05_constraints.sql,1187
document.shift_assignment,"tenant_id,shift_type_id",master.shift_type,"tenant_id,id",server/db/ddl/planes/neon/document/05_constraints.sql,1188
document.time_punch,"tenant_id,employee_id",master.employee,"tenant_id,id",server/db/ddl/planes/neon/document/05_constraints.sql,1190
document.time_punch,"tenant_id,shift_assignment_id",document.shift_assignment,"tenant_id,id",server/db/ddl/planes/neon/document/05_constraints.sql,1191
document.attendance_day,"tenant_id,employee_id",master.employee,"tenant_id,id",server/db/ddl/planes/neon/document/05_constraints.sql,1193
document.attendance_day,"tenant_id,shift_assignment_id",document.shift_assignment,"tenant_id,id",server/db/ddl/planes/neon/document/05_constraints.sql,1194
document.attendance_adjustment_request,"tenant_id,employee_id",master.employee,"tenant_id,id",server/db/ddl/planes/neon/document/05_constraints.sql,1196
document.attendance_adjustment_request,"tenant_id,attendance_day_id",document.attendance_day,"tenant_id,id",server/db/ddl/planes/neon/document/05_constraints.sql,1197
document.attendance_adjustment_request,"tenant_id,workflow_request_id",document.workflow_request,"tenant_id,id",server/db/ddl/planes/neon/document/05_constraints.sql,1198
document.attendance_adjustment_request,"tenant_id,submitted_by",master.principal,"tenant_id,id",server/db/ddl/planes/neon/document/05_constraints.sql,1199
document.attendance_adjustment_request,"tenant_id,approved_by",master.principal,"tenant_id,id",server/db/ddl/planes/neon/document/05_constraints.sql,1200
document.compensation_change,"tenant_id,employee_id",master.employee,"tenant_id,id",server/db/ddl/planes/neon/document/05_constraints.sql,1202
document.compensation_change,"tenant_id,current_assignment_id",master.compensation_assignment,"tenant_id,id",server/db/ddl/planes/neon/document/05_constraints.sql,1203
document.compensation_change,"tenant_id,approved_assignment_id",master.compensation_assignment,"tenant_id,id",server/db/ddl/planes/neon/document/05_constraints.sql,1204
document.compensation_change,"tenant_id,workflow_request_id",document.workflow_request,"tenant_id,id",server/db/ddl/planes/neon/document/05_constraints.sql,1205
document.compensation_change,"tenant_id,proposed_pay_group_id",master.pay_group,"tenant_id,id",server/db/ddl/planes/neon/document/05_constraints.sql,1206
document.compensation_change,"tenant_id,proposed_pay_structure_id",master.pay_structure,"tenant_id,id",server/db/ddl/planes/neon/document/05_constraints.sql,1207
document.compensation_change,proposed_currency_code,shared.currency,code,server/db/ddl/planes/neon/document/05_constraints.sql,1208
document.compensation_change,"tenant_id,submitted_by",master.principal,"tenant_id,id",server/db/ddl/planes/neon/document/05_constraints.sql,1209
document.compensation_change,"tenant_id,approved_by",master.principal,"tenant_id,id",server/db/ddl/planes/neon/document/05_constraints.sql,1210
document.employee_tax_declaration,"tenant_id,employee_id",master.employee,"tenant_id,id",server/db/ddl/planes/neon/document/05_constraints.sql,1212
document.employee_tax_declaration,"tenant_id,employment_id",master.employment,"tenant_id,id",server/db/ddl/planes/neon/document/05_constraints.sql,1213
document.employee_tax_declaration,country_code,shared.country,code,server/db/ddl/planes/neon/document/05_constraints.sql,1214
document.employee_tax_declaration,"tenant_id,workflow_request_id",document.workflow_request,"tenant_id,id",server/db/ddl/planes/neon/document/05_constraints.sql,1215
document.employee_tax_declaration,"tenant_id,submitted_by",master.principal,"tenant_id,id",server/db/ddl/planes/neon/document/05_constraints.sql,1216
document.employee_tax_declaration,"tenant_id,approved_by",master.principal,"tenant_id,id",server/db/ddl/planes/neon/document/05_constraints.sql,1217
document.employee_tax_declaration_line,"tenant_id,employee_tax_declaration_id",document.employee_tax_declaration,"tenant_id,id",server/db/ddl/planes/neon/document/05_constraints.sql,1219
document.leave_request,"tenant_id,employee_id",master.employee,"tenant_id,id",server/db/ddl/planes/neon/document/05_constraints.sql,1221
document.leave_request,"tenant_id,leave_type_id",master.leave_type,"tenant_id,id",server/db/ddl/planes/neon/document/05_constraints.sql,1222
document.leave_request,"tenant_id,leave_plan_id",master.leave_plan,"tenant_id,id",server/db/ddl/planes/neon/document/05_constraints.sql,1223
document.leave_request,"tenant_id,workflow_request_id",document.workflow_request,"tenant_id,id",server/db/ddl/planes/neon/document/05_constraints.sql,1224
document.leave_request,"tenant_id,submitted_by",master.principal,"tenant_id,id",server/db/ddl/planes/neon/document/05_constraints.sql,1225
document.leave_request,"tenant_id,approved_by",master.principal,"tenant_id,id",server/db/ddl/planes/neon/document/05_constraints.sql,1226
document.leave_balance_entry,"tenant_id,employee_id",master.employee,"tenant_id,id",server/db/ddl/planes/neon/document/05_constraints.sql,1228
document.leave_balance_entry,"tenant_id,leave_type_id",master.leave_type,"tenant_id,id",server/db/ddl/planes/neon/document/05_constraints.sql,1229
document.leave_balance_entry,"tenant_id,leave_plan_id",master.leave_plan,"tenant_id,id",server/db/ddl/planes/neon/document/05_constraints.sql,1230
document.people_request,"tenant_id,employee_id",master.employee,"tenant_id,id",server/db/ddl/planes/neon/document/05_constraints.sql,1232
document.people_request,"tenant_id,workflow_request_id",document.workflow_request,"tenant_id,id",server/db/ddl/planes/neon/document/05_constraints.sql,1233
document.people_request,"tenant_id,submitted_by",master.principal,"tenant_id,id",server/db/ddl/planes/neon/document/05_constraints.sql,1234
document.people_request,"tenant_id,approved_by",master.principal,"tenant_id,id",server/db/ddl/planes/neon/document/05_constraints.sql,1235
document.workforce_request,tenant_id,master.tenant,id,server/db/ddl/planes/neon/document/05_constraints.sql,1238
document.workforce_request,"tenant_id, target_person_id",master.person,"tenant_id, id",server/db/ddl/planes/neon/document/05_constraints.sql,1239
document.workforce_request,"tenant_id, target_employee_id",master.employee,"tenant_id, id",server/db/ddl/planes/neon/document/05_constraints.sql,1240
document.workforce_request,"tenant_id, target_employment_id",master.employment,"tenant_id, id",server/db/ddl/planes/neon/document/05_constraints.sql,1241
document.workforce_request,"tenant_id, legal_entity_id",master.legal_entity,"tenant_id, id",server/db/ddl/planes/neon/document/05_constraints.sql,1242
document.workforce_request,"tenant_id, company_code_id",master.company_code,"tenant_id, id",server/db/ddl/planes/neon/document/05_constraints.sql,1243
document.workforce_request,"tenant_id, org_unit_id",master.org_unit,"tenant_id, id",server/db/ddl/planes/neon/document/05_constraints.sql,1244
document.workforce_request,"tenant_id, position_id",master.position,"tenant_id, id",server/db/ddl/planes/neon/document/05_constraints.sql,1245
document.workforce_request,"tenant_id, protected_profile_content_item_id",document.content_item,"tenant_id, id",server/db/ddl/planes/neon/document/05_constraints.sql,1246
document.workforce_request,"tenant_id, workflow_request_id",document.workflow_request,"tenant_id, id",server/db/ddl/planes/neon/document/05_constraints.sql,1247
document.workforce_request,"tenant_id, materialized_person_id",master.person,"tenant_id, id",server/db/ddl/planes/neon/document/05_constraints.sql,1248
document.workforce_request,"tenant_id, materialized_employee_id",master.employee,"tenant_id, id",server/db/ddl/planes/neon/document/05_constraints.sql,1249
document.workforce_request,"tenant_id, materialized_employment_id",master.employment,"tenant_id, id",server/db/ddl/planes/neon/document/05_constraints.sql,1250
document.workforce_request,"tenant_id, materialized_work_assignment_id",master.work_assignment,"tenant_id, id",server/db/ddl/planes/neon/document/05_constraints.sql,1251
document.workforce_request,"tenant_id, materialized_principal_id",master.principal,"tenant_id, id",server/db/ddl/planes/neon/document/05_constraints.sql,1252
document.workforce_request,"tenant_id, materialized_onboarding_case_id",document.onboarding_case,"tenant_id, id",server/db/ddl/planes/neon/document/05_constraints.sql,1253
document.workforce_request,"tenant_id, materialization_snapshot_id",snapshot.entity_snapshot_identity,"tenant_id, id",server/db/ddl/planes/neon/document/05_constraints.sql,1254
document.workforce_request,"tenant_id, submitted_by",master.principal,"tenant_id, id",server/db/ddl/planes/neon/document/05_constraints.sql,1255
document.workforce_request,"tenant_id, approved_by",master.principal,"tenant_id, id",server/db/ddl/planes/neon/document/05_constraints.sql,1256
document.workforce_request,"tenant_id, applied_by",master.principal,"tenant_id, id",server/db/ddl/planes/neon/document/05_constraints.sql,1257
document.workforce_request,"tenant_id, status_changed_by",master.principal,"tenant_id, id",server/db/ddl/planes/neon/document/05_constraints.sql,1258
document.workforce_request,"tenant_id, created_by",master.principal,"tenant_id, id",server/db/ddl/planes/neon/document/05_constraints.sql,1259
document.workforce_request,"tenant_id, updated_by",master.principal,"tenant_id, id",server/db/ddl/planes/neon/document/05_constraints.sql,1260
document.workforce_request_validation,"tenant_id,request_id",document.workforce_request,"tenant_id,id",server/db/ddl/planes/neon/document/05_constraints.sql,1263
document.workforce_request_validation,"tenant_id,evaluated_by",master.principal,"tenant_id,id",server/db/ddl/planes/neon/document/05_constraints.sql,1264
document.workforce_request_validation,"tenant_id,created_by",master.principal,"tenant_id,id",server/db/ddl/planes/neon/document/05_constraints.sql,1265
document.hr_case,"tenant_id,employee_id",master.employee,"tenant_id,id",server/db/ddl/planes/neon/document/05_constraints.sql,1267
document.hr_case,"tenant_id,assigned_to",master.principal,"tenant_id,id",server/db/ddl/planes/neon/document/05_constraints.sql,1268
document.onboarding_case,"tenant_id,person_id",master.person,"tenant_id,id",server/db/ddl/planes/neon/document/05_constraints.sql,1270
document.onboarding_case,"tenant_id,employee_id",master.employee,"tenant_id,id",server/db/ddl/planes/neon/document/05_constraints.sql,1271
document.onboarding_case,"tenant_id,workflow_request_id",document.workflow_request,"tenant_id,id",server/db/ddl/planes/neon/document/05_constraints.sql,1272
document.offboarding_case,"tenant_id,employee_id",master.employee,"tenant_id,id",server/db/ddl/planes/neon/document/05_constraints.sql,1274
document.offboarding_case,"tenant_id,workflow_request_id",document.workflow_request,"tenant_id,id",server/db/ddl/planes/neon/document/05_constraints.sql,1275
document.payroll_period,"tenant_id,pay_group_id",master.pay_group,"tenant_id,id",server/db/ddl/planes/neon/document/05_constraints.sql,1277
document.payroll_run,"tenant_id,payroll_period_id",document.payroll_period,"tenant_id,id",server/db/ddl/planes/neon/document/05_constraints.sql,1279
document.payroll_run,"tenant_id,posted_journal_entry_id",document.journal_entry,"tenant_id,id",server/db/ddl/planes/neon/document/05_constraints.sql,1280
document.payroll_run,"tenant_id,reversal_of_run_id",document.payroll_run,"tenant_id,id",server/db/ddl/planes/neon/document/05_constraints.sql,1281
document.payroll_run,"tenant_id,approved_by",master.principal,"tenant_id,id",server/db/ddl/planes/neon/document/05_constraints.sql,1282
document.payroll_run,"tenant_id,posted_by",master.principal,"tenant_id,id",server/db/ddl/planes/neon/document/05_constraints.sql,1283
document.payroll_run_employee,"tenant_id,payroll_run_id",document.payroll_run,"tenant_id,id",server/db/ddl/planes/neon/document/05_constraints.sql,1285
document.payroll_run_employee,"tenant_id,employee_id",master.employee,"tenant_id,id",server/db/ddl/planes/neon/document/05_constraints.sql,1286
document.payroll_run_employee,"tenant_id,compensation_assignment_id",master.compensation_assignment,"tenant_id,id",server/db/ddl/planes/neon/document/05_constraints.sql,1287
document.policy_acknowledgment,tenant_id,master.tenant,id,server/db/ddl/planes/neon/document/05_constraints.sql,1290
document.policy_acknowledgment,"tenant_id,employee_id",master.employee,"tenant_id,id",server/db/ddl/planes/neon/document/05_constraints.sql,1291
document.policy_acknowledgment,policy_definition_id,control.policy_definition,id,server/db/ddl/planes/neon/document/05_constraints.sql,1292
document.policy_acknowledgment,"tenant_id,acknowledged_by",master.principal,"tenant_id,id",server/db/ddl/planes/neon/document/05_constraints.sql,1293
document.policy_acknowledgment,"tenant_id,created_by",master.principal,"tenant_id,id",server/db/ddl/planes/neon/document/05_constraints.sql,1294
document.payroll_result,"tenant_id,payroll_run_id",document.payroll_run,"tenant_id,id",server/db/ddl/planes/neon/document/05_constraints.sql,1296
document.payroll_result,"tenant_id,payroll_run_employee_id",document.payroll_run_employee,"tenant_id,id",server/db/ddl/planes/neon/document/05_constraints.sql,1297
document.payroll_result,"tenant_id,employee_id",master.employee,"tenant_id,id",server/db/ddl/planes/neon/document/05_constraints.sql,1298
document.payroll_result,currency_code,shared.currency,code,server/db/ddl/planes/neon/document/05_constraints.sql,1299
document.payroll_result_line,"tenant_id,payroll_result_id",document.payroll_result,"tenant_id,id",server/db/ddl/planes/neon/document/05_constraints.sql,1301
document.payroll_result_line,"tenant_id,pay_component_id",master.pay_component,"tenant_id,id",server/db/ddl/planes/neon/document/05_constraints.sql,1302
document.payroll_result_line,currency_code,shared.currency,code,server/db/ddl/planes/neon/document/05_constraints.sql,1303
document.payroll_result_line,"tenant_id,formula_expression_version_id",control.formula_expression_version,"tenant_id,id",server/db/ddl/planes/neon/document/05_constraints.sql,1304
document.payroll_result_line,"tenant_id,cost_center_id",master.cost_center,"tenant_id,id",server/db/ddl/planes/neon/document/05_constraints.sql,1305
document.payroll_result_line,"tenant_id,profit_center_id",master.profit_center,"tenant_id,id",server/db/ddl/planes/neon/document/05_constraints.sql,1306
document.payroll_result_line,"tenant_id,project_id",master.project,"tenant_id,id",server/db/ddl/planes/neon/document/05_constraints.sql,1307
document.payroll_result_line,"tenant_id,site_id",master.site,"tenant_id,id",server/db/ddl/planes/neon/document/05_constraints.sql,1308
document.project_task,"tenant_id, project_id",master.project,"tenant_id, id",server/db/ddl/planes/neon/document/05_constraints.sql,1312
document.project_task,"tenant_id, project_id, project_wbs_id",master.project_wbs,"tenant_id, project_id, id",server/db/ddl/planes/neon/document/05_constraints.sql,1314
document.project_task,"tenant_id, assignee_principal_id",master.principal,"tenant_id, id",server/db/ddl/planes/neon/document/05_constraints.sql,1316
document.project_task,"tenant_id, assignee_team_id",master.team,"tenant_id, id",server/db/ddl/planes/neon/document/05_constraints.sql,1318
document.project_task,"tenant_id, created_by",master.principal,"tenant_id, id",server/db/ddl/planes/neon/document/05_constraints.sql,1320
document.project_task_requirement,"tenant_id, project_id, project_task_id",document.project_task,"tenant_id, project_id, id",server/db/ddl/planes/neon/document/05_constraints.sql,1325
document.project_task_requirement,"tenant_id, project_id, project_item_id",master.project_item,"tenant_id, project_id, id",server/db/ddl/planes/neon/document/05_constraints.sql,1328
document.project_task_requirement,uom_code,shared.uom,code,server/db/ddl/planes/neon/document/05_constraints.sql,1330
document.project_task_requirement,"tenant_id, created_by",master.principal,"tenant_id, id",server/db/ddl/planes/neon/document/05_constraints.sql,1332
document.budget_profile,"tenant_id, company_code_id, project_id",master.project,"tenant_id, company_code_id, id",server/db/ddl/planes/neon/document/05_constraints.sql,1336
document.budget_profile,"tenant_id, ledger_book_id",master.ledger_book,"tenant_id, id",server/db/ddl/planes/neon/document/05_constraints.sql,1338
document.budget_profile,currency_code,shared.currency,code,server/db/ddl/planes/neon/document/05_constraints.sql,1340
document.budget_profile,"tenant_id, project_id, supersedes_profile_id",document.budget_profile,"tenant_id, project_id, id",server/db/ddl/planes/neon/document/05_constraints.sql,1342
document.budget_profile,"tenant_id, approved_by",master.principal,"tenant_id, id",server/db/ddl/planes/neon/document/05_constraints.sql,1344
document.budget_profile,"tenant_id, created_by",master.principal,"tenant_id, id",server/db/ddl/planes/neon/document/05_constraints.sql,1346
document.budget_allocation,"tenant_id, project_id, budget_profile_id",document.budget_profile,"tenant_id, project_id, id",server/db/ddl/planes/neon/document/05_constraints.sql,1351
document.budget_allocation,"tenant_id, project_id, project_wbs_id",master.project_wbs,"tenant_id, project_id, id",server/db/ddl/planes/neon/document/05_constraints.sql,1354
document.budget_allocation,"tenant_id, created_by",master.principal,"tenant_id, id",server/db/ddl/planes/neon/document/05_constraints.sql,1356
document.planning_scenario,tenant_id,master.tenant,id,server/db/ddl/planes/neon/document/05_constraints.sql,1360
document.planning_scenario,"tenant_id, planning_model_id",control.planning_model,"tenant_id, id",server/db/ddl/planes/neon/document/05_constraints.sql,1363
document.planning_scenario,"tenant_id, planning_model_id, based_on_scenario_id",document.planning_scenario,"tenant_id, planning_model_id, id",server/db/ddl/planes/neon/document/05_constraints.sql,1366
document.planning_scenario,"tenant_id, approved_by",master.principal,"tenant_id, id",server/db/ddl/planes/neon/document/05_constraints.sql,1369
document.planning_scenario,"tenant_id, status_changed_by",master.principal,"tenant_id, id",server/db/ddl/planes/neon/document/05_constraints.sql,1372
document.planning_scenario,"tenant_id, created_by",master.principal,"tenant_id, id",server/db/ddl/planes/neon/document/05_constraints.sql,1375
document.planning_scenario,"tenant_id, updated_by",master.principal,"tenant_id, id",server/db/ddl/planes/neon/document/05_constraints.sql,1378
document.planning_scenario_line,"tenant_id, planning_model_id, planning_scenario_id",document.planning_scenario,"tenant_id, planning_model_id, id",server/db/ddl/planes/neon/document/05_constraints.sql,1383
document.planning_scenario_line,"tenant_id, planning_model_id, planning_driver_id",control.planning_driver,"tenant_id, planning_model_id, id",server/db/ddl/planes/neon/document/05_constraints.sql,1387
document.planning_scenario_line,"tenant_id, gl_account_id",master.gl_account,"tenant_id, id",server/db/ddl/planes/neon/document/05_constraints.sql,1390
document.planning_scenario_line,"tenant_id, cost_center_id",master.cost_center,"tenant_id, id",server/db/ddl/planes/neon/document/05_constraints.sql,1393
document.planning_scenario_line,"tenant_id, profit_center_id",master.profit_center,"tenant_id, id",server/db/ddl/planes/neon/document/05_constraints.sql,1396
document.planning_scenario_line,"tenant_id, project_id",master.project,"tenant_id, id",server/db/ddl/planes/neon/document/05_constraints.sql,1399
document.planning_scenario_line,"tenant_id, project_id, project_wbs_id",master.project_wbs,"tenant_id, project_id, id",server/db/ddl/planes/neon/document/05_constraints.sql,1402
document.planning_scenario_line,currency_code,shared.currency,code,server/db/ddl/planes/neon/document/05_constraints.sql,1404
document.planning_scenario_line,"tenant_id, created_by",master.principal,"tenant_id, id",server/db/ddl/planes/neon/document/05_constraints.sql,1407
document.planning_scenario_line,"tenant_id, updated_by",master.principal,"tenant_id, id",server/db/ddl/planes/neon/document/05_constraints.sql,1410
document.asset_transaction,tenant_id,master.tenant,id,server/db/ddl/planes/neon/document/05_constraints.sql,1415
document.asset_transaction,"tenant_id,company_code_id",master.company_code,"tenant_id,id",server/db/ddl/planes/neon/document/05_constraints.sql,1416
document.asset_transaction,"tenant_id,asset_id",master.asset,"tenant_id,id",server/db/ddl/planes/neon/document/05_constraints.sql,1417
document.asset_transaction,"tenant_id,asset_book_id",master.asset_book,"tenant_id,id",server/db/ddl/planes/neon/document/05_constraints.sql,1418
document.asset_transaction,currency_code,shared.currency,code,server/db/ddl/planes/neon/document/05_constraints.sql,1419
document.asset_transaction,"tenant_id,company_code_id,fiscal_year,period_number",master.fiscal_period,"tenant_id,company_code_id,fiscal_year,period_number",server/db/ddl/planes/neon/document/05_constraints.sql,1420
document.asset_transaction,"tenant_id,reference_je_id",document.journal_entry,"tenant_id,id",server/db/ddl/planes/neon/document/05_constraints.sql,1421
document.asset_transaction,"tenant_id,depreciation_run_id",document.depreciation_run,"tenant_id,id",server/db/ddl/planes/neon/document/05_constraints.sql,1422
document.asset_transaction,"tenant_id,depreciation_run_line_id",document.depreciation_run_line,"tenant_id,id",server/db/ddl/planes/neon/document/05_constraints.sql,1423
document.asset_transaction,"tenant_id,reversal_of_id",document.asset_transaction,"tenant_id,id",server/db/ddl/planes/neon/document/05_constraints.sql,1424
document.fx_revaluation_run,tenant_id,master.tenant,id,server/db/ddl/planes/neon/document/05_constraints.sql,1427
document.fx_revaluation_run,"tenant_id,company_code_id",master.company_code,"tenant_id,id",server/db/ddl/planes/neon/document/05_constraints.sql,1428
document.fx_revaluation_run,"tenant_id,book_id",master.ledger_book,"tenant_id,id",server/db/ddl/planes/neon/document/05_constraints.sql,1429
document.fx_revaluation_run,"tenant_id,company_code_id,fiscal_year,period_number",master.fiscal_period,"tenant_id,company_code_id,fiscal_year,period_number",server/db/ddl/planes/neon/document/05_constraints.sql,1430
document.fx_revaluation_run,functional_currency,shared.currency,code,server/db/ddl/planes/neon/document/05_constraints.sql,1431
document.fx_revaluation_run,"tenant_id,revaluation_je_id",document.journal_entry,"tenant_id,id",server/db/ddl/planes/neon/document/05_constraints.sql,1432
document.fx_revaluation_run,"tenant_id,reversal_je_id",document.journal_entry,"tenant_id,id",server/db/ddl/planes/neon/document/05_constraints.sql,1433
document.intercompany_agreement,tenant_id,master.tenant,id,server/db/ddl/planes/neon/document/05_constraints.sql,1436
document.intercompany_agreement,"tenant_id,company_code_id",master.company_code,"tenant_id,id",server/db/ddl/planes/neon/document/05_constraints.sql,1437
document.intercompany_agreement,"tenant_id,source_company_code_id",master.company_code,"tenant_id,id",server/db/ddl/planes/neon/document/05_constraints.sql,1438
document.intercompany_agreement,"tenant_id,dest_company_code_id",master.company_code,"tenant_id,id",server/db/ddl/planes/neon/document/05_constraints.sql,1439
document.intercompany_agreement,currency_code,shared.currency,code,server/db/ddl/planes/neon/document/05_constraints.sql,1440
document.intercompany_agreement,base_currency_code,shared.currency,code,server/db/ddl/planes/neon/document/05_constraints.sql,1441
document.intercompany_agreement,"tenant_id,supersedes_id",document.intercompany_agreement,"tenant_id,id",server/db/ddl/planes/neon/document/05_constraints.sql,1442
document.intercompany_agreement,"tenant_id,cost_center_id",master.cost_center,"tenant_id,id",server/db/ddl/planes/neon/document/05_constraints.sql,1443
document.intercompany_agreement,"tenant_id,profit_center_id",master.profit_center,"tenant_id,id",server/db/ddl/planes/neon/document/05_constraints.sql,1444
document.intercompany_agreement,"tenant_id,project_id",master.project,"tenant_id,id",server/db/ddl/planes/neon/document/05_constraints.sql,1445
document.intercompany_agreement,"tenant_id,site_id",master.site,"tenant_id,id",server/db/ddl/planes/neon/document/05_constraints.sql,1446
document.intercompany_agreement,"tenant_id,dimension_set_id",master.dimension_set,"tenant_id,id",server/db/ddl/planes/neon/document/05_constraints.sql,1447
document.intercompany_agreement,"tenant_id,agreement_owner_id",master.principal,"tenant_id,id",server/db/ddl/planes/neon/document/05_constraints.sql,1448
document.intercompany_agreement,"tenant_id,workflow_request_id",document.workflow_request,"tenant_id,id",server/db/ddl/planes/neon/document/05_constraints.sql,1449
document.netting_batch,tenant_id,master.tenant,id,server/db/ddl/planes/neon/document/05_constraints.sql,1452
document.netting_batch,"tenant_id,company_code_id",master.company_code,"tenant_id,id",server/db/ddl/planes/neon/document/05_constraints.sql,1453
document.netting_batch,"tenant_id,company_code_a_id",master.company_code,"tenant_id,id",server/db/ddl/planes/neon/document/05_constraints.sql,1454
document.netting_batch,"tenant_id,company_code_b_id",master.company_code,"tenant_id,id",server/db/ddl/planes/neon/document/05_constraints.sql,1455
document.netting_batch,currency_code,shared.currency,code,server/db/ddl/planes/neon/document/05_constraints.sql,1456
document.netting_batch,"tenant_id,company_code_id,fiscal_year,period_number",master.fiscal_period,"tenant_id,company_code_id,fiscal_year,period_number",server/db/ddl/planes/neon/document/05_constraints.sql,1457
document.netting_batch,"tenant_id,settlement_je_id",document.journal_entry,"tenant_id,id",server/db/ddl/planes/neon/document/05_constraints.sql,1458
document.intercompany_transaction,tenant_id,master.tenant,id,server/db/ddl/planes/neon/document/05_constraints.sql,1461
document.intercompany_transaction,"tenant_id,company_code_id",master.company_code,"tenant_id,id",server/db/ddl/planes/neon/document/05_constraints.sql,1462
document.intercompany_transaction,"tenant_id,source_company_code_id",master.company_code,"tenant_id,id",server/db/ddl/planes/neon/document/05_constraints.sql,1463
document.intercompany_transaction,"tenant_id,dest_company_code_id",master.company_code,"tenant_id,id",server/db/ddl/planes/neon/document/05_constraints.sql,1464
document.intercompany_transaction,currency_code,shared.currency,code,server/db/ddl/planes/neon/document/05_constraints.sql,1465
document.intercompany_transaction,base_currency_code,shared.currency,code,server/db/ddl/planes/neon/document/05_constraints.sql,1466
document.intercompany_transaction,"tenant_id,agreement_id",document.intercompany_agreement,"tenant_id,id",server/db/ddl/planes/neon/document/05_constraints.sql,1467
document.intercompany_transaction,"tenant_id,source_je_id",document.journal_entry,"tenant_id,id",server/db/ddl/planes/neon/document/05_constraints.sql,1468
document.intercompany_transaction,"tenant_id,dest_je_id",document.journal_entry,"tenant_id,id",server/db/ddl/planes/neon/document/05_constraints.sql,1469
document.intercompany_transaction,"tenant_id,mirror_txn_id",document.intercompany_transaction,"tenant_id,id",server/db/ddl/planes/neon/document/05_constraints.sql,1470
document.intercompany_transaction,"tenant_id,netting_batch_id",document.netting_batch,"tenant_id,id",server/db/ddl/planes/neon/document/05_constraints.sql,1471
document.intercompany_transaction,"tenant_id,company_code_id,fiscal_year,period_number",master.fiscal_period,"tenant_id,company_code_id,fiscal_year,period_number",server/db/ddl/planes/neon/document/05_constraints.sql,1472
document.intercompany_transaction,"tenant_id,cost_center_id",master.cost_center,"tenant_id,id",server/db/ddl/planes/neon/document/05_constraints.sql,1473
document.intercompany_transaction,"tenant_id,profit_center_id",master.profit_center,"tenant_id,id",server/db/ddl/planes/neon/document/05_constraints.sql,1474
document.intercompany_transaction,"tenant_id,project_id",master.project,"tenant_id,id",server/db/ddl/planes/neon/document/05_constraints.sql,1475
document.intercompany_transaction,"tenant_id,site_id",master.site,"tenant_id,id",server/db/ddl/planes/neon/document/05_constraints.sql,1476
document.intercompany_transaction,"tenant_id,dimension_set_id",master.dimension_set,"tenant_id,id",server/db/ddl/planes/neon/document/05_constraints.sql,1477
document.ic_elimination,tenant_id,master.tenant,id,server/db/ddl/planes/neon/document/05_constraints.sql,1480
document.ic_elimination,"tenant_id,company_code_id",master.company_code,"tenant_id,id",server/db/ddl/planes/neon/document/05_constraints.sql,1481
document.ic_elimination,"tenant_id,source_company_code_id",master.company_code,"tenant_id,id",server/db/ddl/planes/neon/document/05_constraints.sql,1482
document.ic_elimination,"tenant_id,counterparty_company_code_id",master.company_code,"tenant_id,id",server/db/ddl/planes/neon/document/05_constraints.sql,1483
document.ic_elimination,"tenant_id,book_id",master.ledger_book,"tenant_id,id",server/db/ddl/planes/neon/document/05_constraints.sql,1484
document.ic_elimination,"tenant_id,company_code_id,fiscal_year,period_number",master.fiscal_period,"tenant_id,company_code_id,fiscal_year,period_number",server/db/ddl/planes/neon/document/05_constraints.sql,1485
document.ic_elimination,currency_code,shared.currency,code,server/db/ddl/planes/neon/document/05_constraints.sql,1486
document.ic_elimination,functional_currency_code,shared.currency,code,server/db/ddl/planes/neon/document/05_constraints.sql,1487
document.ic_elimination,"tenant_id,ic_transaction_id",document.intercompany_transaction,"tenant_id,id",server/db/ddl/planes/neon/document/05_constraints.sql,1488
document.ic_elimination,"tenant_id,je_id",document.journal_entry,"tenant_id,id",server/db/ddl/planes/neon/document/05_constraints.sql,1489
document.ic_elimination,"tenant_id,reversal_je_id",document.journal_entry,"tenant_id,id",server/db/ddl/planes/neon/document/05_constraints.sql,1490
document.match_exception,tenant_id,master.tenant,id,server/db/ddl/planes/neon/document/05_constraints.sql,1493
document.match_exception,"tenant_id,invoice_match_case_id",document.invoice_match_case,"tenant_id,id",server/db/ddl/planes/neon/document/05_constraints.sql,1494
document.match_exception,"tenant_id,invoice_line_id",document.purchase_invoice_line,"tenant_id,id",server/db/ddl/planes/neon/document/05_constraints.sql,1495
document.match_exception,currency_code,shared.currency,code,server/db/ddl/planes/neon/document/05_constraints.sql,1496
document.match_exception,"tenant_id,workflow_request_id",document.workflow_request,"tenant_id,id",server/db/ddl/planes/neon/document/05_constraints.sql,1497
document.obligation_horizon,tenant_id,master.tenant,id,server/db/ddl/planes/neon/document/05_constraints.sql,1500
document.obligation_horizon,"tenant_id,commitment_id",document.commitment,"tenant_id,id",server/db/ddl/planes/neon/document/05_constraints.sql,1501
document.obligation_horizon,"tenant_id,schedule_id",document.schedule_line,"tenant_id,id",server/db/ddl/planes/neon/document/05_constraints.sql,1502
document.obligation_horizon,"tenant_id,company_code_id",master.company_code,"tenant_id,id",server/db/ddl/planes/neon/document/05_constraints.sql,1503
document.obligation_horizon,"tenant_id,intent_id",master.business_intent,"tenant_id,id",server/db/ddl/planes/neon/document/05_constraints.sql,1504
document.obligation_horizon,currency_code,shared.currency,code,server/db/ddl/planes/neon/document/05_constraints.sql,1505
document.obligation_horizon,contract_currency_code,shared.currency,code,server/db/ddl/planes/neon/document/05_constraints.sql,1506
document.render_output,tenant_id,master.tenant,id,server/db/ddl/planes/neon/document/05_constraints.sql,1509
document.render_output,"tenant_id,template_version_id",snapshot.template_version,"tenant_id,id",server/db/ddl/planes/neon/document/05_constraints.sql,1510
document.render_output,"tenant_id,letterhead_id",master.letterhead,"tenant_id,id",server/db/ddl/planes/neon/document/05_constraints.sql,1511
document.render_output,"tenant_id,brand_profile_id",master.brand_profile,"tenant_id,id",server/db/ddl/planes/neon/document/05_constraints.sql,1512
document.render_output,"tenant_id,replaces_output_id",document.render_output,"tenant_id,id",server/db/ddl/planes/neon/document/05_constraints.sql,1513
document.render_output,"tenant_id,status_changed_by",master.principal,"tenant_id,id",server/db/ddl/planes/neon/document/05_constraints.sql,1514
document.import_request_chunk,tenant_id,master.tenant,id,server/db/ddl/planes/neon/document/05_constraints.sql,1517
document.import_request_chunk,"tenant_id,import_request_id",document.import_request,"tenant_id,id",server/db/ddl/planes/neon/document/05_constraints.sql,1518
document.import_request_chunk,"tenant_id,status_changed_by",master.principal,"tenant_id,id",server/db/ddl/planes/neon/document/05_constraints.sql,1519
document.import_request_chunk,"tenant_id,created_by",master.principal,"tenant_id,id",server/db/ddl/planes/neon/document/05_constraints.sql,1520
document.import_request_chunk,"tenant_id,updated_by",master.principal,"tenant_id,id",server/db/ddl/planes/neon/document/05_constraints.sql,1521
document.payment_remittance_output,tenant_id,master.tenant,id,server/db/ddl/planes/neon/document/05_constraints.sql,1524
document.payment_remittance_output,"tenant_id,company_code_id",master.company_code,"tenant_id,id",server/db/ddl/planes/neon/document/05_constraints.sql,1525
document.payment_remittance_output,"tenant_id,payment_entry_id",document.payment_entry,"tenant_id,id",server/db/ddl/planes/neon/document/05_constraints.sql,1526
document.payment_remittance_output,"tenant_id,supplier_id",master.supplier,"tenant_id,id",server/db/ddl/planes/neon/document/05_constraints.sql,1527
document.payment_remittance_output,currency_code,shared.currency,code,server/db/ddl/planes/neon/document/05_constraints.sql,1528
document.payment_remittance_output,"tenant_id,render_output_id",document.render_output,"tenant_id,id",server/db/ddl/planes/neon/document/05_constraints.sql,1529
document.payment_term_discount_result,tenant_id,master.tenant,id,server/db/ddl/planes/neon/document/05_constraints.sql,1532
document.payment_term_discount_result,"tenant_id,payment_id",document.payment_entry,"tenant_id,id",server/db/ddl/planes/neon/document/05_constraints.sql,1533
document.payment_term_discount_result,"tenant_id,invoice_id",document.purchase_invoice,"tenant_id,id",server/db/ddl/planes/neon/document/05_constraints.sql,1534
document.payment_term_discount_result,"tenant_id,commitment_id",document.commitment,"tenant_id,id",server/db/ddl/planes/neon/document/05_constraints.sql,1535
document.payment_term_discount_result,"tenant_id,payment_term_id",master.payment_term,"tenant_id,id",server/db/ddl/planes/neon/document/05_constraints.sql,1536
document.payment_term_discount_result,"tenant_id,discount_tier_id",master.payment_term_discount_tier,"tenant_id,id",server/db/ddl/planes/neon/document/05_constraints.sql,1537
document.payment_term_discount_result,"tenant_id,reverses_id",document.payment_term_discount_result,"tenant_id,id",server/db/ddl/planes/neon/document/05_constraints.sql,1538
document.wht_certificate,tenant_id,master.tenant,id,server/db/ddl/planes/neon/document/05_constraints.sql,1541
document.wht_certificate,"tenant_id,company_code_id",master.company_code,"tenant_id,id",server/db/ddl/planes/neon/document/05_constraints.sql,1542
document.wht_certificate,"tenant_id,counterparty_id",master.business_partner,"tenant_id,id",server/db/ddl/planes/neon/document/05_constraints.sql,1543
document.wht_certificate,"tenant_id,tax_type_id",master.tax_type,"tenant_id,id",server/db/ddl/planes/neon/document/05_constraints.sql,1544
document.wht_certificate,currency_code,shared.currency,code,server/db/ddl/planes/neon/document/05_constraints.sql,1545
document.wht_certificate,"tenant_id,superseded_by_id",document.wht_certificate,"tenant_id,id",server/db/ddl/planes/neon/document/05_constraints.sql,1546
document.import_request,tenant_id,master.tenant,id,server/db/ddl/planes/neon/document/05_constraints.sql,1549
document.user_profile_update_request,tenant_id,master.tenant,id,server/db/ddl/planes/neon/document/05_constraints.sql,1552
document.user_profile_update_request,"tenant_id,workflow_request_id",document.workflow_request,"tenant_id,id",server/db/ddl/planes/neon/document/05_constraints.sql,1553
ledger.fx_revaluation_line,"tenant_id,run_id",document.fx_revaluation_run,"tenant_id,id",server/db/ddl/planes/neon/document/05_constraints.sql,1557
ledger.ic_elimination_line,"tenant_id,elimination_id",document.ic_elimination,"tenant_id,id",server/db/ddl/planes/neon/document/05_constraints.sql,1559
document.attachment_series,tenant_id,master.tenant,id,server/db/ddl/planes/neon/document/05_constraints.sql,1592
document.attachment_series,"tenant_id, current_attachment_id",document.attachment,"tenant_id, id",server/db/ddl/planes/neon/document/05_constraints.sql,1596
document.attachment_series,"tenant_id, created_by",master.principal,"tenant_id, id",server/db/ddl/planes/neon/document/05_constraints.sql,1600
document.attachment_series,"tenant_id, updated_by",master.principal,"tenant_id, id",server/db/ddl/planes/neon/document/05_constraints.sql,1604
document.attachment_series,"tenant_id, status_changed_by",master.principal,"tenant_id, id",server/db/ddl/planes/neon/document/05_constraints.sql,1608
document.attachment,"tenant_id, series_id",document.attachment_series,"tenant_id, id",server/db/ddl/planes/neon/document/05_constraints.sql,1614
document.attachment_link,"tenant_id, attachment_series_id",document.attachment_series,"tenant_id, id",server/db/ddl/planes/neon/document/05_constraints.sql,1620
document.multipart_upload,"tenant_id, attachment_series_id",document.attachment_series,"tenant_id, id",server/db/ddl/planes/neon/document/05_constraints.sql,1626
document.multipart_upload,"tenant_id, parent_attachment_id",document.attachment,"tenant_id, id",server/db/ddl/planes/neon/document/05_constraints.sql,1630
document.attachment_legal_hold,tenant_id,master.tenant,id,server/db/ddl/planes/neon/document/05_constraints.sql,1635
document.attachment_legal_hold,"tenant_id, attachment_series_id",document.attachment_series,"tenant_id, id",server/db/ddl/planes/neon/document/05_constraints.sql,1639
document.attachment_legal_hold,"tenant_id, placed_by",master.principal,"tenant_id, id",server/db/ddl/planes/neon/document/05_constraints.sql,1643
document.attachment_legal_hold,"tenant_id, released_by",master.principal,"tenant_id, id",server/db/ddl/planes/neon/document/05_constraints.sql,1647
document.attachment_legal_hold,"tenant_id, created_by",master.principal,"tenant_id, id",server/db/ddl/planes/neon/document/05_constraints.sql,1651
document.attachment_legal_hold_event,tenant_id,master.tenant,id,server/db/ddl/planes/neon/document/05_constraints.sql,1656
document.attachment_legal_hold_event,"tenant_id, legal_hold_id",document.attachment_legal_hold,"tenant_id, id",server/db/ddl/planes/neon/document/05_constraints.sql,1660
document.attachment_legal_hold_event,"tenant_id, attachment_series_id",document.attachment_series,"tenant_id, id",server/db/ddl/planes/neon/document/05_constraints.sql,1664
document.attachment_legal_hold_event,"tenant_id, actor_id",master.principal,"tenant_id, id",server/db/ddl/planes/neon/document/05_constraints.sql,1668
document.attachment_derivative,tenant_id,master.tenant,id,server/db/ddl/planes/neon/document/05_constraints.sql,1673
document.attachment_derivative,"tenant_id, attachment_id",document.attachment,"tenant_id, id",server/db/ddl/planes/neon/document/05_constraints.sql,1677
document.attachment_derivative,"tenant_id, created_by",master.principal,"tenant_id, id",server/db/ddl/planes/neon/document/05_constraints.sql,1681
document.attachment_derivative,"tenant_id, updated_by",master.principal,"tenant_id, id",server/db/ddl/planes/neon/document/05_constraints.sql,1685
document.multipart_upload_part,"tenant_id, multipart_upload_id",document.multipart_upload,"tenant_id, id",server/db/ddl/planes/neon/document/05_constraints.sql,1691
document.multipart_upload_part,"tenant_id, recorded_by",master.principal,"tenant_id, id",server/db/ddl/planes/neon/document/05_constraints.sql,1695
document.business_partner_request,tenant_id,master.tenant,id,server/db/ddl/planes/neon/document/05_constraints.sql,1699
document.business_partner_request,"tenant_id, target_business_partner_id",master.business_partner,"tenant_id, id",server/db/ddl/planes/neon/document/05_constraints.sql,1702
document.business_partner_request,"tenant_id, base_snapshot_id",snapshot.entity_snapshot_identity,"tenant_id, id",server/db/ddl/planes/neon/document/05_constraints.sql,1705
document.business_partner_request,"tenant_id, operating_organization_id",master.operating_organization,"tenant_id, id",server/db/ddl/planes/neon/document/05_constraints.sql,1708
document.business_partner_request,"tenant_id, company_code_id",master.company_code,"tenant_id, id",server/db/ddl/planes/neon/document/05_constraints.sql,1711
document.business_partner_request,"tenant_id, legal_entity_id",master.legal_entity,"tenant_id, id",server/db/ddl/planes/neon/document/05_constraints.sql,1714
document.business_partner_request,"tenant_id, org_unit_id",master.org_unit,"tenant_id, id",server/db/ddl/planes/neon/document/05_constraints.sql,1717
document.business_partner_request,"tenant_id, position_id",master.position,"tenant_id, id",server/db/ddl/planes/neon/document/05_constraints.sql,1720
document.business_partner_request,"tenant_id, workflow_request_id",document.workflow_request,"tenant_id, id",server/db/ddl/planes/neon/document/05_constraints.sql,1723
document.business_partner_request,"tenant_id, materialized_business_partner_id",master.business_partner,"tenant_id, id",server/db/ddl/planes/neon/document/05_constraints.sql,1726
document.business_partner_request,"tenant_id, materialized_supplier_id",master.supplier,"tenant_id, id",server/db/ddl/planes/neon/document/05_constraints.sql,1729
document.business_partner_request,"tenant_id, materialized_customer_id",master.customer,"tenant_id, id",server/db/ddl/planes/neon/document/05_constraints.sql,1732
document.business_partner_request,"tenant_id, materialized_person_id",master.person,"tenant_id, id",server/db/ddl/planes/neon/document/05_constraints.sql,1735
document.business_partner_request,"tenant_id, materialized_employee_id",master.employee,"tenant_id, id",server/db/ddl/planes/neon/document/05_constraints.sql,1738
document.business_partner_request,"tenant_id, materialized_employment_id",master.employment,"tenant_id, id",server/db/ddl/planes/neon/document/05_constraints.sql,1741
document.business_partner_request,"tenant_id, materialized_work_assignment_id",master.work_assignment,"tenant_id, id",server/db/ddl/planes/neon/document/05_constraints.sql,1744
document.business_partner_request,"tenant_id, materialized_principal_id",master.principal,"tenant_id, id",server/db/ddl/planes/neon/document/05_constraints.sql,1747
document.business_partner_request,"tenant_id, materialized_bank_verification_id",document.business_partner_bank_verification,"tenant_id, id",server/db/ddl/planes/neon/document/05_constraints.sql,1750
document.business_partner_request,"tenant_id, materialized_supplier_company_profile_id",master.company_code_supplier_profile,"tenant_id, id",server/db/ddl/planes/neon/document/05_constraints.sql,1753
document.business_partner_request,"tenant_id, materialized_customer_company_profile_id",master.company_code_customer_profile,"tenant_id, id",server/db/ddl/planes/neon/document/05_constraints.sql,1756
document.business_partner_request,"tenant_id, materialized_operating_organization_assignment_id",master.business_partner_operating_organization_assignment,"tenant_id, id",server/db/ddl/planes/neon/document/05_constraints.sql,1759
document.business_partner_request,"tenant_id, materialization_snapshot_id",snapshot.entity_snapshot_identity,"tenant_id, id",server/db/ddl/planes/neon/document/05_constraints.sql,1762
document.business_partner_request,"tenant_id, submitted_by",master.principal,"tenant_id, id",server/db/ddl/planes/neon/document/05_constraints.sql,1764
document.business_partner_request,"tenant_id, approved_by",master.principal,"tenant_id, id",server/db/ddl/planes/neon/document/05_constraints.sql,1766
document.business_partner_request,"tenant_id, applied_by",master.principal,"tenant_id, id",server/db/ddl/planes/neon/document/05_constraints.sql,1768
document.business_partner_request,"tenant_id, status_changed_by",master.principal,"tenant_id, id",server/db/ddl/planes/neon/document/05_constraints.sql,1770
document.business_partner_request,"tenant_id, created_by",master.principal,"tenant_id, id",server/db/ddl/planes/neon/document/05_constraints.sql,1772
document.business_partner_request,"tenant_id, updated_by",master.principal,"tenant_id, id",server/db/ddl/planes/neon/document/05_constraints.sql,1774
document.business_partner_request,"tenant_id, invitation_id",document.business_partner_invitation,"tenant_id, id",server/db/ddl/planes/neon/document/05_constraints.sql,1779
document.business_partner_request,"tenant_id, applicant_principal_id",master.principal,"tenant_id, id",server/db/ddl/planes/neon/document/05_constraints.sql,1782
document.business_partner_request_evidence,"tenant_id, request_id",document.business_partner_request,"tenant_id, id",server/db/ddl/planes/neon/document/05_constraints.sql,1805
document.business_partner_request_evidence,"tenant_id, attachment_id",document.attachment,"tenant_id, id",server/db/ddl/planes/neon/document/05_constraints.sql,1808
document.business_partner_request_evidence,"tenant_id, snapshot_id",snapshot.entity_snapshot_identity,"tenant_id, id",server/db/ddl/planes/neon/document/05_constraints.sql,1811
document.business_partner_request_evidence,"tenant_id, verified_by",master.principal,"tenant_id, id",server/db/ddl/planes/neon/document/05_constraints.sql,1813
document.business_partner_request_evidence,"tenant_id, created_by",master.principal,"tenant_id, id",server/db/ddl/planes/neon/document/05_constraints.sql,1815
document.business_partner_request_validation,"tenant_id, request_id",document.business_partner_request,"tenant_id, id",server/db/ddl/planes/neon/document/05_constraints.sql,1820
document.business_partner_request_validation,"tenant_id, evaluated_by",master.principal,"tenant_id, id",server/db/ddl/planes/neon/document/05_constraints.sql,1822
document.business_partner_request_validation,"tenant_id, created_by",master.principal,"tenant_id, id",server/db/ddl/planes/neon/document/05_constraints.sql,1824
document.business_partner_request_address,"tenant_id, request_id",document.business_partner_request,"tenant_id, id",server/db/ddl/planes/neon/document/05_constraints.sql,1828
document.business_partner_request_address,"tenant_id, validation_evidence_id",document.business_partner_request_evidence,"tenant_id, id",server/db/ddl/planes/neon/document/05_constraints.sql,1830
document.business_partner_request_address,"tenant_id, created_by",master.principal,"tenant_id, id",server/db/ddl/planes/neon/document/05_constraints.sql,1832
document.business_partner_request_contact_person,"tenant_id, request_id",document.business_partner_request,"tenant_id, id",server/db/ddl/planes/neon/document/05_constraints.sql,1836
document.business_partner_request_contact_person,"tenant_id, created_by",master.principal,"tenant_id, id",server/db/ddl/planes/neon/document/05_constraints.sql,1838
document.business_partner_request_contact_channel,"tenant_id, request_id, contact_client_item_key",document.business_partner_request_contact_person,"tenant_id, request_id, client_item_key",server/db/ddl/planes/neon/document/05_constraints.sql,1843
document.business_partner_request_contact_channel,"tenant_id, created_by",master.principal,"tenant_id, id",server/db/ddl/planes/neon/document/05_constraints.sql,1845
document.business_partner_request_identifier,"tenant_id, request_id",document.business_partner_request,"tenant_id, id",server/db/ddl/planes/neon/document/05_constraints.sql,1849
document.business_partner_request_identifier,"tenant_id, created_by",master.principal,"tenant_id, id",server/db/ddl/planes/neon/document/05_constraints.sql,1851
document.business_partner_request_tax_registration,"tenant_id, request_id",document.business_partner_request,"tenant_id, id",server/db/ddl/planes/neon/document/05_constraints.sql,1855
document.business_partner_request_tax_registration,"tenant_id, jurisdiction_id",master.tax_jurisdiction,"tenant_id, id",server/db/ddl/planes/neon/document/05_constraints.sql,1857
document.business_partner_request_tax_registration,"tenant_id, tax_type_id",master.tax_type,"tenant_id, id",server/db/ddl/planes/neon/document/05_constraints.sql,1859
document.business_partner_request_tax_registration,"tenant_id, created_by",master.principal,"tenant_id, id",server/db/ddl/planes/neon/document/05_constraints.sql,1861
document.business_partner_request_classification,"tenant_id, request_id",document.business_partner_request,"tenant_id, id",server/db/ddl/planes/neon/document/05_constraints.sql,1865
document.business_partner_request_classification,"tenant_id, created_by",master.principal,"tenant_id, id",server/db/ddl/planes/neon/document/05_constraints.sql,1867
document.business_partner_request_certification,"tenant_id, request_id",document.business_partner_request,"tenant_id, id",server/db/ddl/planes/neon/document/05_constraints.sql,1871
document.business_partner_request_certification,"tenant_id, attachment_id",document.attachment,"tenant_id, id",server/db/ddl/planes/neon/document/05_constraints.sql,1873
document.business_partner_request_certification,"tenant_id, company_code_id",master.company_code,"tenant_id, id",server/db/ddl/planes/neon/document/05_constraints.sql,1875
document.business_partner_request_certification,"tenant_id, created_by",master.principal,"tenant_id, id",server/db/ddl/planes/neon/document/05_constraints.sql,1877
document.business_partner_request_materialization_item,"tenant_id, request_id",document.business_partner_request,"tenant_id, id",server/db/ddl/planes/neon/document/05_constraints.sql,1881
document.business_partner_request_materialization_item,"tenant_id, applied_by",master.principal,"tenant_id, id",server/db/ddl/planes/neon/document/05_constraints.sql,1883
document.business_partner_request,"tenant_id, representation_evidence_id",document.business_partner_request_evidence,"tenant_id, id",server/db/ddl/planes/neon/document/05_constraints.sql,1888
document.business_partner_invitation,"tenant_id, business_partner_request_id",document.business_partner_request,"tenant_id, id",server/db/ddl/planes/neon/document/05_constraints.sql,1893
document.business_partner_request,"tenant_id, source_projection_id",snapshot.mesh_business_partner_profile_received,"tenant_id, id",server/db/ddl/planes/neon/document/05_constraints.sql,1895
document.mesh_business_partner_match,"tenant_id, projection_id",control.mesh_business_partner_profile_projection,"tenant_id, id",server/db/ddl/planes/neon/document/05_constraints.sql,1897
document.mesh_business_partner_match,"tenant_id, snapshot_id",snapshot.mesh_business_partner_profile_received,"tenant_id, id",server/db/ddl/planes/neon/document/05_constraints.sql,1898
document.mesh_business_partner_match,"tenant_id, operating_organization_id",master.operating_organization,"tenant_id, id",server/db/ddl/planes/neon/document/05_constraints.sql,1899
document.mesh_business_partner_match,"tenant_id, company_code_id",master.company_code,"tenant_id, id",server/db/ddl/planes/neon/document/05_constraints.sql,1900
document.mesh_business_partner_match,"tenant_id, candidate_business_partner_id",master.business_partner,"tenant_id, id",server/db/ddl/planes/neon/document/05_constraints.sql,1901
document.mesh_business_partner_match,"tenant_id, created_by",master.principal,"tenant_id, id",server/db/ddl/planes/neon/document/05_constraints.sql,1902
document.mesh_business_partner_acceptance,"tenant_id, match_id, snapshot_id",document.mesh_business_partner_match,"tenant_id, id, snapshot_id",server/db/ddl/planes/neon/document/05_constraints.sql,1904
document.mesh_business_partner_acceptance,"tenant_id, created_by",master.principal,"tenant_id, id",server/db/ddl/planes/neon/document/05_constraints.sql,1905
document.mesh_business_partner_acceptance_event,"tenant_id, acceptance_id",document.mesh_business_partner_acceptance,"tenant_id, id",server/db/ddl/planes/neon/document/05_constraints.sql,1907
document.mesh_business_partner_acceptance_event,"tenant_id, business_partner_request_id",document.business_partner_request,"tenant_id, id",server/db/ddl/planes/neon/document/05_constraints.sql,1908
document.mesh_business_partner_acceptance_event,"tenant_id, recorded_by",master.principal,"tenant_id, id",server/db/ddl/planes/neon/document/05_constraints.sql,1909
document.business_partner_bank_verification,tenant_id,master.tenant,id,server/db/ddl/planes/neon/document/05_constraints.sql,1911
document.business_partner_bank_verification,"tenant_id,bank_projection_id",control.mesh_bank_account_projection,"tenant_id,id",server/db/ddl/planes/neon/document/05_constraints.sql,1912
document.business_partner_bank_verification,"tenant_id,business_partner_id",master.business_partner,"tenant_id,id",server/db/ddl/planes/neon/document/05_constraints.sql,1913
document.business_partner_bank_verification,"tenant_id,supplier_company_profile_id",master.company_code_supplier_profile,"tenant_id,id",server/db/ddl/planes/neon/document/05_constraints.sql,1914
document.business_partner_bank_verification,"tenant_id,company_code_id",master.company_code,"tenant_id,id",server/db/ddl/planes/neon/document/05_constraints.sql,1915
document.business_partner_bank_verification,"tenant_id,candidate_bank_account_link_id",master.bank_account_link,"tenant_id,id",server/db/ddl/planes/neon/document/05_constraints.sql,1916
document.business_partner_bank_verification,"tenant_id,prior_bank_account_link_id",master.bank_account_link,"tenant_id,id",server/db/ddl/planes/neon/document/05_constraints.sql,1917
document.business_partner_bank_verification,"tenant_id,created_by",master.principal,"tenant_id,id",server/db/ddl/planes/neon/document/05_constraints.sql,1918
document.business_partner_bank_verification,"tenant_id,verified_by",master.principal,"tenant_id,id",server/db/ddl/planes/neon/document/05_constraints.sql,1919
document.business_partner_bank_verification,"tenant_id,rejected_by",master.principal,"tenant_id,id",server/db/ddl/planes/neon/document/05_constraints.sql,1920
document.business_partner_bank_verification,"tenant_id,applied_by",master.principal,"tenant_id,id",server/db/ddl/planes/neon/document/05_constraints.sql,1921
document.business_partner_duplicate_resolution,"tenant_id,duplicate_business_partner_id",master.business_partner,"tenant_id,id",server/db/ddl/planes/neon/document/05_constraints.sql,1924
document.business_partner_duplicate_resolution,"tenant_id,surviving_business_partner_id",master.business_partner,"tenant_id,id",server/db/ddl/planes/neon/document/05_constraints.sql,1925
document.business_partner_duplicate_resolution,"tenant_id,snapshot_id",snapshot.entity_snapshot_identity,"tenant_id,id",server/db/ddl/planes/neon/document/05_constraints.sql,1926
document.business_partner_duplicate_resolution,"tenant_id,resolved_by",master.principal,"tenant_id,id",server/db/ddl/planes/neon/document/05_constraints.sql,1927
document.supplier_activation_evidence,tenant_id,master.tenant,id,server/db/ddl/planes/neon/document/05_constraints.sql,1929
document.supplier_activation_evidence,"tenant_id,business_partner_id",master.business_partner,"tenant_id,id",server/db/ddl/planes/neon/document/05_constraints.sql,1930
document.supplier_activation_evidence,"tenant_id,supplier_id",master.supplier,"tenant_id,id",server/db/ddl/planes/neon/document/05_constraints.sql,1931
document.supplier_activation_evidence,"tenant_id,operating_organization_id",master.operating_organization,"tenant_id,id",server/db/ddl/planes/neon/document/05_constraints.sql,1932
document.supplier_activation_evidence,"tenant_id,company_code_id",master.company_code,"tenant_id,id",server/db/ddl/planes/neon/document/05_constraints.sql,1933
document.supplier_activation_evidence,"tenant_id,activated_by",master.principal,"tenant_id,id",server/db/ddl/planes/neon/document/05_constraints.sql,1934
document.business_partner_invitation,tenant_id,master.tenant,id,server/db/ddl/planes/neon/document/05_constraints.sql,1936
document.business_partner_invitation,"tenant_id,requested_operating_organization_id",master.operating_organization,"tenant_id,id",server/db/ddl/planes/neon/document/05_constraints.sql,1937
document.business_partner_invitation,"tenant_id,company_code_id",master.company_code,"tenant_id,id",server/db/ddl/planes/neon/document/05_constraints.sql,1938
document.business_partner_invitation,"tenant_id,legal_entity_id",master.legal_entity,"tenant_id,id",server/db/ddl/planes/neon/document/05_constraints.sql,1939
document.business_partner_invitation,"tenant_id,org_unit_id",master.org_unit,"tenant_id,id",server/db/ddl/planes/neon/document/05_constraints.sql,1940
document.business_partner_invitation,"tenant_id,position_id",master.position,"tenant_id,id",server/db/ddl/planes/neon/document/05_constraints.sql,1941
document.business_partner_invitation,"tenant_id,applicant_principal_id",master.principal,"tenant_id,id",server/db/ddl/planes/neon/document/05_constraints.sql,1942
document.business_partner_invitation,"tenant_id,created_by",master.principal,"tenant_id,id",server/db/ddl/planes/neon/document/05_constraints.sql,1943
document.business_partner_invitation,"tenant_id,updated_by",master.principal,"tenant_id,id",server/db/ddl/planes/neon/document/05_constraints.sql,1944
document.business_partner_invitation,"tenant_id,applicant_access_revoked_by",master.principal,"tenant_id,id",server/db/ddl/planes/neon/document/05_constraints.sql,1945
document.business_partner_invitation,"tenant_id,entity_case_id",document.entity_case,"tenant_id,id",server/db/ddl/planes/neon/document/05_constraints.sql,1947
document.business_partner_invitation_recovery,"tenant_id,invitation_id",document.business_partner_invitation,"tenant_id,id",server/db/ddl/planes/neon/document/05_constraints.sql,1949
document.business_partner_invitation_recovery,"tenant_id,request_id",document.business_partner_request,"tenant_id,id",server/db/ddl/planes/neon/document/05_constraints.sql,1950
document.business_partner_invitation_recovery,"tenant_id,entity_case_id",document.entity_case,"tenant_id,id",server/db/ddl/planes/neon/document/05_constraints.sql,1951
document.business_partner_invitation_recovery,"tenant_id,prior_applicant_principal_id",master.principal,"tenant_id,id",server/db/ddl/planes/neon/document/05_constraints.sql,1952
document.business_partner_invitation_recovery,"tenant_id,requested_applicant_principal_id",master.principal,"tenant_id,id",server/db/ddl/planes/neon/document/05_constraints.sql,1953
document.business_partner_invitation_recovery,"tenant_id,requested_by",master.principal,"tenant_id,id",server/db/ddl/planes/neon/document/05_constraints.sql,1954
document.workforce_requisition,tenant_id,master.tenant,id,server/db/ddl/planes/neon/document/05_constraints.sql,1957
document.workforce_requisition,"tenant_id, company_code_id",master.company_code,"tenant_id, id",server/db/ddl/planes/neon/document/05_constraints.sql,1958
document.workforce_requisition,"tenant_id, legal_entity_id",master.legal_entity,"tenant_id, id",server/db/ddl/planes/neon/document/05_constraints.sql,1959
document.workforce_requisition,"tenant_id, purchase_requisition_id",document.purchase_requisition,"tenant_id, id",server/db/ddl/planes/neon/document/05_constraints.sql,1960
document.workforce_requisition,"tenant_id, job_id",master.job,"tenant_id, id",server/db/ddl/planes/neon/document/05_constraints.sql,1961
document.workforce_requisition,"tenant_id, position_id",master.position,"tenant_id, id",server/db/ddl/planes/neon/document/05_constraints.sql,1962
document.workforce_requisition,"tenant_id, org_unit_id",master.org_unit,"tenant_id, id",server/db/ddl/planes/neon/document/05_constraints.sql,1963
document.workforce_requisition,"tenant_id, manager_employee_id",master.employee,"tenant_id, id",server/db/ddl/planes/neon/document/05_constraints.sql,1964
document.workforce_requisition,"tenant_id, site_id",master.site,"tenant_id, id",server/db/ddl/planes/neon/document/05_constraints.sql,1965
document.workforce_requisition,"tenant_id, cost_center_id",master.cost_center,"tenant_id, id",server/db/ddl/planes/neon/document/05_constraints.sql,1966
document.workforce_requisition,"tenant_id, workflow_request_id",document.workflow_request,"tenant_id, id",server/db/ddl/planes/neon/document/05_constraints.sql,1967
document.workforce_requisition_supplier,tenant_id,master.tenant,id,server/db/ddl/planes/neon/document/05_constraints.sql,1970
document.workforce_requisition_supplier,"tenant_id, workforce_requisition_id",document.workforce_requisition,"tenant_id, id",server/db/ddl/planes/neon/document/05_constraints.sql,1971
document.workforce_requisition_supplier,"tenant_id, supplier_id",master.supplier,"tenant_id, id",server/db/ddl/planes/neon/document/05_constraints.sql,1972
document.workforce_requisition_supplier,"tenant_id, distributed_by",master.principal,"tenant_id, id",server/db/ddl/planes/neon/document/05_constraints.sql,1973
document.external_candidate_submission,tenant_id,master.tenant,id,server/db/ddl/planes/neon/document/05_constraints.sql,1976
document.external_candidate_submission,"tenant_id, workforce_requisition_id",document.workforce_requisition,"tenant_id, id",server/db/ddl/planes/neon/document/05_constraints.sql,1977
document.external_candidate_submission,"tenant_id, requisition_supplier_id",document.workforce_requisition_supplier,"tenant_id, id",server/db/ddl/planes/neon/document/05_constraints.sql,1978
document.external_candidate_submission,"tenant_id, supplier_id",master.supplier,"tenant_id, id",server/db/ddl/planes/neon/document/05_constraints.sql,1979
document.external_candidate_submission,"tenant_id, person_id",master.person,"tenant_id, id",server/db/ddl/planes/neon/document/05_constraints.sql,1980
document.external_candidate_submission,"tenant_id, profile_content_item_id",document.content_item,"tenant_id, id",server/db/ddl/planes/neon/document/05_constraints.sql,1981
document.external_candidate_submission,"tenant_id, submitted_by",master.principal,"tenant_id, id",server/db/ddl/planes/neon/document/05_constraints.sql,1982
document.external_candidate_evaluation,tenant_id,master.tenant,id,server/db/ddl/planes/neon/document/05_constraints.sql,1985
document.external_candidate_evaluation,"tenant_id, candidate_submission_id",document.external_candidate_submission,"tenant_id, id",server/db/ddl/planes/neon/document/05_constraints.sql,1986
document.external_candidate_evaluation,"tenant_id, evaluated_by",master.principal,"tenant_id, id",server/db/ddl/planes/neon/document/05_constraints.sql,1987
document.contingent_work_order,tenant_id,master.tenant,id,server/db/ddl/planes/neon/document/05_constraints.sql,1990
document.contingent_work_order,"tenant_id, company_code_id",master.company_code,"tenant_id, id",server/db/ddl/planes/neon/document/05_constraints.sql,1991
document.contingent_work_order,"tenant_id, legal_entity_id",master.legal_entity,"tenant_id, id",server/db/ddl/planes/neon/document/05_constraints.sql,1992
document.contingent_work_order,"tenant_id, supplier_id",master.supplier,"tenant_id, id",server/db/ddl/planes/neon/document/05_constraints.sql,1993
document.contingent_work_order,"tenant_id, candidate_submission_id",document.external_candidate_submission,"tenant_id, id",server/db/ddl/planes/neon/document/05_constraints.sql,1994
document.contingent_work_order,"tenant_id, commitment_id",document.commitment,"tenant_id, id",server/db/ddl/planes/neon/document/05_constraints.sql,1995
document.contingent_work_order_revision,tenant_id,master.tenant,id,server/db/ddl/planes/neon/document/05_constraints.sql,1998
document.contingent_work_order_revision,"tenant_id, work_order_id",document.contingent_work_order,"tenant_id, id",server/db/ddl/planes/neon/document/05_constraints.sql,1999
document.contingent_work_order_revision,"tenant_id, prior_revision_id",document.contingent_work_order_revision,"tenant_id, id",server/db/ddl/planes/neon/document/05_constraints.sql,2000
document.contingent_work_order_revision,"tenant_id, rate_id",control.external_workforce_rate,"tenant_id, id",server/db/ddl/planes/neon/document/05_constraints.sql,2001
document.contingent_work_order_revision,"tenant_id, workflow_request_id",document.workflow_request,"tenant_id, id",server/db/ddl/planes/neon/document/05_constraints.sql,2002
document.statement_of_work,tenant_id,master.tenant,id,server/db/ddl/planes/neon/document/05_constraints.sql,2005
document.statement_of_work,"tenant_id, company_code_id",master.company_code,"tenant_id, id",server/db/ddl/planes/neon/document/05_constraints.sql,2006
document.statement_of_work,"tenant_id, legal_entity_id",master.legal_entity,"tenant_id, id",server/db/ddl/planes/neon/document/05_constraints.sql,2007
document.statement_of_work,"tenant_id, supplier_id",master.supplier,"tenant_id, id",server/db/ddl/planes/neon/document/05_constraints.sql,2008
document.statement_of_work,"tenant_id, purchase_requisition_id",document.purchase_requisition,"tenant_id, id",server/db/ddl/planes/neon/document/05_constraints.sql,2009
document.statement_of_work,"tenant_id, commitment_id",document.commitment,"tenant_id, id",server/db/ddl/planes/neon/document/05_constraints.sql,2010
document.statement_of_work_revision,tenant_id,master.tenant,id,server/db/ddl/planes/neon/document/05_constraints.sql,2013
document.statement_of_work_revision,"tenant_id, statement_of_work_id",document.statement_of_work,"tenant_id, id",server/db/ddl/planes/neon/document/05_constraints.sql,2014
document.statement_of_work_revision,"tenant_id, prior_revision_id",document.statement_of_work_revision,"tenant_id, id",server/db/ddl/planes/neon/document/05_constraints.sql,2015
document.statement_of_work_revision,"tenant_id, workflow_request_id",document.workflow_request,"tenant_id, id",server/db/ddl/planes/neon/document/05_constraints.sql,2016
document.statement_of_work_item,tenant_id,master.tenant,id,server/db/ddl/planes/neon/document/05_constraints.sql,2019
document.statement_of_work_item,"tenant_id, statement_of_work_revision_id",document.statement_of_work_revision,"tenant_id, id",server/db/ddl/planes/neon/document/05_constraints.sql,2020
document.worker_engagement,tenant_id,master.tenant,id,server/db/ddl/planes/neon/document/05_constraints.sql,2023
document.worker_engagement,"tenant_id, external_worker_id",master.external_worker,"tenant_id, id",server/db/ddl/planes/neon/document/05_constraints.sql,2024
document.worker_engagement,"tenant_id, supplier_id",master.supplier,"tenant_id, id",server/db/ddl/planes/neon/document/05_constraints.sql,2025
document.worker_engagement,"tenant_id, company_code_id",master.company_code,"tenant_id, id",server/db/ddl/planes/neon/document/05_constraints.sql,2026
document.worker_engagement,"tenant_id, legal_entity_id",master.legal_entity,"tenant_id, id",server/db/ddl/planes/neon/document/05_constraints.sql,2027
document.worker_engagement,"tenant_id, contingent_work_order_id",document.contingent_work_order,"tenant_id, id",server/db/ddl/planes/neon/document/05_constraints.sql,2028
document.worker_engagement,"tenant_id, statement_of_work_id",document.statement_of_work,"tenant_id, id",server/db/ddl/planes/neon/document/05_constraints.sql,2029
document.worker_engagement,"tenant_id, rate_id",control.external_workforce_rate,"tenant_id, id",server/db/ddl/planes/neon/document/05_constraints.sql,2030
document.worker_engagement,"tenant_id, workflow_request_id",document.workflow_request,"tenant_id, id",server/db/ddl/planes/neon/document/05_constraints.sql,2031
document.worker_operational_placement,tenant_id,master.tenant,id,server/db/ddl/planes/neon/document/05_constraints.sql,2034
document.worker_operational_placement,"tenant_id, worker_engagement_id",document.worker_engagement,"tenant_id, id",server/db/ddl/planes/neon/document/05_constraints.sql,2035
document.worker_operational_placement,"tenant_id, position_id",master.position,"tenant_id, id",server/db/ddl/planes/neon/document/05_constraints.sql,2036
document.worker_operational_placement,"tenant_id, org_unit_id",master.org_unit,"tenant_id, id",server/db/ddl/planes/neon/document/05_constraints.sql,2037
document.worker_operational_placement,"tenant_id, manager_employee_id",master.employee,"tenant_id, id",server/db/ddl/planes/neon/document/05_constraints.sql,2038
document.worker_operational_placement,"tenant_id, company_code_id",master.company_code,"tenant_id, id",server/db/ddl/planes/neon/document/05_constraints.sql,2039
document.worker_operational_placement,"tenant_id, cost_center_id",master.cost_center,"tenant_id, id",server/db/ddl/planes/neon/document/05_constraints.sql,2040
document.worker_operational_placement,"tenant_id, profit_center_id",master.profit_center,"tenant_id, id",server/db/ddl/planes/neon/document/05_constraints.sql,2041
document.worker_operational_placement,"tenant_id, project_id",master.project,"tenant_id, id",server/db/ddl/planes/neon/document/05_constraints.sql,2042
document.worker_operational_placement,"tenant_id, site_id",master.site,"tenant_id, id",server/db/ddl/planes/neon/document/05_constraints.sql,2043
document.worker_compliance_item,tenant_id,master.tenant,id,server/db/ddl/planes/neon/document/05_constraints.sql,2054
document.worker_compliance_item,"tenant_id, worker_engagement_id",document.worker_engagement,"tenant_id, id",server/db/ddl/planes/neon/document/05_constraints.sql,2055
document.worker_compliance_item,"tenant_id, evidence_content_item_id",document.content_item,"tenant_id, id",server/db/ddl/planes/neon/document/05_constraints.sql,2056
document.engagement_onboarding_case,tenant_id,master.tenant,id,server/db/ddl/planes/neon/document/05_constraints.sql,2059
document.engagement_onboarding_case,"tenant_id, worker_engagement_id",document.worker_engagement,"tenant_id, id",server/db/ddl/planes/neon/document/05_constraints.sql,2060
document.engagement_onboarding_case,"tenant_id, workflow_request_id",document.workflow_request,"tenant_id, id",server/db/ddl/planes/neon/document/05_constraints.sql,2061
document.external_time_sheet,tenant_id,master.tenant,id,server/db/ddl/planes/neon/document/05_constraints.sql,2064
document.external_time_sheet,"tenant_id, worker_engagement_id",document.worker_engagement,"tenant_id, id",server/db/ddl/planes/neon/document/05_constraints.sql,2065
document.external_time_sheet,"tenant_id, source_inbox_id",control.mesh_workforce_claim_inbox,"tenant_id, id",server/db/ddl/planes/neon/document/05_constraints.sql,2067
document.external_time_sheet,"tenant_id, submitted_by",master.principal,"tenant_id, id",server/db/ddl/planes/neon/document/05_constraints.sql,2068
document.external_time_sheet,"tenant_id, approved_by",master.principal,"tenant_id, id",server/db/ddl/planes/neon/document/05_constraints.sql,2069
document.external_time_sheet,"tenant_id, workflow_request_id",document.workflow_request,"tenant_id, id",server/db/ddl/planes/neon/document/05_constraints.sql,2070
document.external_time_sheet,"tenant_id, revision_of_time_sheet_id",document.external_time_sheet,"tenant_id, id",server/db/ddl/planes/neon/document/05_constraints.sql,2071
document.external_time_entry,tenant_id,master.tenant,id,server/db/ddl/planes/neon/document/05_constraints.sql,2074
document.external_time_entry,"tenant_id, time_sheet_id",document.external_time_sheet,"tenant_id, id",server/db/ddl/planes/neon/document/05_constraints.sql,2075
document.external_time_entry,"tenant_id, cost_center_id",master.cost_center,"tenant_id, id",server/db/ddl/planes/neon/document/05_constraints.sql,2076
document.external_time_entry,"tenant_id, project_id",master.project,"tenant_id, id",server/db/ddl/planes/neon/document/05_constraints.sql,2077
document.external_time_entry,"tenant_id, project_task_id",document.project_task,"tenant_id, id",server/db/ddl/planes/neon/document/05_constraints.sql,2078
document.external_time_entry,"tenant_id, statement_of_work_item_id",document.statement_of_work_item,"tenant_id, id",server/db/ddl/planes/neon/document/05_constraints.sql,2079
document.external_expense_sheet,tenant_id,master.tenant,id,server/db/ddl/planes/neon/document/05_constraints.sql,2082
document.external_expense_sheet,"tenant_id, worker_engagement_id",document.worker_engagement,"tenant_id, id",server/db/ddl/planes/neon/document/05_constraints.sql,2083
document.external_expense_sheet,"tenant_id, source_inbox_id",control.mesh_workforce_claim_inbox,"tenant_id, id",server/db/ddl/planes/neon/document/05_constraints.sql,2085
document.external_expense_sheet,"tenant_id, submitted_by",master.principal,"tenant_id, id",server/db/ddl/planes/neon/document/05_constraints.sql,2086
document.external_expense_sheet,"tenant_id, approved_by",master.principal,"tenant_id, id",server/db/ddl/planes/neon/document/05_constraints.sql,2087
document.external_expense_sheet,"tenant_id, workflow_request_id",document.workflow_request,"tenant_id, id",server/db/ddl/planes/neon/document/05_constraints.sql,2088
document.external_expense_sheet,"tenant_id, revision_of_expense_sheet_id",document.external_expense_sheet,"tenant_id, id",server/db/ddl/planes/neon/document/05_constraints.sql,2089
document.external_expense_item,tenant_id,master.tenant,id,server/db/ddl/planes/neon/document/05_constraints.sql,2092
document.external_expense_item,"tenant_id, expense_sheet_id",document.external_expense_sheet,"tenant_id, id",server/db/ddl/planes/neon/document/05_constraints.sql,2093
document.external_expense_item,"tenant_id, cost_center_id",master.cost_center,"tenant_id, id",server/db/ddl/planes/neon/document/05_constraints.sql,2094
document.external_expense_item,"tenant_id, project_id",master.project,"tenant_id, id",server/db/ddl/planes/neon/document/05_constraints.sql,2095
document.external_expense_item,"tenant_id, project_task_id",document.project_task,"tenant_id, id",server/db/ddl/planes/neon/document/05_constraints.sql,2096
document.external_expense_item,"tenant_id, statement_of_work_item_id",document.statement_of_work_item,"tenant_id, id",server/db/ddl/planes/neon/document/05_constraints.sql,2097
document.external_expense_item,"tenant_id, receipt_content_item_id",document.content_item,"tenant_id, id",server/db/ddl/planes/neon/document/05_constraints.sql,2098
document.external_service_entry,tenant_id,master.tenant,id,server/db/ddl/planes/neon/document/05_constraints.sql,2101
document.external_service_entry,"tenant_id, company_code_id",master.company_code,"tenant_id, id",server/db/ddl/planes/neon/document/05_constraints.sql,2102
document.external_service_entry,"tenant_id, supplier_id",master.supplier,"tenant_id, id",server/db/ddl/planes/neon/document/05_constraints.sql,2103
document.external_service_entry,"tenant_id, commitment_id",document.commitment,"tenant_id, id",server/db/ddl/planes/neon/document/05_constraints.sql,2104
document.external_service_entry,"tenant_id, workflow_request_id",document.workflow_request,"tenant_id, id",server/db/ddl/planes/neon/document/05_constraints.sql,2105
document.external_service_entry_line,tenant_id,master.tenant,id,server/db/ddl/planes/neon/document/05_constraints.sql,2108
document.external_service_entry_line,"tenant_id, service_entry_id",document.external_service_entry,"tenant_id, id",server/db/ddl/planes/neon/document/05_constraints.sql,2109
document.external_service_entry_line,"tenant_id, time_sheet_id",document.external_time_sheet,"tenant_id, id",server/db/ddl/planes/neon/document/05_constraints.sql,2110
document.external_service_entry_line,"tenant_id, expense_sheet_id",document.external_expense_sheet,"tenant_id, id",server/db/ddl/planes/neon/document/05_constraints.sql,2111
document.external_service_entry_line,"tenant_id, statement_of_work_item_id",document.statement_of_work_item,"tenant_id, id",server/db/ddl/planes/neon/document/05_constraints.sql,2112
document.external_workforce_invoice_allocation,tenant_id,master.tenant,id,server/db/ddl/planes/neon/document/05_constraints.sql,2115
document.external_workforce_invoice_allocation,"tenant_id, purchase_invoice_line_id",document.purchase_invoice_line,"tenant_id, id",server/db/ddl/planes/neon/document/05_constraints.sql,2116
document.external_workforce_invoice_allocation,"tenant_id, service_entry_line_id",document.external_service_entry_line,"tenant_id, id",server/db/ddl/planes/neon/document/05_constraints.sql,2117
document.external_workforce_invoice_allocation,"tenant_id, reverses_allocation_id",document.external_workforce_invoice_allocation,"tenant_id, id",server/db/ddl/planes/neon/document/05_constraints.sql,2118
document.service_sheet_source_allocation,tenant_id,master.tenant,id,server/db/ddl/planes/neon/document/05_constraints.sql,2121
document.service_sheet_source_allocation,"tenant_id, service_sheet_line_id",document.service_sheet_line,"tenant_id, id",server/db/ddl/planes/neon/document/05_constraints.sql,2122
document.service_sheet_source_allocation,"tenant_id, external_time_sheet_id",document.external_time_sheet,"tenant_id, id",server/db/ddl/planes/neon/document/05_constraints.sql,2123
document.service_sheet_source_allocation,"tenant_id, external_expense_sheet_id",document.external_expense_sheet,"tenant_id, id",server/db/ddl/planes/neon/document/05_constraints.sql,2124
document.service_sheet_source_allocation,"tenant_id, statement_of_work_item_id",document.statement_of_work_item,"tenant_id, id",server/db/ddl/planes/neon/document/05_constraints.sql,2125
document.service_sheet_source_allocation,"tenant_id, reverses_allocation_id",document.service_sheet_source_allocation,"tenant_id, id",server/db/ddl/planes/neon/document/05_constraints.sql,2126
document.service_sheet_source_allocation,currency_code,shared.currency,code,server/db/ddl/planes/neon/document/05_constraints.sql,2127
document.service_sheet_source_allocation,"tenant_id, allocated_by",master.principal,"tenant_id, id",server/db/ddl/planes/neon/document/05_constraints.sql,2128
document.service_sheet_source_allocation,"tenant_id, created_by",master.principal,"tenant_id, id",server/db/ddl/planes/neon/document/05_constraints.sql,2129
document.mesh_profile_change_resolution,"tenant_id, business_partner_id",master.business_partner,"tenant_id, id",server/db/ddl/planes/neon/document/05_constraints.sql,2134
document.mesh_profile_change_resolution,"tenant_id, projection_id",control.mesh_business_partner_profile_projection,"tenant_id, id",server/db/ddl/planes/neon/document/05_constraints.sql,2137
document.mesh_profile_change_resolution,"tenant_id, baseline_snapshot_id",snapshot.mesh_business_partner_profile_received,"tenant_id, id",server/db/ddl/planes/neon/document/05_constraints.sql,2140
document.mesh_profile_change_resolution,"tenant_id, incoming_snapshot_id",snapshot.mesh_business_partner_profile_received,"tenant_id, id",server/db/ddl/planes/neon/document/05_constraints.sql,2143
document.mesh_profile_change_resolution,"tenant_id, created_by",master.principal,"tenant_id, id",server/db/ddl/planes/neon/document/05_constraints.sql,2146
document.mesh_profile_change_case,"tenant_id, resolution_id",document.mesh_profile_change_resolution,"tenant_id, id",server/db/ddl/planes/neon/document/05_constraints.sql,2151
document.mesh_profile_change_case,"tenant_id, entity_case_id",document.entity_case,"tenant_id, id",server/db/ddl/planes/neon/document/05_constraints.sql,2154
document.entity_case,"tenant_id, owner_company_code_id",master.company_code,"tenant_id, id",server/db/ddl/planes/neon/document/05_constraints.sql,2160
event.comment_flag,tenant_id,master.tenant,id,server/db/ddl/common/event/05_constraints.sql,2
event.comment_flag,"tenant_id, comment_id",document.comment,"tenant_id, id",server/db/ddl/common/event/05_constraints.sql,3
event.comment_flag,"tenant_id, reporter_principal_id",master.principal,"tenant_id, id",server/db/ddl/common/event/05_constraints.sql,4
event.comment_flag,"tenant_id, created_by",master.principal,"tenant_id, id",server/db/ddl/common/event/05_constraints.sql,5
event.comment_flag,"tenant_id, resolved_by",master.principal,"tenant_id, id",server/db/ddl/common/event/05_constraints.sql,6
event.notification_message,tenant_id,master.tenant,id,server/db/ddl/common/event/05_constraints.sql,9
event.notification_message,rule_id,control.notification_routing_rule,id,server/db/ddl/common/event/05_constraints.sql,10
event.notification_delivery,tenant_id,master.tenant,id,server/db/ddl/common/event/05_constraints.sql,13
event.notification_delivery,"tenant_id, message_id",event.notification_message,"tenant_id, id",server/db/ddl/common/event/05_constraints.sql,14
event.notification_delivery,"tenant_id, recipient_id",master.principal,"tenant_id, id",server/db/ddl/common/event/05_constraints.sql,15
event.notification_delivery,provider_id,control.notification_provider,id,server/db/ddl/common/event/05_constraints.sql,16
event.notification_delivery,"tenant_id, outbox_id",event.outbox,"tenant_id, id",server/db/ddl/common/event/05_constraints.sql,17
event.notification_provider_event,tenant_id,master.tenant,id,server/db/ddl/common/event/05_constraints.sql,20
event.notification_provider_event,"tenant_id,delivery_id",event.notification_delivery,"tenant_id,id",server/db/ddl/common/event/05_constraints.sql,21
event.notification_email_suppression,tenant_id,master.tenant,id,server/db/ddl/common/event/05_constraints.sql,24
event.notification_email_suppression,"tenant_id,source_provider_event_id",event.notification_provider_event,"tenant_id,id",server/db/ddl/common/event/05_constraints.sql,25
event.notification_message_attachment,tenant_id,master.tenant,id,server/db/ddl/common/event/05_constraints.sql,28
event.notification_message_attachment,"tenant_id,message_id",event.notification_message,"tenant_id,id",server/db/ddl/common/event/05_constraints.sql,29
event.notification_message_attachment,"tenant_id,attachment_id",document.attachment,"tenant_id,id",server/db/ddl/common/event/05_constraints.sql,30
event.notification_message_attachment,"tenant_id,attachment_version_id",document.attachment,"tenant_id,id",server/db/ddl/common/event/05_constraints.sql,31
event.notification_message_attachment,"tenant_id,created_by",master.principal,"tenant_id,id",server/db/ddl/common/event/05_constraints.sql,32
event.notification_inbox_state,tenant_id,master.tenant,id,server/db/ddl/common/event/05_constraints.sql,35
event.notification_inbox_state,"tenant_id, message_id",event.notification_message,"tenant_id, id",server/db/ddl/common/event/05_constraints.sql,36
event.notification_inbox_state,"tenant_id, delivery_id",event.notification_delivery,"tenant_id, id",server/db/ddl/common/event/05_constraints.sql,37
event.notification_inbox_state,"tenant_id, principal_id",master.principal,"tenant_id, id",server/db/ddl/common/event/05_constraints.sql,38
event.notification_inbox_state,"tenant_id, read_by",master.principal,"tenant_id, id",server/db/ddl/common/event/05_constraints.sql,39
event.notification_inbox_state,"tenant_id, dismissed_by",master.principal,"tenant_id, id",server/db/ddl/common/event/05_constraints.sql,40
event.notification_outbox_state,tenant_id,master.tenant,id,server/db/ddl/common/event/05_constraints.sql,43
event.notification_outbox_state,"tenant_id,outbox_id",event.outbox,"tenant_id,id",server/db/ddl/common/event/05_constraints.sql,44
event.notification_outbox_state,"tenant_id,created_by",master.principal,"tenant_id,id",server/db/ddl/common/event/05_constraints.sql,45
event.notification_outbox_state,"tenant_id,updated_by",master.principal,"tenant_id,id",server/db/ddl/common/event/05_constraints.sql,46
event.outbox,tenant_id,master.tenant,id,server/db/ddl/common/event/05_constraints.sql,49
event.channel_consent_event,tenant_id,master.tenant,id,server/db/ddl/common/event/05_constraints.sql,52
event.channel_consent_event,"tenant_id, actor_principal_id",master.principal,"tenant_id, id",server/db/ddl/common/event/05_constraints.sql,53
event.command_execution,tenant_id,master.tenant,id,server/db/ddl/common/event/05_constraints.sql,57
event.command_execution,"tenant_id, actor_principal_id",master.principal,"tenant_id, id",server/db/ddl/common/event/05_constraints.sql,59
event.command_execution,"tenant_id, status_changed_by",master.principal,"tenant_id, id",server/db/ddl/common/event/05_constraints.sql,61
event.command_execution,"tenant_id, created_by",master.principal,"tenant_id, id",server/db/ddl/common/event/05_constraints.sql,63
event.command_execution,"tenant_id, updated_by",master.principal,"tenant_id, id",server/db/ddl/common/event/05_constraints.sql,65
event.authorization_invalidation_outbox,tenant_id,master.tenant,id,server/db/ddl/common/event/05_constraints.sql,98
event.descriptor_invalidation_outbox,tenant_id,master.tenant,id,server/db/ddl/common/event/05_constraints.sql,102
event.descriptor_invalidation_outbox,created_by,master.principal,id,server/db/ddl/common/event/05_constraints.sql,104
event.notification_delivery_claim,tenant_id,master.tenant,id,server/db/ddl/common/event/05_constraints.sql,107
event.notification_delivery_claim,"tenant_id, message_id",event.notification_message,"tenant_id, id",server/db/ddl/common/event/05_constraints.sql,108
event.notification_delivery_claim,"tenant_id, recipient_id",master.principal,"tenant_id, id",server/db/ddl/common/event/05_constraints.sql,109
event.digest_staging,tenant_id,master.tenant,id,server/db/ddl/common/event/05_constraints.sql,112
event.digest_staging,"tenant_id, message_id",event.notification_message,"tenant_id, id",server/db/ddl/common/event/05_constraints.sql,113
event.digest_staging,"tenant_id, recipient_id",master.principal,"tenant_id, id",server/db/ddl/common/event/05_constraints.sql,114
event.push_subscription,tenant_id,master.tenant,id,server/db/ddl/common/event/05_constraints.sql,117
event.push_subscription,"tenant_id, principal_id",master.principal,"tenant_id, id",server/db/ddl/common/event/05_constraints.sql,118
event.whatsapp_consent,tenant_id,master.tenant,id,server/db/ddl/common/event/05_constraints.sql,121
event.whatsapp_consent,"tenant_id, principal_id",master.principal,"tenant_id, id",server/db/ddl/common/event/05_constraints.sql,122
event.webhook_subscription,tenant_id,master.tenant,id,server/db/ddl/common/event/05_constraints.sql,125
event.notification_delivery,"tenant_id, subscription_id",event.webhook_subscription,"tenant_id, id",server/db/ddl/common/event/05_constraints.sql,128
governance.comment_moderation,tenant_id,master.tenant,id,server/db/ddl/common/governance/05_constraints.sql,2
governance.comment_moderation,"tenant_id, comment_flag_id",event.comment_flag,"tenant_id, id",server/db/ddl/common/governance/05_constraints.sql,4
governance.comment_moderation,"tenant_id, moderator_principal_id",master.principal,"tenant_id, id",server/db/ddl/common/governance/05_constraints.sql,6
governance.comment_moderation,"tenant_id, created_by",master.principal,"tenant_id, id",server/db/ddl/common/governance/05_constraints.sql,8
governance.comment_moderation,"tenant_id, updated_by",master.principal,"tenant_id, id",server/db/ddl/common/governance/05_constraints.sql,10
governance.comment_moderation,"tenant_id, status_changed_by",master.principal,"tenant_id, id",server/db/ddl/common/governance/05_constraints.sql,12
governance.channel_consent,tenant_id,master.tenant,id,server/db/ddl/common/governance/05_constraints.sql,15
governance.channel_consent,"tenant_id, last_event_id",event.channel_consent_event,"tenant_id, id",server/db/ddl/common/governance/05_constraints.sql,17
governance.cycle_run,tenant_id,master.tenant,id,server/db/ddl/common/governance/05_constraints.sql,20
governance.cycle_run,"tenant_id, cycle_type_id",control.cycle_type,"tenant_id, id",server/db/ddl/common/governance/05_constraints.sql,22
governance.cycle_run,"tenant_id, cycle_type_id, template_revision_id, template_revision_number, template_hash",control.cycle_template_revision,"tenant_id, cycle_type_id, id, revision_number, template_hash",server/db/ddl/common/governance/05_constraints.sql,25
governance.cycle_run,"tenant_id, parent_cycle_run_id",governance.cycle_run,"tenant_id, id",server/db/ddl/common/governance/05_constraints.sql,27
governance.cycle_run,"tenant_id, owner_principal_id",master.principal,"tenant_id, id",server/db/ddl/common/governance/05_constraints.sql,29
governance.cycle_run,"tenant_id, created_by",master.principal,"tenant_id, id",server/db/ddl/common/governance/05_constraints.sql,31
governance.cycle_run,"tenant_id, updated_by",master.principal,"tenant_id, id",server/db/ddl/common/governance/05_constraints.sql,33
governance.cycle_run,"tenant_id, status_changed_by",master.principal,"tenant_id, id",server/db/ddl/common/governance/05_constraints.sql,35
governance.cycle_task,tenant_id,master.tenant,id,server/db/ddl/common/governance/05_constraints.sql,38
governance.cycle_task,"tenant_id, cycle_type_id, cycle_run_id",governance.cycle_run,"tenant_id, cycle_type_id, id",server/db/ddl/common/governance/05_constraints.sql,41
governance.cycle_task,"tenant_id, cycle_type_id, task_template_id",control.cycle_task_template,"tenant_id, cycle_type_id, id",server/db/ddl/common/governance/05_constraints.sql,44
governance.cycle_task,"tenant_id, cycle_type_id, phase_id",control.cycle_phase,"tenant_id, cycle_type_id, id",server/db/ddl/common/governance/05_constraints.sql,47
governance.cycle_task,"tenant_id, owner_principal_id",master.principal,"tenant_id, id",server/db/ddl/common/governance/05_constraints.sql,49
governance.cycle_task,"tenant_id, assigned_team_id",master.team,"tenant_id, id",server/db/ddl/common/governance/05_constraints.sql,51
governance.cycle_task,"tenant_id, created_by",master.principal,"tenant_id, id",server/db/ddl/common/governance/05_constraints.sql,53
governance.cycle_task,"tenant_id, updated_by",master.principal,"tenant_id, id",server/db/ddl/common/governance/05_constraints.sql,55
governance.cycle_task,"tenant_id, status_changed_by",master.principal,"tenant_id, id",server/db/ddl/common/governance/05_constraints.sql,57
governance.cycle_task_dependency,tenant_id,master.tenant,id,server/db/ddl/common/governance/05_constraints.sql,60
governance.cycle_task_dependency,"tenant_id, cycle_run_id",governance.cycle_run,"tenant_id, id",server/db/ddl/common/governance/05_constraints.sql,62
governance.cycle_task_dependency,"tenant_id, cycle_run_id, predecessor_task_id",governance.cycle_task,"tenant_id, cycle_run_id, id",server/db/ddl/common/governance/05_constraints.sql,65
governance.cycle_task_dependency,"tenant_id, cycle_run_id, successor_task_id",governance.cycle_task,"tenant_id, cycle_run_id, id",server/db/ddl/common/governance/05_constraints.sql,68
governance.cycle_task_dependency,"tenant_id, created_by",master.principal,"tenant_id, id",server/db/ddl/common/governance/05_constraints.sql,70
governance.cycle_deviation,tenant_id,master.tenant,id,server/db/ddl/common/governance/05_constraints.sql,73
governance.cycle_deviation,"tenant_id, cycle_run_id",governance.cycle_run,"tenant_id, id",server/db/ddl/common/governance/05_constraints.sql,75
governance.cycle_deviation,"tenant_id, cycle_task_id",governance.cycle_task,"tenant_id, id",server/db/ddl/common/governance/05_constraints.sql,77
governance.cycle_deviation,"tenant_id, carried_to_cycle_run_id",governance.cycle_run,"tenant_id, id",server/db/ddl/common/governance/05_constraints.sql,79
governance.cycle_deviation,"tenant_id, carried_from_deviation_id",governance.cycle_deviation,"tenant_id, id",server/db/ddl/common/governance/05_constraints.sql,81
governance.cycle_deviation,"tenant_id, created_by",master.principal,"tenant_id, id",server/db/ddl/common/governance/05_constraints.sql,83
governance.cycle_deviation,"tenant_id, resolved_by",master.principal,"tenant_id, id",server/db/ddl/common/governance/05_constraints.sql,85
governance.cycle_certification,tenant_id,master.tenant,id,server/db/ddl/common/governance/05_constraints.sql,88
governance.cycle_certification,"tenant_id, cycle_run_id",governance.cycle_run,"tenant_id, id",server/db/ddl/common/governance/05_constraints.sql,90
governance.cycle_certification,"tenant_id, certified_by",master.principal,"tenant_id, id",server/db/ddl/common/governance/05_constraints.sql,92
governance.cycle_certification,"tenant_id, submitted_by",master.principal,"tenant_id, id",server/db/ddl/common/governance/05_constraints.sql,94
governance.cycle_certification,"tenant_id, rejected_by",master.principal,"tenant_id, id",server/db/ddl/common/governance/05_constraints.sql,96
governance.cycle_certification,"tenant_id, created_by",master.principal,"tenant_id, id",server/db/ddl/common/governance/05_constraints.sql,98
governance.legal_hold,tenant_id,master.tenant,id,server/db/ddl/common/governance/05_constraints.sql,101
governance.legal_hold,"tenant_id, owner_principal_id",master.principal,"tenant_id, id",server/db/ddl/common/governance/05_constraints.sql,103
governance.legal_hold,"tenant_id, created_by",master.principal,"tenant_id, id",server/db/ddl/common/governance/05_constraints.sql,105
governance.legal_hold,"tenant_id, updated_by",master.principal,"tenant_id, id",server/db/ddl/common/governance/05_constraints.sql,107
governance.legal_hold,"tenant_id, status_changed_by",master.principal,"tenant_id, id",server/db/ddl/common/governance/05_constraints.sql,109
governance.legal_hold_manifest,tenant_id,master.tenant,id,server/db/ddl/common/governance/05_constraints.sql,112
governance.legal_hold_manifest,"tenant_id, legal_hold_id",governance.legal_hold,"tenant_id, id",server/db/ddl/common/governance/05_constraints.sql,114
governance.legal_hold_manifest,"tenant_id, created_by",master.principal,"tenant_id, id",server/db/ddl/common/governance/05_constraints.sql,116
governance.report_pack,tenant_id,master.tenant,id,server/db/ddl/common/governance/05_constraints.sql,119
governance.report_pack,"tenant_id, supersedes_report_pack_id",governance.report_pack,"tenant_id, id",server/db/ddl/common/governance/05_constraints.sql,121
governance.report_pack,"tenant_id, created_by",master.principal,"tenant_id, id",server/db/ddl/common/governance/05_constraints.sql,123
governance.report_pack,"tenant_id, updated_by",master.principal,"tenant_id, id",server/db/ddl/common/governance/05_constraints.sql,125
governance.process_selection_evidence,"tenant_id,case_id",document.entity_case,"tenant_id,id",server/db/ddl/common/governance/05_constraints.sql,130
governance.process_selection_evidence,"tenant_id,cycle_run_id",governance.cycle_run,"tenant_id,id",server/db/ddl/common/governance/05_constraints.sql,132
governance.process_attempt,"tenant_id,case_id",document.entity_case,"tenant_id,id",server/db/ddl/common/governance/05_constraints.sql,135
governance.process_attempt,"tenant_id,submission_snapshot_id",snapshot.entity_snapshot_identity,"tenant_id,id",server/db/ddl/common/governance/05_constraints.sql,136
governance.process_attempt,"tenant_id,review_pack_job_id,id,case_id,cycle_run_id,selection_id",governance.process_document_job,"tenant_id,id,attempt_id,case_id,cycle_run_id,selection_id",server/db/ddl/common/governance/05_constraints.sql,140
governance.cycle_task,"tenant_id,process_attempt_id",governance.process_attempt,"tenant_id,id",server/db/ddl/common/governance/05_constraints.sql,144
document.work_item,tenant_id,master.tenant,id,server/db/ddl/common/document/05_constraints.sql,2
document.work_item,"tenant_id, cycle_task_id",governance.cycle_task,"tenant_id, id",server/db/ddl/common/document/05_constraints.sql,4
document.work_item,"tenant_id, assignee_principal_id",master.principal,"tenant_id, id",server/db/ddl/common/document/05_constraints.sql,6
document.work_item,"tenant_id, assignee_team_id",master.team,"tenant_id, id",server/db/ddl/common/document/05_constraints.sql,8
document.work_item,"tenant_id, claimant_principal_id",master.principal,"tenant_id, id",server/db/ddl/common/document/05_constraints.sql,10
document.work_item,"tenant_id, created_by",master.principal,"tenant_id, id",server/db/ddl/common/document/05_constraints.sql,12
document.work_item,"tenant_id, updated_by",master.principal,"tenant_id, id",server/db/ddl/common/document/05_constraints.sql,14
document.work_item,"tenant_id, status_changed_by",master.principal,"tenant_id, id",server/db/ddl/common/document/05_constraints.sql,16
governance.cycle_subject,"tenant_id,entity_case_id",document.entity_case,"tenant_id,id",server/db/ddl/common/document/05_constraints.sql,19
snapshot.entity_case_snapshot_lineage,"tenant_id,entity_case_id",document.entity_case,"tenant_id,id",server/db/ddl/common/document/05_constraints.sql,21
ledger.budget_transaction,"tenant_id, project_id, budget_profile_id",document.budget_profile,"tenant_id, project_id, id",server/db/ddl/planes/neon/ledger/05_constraints.sql,4
ledger.budget_transaction,"tenant_id, budget_profile_id, budget_allocation_id",document.budget_allocation,"tenant_id, budget_profile_id, id",server/db/ddl/planes/neon/ledger/05_constraints.sql,7
ledger.budget_transaction,"tenant_id, project_id, project_wbs_id",master.project_wbs,"tenant_id, project_id, id",server/db/ddl/planes/neon/ledger/05_constraints.sql,10
ledger.budget_transaction,currency_code,shared.currency,code,server/db/ddl/planes/neon/ledger/05_constraints.sql,12
ledger.budget_transaction,"tenant_id, performed_by",master.principal,"tenant_id, id",server/db/ddl/planes/neon/ledger/05_constraints.sql,14
ledger.budget_transaction,"tenant_id, created_by",master.principal,"tenant_id, id",server/db/ddl/planes/neon/ledger/05_constraints.sql,16
ledger.budget_balance,"tenant_id, budget_allocation_id",document.budget_allocation,"tenant_id, id",server/db/ddl/planes/neon/ledger/05_constraints.sql,20
ledger.budget_balance,"tenant_id, created_by",master.principal,"tenant_id, id",server/db/ddl/planes/neon/ledger/05_constraints.sql,22
ledger.planning_run,"tenant_id, company_code_id, planning_model_id",control.planning_model,"tenant_id, company_code_id, id",server/db/ddl/planes/neon/ledger/05_constraints.sql,27
ledger.planning_run,"tenant_id, planning_model_id, planning_scenario_id",document.planning_scenario,"tenant_id, planning_model_id, id",server/db/ddl/planes/neon/ledger/05_constraints.sql,30
ledger.planning_run,"tenant_id, ledger_book_id",master.ledger_book,"tenant_id, id",server/db/ddl/planes/neon/ledger/05_constraints.sql,32
ledger.planning_run,"tenant_id, approved_by",master.principal,"tenant_id, id",server/db/ddl/planes/neon/ledger/05_constraints.sql,34
ledger.planning_run,"tenant_id, created_by",master.principal,"tenant_id, id",server/db/ddl/planes/neon/ledger/05_constraints.sql,36
ledger.planning_output,"tenant_id, planning_model_id, planning_run_id",ledger.planning_run,"tenant_id, planning_model_id, id",server/db/ddl/planes/neon/ledger/05_constraints.sql,40
ledger.planning_output,"tenant_id, planning_model_id, planning_driver_id",control.planning_driver,"tenant_id, planning_model_id, id",server/db/ddl/planes/neon/ledger/05_constraints.sql,42
ledger.planning_output,"tenant_id, ledger_book_id",master.ledger_book,"tenant_id, id",server/db/ddl/planes/neon/ledger/05_constraints.sql,44
ledger.planning_output,"tenant_id, gl_account_id",master.gl_account,"tenant_id, id",server/db/ddl/planes/neon/ledger/05_constraints.sql,46
ledger.planning_output,"tenant_id, cost_center_id",master.cost_center,"tenant_id, id",server/db/ddl/planes/neon/ledger/05_constraints.sql,48
ledger.planning_output,"tenant_id, profit_center_id",master.profit_center,"tenant_id, id",server/db/ddl/planes/neon/ledger/05_constraints.sql,50
ledger.planning_output,"tenant_id, project_id",master.project,"tenant_id, id",server/db/ddl/planes/neon/ledger/05_constraints.sql,52
ledger.planning_output,"tenant_id, project_id, project_wbs_id",master.project_wbs,"tenant_id, project_id, id",server/db/ddl/planes/neon/ledger/05_constraints.sql,54
ledger.planning_output,currency_code,shared.currency,code,server/db/ddl/planes/neon/ledger/05_constraints.sql,56
ledger.planning_output,"tenant_id, created_by",master.principal,"tenant_id, id",server/db/ddl/planes/neon/ledger/05_constraints.sql,58
ledger.book_period_status,tenant_id,master.tenant,id,server/db/ddl/planes/neon/ledger/05_constraints.sql,61
ledger.book_period_status,"tenant_id, ledger_book_id",master.ledger_book,"tenant_id, id",server/db/ddl/planes/neon/ledger/05_constraints.sql,63
ledger.book_period_status,"tenant_id, fiscal_period_id",master.fiscal_period,"tenant_id, id",server/db/ddl/planes/neon/ledger/05_constraints.sql,65
ledger.book_period_status,"tenant_id, opened_by",master.principal,"tenant_id, id",server/db/ddl/planes/neon/ledger/05_constraints.sql,67
ledger.book_period_status,"tenant_id, soft_closed_by",master.principal,"tenant_id, id",server/db/ddl/planes/neon/ledger/05_constraints.sql,69
ledger.book_period_status,"tenant_id, hard_closed_by",master.principal,"tenant_id, id",server/db/ddl/planes/neon/ledger/05_constraints.sql,71
ledger.book_period_status,"tenant_id, reopened_by",master.principal,"tenant_id, id",server/db/ddl/planes/neon/ledger/05_constraints.sql,73
ledger.book_period_status,"tenant_id, status_changed_by",master.principal,"tenant_id, id",server/db/ddl/planes/neon/ledger/05_constraints.sql,75
ledger.book_period_status,"tenant_id, created_by",master.principal,"tenant_id, id",server/db/ddl/planes/neon/ledger/05_constraints.sql,77
ledger.book_period_status,"tenant_id, updated_by",master.principal,"tenant_id, id",server/db/ddl/planes/neon/ledger/05_constraints.sql,79
ledger.gl_balance,tenant_id,master.tenant,id,server/db/ddl/planes/neon/ledger/05_constraints.sql,82
ledger.gl_balance,"tenant_id, company_code_id",master.company_code,"tenant_id, id",server/db/ddl/planes/neon/ledger/05_constraints.sql,83
ledger.gl_balance,"tenant_id, ledger_book_id",master.ledger_book,"tenant_id, id",server/db/ddl/planes/neon/ledger/05_constraints.sql,84
ledger.gl_balance,"tenant_id, fiscal_period_id",master.fiscal_period,"tenant_id, id",server/db/ddl/planes/neon/ledger/05_constraints.sql,85
ledger.gl_balance,"tenant_id, gl_account_id",master.gl_account,"tenant_id, id",server/db/ddl/planes/neon/ledger/05_constraints.sql,86
ledger.gl_balance,currency_code,shared.currency,code,server/db/ddl/planes/neon/ledger/05_constraints.sql,87
ledger.gl_balance,"tenant_id, cost_center_id",master.cost_center,"tenant_id, id",server/db/ddl/planes/neon/ledger/05_constraints.sql,88
ledger.gl_balance,"tenant_id, profit_center_id",master.profit_center,"tenant_id, id",server/db/ddl/planes/neon/ledger/05_constraints.sql,89
ledger.gl_balance,"tenant_id, project_id",master.project,"tenant_id, id",server/db/ddl/planes/neon/ledger/05_constraints.sql,90
ledger.gl_balance,"tenant_id, dimension_set_id",master.dimension_set,"tenant_id, id",server/db/ddl/planes/neon/ledger/05_constraints.sql,91
ledger.gl_balance,"tenant_id, last_journal_entry_id",document.journal_entry,"tenant_id, id",server/db/ddl/planes/neon/ledger/05_constraints.sql,92
ledger.gl_balance,"tenant_id, created_by",master.principal,"tenant_id, id",server/db/ddl/planes/neon/ledger/05_constraints.sql,93
ledger.gl_balance,"tenant_id, updated_by",master.principal,"tenant_id, id",server/db/ddl/planes/neon/ledger/05_constraints.sql,94
ledger.commitment_fulfillment,tenant_id,master.tenant,id,server/db/ddl/planes/neon/ledger/05_constraints.sql,97
ledger.commitment_fulfillment,"tenant_id, company_code_id",master.company_code,"tenant_id, id",server/db/ddl/planes/neon/ledger/05_constraints.sql,98
ledger.commitment_fulfillment,"tenant_id, commitment_id",document.commitment,"tenant_id, id",server/db/ddl/planes/neon/ledger/05_constraints.sql,99
ledger.commitment_fulfillment,"tenant_id, commitment_line_id",document.commitment_line,"tenant_id, id",server/db/ddl/planes/neon/ledger/05_constraints.sql,100
ledger.commitment_fulfillment,"tenant_id, fiscal_period_id",master.fiscal_period,"tenant_id, id",server/db/ddl/planes/neon/ledger/05_constraints.sql,101
ledger.commitment_fulfillment,uom_code,shared.uom,code,server/db/ddl/planes/neon/ledger/05_constraints.sql,102
ledger.commitment_fulfillment,currency_code,shared.currency,code,server/db/ddl/planes/neon/ledger/05_constraints.sql,103
ledger.commitment_fulfillment,base_currency_code,shared.currency,code,server/db/ddl/planes/neon/ledger/05_constraints.sql,104
ledger.commitment_fulfillment,"tenant_id, reverses_fulfillment_id",ledger.commitment_fulfillment,"tenant_id, id",server/db/ddl/planes/neon/ledger/05_constraints.sql,105
ledger.commitment_fulfillment,"tenant_id, created_by",master.principal,"tenant_id, id",server/db/ddl/planes/neon/ledger/05_constraints.sql,106
ledger.inventory_movement,tenant_id,master.tenant,id,server/db/ddl/planes/neon/ledger/05_constraints.sql,109
ledger.inventory_movement,"tenant_id, company_code_id",master.company_code,"tenant_id, id",server/db/ddl/planes/neon/ledger/05_constraints.sql,110
ledger.inventory_movement,"tenant_id, item_id",master.item,"tenant_id, id",server/db/ddl/planes/neon/ledger/05_constraints.sql,111
ledger.inventory_movement,"tenant_id, warehouse_id",master.warehouse,"tenant_id, id",server/db/ddl/planes/neon/ledger/05_constraints.sql,112
ledger.inventory_movement,"tenant_id, source_warehouse_id",master.warehouse,"tenant_id, id",server/db/ddl/planes/neon/ledger/05_constraints.sql,113
ledger.inventory_movement,"tenant_id, destination_warehouse_id",master.warehouse,"tenant_id, id",server/db/ddl/planes/neon/ledger/05_constraints.sql,114
ledger.inventory_movement,uom_code,shared.uom,code,server/db/ddl/planes/neon/ledger/05_constraints.sql,115
ledger.inventory_movement,currency_code,shared.currency,code,server/db/ddl/planes/neon/ledger/05_constraints.sql,116
ledger.inventory_movement,"tenant_id, reverses_movement_id",ledger.inventory_movement,"tenant_id, id",server/db/ddl/planes/neon/ledger/05_constraints.sql,117
ledger.inventory_movement,"tenant_id, journal_entry_id",document.journal_entry,"tenant_id, id",server/db/ddl/planes/neon/ledger/05_constraints.sql,118
ledger.inventory_movement,"tenant_id, performed_by",master.principal,"tenant_id, id",server/db/ddl/planes/neon/ledger/05_constraints.sql,119
ledger.inventory_movement,"tenant_id, created_by",master.principal,"tenant_id, id",server/db/ddl/planes/neon/ledger/05_constraints.sql,120
ledger.inventory_balance,tenant_id,master.tenant,id,server/db/ddl/planes/neon/ledger/05_constraints.sql,123
ledger.inventory_balance,"tenant_id, company_code_id",master.company_code,"tenant_id, id",server/db/ddl/planes/neon/ledger/05_constraints.sql,124
ledger.inventory_balance,"tenant_id, item_id",master.item,"tenant_id, id",server/db/ddl/planes/neon/ledger/05_constraints.sql,125
ledger.inventory_balance,"tenant_id, warehouse_id",master.warehouse,"tenant_id, id",server/db/ddl/planes/neon/ledger/05_constraints.sql,126
ledger.inventory_balance,currency_code,shared.currency,code,server/db/ddl/planes/neon/ledger/05_constraints.sql,127
ledger.inventory_balance,"tenant_id, last_movement_id",ledger.inventory_movement,"tenant_id, id",server/db/ddl/planes/neon/ledger/05_constraints.sql,128
ledger.inventory_balance,"tenant_id, created_by",master.principal,"tenant_id, id",server/db/ddl/planes/neon/ledger/05_constraints.sql,129
ledger.inventory_balance,"tenant_id, updated_by",master.principal,"tenant_id, id",server/db/ddl/planes/neon/ledger/05_constraints.sql,130
ledger.inventory_valuation_layer,tenant_id,master.tenant,id,server/db/ddl/planes/neon/ledger/05_constraints.sql,133
ledger.inventory_valuation_layer,"tenant_id, company_code_id",master.company_code,"tenant_id, id",server/db/ddl/planes/neon/ledger/05_constraints.sql,134
ledger.inventory_valuation_layer,"tenant_id, item_id",master.item,"tenant_id, id",server/db/ddl/planes/neon/ledger/05_constraints.sql,135
ledger.inventory_valuation_layer,"tenant_id, warehouse_id",master.warehouse,"tenant_id, id",server/db/ddl/planes/neon/ledger/05_constraints.sql,136
ledger.inventory_valuation_layer,"tenant_id, receipt_movement_id",ledger.inventory_movement,"tenant_id, id",server/db/ddl/planes/neon/ledger/05_constraints.sql,137
ledger.inventory_valuation_layer,"tenant_id, last_consumption_movement_id",ledger.inventory_movement,"tenant_id, id",server/db/ddl/planes/neon/ledger/05_constraints.sql,138
ledger.inventory_valuation_layer,currency_code,shared.currency,code,server/db/ddl/planes/neon/ledger/05_constraints.sql,139
ledger.inventory_valuation_layer,"tenant_id, created_by",master.principal,"tenant_id, id",server/db/ddl/planes/neon/ledger/05_constraints.sql,140
ledger.inventory_valuation_layer,"tenant_id, updated_by",master.principal,"tenant_id, id",server/db/ddl/planes/neon/ledger/05_constraints.sql,141
ledger.tax_calculation,tenant_id,master.tenant,id,server/db/ddl/planes/neon/ledger/05_constraints.sql,144
ledger.tax_calculation,"tenant_id, company_code_id",master.company_code,"tenant_id, id",server/db/ddl/planes/neon/ledger/05_constraints.sql,145
ledger.tax_calculation,"tenant_id, ledger_book_id",master.ledger_book,"tenant_id, id",server/db/ddl/planes/neon/ledger/05_constraints.sql,146
ledger.tax_calculation,"tenant_id, fiscal_period_id",master.fiscal_period,"tenant_id, id",server/db/ddl/planes/neon/ledger/05_constraints.sql,147
ledger.tax_calculation,"tenant_id, jurisdiction_id",master.tax_jurisdiction,"tenant_id, id",server/db/ddl/planes/neon/ledger/05_constraints.sql,148
ledger.tax_calculation,"tenant_id, tax_type_id",master.tax_type,"tenant_id, id",server/db/ddl/planes/neon/ledger/05_constraints.sql,149
ledger.tax_calculation,"tenant_id, tax_group_id",control.tax_group,"tenant_id, id",server/db/ddl/planes/neon/ledger/05_constraints.sql,150
ledger.tax_calculation,"tenant_id, tax_rate_schedule_id",control.tax_rate_schedule,"tenant_id, id",server/db/ddl/planes/neon/ledger/05_constraints.sql,151
ledger.tax_calculation,currency_code,shared.currency,code,server/db/ddl/planes/neon/ledger/05_constraints.sql,152
ledger.tax_calculation,"tenant_id, journal_entry_id",document.journal_entry,"tenant_id, id",server/db/ddl/planes/neon/ledger/05_constraints.sql,153
ledger.tax_calculation,"tenant_id, journal_line_id",document.journal_line,"tenant_id, id",server/db/ddl/planes/neon/ledger/05_constraints.sql,154
ledger.tax_calculation,"tenant_id, reverses_calculation_id",ledger.tax_calculation,"tenant_id, id",server/db/ddl/planes/neon/ledger/05_constraints.sql,155
ledger.tax_calculation,"tenant_id, posted_by",master.principal,"tenant_id, id",server/db/ddl/planes/neon/ledger/05_constraints.sql,156
ledger.tax_calculation,"tenant_id, created_by",master.principal,"tenant_id, id",server/db/ddl/planes/neon/ledger/05_constraints.sql,157
ledger.tax_credit_movement,tenant_id,master.tenant,id,server/db/ddl/planes/neon/ledger/05_constraints.sql,160
ledger.tax_credit_movement,"tenant_id, company_code_id",master.company_code,"tenant_id, id",server/db/ddl/planes/neon/ledger/05_constraints.sql,161
ledger.tax_credit_movement,"tenant_id, ledger_book_id",master.ledger_book,"tenant_id, id",server/db/ddl/planes/neon/ledger/05_constraints.sql,162
ledger.tax_credit_movement,"tenant_id, fiscal_period_id",master.fiscal_period,"tenant_id, id",server/db/ddl/planes/neon/ledger/05_constraints.sql,163
ledger.tax_credit_movement,"tenant_id, jurisdiction_id",master.tax_jurisdiction,"tenant_id, id",server/db/ddl/planes/neon/ledger/05_constraints.sql,164
ledger.tax_credit_movement,"tenant_id, tax_type_id",master.tax_type,"tenant_id, id",server/db/ddl/planes/neon/ledger/05_constraints.sql,165
ledger.tax_credit_movement,currency_code,shared.currency,code,server/db/ddl/planes/neon/ledger/05_constraints.sql,166
ledger.tax_credit_movement,"tenant_id, source_tax_calculation_id",ledger.tax_calculation,"tenant_id, id",server/db/ddl/planes/neon/ledger/05_constraints.sql,167
ledger.tax_credit_movement,"tenant_id, reverses_movement_id",ledger.tax_credit_movement,"tenant_id, id",server/db/ddl/planes/neon/ledger/05_constraints.sql,168
ledger.tax_credit_movement,"tenant_id, created_by",master.principal,"tenant_id, id",server/db/ddl/planes/neon/ledger/05_constraints.sql,169
ledger.asset_revaluation_reserve,tenant_id,master.tenant,id,server/db/ddl/planes/neon/ledger/05_constraints.sql,172
ledger.asset_revaluation_reserve,"tenant_id, company_code_id",master.company_code,"tenant_id, id",server/db/ddl/planes/neon/ledger/05_constraints.sql,173
ledger.asset_revaluation_reserve,"tenant_id, ledger_book_id",master.ledger_book,"tenant_id, id",server/db/ddl/planes/neon/ledger/05_constraints.sql,174
ledger.asset_revaluation_reserve,"tenant_id, fiscal_period_id",master.fiscal_period,"tenant_id, id",server/db/ddl/planes/neon/ledger/05_constraints.sql,175
ledger.asset_revaluation_reserve,"tenant_id, asset_id",master.asset,"tenant_id, id",server/db/ddl/planes/neon/ledger/05_constraints.sql,176
ledger.asset_revaluation_reserve,"tenant_id, asset_book_id",master.asset_book,"tenant_id, id",server/db/ddl/planes/neon/ledger/05_constraints.sql,177
ledger.asset_revaluation_reserve,currency_code,shared.currency,code,server/db/ddl/planes/neon/ledger/05_constraints.sql,178
ledger.asset_revaluation_reserve,"tenant_id, journal_entry_id",document.journal_entry,"tenant_id, id",server/db/ddl/planes/neon/ledger/05_constraints.sql,179
ledger.asset_revaluation_reserve,"tenant_id, reverses_reserve_id",ledger.asset_revaluation_reserve,"tenant_id, id",server/db/ddl/planes/neon/ledger/05_constraints.sql,180
ledger.asset_revaluation_reserve,"tenant_id, posted_by",master.principal,"tenant_id, id",server/db/ddl/planes/neon/ledger/05_constraints.sql,181
ledger.asset_revaluation_reserve,"tenant_id, created_by",master.principal,"tenant_id, id",server/db/ddl/planes/neon/ledger/05_constraints.sql,182
ledger.fx_revaluation_line,tenant_id,master.tenant,id,server/db/ddl/planes/neon/ledger/05_constraints.sql,185
ledger.fx_revaluation_line,"tenant_id, company_code_id",master.company_code,"tenant_id, id",server/db/ddl/planes/neon/ledger/05_constraints.sql,186
ledger.fx_revaluation_line,"tenant_id, ledger_book_id",master.ledger_book,"tenant_id, id",server/db/ddl/planes/neon/ledger/05_constraints.sql,187
ledger.fx_revaluation_line,"tenant_id, fiscal_period_id",master.fiscal_period,"tenant_id, id",server/db/ddl/planes/neon/ledger/05_constraints.sql,188
ledger.fx_revaluation_line,"tenant_id, gl_account_id",master.gl_account,"tenant_id, id",server/db/ddl/planes/neon/ledger/05_constraints.sql,189
ledger.fx_revaluation_line,transaction_currency_code,shared.currency,code,server/db/ddl/planes/neon/ledger/05_constraints.sql,190
ledger.fx_revaluation_line,functional_currency_code,shared.currency,code,server/db/ddl/planes/neon/ledger/05_constraints.sql,191
ledger.fx_revaluation_line,"tenant_id, business_partner_id",master.business_partner,"tenant_id, id",server/db/ddl/planes/neon/ledger/05_constraints.sql,192
ledger.fx_revaluation_line,"tenant_id, cost_center_id",master.cost_center,"tenant_id, id",server/db/ddl/planes/neon/ledger/05_constraints.sql,193
ledger.fx_revaluation_line,"tenant_id, profit_center_id",master.profit_center,"tenant_id, id",server/db/ddl/planes/neon/ledger/05_constraints.sql,194
ledger.fx_revaluation_line,"tenant_id, project_id",master.project,"tenant_id, id",server/db/ddl/planes/neon/ledger/05_constraints.sql,195
ledger.fx_revaluation_line,"tenant_id, dimension_set_id",master.dimension_set,"tenant_id, id",server/db/ddl/planes/neon/ledger/05_constraints.sql,196
ledger.fx_revaluation_line,"tenant_id, journal_entry_id",document.journal_entry,"tenant_id, id",server/db/ddl/planes/neon/ledger/05_constraints.sql,197
ledger.fx_revaluation_line,"tenant_id, created_by",master.principal,"tenant_id, id",server/db/ddl/planes/neon/ledger/05_constraints.sql,198
ledger.ic_elimination_line,tenant_id,master.tenant,id,server/db/ddl/planes/neon/ledger/05_constraints.sql,201
ledger.ic_elimination_line,"tenant_id, consolidation_company_id",master.company_code,"tenant_id, id",server/db/ddl/planes/neon/ledger/05_constraints.sql,202
ledger.ic_elimination_line,"tenant_id, source_company_code_id",master.company_code,"tenant_id, id",server/db/ddl/planes/neon/ledger/05_constraints.sql,203
ledger.ic_elimination_line,"tenant_id, counterparty_company_code_id",master.company_code,"tenant_id, id",server/db/ddl/planes/neon/ledger/05_constraints.sql,204
ledger.ic_elimination_line,"tenant_id, ledger_book_id",master.ledger_book,"tenant_id, id",server/db/ddl/planes/neon/ledger/05_constraints.sql,205
ledger.ic_elimination_line,"tenant_id, fiscal_period_id",master.fiscal_period,"tenant_id, id",server/db/ddl/planes/neon/ledger/05_constraints.sql,206
ledger.ic_elimination_line,"tenant_id, gl_account_id",master.gl_account,"tenant_id, id",server/db/ddl/planes/neon/ledger/05_constraints.sql,207
ledger.ic_elimination_line,currency_code,shared.currency,code,server/db/ddl/planes/neon/ledger/05_constraints.sql,208
ledger.ic_elimination_line,functional_currency_code,shared.currency,code,server/db/ddl/planes/neon/ledger/05_constraints.sql,209
ledger.ic_elimination_line,"tenant_id, cost_center_id",master.cost_center,"tenant_id, id",server/db/ddl/planes/neon/ledger/05_constraints.sql,210
ledger.ic_elimination_line,"tenant_id, profit_center_id",master.profit_center,"tenant_id, id",server/db/ddl/planes/neon/ledger/05_constraints.sql,211
ledger.ic_elimination_line,"tenant_id, project_id",master.project,"tenant_id, id",server/db/ddl/planes/neon/ledger/05_constraints.sql,212
ledger.ic_elimination_line,"tenant_id, site_id",master.site,"tenant_id, id",server/db/ddl/planes/neon/ledger/05_constraints.sql,213
ledger.ic_elimination_line,"tenant_id, dimension_set_id",master.dimension_set,"tenant_id, id",server/db/ddl/planes/neon/ledger/05_constraints.sql,214
ledger.ic_elimination_line,"tenant_id, journal_entry_id",document.journal_entry,"tenant_id, id",server/db/ddl/planes/neon/ledger/05_constraints.sql,215
ledger.ic_elimination_line,"tenant_id, created_by",master.principal,"tenant_id, id",server/db/ddl/planes/neon/ledger/05_constraints.sql,216
ledger.cross_book_posting_execution,tenant_id,master.tenant,id,server/db/ddl/planes/neon/ledger/05_constraints.sql,219
ledger.cross_book_posting_execution,"tenant_id, company_code_id",master.company_code,"tenant_id, id",server/db/ddl/planes/neon/ledger/05_constraints.sql,221
ledger.cross_book_posting_execution,"tenant_id, source_journal_entry_id",document.journal_entry,"tenant_id, id",server/db/ddl/planes/neon/ledger/05_constraints.sql,223
ledger.cross_book_posting_execution,"tenant_id, cross_book_posting_policy_id",control.cross_book_posting_policy,"tenant_id, id",server/db/ddl/planes/neon/ledger/05_constraints.sql,225
ledger.cross_book_posting_execution,"tenant_id, target_journal_entry_id",document.journal_entry,"tenant_id, id",server/db/ddl/planes/neon/ledger/05_constraints.sql,227
ledger.cross_book_posting_execution,"tenant_id, status_changed_by",master.principal,"tenant_id, id",server/db/ddl/planes/neon/ledger/05_constraints.sql,229
ledger.cross_book_posting_execution,"tenant_id, created_by",master.principal,"tenant_id, id",server/db/ddl/planes/neon/ledger/05_constraints.sql,231
ledger.cross_book_posting_execution,"tenant_id, updated_by",master.principal,"tenant_id, id",server/db/ddl/planes/neon/ledger/05_constraints.sql,233
ai.ai_feedback_log,"tenant_id, target_id, atlas_response_plane, atlas_response_message_id, submitted_by",ai.atlas_run,"tenant_id, id, plane, output_message_id, principal_id",server/db/ddl/common/ai/05_constraints.sql,874
ai.atlas_learning_candidate,"tenant_id,feedback_id,submitted_by",ai.ai_feedback_log,"tenant_id,id,submitted_by",server/db/ddl/common/ai/05_constraints.sql,884
master.operating_organization_capability,"tenant_id,operating_organization_id",master.operating_organization,"tenant_id,id",server/db/ddl/planes/neon/master/16_operating_organization_model.sql,78
master.operating_organization_capability,tenant_id,master.tenant,id,server/db/ddl/planes/neon/master/16_operating_organization_model.sql,80
master.operating_organization_capability,"tenant_id,created_by",master.principal,"tenant_id,id",server/db/ddl/planes/neon/master/16_operating_organization_model.sql,82
master.operating_organization_capability,"tenant_id,status_changed_by",master.principal,"tenant_id,id",server/db/ddl/planes/neon/master/16_operating_organization_model.sql,84
master.operating_organization_capability,"tenant_id,updated_by",master.principal,"tenant_id,id",server/db/ddl/planes/neon/master/16_operating_organization_model.sql,86
document.business_partner_invitation,"tenant_id,entity_case_id",document.entity_case,"tenant_id,id",server/db/ddl/planes/neon/document/07_functions.sql,5426
document.business_partner_invitation_recovery,"tenant_id,entity_case_id",document.entity_case,"tenant_id,id",server/db/ddl/planes/neon/document/07_functions.sql,5430
document.mesh_business_partner_acceptance_event,"tenant_id,entity_case_id",document.entity_case,"tenant_id,id",server/db/ddl/planes/neon/document/07_functions.sql,5437
control.lookup_revision,inline reference; inspect source,control.lookup_domain,code,server/db/ddl/common/control/14_admin_integrations.sql,20
control.lookup_tenant_revision,inline reference; inspect source,control.lookup_domain,code,server/db/ddl/common/control/14_admin_integrations.sql,21
control.lookup_publication_receipt,"domain_code,version",control.lookup_revision,"domain_code,version",server/db/ddl/common/control/14_admin_integrations.sql,22
control.lookup_value_reference,inline reference; inspect source,control.lookup_value,id,server/db/ddl/common/control/14_admin_integrations.sql,24
control.connector_health_job,"tenant_id,connector_id",control.connector_instance,"tenant_id,id",server/db/ddl/common/control/14_admin_integrations.sql,84
master.bank_account_usage,"tenant_id,bank_account_link_id",master.bank_account_link,"tenant_id,id",server/db/ddl/planes/neon/master/15_bank_account_company_usage.sql,8
master.bank_account_company_usage,"tenant_id,accepted_by",master.principal,"tenant_id,id",server/db/ddl/planes/neon/master/15_bank_account_company_usage.sql,30
master.bank_account_company_usage,"tenant_id,bank_account_link_id",master.bank_account_usage,"tenant_id,bank_account_link_id",server/db/ddl/planes/neon/master/15_bank_account_company_usage.sql,31
master.bank_account_company_usage,"tenant_id,company_code_id",master.company_code,"tenant_id,id",server/db/ddl/planes/neon/master/15_bank_account_company_usage.sql,32
document.process_task_information,"tenant_id,case_id",document.entity_case,"tenant_id,id",server/db/ddl/planes/neon/document/07_task_interactions.sql,19
document.process_task_information,"tenant_id,attempt_id",governance.process_attempt,"tenant_id,id",server/db/ddl/planes/neon/document/07_task_interactions.sql,20
document.process_task_information,"tenant_id,work_item_id",document.work_item,"tenant_id,id",server/db/ddl/planes/neon/document/07_task_interactions.sql,21
document.process_task_information,"tenant_id,source_information_id",document.process_task_information,"tenant_id,id",server/db/ddl/planes/neon/document/07_task_interactions.sql,22
document.process_task_interaction_receipt,"tenant_id,case_id",document.entity_case,"tenant_id,id",server/db/ddl/planes/neon/document/07_task_interactions.sql,43
document.process_task_assignment_history,"tenant_id,case_id",document.entity_case,"tenant_id,id",server/db/ddl/planes/neon/document/07_task_interactions.sql,175
document.process_task_assignment_history,"tenant_id,attempt_id",governance.process_attempt,"tenant_id,id",server/db/ddl/planes/neon/document/07_task_interactions.sql,176
document.process_task_assignment_history,"tenant_id,previous_work_item_id",document.work_item,"tenant_id,id",server/db/ddl/planes/neon/document/07_task_interactions.sql,177
document.process_task_assignment_history,"tenant_id,replacement_work_item_id",document.work_item,"tenant_id,id",server/db/ddl/planes/neon/document/07_task_interactions.sql,178
document.process_case_contributor,"tenant_id,case_id",document.entity_case,"tenant_id,id",server/db/ddl/planes/neon/document/07_task_interactions.sql,307
document.process_case_contributor,"tenant_id,source_attempt_id",governance.process_attempt,"tenant_id,id",server/db/ddl/planes/neon/document/07_task_interactions.sql,308
document.process_case_contributor,"tenant_id,principal_id",master.principal,"tenant_id,id",server/db/ddl/planes/neon/document/07_task_interactions.sql,309
control.process_task_rule_proposal,inline reference; inspect source,control.policy_definition,id,server/db/ddl/common/control/17_process_task_rule_publication.sql,4
control.process_task_rule_proposal,inline reference; inspect source,control.process_selection_publication,id,server/db/ddl/common/control/17_process_task_rule_publication.sql,5
control.process_task_rule_release,inline reference; inspect source,control.process_task_rule_proposal,policy_definition_id,server/db/ddl/common/control/17_process_task_rule_publication.sql,12
control.process_task_rule_release,inline reference; inspect source,control.process_selection_publication,id,server/db/ddl/common/control/17_process_task_rule_publication.sql,13
control.process_task_rule_release,"tenant_id,expected_release_id",control.process_task_rule_release,"tenant_id,id",server/db/ddl/common/control/17_process_task_rule_publication.sql,18
control.process_task_rule_release,"tenant_id,policy_definition_id",control.process_task_rule_proposal,"tenant_id,policy_definition_id",server/db/ddl/common/control/17_process_task_rule_publication.sql,19
control.process_task_rule_proposal,"tenant_id,expected_release_id",control.process_task_rule_release,"tenant_id,id",server/db/ddl/common/control/17_process_task_rule_publication.sql,23
master.business_partner,inline reference; inspect source,control.lookup_value,id,server/db/ddl/planes/neon/master/18_business_partner_business_profile.sql,4
master.business_partner,inline reference; inspect source,control.lookup_value,id,server/db/ddl/planes/neon/master/18_business_partner_business_profile.sql,5
document.comment_revision,tenant_id,master.tenant,id,server/db/ddl/common/document/12_collaboration_integrity.sql,3
document.comment_revision,"tenant_id,comment_id",document.comment,"tenant_id,id",server/db/ddl/common/document/12_collaboration_integrity.sql,4
document.comment_revision,"tenant_id,created_by",master.principal,"tenant_id,id",server/db/ddl/common/document/12_collaboration_integrity.sql,5
document.attachment,"tenant_id,draft_id",document.comment_draft,"tenant_id,id",server/db/ddl/common/document/12_collaboration_integrity.sql,65
