table,schema,requested_schema,family,primary_work_package,related_work_packages,planned_disposition,required_outcome,validation_scenarios,status,ddl_file,create_line,source_lifecycle,drop_source,authored_core_evidence,active_release_verification
public.schema_provisions,public,false,Adjacent domain or infrastructure,BP2-00,,Deferred/adjacent; no new BP surface,No direct BP app entity recommended; retain owning domain. Review a concrete field/workflow dependency before expansion.,V01,Deferred new UI; verify boundary,server/db/ddl/common/_database/02_schema_provisions.sql,5,CREATE with no later DROP TABLE found,,,Required where exposed; not verified by source inventory
shared.country,shared,true,Geography,BP2-01,BP2-02,Reference entity/lookup,Reference entity/lookup; country-dependent state selector; preserve natural code values and country validation,V02; V03; V04,Planned,server/db/ddl/common/shared/03_tables.sql,11,CREATE with no later DROP TABLE found,,metadata/products/mdg/entities/country/core.json,Required where exposed; not verified by source inventory
shared.currency,shared,true,Commercial reference,BP2-01,BP2-07; BP2-08; BP2-09; BP2-11,Reference entity/lookup,Reuse existing currency reference reader; verify compiled core/publication coverage before proposing a new entity,V02; V04; V12,Planned,server/db/ddl/common/shared/03_tables.sql,117,CREATE with no later DROP TABLE found,,,Required where exposed; not verified by source inventory
shared.language,shared,true,Language and regional reference,BP2-01,BP2-04,Reference entity/lookup,Reference lookup where a real field consumes it; locale enablement stays governed; no localization implementation in this review,V02; V04,Planned,server/db/ddl/common/shared/03_tables.sql,160,CREATE with no later DROP TABLE found,,,Required where exposed; not verified by source inventory
shared.locale,shared,true,Language and regional reference,BP2-01,BP2-04,Reference entity/lookup,Reference lookup where a real field consumes it; locale enablement stays governed; no localization implementation in this review,V02; V04,Planned,server/db/ddl/common/shared/03_tables.sql,203,CREATE with no later DROP TABLE found,,,Required where exposed; not verified by source inventory
shared.timezone,shared,true,Language and regional reference,BP2-01,BP2-04,Reference entity/lookup,Reference lookup where a real field consumes it; locale enablement stays governed; no localization implementation in this review,V02; V04,Planned,server/db/ddl/common/shared/03_tables.sql,247,CREATE with no later DROP TABLE found,,,Required where exposed; not verified by source inventory
shared.uom,shared,true,Commercial reference,BP2-01,BP2-07; BP2-08; BP2-09; BP2-11,Reference entity/lookup,Reference lookup for actual uom_code fields; workforce billing units are a separate constrained vocabulary,V02; V04; V12,Planned,server/db/ddl/common/shared/03_tables.sql,296,CREATE with no later DROP TABLE found,,,Required where exposed; not verified by source inventory
shared.state_region,shared,true,Geography,BP2-01,BP2-02,Reference entity/lookup,Reference entity/lookup; country-dependent state selector; preserve natural code values and country validation,V02; V03; V04,Planned,server/db/ddl/common/shared/03_tables.sql,336,CREATE with no later DROP TABLE found,,,Required where exposed; not verified by source inventory
shared.classification_scheme,shared,true,Classification reference,BP2-05,BP2-01,Reference entity/related mapping,"Scheme/version-aware code lookup; crosswalks are subordinate mapping collections, not automatic remapping commands",V02; V04; V07,Planned,server/db/ddl/common/shared/03_tables.sql,378,CREATE with no later DROP TABLE found,,,Required where exposed; not verified by source inventory
shared.commodity_code,shared,true,Classification reference,BP2-05,BP2-01,Reference entity/related mapping,"Scheme/version-aware code lookup; crosswalks are subordinate mapping collections, not automatic remapping commands",V02; V04; V07,Planned,server/db/ddl/common/shared/03_tables.sql,417,CREATE with no later DROP TABLE found,,,Required where exposed; not verified by source inventory
shared.industry_code,shared,true,Classification reference,BP2-05,BP2-01,Reference entity/related mapping,"Scheme/version-aware code lookup; crosswalks are subordinate mapping collections, not automatic remapping commands",V02; V04; V07,Planned,server/db/ddl/common/shared/03_tables.sql,471,CREATE with no later DROP TABLE found,,,Required where exposed; not verified by source inventory
shared.commodity_crosswalk,shared,true,Classification reference,BP2-05,BP2-01,Reference entity/related mapping,"Scheme/version-aware code lookup; crosswalks are subordinate mapping collections, not automatic remapping commands",V02; V04; V07,Planned,server/db/ddl/common/shared/03_tables.sql,534,CREATE with no later DROP TABLE found,,,Required where exposed; not verified by source inventory
shared.industry_crosswalk,shared,true,Classification reference,BP2-05,BP2-01,Reference entity/related mapping,"Scheme/version-aware code lookup; crosswalks are subordinate mapping collections, not automatic remapping commands",V02; V04; V07,Planned,server/db/ddl/common/shared/03_tables.sql,605,CREATE with no later DROP TABLE found,,,Required where exposed; not verified by source inventory
shared.bank_institution,shared,true,Bank directory,BP2-09,BP2-01,Reference entity/child lookup,Read-only bank directory entities; institution-dependent branch/identifier lookup; retain source authority,V02; V04; V09,Planned,server/db/ddl/common/shared/03_bank_master.sql,13,CREATE with no later DROP TABLE found,,,Required where exposed; not verified by source inventory
shared.bank_branch,shared,true,Bank directory,BP2-09,BP2-01,Reference entity/child lookup,Read-only bank directory entities; institution-dependent branch/identifier lookup; retain source authority,V02; V04; V09,Planned,server/db/ddl/common/shared/03_bank_master.sql,44,CREATE with no later DROP TABLE found,,,Required where exposed; not verified by source inventory
shared.bank_identifier,shared,true,Bank directory,BP2-09,BP2-01,Reference entity/child lookup,Read-only bank directory entities; institution-dependent branch/identifier lookup; retain source authority,V02; V04; V09,Planned,server/db/ddl/common/shared/03_bank_master.sql,77,CREATE with no later DROP TABLE found,,,Required where exposed; not verified by source inventory
master.tenant,master,true,Platform identity/context dependencies,BF-01,BP2-06,Retained platform dependency,Retain platform scope/profile authority; not Business Partner sections,V05; V06; V18,Verify existing dependency,server/db/ddl/common/master/03_platform_tables.sql,5,CREATE with no later DROP TABLE found,,,Required where exposed; not verified by source inventory
master.tenant_profile,master,true,Platform identity/context dependencies,BF-01,BP2-06,Retained platform dependency,Retain platform scope/profile authority; not Business Partner sections,V05; V06; V18,Verify existing dependency,server/db/ddl/common/master/03_platform_tables.sql,55,CREATE with no later DROP TABLE found,,,Required where exposed; not verified by source inventory
master.tenant_relationship,master,true,Adjacent domain or infrastructure,BP2-00,,Deferred/adjacent; no new BP surface,No direct BP app entity recommended; retain owning domain. Review a concrete field/workflow dependency before expansion.,V01,Deferred new UI; verify boundary,server/db/ddl/common/master/03_platform_tables.sql,136,CREATE with no later DROP TABLE found,,,Required where exposed; not verified by source inventory
master.workspace,master,true,Adjacent domain or infrastructure,BP2-00,,Deferred/adjacent; no new BP surface,No direct BP app entity recommended; retain owning domain. Review a concrete field/workflow dependency before expansion.,V01,Deferred new UI; verify boundary,server/db/ddl/common/master/03_platform_tables.sql,199,CREATE with no later DROP TABLE found,,,Required where exposed; not verified by source inventory
master.module,master,true,Adjacent domain or infrastructure,BP2-00,,Deferred/adjacent; no new BP surface,No direct BP app entity recommended; retain owning domain. Review a concrete field/workflow dependency before expansion.,V01,Deferred new UI; verify boundary,server/db/ddl/common/master/03_platform_tables.sql,235,CREATE with no later DROP TABLE found,,,Required where exposed; not verified by source inventory
master.address,master,true,Address and contact graph,BP2-02,BP2-01,Parent-owned collection/reference,"Link-aware related sections and child lookup metadata; preserve owner registry, tenant boundaries and contact verification",V02; V03; V04; V05,Planned,server/db/ddl/common/master/03_platform_tables.sql,273,CREATE with no later DROP TABLE found,,metadata/products/mdg/entities/address/core.json,Required where exposed; not verified by source inventory
master.address_link,master,true,Address and contact graph,BP2-02,BP2-01,Parent-owned collection/reference,"Link-aware related sections and child lookup metadata; preserve owner registry, tenant boundaries and contact verification",V02; V03; V04; V05,Planned,server/db/ddl/common/master/03_platform_tables.sql,385,CREATE with no later DROP TABLE found,,metadata/products/mdg/entities/address_link/core.json,Required where exposed; not verified by source inventory
master.address_event,master,true,Address history,BP2-02,BP2-10,Read-only history,Read-only validation/history timeline; no generic create/update/delete,V05; V11; V17,Planned,server/db/ddl/common/master/03_platform_tables.sql,443,CREATE with no later DROP TABLE found,,,Required where exposed; not verified by source inventory
master.contact_link,master,true,Address and contact graph,BP2-03,BP2-01,Parent-owned collection/reference,"Link-aware related sections and child lookup metadata; preserve owner registry, tenant boundaries and contact verification",V02; V05,Planned,server/db/ddl/common/master/03_platform_tables.sql,492,CREATE with no later DROP TABLE found,,,Required where exposed; not verified by source inventory
master.contact_email,master,true,Address and contact graph,BP2-03,BP2-01,Parent-owned collection/reference,"Link-aware related sections and child lookup metadata; preserve owner registry, tenant boundaries and contact verification",V02; V05,Planned,server/db/ddl/common/master/03_platform_tables.sql,558,CREATE with no later DROP TABLE found,,,Required where exposed; not verified by source inventory
master.contact_phone,master,true,Address and contact graph,BP2-03,BP2-01,Parent-owned collection/reference,"Link-aware related sections and child lookup metadata; preserve owner registry, tenant boundaries and contact verification",V02; V05,Planned,server/db/ddl/common/master/03_platform_tables.sql,604,CREATE with no later DROP TABLE found,,,Required where exposed; not verified by source inventory
master.principal,master,true,Platform identity/context dependencies,BF-01,BP2-06,Retained platform dependency,Retain platform scope/profile authority; not Business Partner sections,V05; V06; V18,Verify existing dependency,server/db/ddl/common/master/03_platform_tables.sql,636,CREATE with no later DROP TABLE found,,,Required where exposed; not verified by source inventory
master.principal_profile,master,true,Platform identity/context dependencies,BF-01,BP2-06,Retained platform dependency,Retain platform scope/profile authority; not Business Partner sections,V05; V06; V18,Verify existing dependency,server/db/ddl/common/master/03_platform_tables.sql,685,CREATE with no later DROP TABLE found,,,Required where exposed; not verified by source inventory
master.principal_identity_binding,master,true,Platform identity/context dependencies,BF-01,BP2-06,Retained platform dependency,Retain platform scope/profile authority; not Business Partner sections,V05; V06; V18,Verify existing dependency,server/db/ddl/common/master/03_platform_tables.sql,731,CREATE with no later DROP TABLE found,,,Required where exposed; not verified by source inventory
master.principal_ui_profile,master,true,Platform identity/context dependencies,BF-01,BP2-06,Retained platform dependency,Retain platform scope/profile authority; not Business Partner sections,V05; V06; V18,Verify existing dependency,server/db/ddl/common/master/03_platform_tables.sql,812,CREATE with no later DROP TABLE found,,,Required where exposed; not verified by source inventory
master.principal_ui_preference,master,true,Adjacent domain or infrastructure,BP2-00,,Deferred/adjacent; no new BP surface,No direct BP app entity recommended; retain owning domain. Review a concrete field/workflow dependency before expansion.,V01,Deferred new UI; verify boundary,server/db/ddl/common/master/03_platform_tables.sql,854,CREATE with no later DROP TABLE found,,,Required where exposed; not verified by source inventory
master.principal_notification_preference,master,true,Adjacent domain or infrastructure,BP2-00,,Deferred/adjacent; no new BP surface,No direct BP app entity recommended; retain owning domain. Review a concrete field/workflow dependency before expansion.,V01,Deferred new UI; verify boundary,server/db/ddl/common/master/03_platform_tables.sql,887,CREATE with no later DROP TABLE found,,,Required where exposed; not verified by source inventory
master.saved_view,master,true,Shared experience dependencies,BF-02,BP2-01,Retained shared experience dependency,Reuse shared record/lookup facilities; no new BP-specific copies,V02; V05,Verify existing dependency,server/db/ddl/common/master/03_platform_tables.sql,921,CREATE with no later DROP TABLE found,,,Required where exposed; not verified by source inventory
master.record_bookmark,master,true,Shared experience dependencies,BF-02,BP2-01,Retained shared experience dependency,Reuse shared record/lookup facilities; no new BP-specific copies,V02; V05,Verify existing dependency,server/db/ddl/common/master/03_platform_tables.sql,984,CREATE with no later DROP TABLE found,,,Required where exposed; not verified by source inventory
master.external_reference,master,true,Shared experience dependencies,BF-02,BP2-01,Retained shared experience dependency,Reuse shared record/lookup facilities; no new BP-specific copies,V02; V05,Verify existing dependency,server/db/ddl/common/master/03_platform_tables.sql,1012,CREATE with no later DROP TABLE found,,,Required where exposed; not verified by source inventory
master.team,master,true,Adjacent domain or infrastructure,BP2-00,,Deferred/adjacent; no new BP surface,No direct BP app entity recommended; retain owning domain. Review a concrete field/workflow dependency before expansion.,V01,Deferred new UI; verify boundary,server/db/ddl/common/master/03_platform_tables.sql,1066,CREATE with no later DROP TABLE found,,,Required where exposed; not verified by source inventory
master.team_member,master,true,Adjacent domain or infrastructure,BP2-00,,Deferred/adjacent; no new BP surface,No direct BP app entity recommended; retain owning domain. Review a concrete field/workflow dependency before expansion.,V01,Deferred new UI; verify boundary,server/db/ddl/common/master/03_platform_tables.sql,1111,CREATE with no later DROP TABLE found,,,Required where exposed; not verified by source inventory
master.brand_profile,master,true,Adjacent domain or infrastructure,BP2-00,,Deferred/adjacent; no new BP surface,No direct BP app entity recommended; retain owning domain. Review a concrete field/workflow dependency before expansion.,V01,Deferred new UI; verify boundary,server/db/ddl/common/master/03_platform_tables.sql,1146,CREATE with no later DROP TABLE found,,,Required where exposed; not verified by source inventory
master.letterhead,master,true,Adjacent domain or infrastructure,BP2-00,,Deferred/adjacent; no new BP surface,No direct BP app entity recommended; retain owning domain. Review a concrete field/workflow dependency before expansion.,V01,Deferred new UI; verify boundary,server/db/ddl/common/master/03_platform_tables.sql,1180,CREATE with no later DROP TABLE found,,,Required where exposed; not verified by source inventory
master.print_profile,master,true,Adjacent domain or infrastructure,BP2-00,,Deferred/adjacent; no new BP surface,No direct BP app entity recommended; retain owning domain. Review a concrete field/workflow dependency before expansion.,V01,Deferred new UI; verify boundary,server/db/ddl/common/master/03_platform_tables.sql,1225,CREATE with no later DROP TABLE found,,,Required where exposed; not verified by source inventory
master.template,master,true,Adjacent domain or infrastructure,BP2-00,,Deferred/adjacent; no new BP surface,No direct BP app entity recommended; retain owning domain. Review a concrete field/workflow dependency before expansion.,V01,Deferred new UI; verify boundary,server/db/ddl/common/master/03_platform_tables.sql,1258,CREATE with no later DROP TABLE found,,,Required where exposed; not verified by source inventory
master.template_binding,master,true,Adjacent domain or infrastructure,BP2-00,,Deferred/adjacent; no new BP surface,No direct BP app entity recommended; retain owning domain. Review a concrete field/workflow dependency before expansion.,V01,Deferred new UI; verify boundary,server/db/ddl/common/master/03_platform_tables.sql,1292,CREATE with no later DROP TABLE found,,,Required where exposed; not verified by source inventory
master.legal_entity,master,true,Organization reference dependencies,BP2-06,BP2-01,Retained dependency/authorized lookup,Authorized context/lookups reused by BP; do not copy organization management into partner CRUD,V02; V06,Verify existing dependency,server/db/ddl/planes/neon/master/03_tables.sql,6,CREATE with no later DROP TABLE found,,,Required where exposed; not verified by source inventory
master.company_code,master,true,Organization reference dependencies,BP2-06,BP2-01,Retained dependency/authorized lookup,Authorized context/lookups reused by BP; do not copy organization management into partner CRUD,V02; V06,Verify existing dependency,server/db/ddl/planes/neon/master/03_tables.sql,71,CREATE with no later DROP TABLE found,,,Required where exposed; not verified by source inventory
master.tax_jurisdiction,master,true,Identifiers and tax,BP2-04,BP2-01,Entity collection/reference dependency,Partner identifier/tax collections with jurisdiction/type lookups; organizational registrations stay organization-owned,V02; V05; V10,Planned,server/db/ddl/planes/neon/master/03_tables.sql,115,CREATE with no later DROP TABLE found,,,Required where exposed; not verified by source inventory
master.condition_type,master,true,Adjacent domain or infrastructure,BP2-00,,Deferred/adjacent; no new BP surface,No direct BP app entity recommended; retain owning domain. Review a concrete field/workflow dependency before expansion.,V01,Deferred new UI; verify boundary,server/db/ddl/planes/neon/master/03_tables.sql,186,CREATE with no later DROP TABLE found,,,Required where exposed; not verified by source inventory
master.tax_type,master,true,Identifiers and tax,BP2-04,BP2-01,Entity collection/reference dependency,Partner identifier/tax collections with jurisdiction/type lookups; organizational registrations stay organization-owned,V02; V05; V10,Planned,server/db/ddl/planes/neon/master/03_tables.sql,298,CREATE with no later DROP TABLE found,,,Required where exposed; not verified by source inventory
master.organization_tax_registration,master,true,Identifiers and tax,BP2-04,BP2-01,Retained organization-owned reference; no BP CRUD,Partner identifier/tax collections with jurisdiction/type lookups; organizational registrations stay organization-owned,V02; V05; V10,Verify existing dependency,server/db/ddl/planes/neon/master/03_tables.sql,344,CREATE with no later DROP TABLE found,,,Required where exposed; not verified by source inventory
master.operating_organization,master,true,Organization reference dependencies,BP2-06,BP2-01,Retained dependency/authorized lookup,Authorized context/lookups reused by BP; do not copy organization management into partner CRUD,V02; V06,Verify existing dependency,server/db/ddl/planes/neon/master/03_tables.sql,384,CREATE with no later DROP TABLE found,,,Required where exposed; not verified by source inventory
master.procurement_organization_profile,master,true,Organization reference dependencies,BP2-06,BP2-01,Retained dependency/authorized lookup,Authorized context/lookups reused by BP; do not copy organization management into partner CRUD,V02; V06,Verify existing dependency,server/db/ddl/planes/neon/master/03_tables.sql,430,CREATE with no later DROP TABLE found,,,Required where exposed; not verified by source inventory
master.sales_organization_profile,master,true,Organization reference dependencies,BP2-06,BP2-01,Retained dependency/authorized lookup,Authorized context/lookups reused by BP; do not copy organization management into partner CRUD,V02; V06,Verify existing dependency,server/db/ddl/planes/neon/master/03_tables.sql,450,CREATE with no later DROP TABLE found,,,Required where exposed; not verified by source inventory
master.operating_organization_company_assignment,master,true,Organization reference dependencies,BP2-06,BP2-01,Retained dependency/authorized lookup,Authorized context/lookups reused by BP; do not copy organization management into partner CRUD,V02; V06,Verify existing dependency,server/db/ddl/planes/neon/master/03_tables.sql,471,CREATE with no later DROP TABLE found,,,Required where exposed; not verified by source inventory
master.org_unit,master,true,Workforce context dependencies,BP2-12,BP2-01; BP2-06,Retained dependency/authorized lookup,Authorized job/site/organization reference selectors; optional HR dimensions only where the workflow requires them,V02; V06; V13,Verify existing dependency,server/db/ddl/planes/neon/master/03_tables.sql,502,CREATE with no later DROP TABLE found,,,Required where exposed; not verified by source inventory
master.profit_center,master,true,Workforce context dependencies,BP2-12,BP2-01; BP2-06,Retained dependency/authorized lookup,Authorized job/site/organization reference selectors; optional HR dimensions only where the workflow requires them,V02; V06; V13,Verify existing dependency,server/db/ddl/planes/neon/master/03_tables.sql,546,CREATE with no later DROP TABLE found,,,Required where exposed; not verified by source inventory
master.cost_center,master,true,Workforce context dependencies,BP2-12,BP2-01; BP2-06,Retained dependency/authorized lookup,Authorized job/site/organization reference selectors; optional HR dimensions only where the workflow requires them,V02; V06; V13,Verify existing dependency,server/db/ddl/planes/neon/master/03_tables.sql,597,CREATE with no later DROP TABLE found,,,Required where exposed; not verified by source inventory
master.dimension_type,master,true,Adjacent domain or infrastructure,BP2-00,,Deferred/adjacent; no new BP surface,No direct BP app entity recommended; retain owning domain. Review a concrete field/workflow dependency before expansion.,V01,Deferred new UI; verify boundary,server/db/ddl/planes/neon/master/03_tables.sql,650,CREATE with no later DROP TABLE found,,,Required where exposed; not verified by source inventory
master.dimension_value,master,true,Adjacent domain or infrastructure,BP2-00,,Deferred/adjacent; no new BP surface,No direct BP app entity recommended; retain owning domain. Review a concrete field/workflow dependency before expansion.,V01,Deferred new UI; verify boundary,server/db/ddl/planes/neon/master/03_tables.sql,691,CREATE with no later DROP TABLE found,,,Required where exposed; not verified by source inventory
master.dimension_set,master,true,Adjacent domain or infrastructure,BP2-00,,Deferred/adjacent; no new BP surface,No direct BP app entity recommended; retain owning domain. Review a concrete field/workflow dependency before expansion.,V01,Deferred new UI; verify boundary,server/db/ddl/planes/neon/master/03_tables.sql,740,CREATE with no later DROP TABLE found,,,Required where exposed; not verified by source inventory
master.dimension_set_item,master,true,Adjacent domain or infrastructure,BP2-00,,Deferred/adjacent; no new BP surface,No direct BP app entity recommended; retain owning domain. Review a concrete field/workflow dependency before expansion.,V01,Deferred new UI; verify boundary,server/db/ddl/planes/neon/master/03_tables.sql,758,CREATE with no later DROP TABLE found,,,Required where exposed; not verified by source inventory
master.accounting_profile,master,true,Commercial setup dependencies,BP2-06,BP2-07; BP2-08,Retained dependency/authorized lookup,Supplier/customer company profile lookups; subordinate payment terms and finance-maintained account constraints,V02; V06,Verify existing dependency,server/db/ddl/planes/neon/master/03_tables.sql,777,CREATE with no later DROP TABLE found,,,Required where exposed; not verified by source inventory
master.chart_of_account,master,true,Adjacent domain or infrastructure,BP2-00,,Deferred/adjacent; no new BP surface,No direct BP app entity recommended; retain owning domain. Review a concrete field/workflow dependency before expansion.,V01,Deferred new UI; verify boundary,server/db/ddl/planes/neon/master/03_tables.sql,820,CREATE with no later DROP TABLE found,,,Required where exposed; not verified by source inventory
master.gl_account,master,true,Commercial setup dependencies,BP2-06,BP2-07; BP2-08,Retained dependency/authorized lookup,Supplier/customer company profile lookups; subordinate payment terms and finance-maintained account constraints,V02; V06,Verify existing dependency,server/db/ddl/planes/neon/master/03_tables.sql,856,CREATE with no later DROP TABLE found,,,Required where exposed; not verified by source inventory
master.ledger_book,master,true,Adjacent domain or infrastructure,BP2-00,,Deferred/adjacent; no new BP surface,No direct BP app entity recommended; retain owning domain. Review a concrete field/workflow dependency before expansion.,V01,Deferred new UI; verify boundary,server/db/ddl/planes/neon/master/03_tables.sql,914,CREATE with no later DROP TABLE found,,,Required where exposed; not verified by source inventory
master.company_code_chart_assignment,master,true,Adjacent domain or infrastructure,BP2-00,,Deferred/adjacent; no new BP surface,No direct BP app entity recommended; retain owning domain. Review a concrete field/workflow dependency before expansion.,V01,Deferred new UI; verify boundary,server/db/ddl/planes/neon/master/03_tables.sql,959,CREATE with no later DROP TABLE found,,,Required where exposed; not verified by source inventory
master.company_code_book_assignment,master,true,Adjacent domain or infrastructure,BP2-00,,Deferred/adjacent; no new BP surface,No direct BP app entity recommended; retain owning domain. Review a concrete field/workflow dependency before expansion.,V01,Deferred new UI; verify boundary,server/db/ddl/planes/neon/master/03_tables.sql,991,CREATE with no later DROP TABLE found,,,Required where exposed; not verified by source inventory
master.fiscal_period,master,true,Adjacent domain or infrastructure,BP2-00,,Deferred/adjacent; no new BP surface,No direct BP app entity recommended; retain owning domain. Review a concrete field/workflow dependency before expansion.,V01,Deferred new UI; verify boundary,server/db/ddl/planes/neon/master/03_tables.sql,1030,CREATE with no later DROP TABLE found,,,Required where exposed; not verified by source inventory
master.fx_rate,master,true,Adjacent domain or infrastructure,BP2-00,,Deferred/adjacent; no new BP surface,No direct BP app entity recommended; retain owning domain. Review a concrete field/workflow dependency before expansion.,V01,Deferred new UI; verify boundary,server/db/ddl/planes/neon/master/03_tables.sql,1110,CREATE with no later DROP TABLE found,,,Required where exposed; not verified by source inventory
master.company_code_dimension_default,master,true,Adjacent domain or infrastructure,BP2-00,,Deferred/adjacent; no new BP surface,No direct BP app entity recommended; retain owning domain. Review a concrete field/workflow dependency before expansion.,V01,Deferred new UI; verify boundary,server/db/ddl/planes/neon/master/03_tables.sql,1156,CREATE with no later DROP TABLE found,,,Required where exposed; not verified by source inventory
master.company_code_gl_account,master,true,Commercial setup dependencies,BP2-06,BP2-07; BP2-08,Retained dependency/authorized lookup,Supplier/customer company profile lookups; subordinate payment terms and finance-maintained account constraints,V02; V06,Verify existing dependency,server/db/ddl/planes/neon/master/03_tables.sql,1189,CREATE with no later DROP TABLE found,,,Required where exposed; not verified by source inventory
master.bank_provisional_reference,master,true,Banking graph,BP2-09,BP2-01; BP2-06,Protected projection/governed operation,Masked Banking projection with usage and company acceptance; verification/resolution through governed operations,V05; V06; V09; V10,Planned,server/db/ddl/planes/neon/master/03_tables.sql,1242,CREATE with no later DROP TABLE found,,,Required where exposed; not verified by source inventory
master.bank_account,master,true,Banking graph,BP2-09,BP2-01; BP2-06,Protected projection/governed operation,Masked Banking projection with usage and company acceptance; verification/resolution through governed operations,V05; V06; V09; V10,Planned,server/db/ddl/planes/neon/master/03_tables.sql,1258,CREATE with no later DROP TABLE found,,metadata/products/mdg/entities/business_partner_banking/core.json,Required where exposed; not verified by source inventory
master.bank_account_link,master,true,Banking graph,BP2-09,BP2-01; BP2-06,Protected projection/governed operation,Masked Banking projection with usage and company acceptance; verification/resolution through governed operations,V05; V06; V09; V10,Planned,server/db/ddl/planes/neon/master/03_tables.sql,1361,CREATE with no later DROP TABLE found,,,Required where exposed; not verified by source inventory
master.bank_account_house_config,master,true,House banking,BP2-09,,Deferred treasury setup; confirm boundary,"Internal-company treasury configuration; expose only where owner is an internal organization, not a supplier account",V09; V10,Deferred new UI; verify boundary,server/db/ddl/planes/neon/master/03_tables.sql,1417,CREATE with no later DROP TABLE found,,,Required where exposed; not verified by source inventory
master.bank_account_house_payment_method,master,true,House banking,BP2-09,,Deferred treasury setup; confirm boundary,"Internal-company treasury configuration; expose only where owner is an internal organization, not a supplier account",V09; V10,Deferred new UI; verify boundary,server/db/ddl/planes/neon/master/03_tables.sql,1465,CREATE with no later DROP TABLE found,,,Required where exposed; not verified by source inventory
master.payment_method,master,true,Commercial setup dependencies,BP2-06,BP2-07; BP2-08,Retained dependency/authorized lookup,Supplier/customer company profile lookups; subordinate payment terms and finance-maintained account constraints,V02; V06,Verify existing dependency,server/db/ddl/planes/neon/master/03_tables.sql,1500,CREATE with no later DROP TABLE found,,,Required where exposed; not verified by source inventory
master.payment_term,master,true,Commercial setup dependencies,BP2-06,BP2-07; BP2-08,Retained dependency/authorized lookup,Supplier/customer company profile lookups; subordinate payment terms and finance-maintained account constraints,V02; V06,Verify existing dependency,server/db/ddl/planes/neon/master/03_tables.sql,1564,CREATE with no later DROP TABLE found,,,Required where exposed; not verified by source inventory
master.payment_term_clause,master,true,Commercial setup dependencies,BP2-06,BP2-07; BP2-08,Retained dependency/authorized lookup,Supplier/customer company profile lookups; subordinate payment terms and finance-maintained account constraints,V02; V06,Verify existing dependency,server/db/ddl/planes/neon/master/03_tables.sql,1650,CREATE with no later DROP TABLE found,,,Required where exposed; not verified by source inventory
master.payment_term_discount_tier,master,true,Commercial setup dependencies,BP2-06,BP2-07; BP2-08,Retained dependency/authorized lookup,Supplier/customer company profile lookups; subordinate payment terms and finance-maintained account constraints,V02; V06,Verify existing dependency,server/db/ddl/planes/neon/master/03_tables.sql,1829,CREATE with no later DROP TABLE found,,,Required where exposed; not verified by source inventory
master.business_partner,master,true,Partner core and roles,BP2-04,BP2-06,Existing entity/role extension,Extend existing core/role metadata; supplier and customer remain roles linked to one partner,V05; V06; V08,Planned,server/db/ddl/planes/neon/master/03_tables.sql,1885,CREATE with no later DROP TABLE found,,metadata/products/mdg/entities/business_partner/core.json,Required where exposed; not verified by source inventory
master.supplier,master,true,Partner core and roles,BP2-07,BP2-06,Existing entity/role extension,Extend existing core/role metadata; supplier and customer remain roles linked to one partner,V05; V06; V08,Planned,server/db/ddl/planes/neon/master/03_tables.sql,1976,CREATE with no later DROP TABLE found,,metadata/products/mdg/entities/supplier/core.json,Required where exposed; not verified by source inventory
master.customer,master,true,Partner core and roles,BP2-08,BP2-06,Existing entity/role extension,Extend existing core/role metadata; supplier and customer remain roles linked to one partner,V05; V06; V08,Planned,server/db/ddl/planes/neon/master/03_tables.sql,2016,CREATE with no later DROP TABLE found,,metadata/products/mdg/entities/customer/core.json,Required where exposed; not verified by source inventory
master.business_partner_alias,master,true,Identity and relationships,BP2-04,,Parent-owned collection,Related collections under Identity/Relationships; registered governed commands; retain directional relation semantics,V05; V10,Planned,server/db/ddl/planes/neon/master/03_tables.sql,2054,CREATE with no later DROP TABLE found,,,Required where exposed; not verified by source inventory
master.asset_class,master,true,Adjacent domain or infrastructure,BP2-00,,Deferred/adjacent; no new BP surface,No direct BP app entity recommended; retain owning domain. Review a concrete field/workflow dependency before expansion.,V01,Deferred new UI; verify boundary,server/db/ddl/planes/neon/master/03_tables.sql,2107,CREATE with no later DROP TABLE found,,,Required where exposed; not verified by source inventory
master.asset,master,true,Adjacent domain or infrastructure,BP2-00,,Deferred/adjacent; no new BP surface,No direct BP app entity recommended; retain owning domain. Review a concrete field/workflow dependency before expansion.,V01,Deferred new UI; verify boundary,server/db/ddl/planes/neon/master/03_tables.sql,2150,CREATE with no later DROP TABLE found,,,Required where exposed; not verified by source inventory
master.asset_book,master,true,Adjacent domain or infrastructure,BP2-00,,Deferred/adjacent; no new BP surface,No direct BP app entity recommended; retain owning domain. Review a concrete field/workflow dependency before expansion.,V01,Deferred new UI; verify boundary,server/db/ddl/planes/neon/master/03_tables.sql,2217,CREATE with no later DROP TABLE found,,,Required where exposed; not verified by source inventory
master.asset_component,master,true,Adjacent domain or infrastructure,BP2-00,,Deferred/adjacent; no new BP surface,No direct BP app entity recommended; retain owning domain. Review a concrete field/workflow dependency before expansion.,V01,Deferred new UI; verify boundary,server/db/ddl/planes/neon/master/03_tables.sql,2268,CREATE with no later DROP TABLE found,,,Required where exposed; not verified by source inventory
master.asset_assignment_history,master,true,Adjacent domain or infrastructure,BP2-00,,Deferred/adjacent; no new BP surface,No direct BP app entity recommended; retain owning domain. Review a concrete field/workflow dependency before expansion.,V01,Deferred new UI; verify boundary,server/db/ddl/planes/neon/master/03_tables.sql,2311,CREATE with no later DROP TABLE found,,,Required where exposed; not verified by source inventory
master.business_intent,master,true,Adjacent domain or infrastructure,BP2-00,,Deferred/adjacent; no new BP surface,No direct BP app entity recommended; retain owning domain. Review a concrete field/workflow dependency before expansion.,V01,Deferred new UI; verify boundary,server/db/ddl/planes/neon/master/03_tables.sql,2366,CREATE with no later DROP TABLE found,,,Required where exposed; not verified by source inventory
master.person,master,true,Supplier workforce identity,BP2-12,BP2-06,External-worker entity/safe person reference,"Dedicated external-worker entity; person identity is linked, not duplicated as an employee",V05; V06; V13,Planned,server/db/ddl/planes/neon/master/03_tables.sql,2398,CREATE with no later DROP TABLE found,,,Required where exposed; not verified by source inventory
master.person_sensitive_profile,master,true,Restricted person data,BP2-12,,Intentionally internal protected provider,Protected provider only; do not expose as generic workforce collection or unrestricted field metadata,V05; V10; V13,Verify internal/projection boundary,server/db/ddl/planes/neon/master/03_tables.sql,2442,CREATE with no later DROP TABLE found,,,Required where exposed; not verified by source inventory
master.site,master,true,Workforce context dependencies,BP2-12,BP2-01; BP2-06,Retained dependency/authorized lookup,Authorized job/site/organization reference selectors; optional HR dimensions only where the workflow requires them,V02; V06; V13,Verify existing dependency,server/db/ddl/planes/neon/master/03_tables.sql,2480,CREATE with no later DROP TABLE found,,,Required where exposed; not verified by source inventory
master.career_band,master,true,Workforce context dependencies,BP2-12,BP2-01; BP2-06,Retained dependency/authorized lookup,Authorized job/site/organization reference selectors; optional HR dimensions only where the workflow requires them,V02; V06; V13,Verify existing dependency,server/db/ddl/planes/neon/master/03_tables.sql,2528,CREATE with no later DROP TABLE found,,,Required where exposed; not verified by source inventory
master.career_level,master,true,Workforce context dependencies,BP2-12,BP2-01; BP2-06,Retained dependency/authorized lookup,Authorized job/site/organization reference selectors; optional HR dimensions only where the workflow requires them,V02; V06; V13,Verify existing dependency,server/db/ddl/planes/neon/master/03_tables.sql,2548,CREATE with no later DROP TABLE found,,,Required where exposed; not verified by source inventory
master.designation,master,true,Workforce context dependencies,BP2-12,BP2-01; BP2-06,Retained dependency/authorized lookup,Authorized job/site/organization reference selectors; optional HR dimensions only where the workflow requires them,V02; V06; V13,Verify existing dependency,server/db/ddl/planes/neon/master/03_tables.sql,2571,CREATE with no later DROP TABLE found,,,Required where exposed; not verified by source inventory
master.job_family,master,true,Workforce context dependencies,BP2-12,BP2-01; BP2-06,Retained dependency/authorized lookup,Authorized job/site/organization reference selectors; optional HR dimensions only where the workflow requires them,V02; V06; V13,Verify existing dependency,server/db/ddl/planes/neon/master/03_tables.sql,2591,CREATE with no later DROP TABLE found,,,Required where exposed; not verified by source inventory
master.job_function,master,true,Workforce context dependencies,BP2-12,BP2-01; BP2-06,Retained dependency/authorized lookup,Authorized job/site/organization reference selectors; optional HR dimensions only where the workflow requires them,V02; V06; V13,Verify existing dependency,server/db/ddl/planes/neon/master/03_tables.sql,2611,CREATE with no later DROP TABLE found,,,Required where exposed; not verified by source inventory
master.pay_grade,master,true,Workforce context dependencies,BP2-12,BP2-01; BP2-06,Retained dependency/authorized lookup,Authorized job/site/organization reference selectors; optional HR dimensions only where the workflow requires them,V02; V06; V13,Verify existing dependency,server/db/ddl/planes/neon/master/03_tables.sql,2632,CREATE with no later DROP TABLE found,,,Required where exposed; not verified by source inventory
master.job,master,true,Workforce context dependencies,BP2-12,BP2-01; BP2-06,Retained dependency/authorized lookup,Authorized job/site/organization reference selectors; optional HR dimensions only where the workflow requires them,V02; V06; V13,Verify existing dependency,server/db/ddl/planes/neon/master/03_tables.sql,2668,CREATE with no later DROP TABLE found,,,Required where exposed; not verified by source inventory
master.holiday_calendar,master,true,Adjacent domain or infrastructure,BP2-00,,Deferred/adjacent; no new BP surface,No direct BP app entity recommended; retain owning domain. Review a concrete field/workflow dependency before expansion.,V01,Deferred new UI; verify boundary,server/db/ddl/planes/neon/master/03_tables.sql,2695,CREATE with no later DROP TABLE found,,,Required where exposed; not verified by source inventory
master.holiday_calendar_day,master,true,Adjacent domain or infrastructure,BP2-00,,Deferred/adjacent; no new BP surface,No direct BP app entity recommended; retain owning domain. Review a concrete field/workflow dependency before expansion.,V01,Deferred new UI; verify boundary,server/db/ddl/planes/neon/master/03_tables.sql,2738,CREATE with no later DROP TABLE found,,,Required where exposed; not verified by source inventory
master.shift_type,master,true,Adjacent domain or infrastructure,BP2-00,,Deferred/adjacent; no new BP surface,No direct BP app entity recommended; retain owning domain. Review a concrete field/workflow dependency before expansion.,V01,Deferred new UI; verify boundary,server/db/ddl/planes/neon/master/03_tables.sql,2767,CREATE with no later DROP TABLE found,,,Required where exposed; not verified by source inventory
master.work_pattern,master,true,Adjacent domain or infrastructure,BP2-00,,Deferred/adjacent; no new BP surface,No direct BP app entity recommended; retain owning domain. Review a concrete field/workflow dependency before expansion.,V01,Deferred new UI; verify boundary,server/db/ddl/planes/neon/master/03_tables.sql,2793,CREATE with no later DROP TABLE found,,,Required where exposed; not verified by source inventory
master.work_pattern_day,master,true,Adjacent domain or infrastructure,BP2-00,,Deferred/adjacent; no new BP surface,No direct BP app entity recommended; retain owning domain. Review a concrete field/workflow dependency before expansion.,V01,Deferred new UI; verify boundary,server/db/ddl/planes/neon/master/03_tables.sql,2821,CREATE with no later DROP TABLE found,,,Required where exposed; not verified by source inventory
master.pay_component,master,true,Adjacent domain or infrastructure,BP2-00,,Deferred/adjacent; no new BP surface,No direct BP app entity recommended; retain owning domain. Review a concrete field/workflow dependency before expansion.,V01,Deferred new UI; verify boundary,server/db/ddl/planes/neon/master/03_tables.sql,2856,CREATE with no later DROP TABLE found,,,Required where exposed; not verified by source inventory
master.pay_group,master,true,Adjacent domain or infrastructure,BP2-00,,Deferred/adjacent; no new BP surface,No direct BP app entity recommended; retain owning domain. Review a concrete field/workflow dependency before expansion.,V01,Deferred new UI; verify boundary,server/db/ddl/planes/neon/master/03_tables.sql,2887,CREATE with no later DROP TABLE found,,,Required where exposed; not verified by source inventory
master.pay_structure,master,true,Adjacent domain or infrastructure,BP2-00,,Deferred/adjacent; no new BP surface,No direct BP app entity recommended; retain owning domain. Review a concrete field/workflow dependency before expansion.,V01,Deferred new UI; verify boundary,server/db/ddl/planes/neon/master/03_tables.sql,2914,CREATE with no later DROP TABLE found,,,Required where exposed; not verified by source inventory
master.pay_structure_line,master,true,Adjacent domain or infrastructure,BP2-00,,Deferred/adjacent; no new BP surface,No direct BP app entity recommended; retain owning domain. Review a concrete field/workflow dependency before expansion.,V01,Deferred new UI; verify boundary,server/db/ddl/planes/neon/master/03_tables.sql,2939,CREATE with no later DROP TABLE found,,,Required where exposed; not verified by source inventory
master.statutory_scheme,master,true,Adjacent domain or infrastructure,BP2-00,,Deferred/adjacent; no new BP surface,No direct BP app entity recommended; retain owning domain. Review a concrete field/workflow dependency before expansion.,V01,Deferred new UI; verify boundary,server/db/ddl/planes/neon/master/03_tables.sql,2962,CREATE with no later DROP TABLE found,,,Required where exposed; not verified by source inventory
master.leave_type,master,true,Adjacent domain or infrastructure,BP2-00,,Deferred/adjacent; no new BP surface,No direct BP app entity recommended; retain owning domain. Review a concrete field/workflow dependency before expansion.,V01,Deferred new UI; verify boundary,server/db/ddl/planes/neon/master/03_tables.sql,2988,CREATE with no later DROP TABLE found,,,Required where exposed; not verified by source inventory
master.leave_plan,master,true,Adjacent domain or infrastructure,BP2-00,,Deferred/adjacent; no new BP surface,No direct BP app entity recommended; retain owning domain. Review a concrete field/workflow dependency before expansion.,V01,Deferred new UI; verify boundary,server/db/ddl/planes/neon/master/03_tables.sql,3012,CREATE with no later DROP TABLE found,,,Required where exposed; not verified by source inventory
master.leave_plan_rule,master,true,Adjacent domain or infrastructure,BP2-00,,Deferred/adjacent; no new BP surface,No direct BP app entity recommended; retain owning domain. Review a concrete field/workflow dependency before expansion.,V01,Deferred new UI; verify boundary,server/db/ddl/planes/neon/master/03_tables.sql,3045,CREATE with no later DROP TABLE found,,,Required where exposed; not verified by source inventory
master.position,master,true,Workforce context dependencies,BP2-12,BP2-01; BP2-06,Retained dependency/authorized lookup,Authorized job/site/organization reference selectors; optional HR dimensions only where the workflow requires them,V02; V06; V13,Verify existing dependency,server/db/ddl/planes/neon/master/03_tables.sql,3074,CREATE with no later DROP TABLE found,,,Required where exposed; not verified by source inventory
master.employee,master,true,Internal workforce boundary,BP2-12,,Retained People dependency; no supplier-workforce substitution,Existing workforce example is employee-based; do not reuse as supplier external-workforce storage,V13,Deferred new UI; verify boundary,server/db/ddl/planes/neon/master/03_tables.sql,3111,CREATE with no later DROP TABLE found,,metadata/products/mdg/entities/workforce/core.json,Required where exposed; not verified by source inventory
master.employment,master,true,Internal workforce boundary,BP2-12,,Retained People dependency; no supplier-workforce substitution,Existing workforce example is employee-based; do not reuse as supplier external-workforce storage,V13,Deferred new UI; verify boundary,server/db/ddl/planes/neon/master/03_tables.sql,3160,CREATE with no later DROP TABLE found,,,Required where exposed; not verified by source inventory
master.work_assignment,master,true,Internal workforce boundary,BP2-12,,Retained People dependency; no supplier-workforce substitution,Existing workforce example is employee-based; do not reuse as supplier external-workforce storage,V13,Deferred new UI; verify boundary,server/db/ddl/planes/neon/master/03_tables.sql,3209,CREATE with no later DROP TABLE found,,,Required where exposed; not verified by source inventory
master.external_worker,master,true,Supplier workforce identity,BP2-12,BP2-06,External-worker entity/safe person reference,"Dedicated external-worker entity; person identity is linked, not duplicated as an employee",V05; V06; V13,Planned,server/db/ddl/planes/neon/master/03_tables.sql,3259,CREATE with no later DROP TABLE found,,,Required where exposed; not verified by source inventory
master.employee_leave_enrollment,master,true,Adjacent domain or infrastructure,BP2-00,,Deferred/adjacent; no new BP surface,No direct BP app entity recommended; retain owning domain. Review a concrete field/workflow dependency before expansion.,V01,Deferred new UI; verify boundary,server/db/ddl/planes/neon/master/03_tables.sql,3295,CREATE with no later DROP TABLE found,,,Required where exposed; not verified by source inventory
master.employee_statutory_enrollment,master,true,Adjacent domain or infrastructure,BP2-00,,Deferred/adjacent; no new BP surface,No direct BP app entity recommended; retain owning domain. Review a concrete field/workflow dependency before expansion.,V01,Deferred new UI; verify boundary,server/db/ddl/planes/neon/master/03_tables.sql,3319,CREATE with no later DROP TABLE found,,,Required where exposed; not verified by source inventory
master.warehouse,master,true,Adjacent domain or infrastructure,BP2-00,,Deferred/adjacent; no new BP surface,No direct BP app entity recommended; retain owning domain. Review a concrete field/workflow dependency before expansion.,V01,Deferred new UI; verify boundary,server/db/ddl/planes/neon/master/03_tables.sql,3344,CREATE with no later DROP TABLE found,,,Required where exposed; not verified by source inventory
master.risk_dimension,master,true,Risk,BP2-14,BP2-05; BP2-07; BP2-10,Safe risk projection or retained model dependency,Authorized qualification/risk summary with drilldown; preserve evidence and scoring ownership,V05; V15; V17,Planned,server/db/ddl/planes/neon/master/03_tables.sql,3389,CREATE with no later DROP TABLE found,,,Required where exposed; not verified by source inventory
master.risk_driver_registry,master,true,Risk,BP2-14,BP2-05; BP2-07; BP2-10,Safe risk projection or retained model dependency,Authorized qualification/risk summary with drilldown; preserve evidence and scoring ownership,V05; V15; V17,Planned,server/db/ddl/planes/neon/master/03_tables.sql,3423,CREATE with no later DROP TABLE found,,,Required where exposed; not verified by source inventory
master.risk_model,master,true,Risk,BP2-14,BP2-05; BP2-07; BP2-10,Safe risk projection or retained model dependency,Authorized qualification/risk summary with drilldown; preserve evidence and scoring ownership,V05; V15; V17,Planned,server/db/ddl/planes/neon/master/03_tables.sql,3445,CREATE with no later DROP TABLE found,,,Required where exposed; not verified by source inventory
master.risk_model_dimension,master,true,Risk,BP2-14,BP2-05; BP2-07; BP2-10,Safe risk projection or retained model dependency,Authorized qualification/risk summary with drilldown; preserve evidence and scoring ownership,V05; V15; V17,Planned,server/db/ddl/planes/neon/master/03_tables.sql,3488,CREATE with no later DROP TABLE found,,,Required where exposed; not verified by source inventory
master.risk_source,master,true,Risk,BP2-14,BP2-05; BP2-07; BP2-10,Safe risk projection or retained model dependency,Authorized qualification/risk summary with drilldown; preserve evidence and scoring ownership,V05; V15; V17,Planned,server/db/ddl/planes/neon/master/03_tables.sql,3507,CREATE with no later DROP TABLE found,,,Required where exposed; not verified by source inventory
master.party_risk_assessment,master,true,Risk,BP2-14,BP2-05; BP2-07; BP2-10,Safe risk projection or retained model dependency,Authorized qualification/risk summary with drilldown; preserve evidence and scoring ownership,V05; V15; V17,Planned,server/db/ddl/planes/neon/master/03_tables.sql,3540,CREATE with no later DROP TABLE found,,,Required where exposed; not verified by source inventory
master.party_risk_dimension_score,master,true,Risk,BP2-14,BP2-05; BP2-07; BP2-10,Safe risk projection or retained model dependency,Authorized qualification/risk summary with drilldown; preserve evidence and scoring ownership,V05; V15; V17,Planned,server/db/ddl/planes/neon/master/03_tables.sql,3625,CREATE with no later DROP TABLE found,,,Required where exposed; not verified by source inventory
master.party_risk_evidence,master,true,Risk,BP2-14,BP2-05; BP2-07; BP2-10,Safe risk projection or retained model dependency,Authorized qualification/risk summary with drilldown; preserve evidence and scoring ownership,V05; V15; V17,Planned,server/db/ddl/planes/neon/master/03_tables.sql,3660,CREATE with no later DROP TABLE found,,,Required where exposed; not verified by source inventory
master.party_risk_driver,master,true,Risk,BP2-14,BP2-05; BP2-07; BP2-10,Safe risk projection or retained model dependency,Authorized qualification/risk summary with drilldown; preserve evidence and scoring ownership,V05; V15; V17,Planned,server/db/ddl/planes/neon/master/03_tables.sql,3727,CREATE with no later DROP TABLE found,,,Required where exposed; not verified by source inventory
master.party_risk_mitigation,master,true,Risk,BP2-14,BP2-05; BP2-07; BP2-10,Safe risk projection or retained model dependency,Authorized qualification/risk summary with drilldown; preserve evidence and scoring ownership,V05; V15; V17,Planned,server/db/ddl/planes/neon/master/03_tables.sql,3762,CREATE with no later DROP TABLE found,,,Required where exposed; not verified by source inventory
master.party_risk_review_event,master,true,Risk,BP2-14,BP2-05; BP2-07; BP2-10,Safe risk projection or retained model dependency,Authorized qualification/risk summary with drilldown; preserve evidence and scoring ownership,V05; V15; V17,Planned,server/db/ddl/planes/neon/master/03_tables.sql,3813,CREATE with no later DROP TABLE found,,,Required where exposed; not verified by source inventory
master.commodity_category,master,true,Classification and certification,BP2-05,BP2-01; BF-05,Parent-owned collection/reference dependency,Partner capability/classification/certificate collections with shared reference lookups; type/category maintenance remains separate,V05; V07,Planned,server/db/ddl/planes/neon/master/03_tables.sql,3861,CREATE with no later DROP TABLE found,,,Required where exposed; not verified by source inventory
master.product,master,true,Adjacent domain or infrastructure,BP2-00,,Deferred/adjacent; no new BP surface,No direct BP app entity recommended; retain owning domain. Review a concrete field/workflow dependency before expansion.,V01,Deferred new UI; verify boundary,server/db/ddl/planes/neon/master/03_tables.sql,3900,CREATE with no later DROP TABLE found,,,Required where exposed; not verified by source inventory
master.item,master,true,Adjacent domain or infrastructure,BP2-00,,Deferred/adjacent; no new BP surface,No direct BP app entity recommended; retain owning domain. Review a concrete field/workflow dependency before expansion.,V01,Deferred new UI; verify boundary,server/db/ddl/planes/neon/master/03_tables.sql,3938,CREATE with no later DROP TABLE found,,,Required where exposed; not verified by source inventory
master.commodity_code_assignment,master,true,Classification mapping,BP2-05,BP2-01,Reference relation,Category-to-shared-code bridge; do not point BP commodity capability directly at shared commodity_code,V02; V07,Planned,server/db/ddl/planes/neon/master/03_tables.sql,3989,CREATE with no later DROP TABLE found,,,Required where exposed; not verified by source inventory
master.catalog,master,true,Adjacent domain or infrastructure,BP2-00,,Deferred/adjacent; no new BP surface,No direct BP app entity recommended; retain owning domain. Review a concrete field/workflow dependency before expansion.,V01,Deferred new UI; verify boundary,server/db/ddl/planes/neon/master/03_tables.sql,4049,CREATE with no later DROP TABLE found,,,Required where exposed; not verified by source inventory
master.catalog_item,master,true,Adjacent domain or infrastructure,BP2-00,,Deferred/adjacent; no new BP surface,No direct BP app entity recommended; retain owning domain. Review a concrete field/workflow dependency before expansion.,V01,Deferred new UI; verify boundary,server/db/ddl/planes/neon/master/03_tables.sql,4123,CREATE with no later DROP TABLE found,,,Required where exposed; not verified by source inventory
master.catalog_price,master,true,Adjacent domain or infrastructure,BP2-00,,Deferred/adjacent; no new BP surface,No direct BP app entity recommended; retain owning domain. Review a concrete field/workflow dependency before expansion.,V01,Deferred new UI; verify boundary,server/db/ddl/planes/neon/master/03_tables.sql,4172,CREATE with no later DROP TABLE found,,,Required where exposed; not verified by source inventory
master.bom,master,true,Adjacent domain or infrastructure,BP2-00,,Deferred/adjacent; no new BP surface,No direct BP app entity recommended; retain owning domain. Review a concrete field/workflow dependency before expansion.,V01,Deferred new UI; verify boundary,server/db/ddl/planes/neon/master/03_tables.sql,4221,CREATE with no later DROP TABLE found,,,Required where exposed; not verified by source inventory
master.bom_component,master,true,Adjacent domain or infrastructure,BP2-00,,Deferred/adjacent; no new BP surface,No direct BP app entity recommended; retain owning domain. Review a concrete field/workflow dependency before expansion.,V01,Deferred new UI; verify boundary,server/db/ddl/planes/neon/master/03_tables.sql,4261,CREATE with no later DROP TABLE found,,,Required where exposed; not verified by source inventory
master.project,master,true,Adjacent domain or infrastructure,BP2-00,,Deferred/adjacent; no new BP surface,No direct BP app entity recommended; retain owning domain. Review a concrete field/workflow dependency before expansion.,V01,Deferred new UI; verify boundary,server/db/ddl/planes/neon/master/03_tables.sql,4314,CREATE with no later DROP TABLE found,,,Required where exposed; not verified by source inventory
master.project_wbs,master,true,Adjacent domain or infrastructure,BP2-00,,Deferred/adjacent; no new BP surface,No direct BP app entity recommended; retain owning domain. Review a concrete field/workflow dependency before expansion.,V01,Deferred new UI; verify boundary,server/db/ddl/planes/neon/master/03_tables.sql,4363,CREATE with no later DROP TABLE found,,,Required where exposed; not verified by source inventory
master.project_item,master,true,Adjacent domain or infrastructure,BP2-00,,Deferred/adjacent; no new BP surface,No direct BP app entity recommended; retain owning domain. Review a concrete field/workflow dependency before expansion.,V01,Deferred new UI; verify boundary,server/db/ddl/planes/neon/master/03_tables.sql,4409,CREATE with no later DROP TABLE found,,,Required where exposed; not verified by source inventory
master.compensation_assignment,master,true,Adjacent domain or infrastructure,BP2-00,,Deferred/adjacent; no new BP surface,No direct BP app entity recommended; retain owning domain. Review a concrete field/workflow dependency before expansion.,V01,Deferred new UI; verify boundary,server/db/ddl/planes/neon/master/03_tables.sql,4462,CREATE with no later DROP TABLE found,,,Required where exposed; not verified by source inventory
master.business_partner_relationship,master,true,Identity and relationships,BP2-04,,Parent-owned collection,Related collections under Identity/Relationships; registered governed commands; retain directional relation semantics,V05; V10,Planned,server/db/ddl/planes/neon/master/03_tables.sql,4500,CREATE with no later DROP TABLE found,,,Required where exposed; not verified by source inventory
master.business_partner_governance_relation,master,true,Identity and relationships,BP2-04,,Parent-owned collection,Related collections under Identity/Relationships; registered governed commands; retain directional relation semantics,V05; V10,Planned,server/db/ddl/planes/neon/master/03_tables.sql,4542,CREATE with no later DROP TABLE found,,metadata/products/mdg/entities/business_partner_governance_relation/core.json,Required where exposed; not verified by source inventory
master.business_partner_identifier,master,true,Identifiers and tax,BP2-04,BP2-01,Entity collection/reference dependency,Partner identifier/tax collections with jurisdiction/type lookups; organizational registrations stay organization-owned,V02; V05; V10,Planned,server/db/ddl/planes/neon/master/03_tables.sql,4594,CREATE with no later DROP TABLE found,,metadata/products/mdg/entities/business_partner_identifier/core.json,Required where exposed; not verified by source inventory
master.business_partner_tax_registration,master,true,Identifiers and tax,BP2-04,BP2-01,Entity collection/reference dependency,Partner identifier/tax collections with jurisdiction/type lookups; organizational registrations stay organization-owned,V02; V05; V10,Planned,server/db/ddl/planes/neon/master/03_tables.sql,4636,CREATE with no later DROP TABLE found,,metadata/products/mdg/entities/business_partner_tax_registration/core.json,Required where exposed; not verified by source inventory
master.business_partner_commodity_capability,master,true,Classification and certification,BP2-05,BP2-01; BF-05,Parent-owned collection/reference dependency,Partner capability/classification/certificate collections with shared reference lookups; type/category maintenance remains separate,V05; V07,Planned,server/db/ddl/planes/neon/master/03_tables.sql,4679,CREATE with no later DROP TABLE found,,metadata/products/mdg/entities/business_partner_commodity_capability/core.json,Required where exposed; not verified by source inventory
master.business_partner_industry_classification,master,true,Classification and certification,BP2-05,BP2-01; BF-05,Parent-owned collection/reference dependency,Partner capability/classification/certificate collections with shared reference lookups; type/category maintenance remains separate,V05; V07,Planned,server/db/ddl/planes/neon/master/03_tables.sql,4710,CREATE with no later DROP TABLE found,,metadata/products/mdg/entities/business_partner_industry_classification/core.json,Required where exposed; not verified by source inventory
master.business_partner_operating_organization_assignment,master,true,Commercial scope,BP2-06,BP2-07; BP2-08,Existing scope/profile relation,Roles/scope and company-context sections; separate organizational authority and intercompany setup,V05; V06; V08,Planned,server/db/ddl/planes/neon/master/03_tables.sql,4763,CREATE with no later DROP TABLE found,,metadata/products/mdg/entities/business_partner_operating_organization_assignment/core.json,Required where exposed; not verified by source inventory
master.company_code_supplier_profile,master,true,Commercial scope,BP2-07,BP2-06,Existing scope/profile relation,Roles/scope and company-context sections; separate organizational authority and intercompany setup,V05; V06; V08,Planned,server/db/ddl/planes/neon/master/03_tables.sql,4793,CREATE with no later DROP TABLE found,,metadata/products/mdg/entities/supplier_company_profile/core.json,Required where exposed; not verified by source inventory
master.company_code_customer_profile,master,true,Commercial scope,BP2-08,BP2-06,Existing scope/profile relation,Roles/scope and company-context sections; separate organizational authority and intercompany setup,V05; V06; V08,Planned,server/db/ddl/planes/neon/master/03_tables.sql,4828,CREATE with no later DROP TABLE found,,metadata/products/mdg/entities/customer_company_profile/core.json,Required where exposed; not verified by source inventory
master.legal_entity_internal_partner_link,master,true,Commercial scope,BP2-06,BP2-07; BP2-08,Existing scope/profile relation,Roles/scope and company-context sections; separate organizational authority and intercompany setup,V05; V06; V08,Planned,server/db/ddl/planes/neon/master/03_tables.sql,4866,CREATE with no later DROP TABLE found,,,Required where exposed; not verified by source inventory
master.intercompany_trading_pair,master,true,Commercial scope,BP2-06,BP2-07; BP2-08,Existing scope/profile relation,Roles/scope and company-context sections; separate organizational authority and intercompany setup,V05; V06; V08,Planned,server/db/ddl/planes/neon/master/03_tables.sql,4899,CREATE with no later DROP TABLE found,,,Required where exposed; not verified by source inventory
master.contact_person_identity_link,master,true,Address and contact graph,BP2-03,BP2-01,Parent-owned collection/reference,"Link-aware related sections and child lookup metadata; preserve owner registry, tenant boundaries and contact verification",V02; V05,Planned,server/db/ddl/planes/neon/master/03_tables.sql,4942,CREATE with no later DROP TABLE found,,,Required where exposed; not verified by source inventory
master.certification_type,master,true,Classification and certification,BP2-05,BP2-01; BF-05,Parent-owned collection/reference dependency,Partner capability/classification/certificate collections with shared reference lookups; type/category maintenance remains separate,V05; V07,Planned,server/db/ddl/planes/neon/master/03_tables.sql,4962,CREATE with no later DROP TABLE found,,,Required where exposed; not verified by source inventory
master.certification,master,true,Classification and certification,BP2-05,BP2-01; BF-05,Parent-owned collection/reference dependency,Partner capability/classification/certificate collections with shared reference lookups; type/category maintenance remains separate,V05; V07,Planned,server/db/ddl/planes/neon/master/03_tables.sql,4986,CREATE with no later DROP TABLE found,,metadata/products/mdg/entities/certification/core.json,Required where exposed; not verified by source inventory
master.organization_amendment,master,true,Adjacent domain or infrastructure,BP2-00,,Deferred/adjacent; no new BP surface,No direct BP app entity recommended; retain owning domain. Review a concrete field/workflow dependency before expansion.,V01,Deferred new UI; verify boundary,server/db/ddl/planes/neon/master/03_tables.sql,5027,CREATE with no later DROP TABLE found,,,Required where exposed; not verified by source inventory
snapshot.entity_snapshot_identity,snapshot,false,Current shared request backbone,BF-04,BP2-00,Retained shared case/snapshot authority,Immutable case payload/revision lineage; expose safe request views only,V01; V08; V11; V17,Verify existing dependency,server/db/ddl/common/snapshot/03_tables.sql,1,CREATE with no later DROP TABLE found,,,Required where exposed; not verified by source inventory
snapshot.entity_snapshot,snapshot,false,Current shared request backbone,BF-04,BP2-00,Retained shared case/snapshot authority,Immutable case payload/revision lineage; expose safe request views only,V01; V08; V11; V17,Verify existing dependency,server/db/ddl/common/snapshot/03_tables.sql,78,CREATE with no later DROP TABLE found,,,Required where exposed; not verified by source inventory
snapshot.entity_case_snapshot_lineage,snapshot,false,Current shared request backbone,BF-04,BP2-00,Retained shared case/snapshot authority,Immutable case payload/revision lineage; expose safe request views only,V01; V08; V11; V17,Verify existing dependency,server/db/ddl/common/snapshot/03_tables.sql,90,CREATE with no later DROP TABLE found,,,Required where exposed; not verified by source inventory
snapshot.subscription_plan_entitlement,snapshot,false,Adjacent domain or infrastructure,BP2-00,,Deferred/adjacent; no new BP surface,No direct BP app entity recommended; retain owning domain. Review a concrete field/workflow dependency before expansion.,V01,Deferred new UI; verify boundary,server/db/ddl/common/snapshot/03_tables.sql,128,CREATE with no later DROP TABLE found,,,Required where exposed; not verified by source inventory
master.audit_reason_code,master,true,Adjacent domain or infrastructure,BP2-00,,Deferred/adjacent; no new BP surface,No direct BP app entity recommended; retain owning domain. Review a concrete field/workflow dependency before expansion.,V01,Deferred new UI; verify boundary,server/db/ddl/common/audit/03_tables.sql,6,CREATE with no later DROP TABLE found,,,Required where exposed; not verified by source inventory
master.audit_event_contract,master,true,Adjacent domain or infrastructure,BP2-00,,Deferred/adjacent; no new BP surface,No direct BP app entity recommended; retain owning domain. Review a concrete field/workflow dependency before expansion.,V01,Deferred new UI; verify boundary,server/db/ddl/common/audit/03_tables.sql,49,CREATE with no later DROP TABLE found,,,Required where exposed; not verified by source inventory
audit.audit_log,audit,false,Adjacent domain or infrastructure,BP2-00,,Deferred/adjacent; no new BP surface,No direct BP app entity recommended; retain owning domain. Review a concrete field/workflow dependency before expansion.,V01,Deferred new UI; verify boundary,server/db/ddl/common/audit/03_tables.sql,85,CREATE with no later DROP TABLE found,,,Required where exposed; not verified by source inventory
audit.audit_log_default,audit,false,Adjacent domain or infrastructure,BP2-00,,Deferred/adjacent; no new BP surface,No direct BP app entity recommended; retain owning domain. Review a concrete field/workflow dependency before expansion.,V01,Deferred new UI; verify boundary,server/db/ddl/common/audit/03_tables.sql,198,CREATE with no later DROP TABLE found,,,Required where exposed; not verified by source inventory
audit.authorization_decision_evidence,audit,false,Adjacent domain or infrastructure,BP2-00,,Deferred/adjacent; no new BP surface,No direct BP app entity recommended; retain owning domain. Review a concrete field/workflow dependency before expansion.,V01,Deferred new UI; verify boundary,server/db/ddl/common/audit/03_tables.sql,219,CREATE with no later DROP TABLE found,,,Required where exposed; not verified by source inventory
audit.authorization_decision_evidence_default,audit,false,Adjacent domain or infrastructure,BP2-00,,Deferred/adjacent; no new BP surface,No direct BP app entity recommended; retain owning domain. Review a concrete field/workflow dependency before expansion.,V01,Deferred new UI; verify boundary,server/db/ddl/common/audit/03_tables.sql,309,CREATE with no later DROP TABLE found,,,Required where exposed; not verified by source inventory
audit.security_event,audit,false,Adjacent domain or infrastructure,BP2-00,,Deferred/adjacent; no new BP surface,No direct BP app entity recommended; retain owning domain. Review a concrete field/workflow dependency before expansion.,V01,Deferred new UI; verify boundary,server/db/ddl/common/audit/03_tables.sql,318,CREATE with no later DROP TABLE found,,,Required where exposed; not verified by source inventory
audit.security_event_default,audit,false,Adjacent domain or infrastructure,BP2-00,,Deferred/adjacent; no new BP surface,No direct BP app entity recommended; retain owning domain. Review a concrete field/workflow dependency before expansion.,V01,Deferred new UI; verify boundary,server/db/ddl/common/audit/03_tables.sql,383,CREATE with no later DROP TABLE found,,,Required where exposed; not verified by source inventory
audit.hash_anchor,audit,false,Adjacent domain or infrastructure,BP2-00,,Deferred/adjacent; no new BP surface,No direct BP app entity recommended; retain owning domain. Review a concrete field/workflow dependency before expansion.,V01,Deferred new UI; verify boundary,server/db/ddl/common/audit/03_tables.sql,392,CREATE with no later DROP TABLE found,,,Required where exposed; not verified by source inventory
audit.export_request,audit,false,Adjacent domain or infrastructure,BP2-00,,Deferred/adjacent; no new BP surface,No direct BP app entity recommended; retain owning domain. Review a concrete field/workflow dependency before expansion.,V01,Deferred new UI; verify boundary,server/db/ddl/common/audit/03_tables.sql,433,CREATE with no later DROP TABLE found,,,Required where exposed; not verified by source inventory
audit.export_manifest,audit,false,Adjacent domain or infrastructure,BP2-00,,Deferred/adjacent; no new BP surface,No direct BP app entity recommended; retain owning domain. Review a concrete field/workflow dependency before expansion.,V01,Deferred new UI; verify boundary,server/db/ddl/common/audit/03_tables.sql,461,CREATE with no later DROP TABLE found,,,Required where exposed; not verified by source inventory
audit.integrity_check_evidence,audit,false,Adjacent domain or infrastructure,BP2-00,,Deferred/adjacent; no new BP surface,No direct BP app entity recommended; retain owning domain. Review a concrete field/workflow dependency before expansion.,V01,Deferred new UI; verify boundary,server/db/ddl/common/audit/03_tables.sql,486,CREATE with no later DROP TABLE found,,,Required where exposed; not verified by source inventory
audit.legal_hold,audit,false,Adjacent domain or infrastructure,BP2-00,,Deferred/adjacent; no new BP surface,No direct BP app entity recommended; retain owning domain. Review a concrete field/workflow dependency before expansion.,V01,Deferred new UI; verify boundary,server/db/ddl/common/audit/03_tables.sql,504,CREATE with no later DROP TABLE found,,,Required where exposed; not verified by source inventory
audit.legal_hold_manifest,audit,false,Adjacent domain or infrastructure,BP2-00,,Deferred/adjacent; no new BP surface,No direct BP app entity recommended; retain owning domain. Review a concrete field/workflow dependency before expansion.,V01,Deferred new UI; verify boundary,server/db/ddl/common/audit/03_tables.sql,522,CREATE with no later DROP TABLE found,,,Required where exposed; not verified by source inventory
audit.retention_policy,audit,false,Adjacent domain or infrastructure,BP2-00,,Deferred/adjacent; no new BP surface,No direct BP app entity recommended; retain owning domain. Review a concrete field/workflow dependency before expansion.,V01,Deferred new UI; verify boundary,server/db/ddl/common/audit/03_tables.sql,538,CREATE with no later DROP TABLE found,,,Required where exposed; not verified by source inventory
document.attachment_series,document,false,Shared comments and attachments,BF-05,BP2-05; BP2-16,Retained shared capability; owned by CA plan,Reuse completed shared capability metadata and authorized services; no duplicate BP attachment/comment implementation,V05; V10; V11,Verify existing dependency,server/db/ddl/common/document/03_foundation_tables.sql,4,CREATE with no later DROP TABLE found,,,Required where exposed; not verified by source inventory
document.attachment,document,false,Shared comments and attachments,BF-05,BP2-05; BP2-16,Retained shared capability; owned by CA plan,Reuse completed shared capability metadata and authorized services; no duplicate BP attachment/comment implementation,V05; V10; V11,Verify existing dependency,server/db/ddl/common/document/03_foundation_tables.sql,29,CREATE with no later DROP TABLE found,,,Required where exposed; not verified by source inventory
document.attachment_folder,document,false,Shared comments and attachments,BF-05,BP2-05; BP2-16,Retained shared capability; owned by CA plan,Reuse completed shared capability metadata and authorized services; no duplicate BP attachment/comment implementation,V05; V10; V11,Verify existing dependency,server/db/ddl/common/document/03_foundation_tables.sql,103,CREATE with no later DROP TABLE found,,,Required where exposed; not verified by source inventory
document.attachment_link,document,false,Shared comments and attachments,BF-05,BP2-05; BP2-16,Retained shared capability; owned by CA plan,Reuse completed shared capability metadata and authorized services; no duplicate BP attachment/comment implementation,V05; V10; V11,Verify existing dependency,server/db/ddl/common/document/03_foundation_tables.sql,131,CREATE with no later DROP TABLE found,,,Required where exposed; not verified by source inventory
document.comment,document,false,Shared comments and attachments,BF-05,BP2-05; BP2-16,Retained shared capability; owned by CA plan,Reuse completed shared capability metadata and authorized services; no duplicate BP attachment/comment implementation,V05; V10; V11,Verify existing dependency,server/db/ddl/common/document/03_foundation_tables.sql,160,CREATE with no later DROP TABLE found,,,Required where exposed; not verified by source inventory
document.comment_draft,document,false,Shared comments and attachments,BF-05,BP2-05; BP2-16,Retained shared capability; owned by CA plan,Reuse completed shared capability metadata and authorized services; no duplicate BP attachment/comment implementation,V05; V10; V11,Verify existing dependency,server/db/ddl/common/document/03_foundation_tables.sql,222,CREATE with no later DROP TABLE found,,,Required where exposed; not verified by source inventory
document.comment_feed_cursor,document,false,Shared comments and attachments,BF-05,BP2-05; BP2-16,Retained shared capability; owned by CA plan,Reuse completed shared capability metadata and authorized services; no duplicate BP attachment/comment implementation,V05; V10; V11,Verify existing dependency,server/db/ddl/common/document/03_foundation_tables.sql,264,CREATE with no later DROP TABLE found,,,Required where exposed; not verified by source inventory
document.comment_mention,document,false,Shared comments and attachments,BF-05,BP2-05; BP2-16,Retained shared capability; owned by CA plan,Reuse completed shared capability metadata and authorized services; no duplicate BP attachment/comment implementation,V05; V10; V11,Verify existing dependency,server/db/ddl/common/document/03_foundation_tables.sql,289,CREATE with no later DROP TABLE found,,,Required where exposed; not verified by source inventory
document.comment_reaction,document,false,Shared comments and attachments,BF-05,BP2-05; BP2-16,Retained shared capability; owned by CA plan,Reuse completed shared capability metadata and authorized services; no duplicate BP attachment/comment implementation,V05; V10; V11,Verify existing dependency,server/db/ddl/common/document/03_foundation_tables.sql,302,CREATE with no later DROP TABLE found,,,Required where exposed; not verified by source inventory
document.content_item,document,false,Shared comments and attachments,BF-05,BP2-05; BP2-16,Retained shared capability; owned by CA plan,Reuse completed shared capability metadata and authorized services; no duplicate BP attachment/comment implementation,V05; V10; V11,Verify existing dependency,server/db/ddl/common/document/03_foundation_tables.sql,319,CREATE with no later DROP TABLE found,,,Required where exposed; not verified by source inventory
document.content_item_link,document,false,Shared comments and attachments,BF-05,BP2-05; BP2-16,Retained shared capability; owned by CA plan,Reuse completed shared capability metadata and authorized services; no duplicate BP attachment/comment implementation,V05; V10; V11,Verify existing dependency,server/db/ddl/common/document/03_foundation_tables.sql,358,CREATE with no later DROP TABLE found,,,Required where exposed; not verified by source inventory
document.attachment_legal_hold,document,false,Shared comments and attachments,BF-05,BP2-05; BP2-16,Retained shared capability; owned by CA plan,Reuse completed shared capability metadata and authorized services; no duplicate BP attachment/comment implementation,V05; V10; V11,Verify existing dependency,server/db/ddl/common/document/03_foundation_tables.sql,384,CREATE with no later DROP TABLE found,,,Required where exposed; not verified by source inventory
document.attachment_legal_hold_event,document,false,Shared comments and attachments,BF-05,BP2-05; BP2-16,Retained shared capability; owned by CA plan,Reuse completed shared capability metadata and authorized services; no duplicate BP attachment/comment implementation,V05; V10; V11,Verify existing dependency,server/db/ddl/common/document/03_foundation_tables.sql,414,CREATE with no later DROP TABLE found,,,Required where exposed; not verified by source inventory
document.attachment_derivative,document,false,Shared comments and attachments,BF-05,BP2-05; BP2-16,Retained shared capability; owned by CA plan,Reuse completed shared capability metadata and authorized services; no duplicate BP attachment/comment implementation,V05; V10; V11,Verify existing dependency,server/db/ddl/common/document/03_foundation_tables.sql,432,CREATE with no later DROP TABLE found,,,Required where exposed; not verified by source inventory
document.comment_revision,document,false,Shared comments and attachments,BF-05,BP2-05; BP2-16,Retained shared capability; owned by CA plan,Reuse completed shared capability metadata and authorized services; no duplicate BP attachment/comment implementation,V05; V10; V11,Verify existing dependency,server/db/ddl/common/document/03_foundation_tables.sql,481,CREATE with no later DROP TABLE found,,,Required where exposed; not verified by source inventory
document.conversation,document,false,Adjacent domain or infrastructure,BP2-00,,Deferred/adjacent; no new BP surface,No direct BP app entity recommended; retain owning domain. Review a concrete field/workflow dependency before expansion.,V01,Deferred new UI; verify boundary,server/db/ddl/planes/neon/document/03_tables.sql,22,CREATE with no later DROP TABLE found,,,Required where exposed; not verified by source inventory
document.conversation_participant,document,false,Adjacent domain or infrastructure,BP2-00,,Deferred/adjacent; no new BP surface,No direct BP app entity recommended; retain owning domain. Review a concrete field/workflow dependency before expansion.,V01,Deferred new UI; verify boundary,server/db/ddl/planes/neon/document/03_tables.sql,61,CREATE with no later DROP TABLE found,,,Required where exposed; not verified by source inventory
document.multipart_upload,document,false,Adjacent domain or infrastructure,BP2-00,,Deferred/adjacent; no new BP surface,No direct BP app entity recommended; retain owning domain. Review a concrete field/workflow dependency before expansion.,V01,Deferred new UI; verify boundary,server/db/ddl/planes/neon/document/03_tables.sql,94,CREATE with no later DROP TABLE found,,,Required where exposed; not verified by source inventory
document.workflow_request,document,false,Adjacent domain or infrastructure,BP2-00,,Deferred/adjacent; no new BP surface,No direct BP app entity recommended; retain owning domain. Review a concrete field/workflow dependency before expansion.,V01,Deferred new UI; verify boundary,server/db/ddl/planes/neon/document/03_tables.sql,155,CREATE with no later DROP TABLE found,,,Required where exposed; not verified by source inventory
document.workflow_stage,document,false,Adjacent domain or infrastructure,BP2-00,,Deferred/adjacent; no new BP surface,No direct BP app entity recommended; retain owning domain. Review a concrete field/workflow dependency before expansion.,V01,Deferred new UI; verify boundary,server/db/ddl/planes/neon/document/03_tables.sql,211,CREATE with no later DROP TABLE found,,,Required where exposed; not verified by source inventory
document.commitment,document,false,Adjacent domain or infrastructure,BP2-00,,Deferred/adjacent; no new BP surface,No direct BP app entity recommended; retain owning domain. Review a concrete field/workflow dependency before expansion.,V01,Deferred new UI; verify boundary,server/db/ddl/planes/neon/document/03_tables.sql,254,CREATE with no later DROP TABLE found,,,Required where exposed; not verified by source inventory
document.commitment_line,document,false,Adjacent domain or infrastructure,BP2-00,,Deferred/adjacent; no new BP surface,No direct BP app entity recommended; retain owning domain. Review a concrete field/workflow dependency before expansion.,V01,Deferred new UI; verify boundary,server/db/ddl/planes/neon/document/03_tables.sql,325,CREATE with no later DROP TABLE found,,,Required where exposed; not verified by source inventory
document.commitment_release_allocation,document,false,Adjacent domain or infrastructure,BP2-00,,Deferred/adjacent; no new BP surface,No direct BP app entity recommended; retain owning domain. Review a concrete field/workflow dependency before expansion.,V01,Deferred new UI; verify boundary,server/db/ddl/planes/neon/document/03_tables.sql,407,CREATE with no later DROP TABLE found,,,Required where exposed; not verified by source inventory
document.purchase_invoice,document,false,Adjacent domain or infrastructure,BP2-00,,Deferred/adjacent; no new BP surface,No direct BP app entity recommended; retain owning domain. Review a concrete field/workflow dependency before expansion.,V01,Deferred new UI; verify boundary,server/db/ddl/planes/neon/document/03_tables.sql,442,CREATE with no later DROP TABLE found,,,Required where exposed; not verified by source inventory
document.purchase_invoice_line,document,false,Adjacent domain or infrastructure,BP2-00,,Deferred/adjacent; no new BP surface,No direct BP app entity recommended; retain owning domain. Review a concrete field/workflow dependency before expansion.,V01,Deferred new UI; verify boundary,server/db/ddl/planes/neon/document/03_tables.sql,543,CREATE with no later DROP TABLE found,,,Required where exposed; not verified by source inventory
document.invoice_match_case,document,false,Adjacent domain or infrastructure,BP2-00,,Deferred/adjacent; no new BP surface,No direct BP app entity recommended; retain owning domain. Review a concrete field/workflow dependency before expansion.,V01,Deferred new UI; verify boundary,server/db/ddl/planes/neon/document/03_tables.sql,625,CREATE with no later DROP TABLE found,,,Required where exposed; not verified by source inventory
document.accounting_distribution,document,false,Adjacent domain or infrastructure,BP2-00,,Deferred/adjacent; no new BP surface,No direct BP app entity recommended; retain owning domain. Review a concrete field/workflow dependency before expansion.,V01,Deferred new UI; verify boundary,server/db/ddl/planes/neon/document/03_tables.sql,661,CREATE with no later DROP TABLE found,,,Required where exposed; not verified by source inventory
document.payment_term_application,document,false,Adjacent domain or infrastructure,BP2-00,,Deferred/adjacent; no new BP surface,No direct BP app entity recommended; retain owning domain. Review a concrete field/workflow dependency before expansion.,V01,Deferred new UI; verify boundary,server/db/ddl/planes/neon/document/03_tables.sql,717,CREATE with no later DROP TABLE found,,,Required where exposed; not verified by source inventory
document.payment_entry,document,false,Adjacent domain or infrastructure,BP2-00,,Deferred/adjacent; no new BP surface,No direct BP app entity recommended; retain owning domain. Review a concrete field/workflow dependency before expansion.,V01,Deferred new UI; verify boundary,server/db/ddl/planes/neon/document/03_tables.sql,796,CREATE with no later DROP TABLE found,,,Required where exposed; not verified by source inventory
document.payment_entry_allocation,document,false,Adjacent domain or infrastructure,BP2-00,,Deferred/adjacent; no new BP surface,No direct BP app entity recommended; retain owning domain. Review a concrete field/workflow dependency before expansion.,V01,Deferred new UI; verify boundary,server/db/ddl/planes/neon/document/03_tables.sql,881,CREATE with no later DROP TABLE found,,,Required where exposed; not verified by source inventory
document.journal_entry,document,false,Adjacent domain or infrastructure,BP2-00,,Deferred/adjacent; no new BP surface,No direct BP app entity recommended; retain owning domain. Review a concrete field/workflow dependency before expansion.,V01,Deferred new UI; verify boundary,server/db/ddl/planes/neon/document/03_tables.sql,933,CREATE with no later DROP TABLE found,,,Required where exposed; not verified by source inventory
document.journal_line,document,false,Adjacent domain or infrastructure,BP2-00,,Deferred/adjacent; no new BP surface,No direct BP app entity recommended; retain owning domain. Review a concrete field/workflow dependency before expansion.,V01,Deferred new UI; verify boundary,server/db/ddl/planes/neon/document/03_tables.sql,993,CREATE with no later DROP TABLE found,,,Required where exposed; not verified by source inventory
document.journal_line_reference,document,false,Adjacent domain or infrastructure,BP2-00,,Deferred/adjacent; no new BP surface,No direct BP app entity recommended; retain owning domain. Review a concrete field/workflow dependency before expansion.,V01,Deferred new UI; verify boundary,server/db/ddl/planes/neon/document/03_tables.sql,1049,CREATE with no later DROP TABLE found,,,Required where exposed; not verified by source inventory
document.purchase_requisition,document,false,Adjacent domain or infrastructure,BP2-00,,Deferred/adjacent; no new BP surface,No direct BP app entity recommended; retain owning domain. Review a concrete field/workflow dependency before expansion.,V01,Deferred new UI; verify boundary,server/db/ddl/planes/neon/document/03_tables.sql,1116,CREATE with no later DROP TABLE found,,,Required where exposed; not verified by source inventory
document.purchase_requisition_line,document,false,Adjacent domain or infrastructure,BP2-00,,Deferred/adjacent; no new BP surface,No direct BP app entity recommended; retain owning domain. Review a concrete field/workflow dependency before expansion.,V01,Deferred new UI; verify boundary,server/db/ddl/planes/neon/document/03_tables.sql,1173,CREATE with no later DROP TABLE found,,,Required where exposed; not verified by source inventory
document.purchase_order_confirmation,document,false,Adjacent domain or infrastructure,BP2-00,,Deferred/adjacent; no new BP surface,No direct BP app entity recommended; retain owning domain. Review a concrete field/workflow dependency before expansion.,V01,Deferred new UI; verify boundary,server/db/ddl/planes/neon/document/03_tables.sql,1240,CREATE with no later DROP TABLE found,,,Required where exposed; not verified by source inventory
document.purchase_order_confirmation_line,document,false,Adjacent domain or infrastructure,BP2-00,,Deferred/adjacent; no new BP surface,No direct BP app entity recommended; retain owning domain. Review a concrete field/workflow dependency before expansion.,V01,Deferred new UI; verify boundary,server/db/ddl/planes/neon/document/03_tables.sql,1281,CREATE with no later DROP TABLE found,,,Required where exposed; not verified by source inventory
document.delivery_note,document,false,Adjacent domain or infrastructure,BP2-00,,Deferred/adjacent; no new BP surface,No direct BP app entity recommended; retain owning domain. Review a concrete field/workflow dependency before expansion.,V01,Deferred new UI; verify boundary,server/db/ddl/planes/neon/document/03_tables.sql,1308,CREATE with no later DROP TABLE found,,,Required where exposed; not verified by source inventory
document.delivery_note_line,document,false,Adjacent domain or infrastructure,BP2-00,,Deferred/adjacent; no new BP surface,No direct BP app entity recommended; retain owning domain. Review a concrete field/workflow dependency before expansion.,V01,Deferred new UI; verify boundary,server/db/ddl/planes/neon/document/03_tables.sql,1362,CREATE with no later DROP TABLE found,,,Required where exposed; not verified by source inventory
document.receipt,document,false,Adjacent domain or infrastructure,BP2-00,,Deferred/adjacent; no new BP surface,No direct BP app entity recommended; retain owning domain. Review a concrete field/workflow dependency before expansion.,V01,Deferred new UI; verify boundary,server/db/ddl/planes/neon/document/03_tables.sql,1403,CREATE with no later DROP TABLE found,,,Required where exposed; not verified by source inventory
document.receipt_line,document,false,Adjacent domain or infrastructure,BP2-00,,Deferred/adjacent; no new BP surface,No direct BP app entity recommended; retain owning domain. Review a concrete field/workflow dependency before expansion.,V01,Deferred new UI; verify boundary,server/db/ddl/planes/neon/document/03_tables.sql,1459,CREATE with no later DROP TABLE found,,,Required where exposed; not verified by source inventory
document.service_sheet,document,false,Supplier workforce documents,BP2-13,BP2-12,Scoped summary/deep link to owning workflow,Supplier-filtered related summaries/deep links with governed lifecycle; detailed execution stays in Workforce/Procurement/Finance,V05; V06; V13; V14,Planned,server/db/ddl/planes/neon/document/03_tables.sql,1525,CREATE with no later DROP TABLE found,,,Required where exposed; not verified by source inventory
document.service_sheet_line,document,false,Supplier workforce documents,BP2-13,BP2-12,Scoped summary/deep link to owning workflow,Supplier-filtered related summaries/deep links with governed lifecycle; detailed execution stays in Workforce/Procurement/Finance,V05; V06; V13; V14,Planned,server/db/ddl/planes/neon/document/03_tables.sql,1582,CREATE with no later DROP TABLE found,,,Required where exposed; not verified by source inventory
document.pricing_component,document,false,Adjacent domain or infrastructure,BP2-00,,Deferred/adjacent; no new BP surface,No direct BP app entity recommended; retain owning domain. Review a concrete field/workflow dependency before expansion.,V01,Deferred new UI; verify boundary,server/db/ddl/planes/neon/document/03_tables.sql,1646,CREATE with no later DROP TABLE found,,,Required where exposed; not verified by source inventory
document.schedule_line,document,false,Adjacent domain or infrastructure,BP2-00,,Deferred/adjacent; no new BP surface,No direct BP app entity recommended; retain owning domain. Review a concrete field/workflow dependency before expansion.,V01,Deferred new UI; verify boundary,server/db/ddl/planes/neon/document/03_tables.sql,1751,CREATE with no later DROP TABLE found,,,Required where exposed; not verified by source inventory
document.catalog_import,document,false,Adjacent domain or infrastructure,BP2-00,,Deferred/adjacent; no new BP surface,No direct BP app entity recommended; retain owning domain. Review a concrete field/workflow dependency before expansion.,V01,Deferred new UI; verify boundary,server/db/ddl/planes/neon/document/03_tables.sql,1825,CREATE with no later DROP TABLE found,,,Required where exposed; not verified by source inventory
document.catalog_import_line,document,false,Adjacent domain or infrastructure,BP2-00,,Deferred/adjacent; no new BP surface,No direct BP app entity recommended; retain owning domain. Review a concrete field/workflow dependency before expansion.,V01,Deferred new UI; verify boundary,server/db/ddl/planes/neon/document/03_tables.sql,1874,CREATE with no later DROP TABLE found,,,Required where exposed; not verified by source inventory
document.punchout_cart,document,false,Adjacent domain or infrastructure,BP2-00,,Deferred/adjacent; no new BP surface,No direct BP app entity recommended; retain owning domain. Review a concrete field/workflow dependency before expansion.,V01,Deferred new UI; verify boundary,server/db/ddl/planes/neon/document/03_tables.sql,1966,CREATE with no later DROP TABLE found,,,Required where exposed; not verified by source inventory
document.punchout_cart_line,document,false,Adjacent domain or infrastructure,BP2-00,,Deferred/adjacent; no new BP surface,No direct BP app entity recommended; retain owning domain. Review a concrete field/workflow dependency before expansion.,V01,Deferred new UI; verify boundary,server/db/ddl/planes/neon/document/03_tables.sql,2007,CREATE with no later DROP TABLE found,,,Required where exposed; not verified by source inventory
document.production_order,document,false,Adjacent domain or infrastructure,BP2-00,,Deferred/adjacent; no new BP surface,No direct BP app entity recommended; retain owning domain. Review a concrete field/workflow dependency before expansion.,V01,Deferred new UI; verify boundary,server/db/ddl/planes/neon/document/03_tables.sql,2070,CREATE with no later DROP TABLE found,,,Required where exposed; not verified by source inventory
document.production_order_component,document,false,Adjacent domain or infrastructure,BP2-00,,Deferred/adjacent; no new BP surface,No direct BP app entity recommended; retain owning domain. Review a concrete field/workflow dependency before expansion.,V01,Deferred new UI; verify boundary,server/db/ddl/planes/neon/document/03_tables.sql,2131,CREATE with no later DROP TABLE found,,,Required where exposed; not verified by source inventory
document.sales_order,document,false,Adjacent domain or infrastructure,BP2-00,,Deferred/adjacent; no new BP surface,No direct BP app entity recommended; retain owning domain. Review a concrete field/workflow dependency before expansion.,V01,Deferred new UI; verify boundary,server/db/ddl/planes/neon/document/03_tables.sql,2182,CREATE with no later DROP TABLE found,,,Required where exposed; not verified by source inventory
document.sales_order_line,document,false,Adjacent domain or infrastructure,BP2-00,,Deferred/adjacent; no new BP surface,No direct BP app entity recommended; retain owning domain. Review a concrete field/workflow dependency before expansion.,V01,Deferred new UI; verify boundary,server/db/ddl/planes/neon/document/03_tables.sql,2218,CREATE with no later DROP TABLE found,,,Required where exposed; not verified by source inventory
document.stocktake,document,false,Adjacent domain or infrastructure,BP2-00,,Deferred/adjacent; no new BP surface,No direct BP app entity recommended; retain owning domain. Review a concrete field/workflow dependency before expansion.,V01,Deferred new UI; verify boundary,server/db/ddl/planes/neon/document/03_tables.sql,2265,CREATE with no later DROP TABLE found,,,Required where exposed; not verified by source inventory
document.stocktake_line,document,false,Adjacent domain or infrastructure,BP2-00,,Deferred/adjacent; no new BP surface,No direct BP app entity recommended; retain owning domain. Review a concrete field/workflow dependency before expansion.,V01,Deferred new UI; verify boundary,server/db/ddl/planes/neon/document/03_tables.sql,2306,CREATE with no later DROP TABLE found,,,Required where exposed; not verified by source inventory
document.sales_opportunity,document,false,Adjacent domain or infrastructure,BP2-00,,Deferred/adjacent; no new BP surface,No direct BP app entity recommended; retain owning domain. Review a concrete field/workflow dependency before expansion.,V01,Deferred new UI; verify boundary,server/db/ddl/planes/neon/document/03_tables.sql,2350,CREATE with no later DROP TABLE found,,,Required where exposed; not verified by source inventory
document.sales_opportunity_company,document,false,Adjacent domain or infrastructure,BP2-00,,Deferred/adjacent; no new BP surface,No direct BP app entity recommended; retain owning domain. Review a concrete field/workflow dependency before expansion.,V01,Deferred new UI; verify boundary,server/db/ddl/planes/neon/document/03_tables.sql,2391,CREATE with no later DROP TABLE found,,,Required where exposed; not verified by source inventory
document.sales_quotation,document,false,Adjacent domain or infrastructure,BP2-00,,Deferred/adjacent; no new BP surface,No direct BP app entity recommended; retain owning domain. Review a concrete field/workflow dependency before expansion.,V01,Deferred new UI; verify boundary,server/db/ddl/planes/neon/document/03_tables.sql,2411,CREATE with no later DROP TABLE found,,,Required where exposed; not verified by source inventory
document.sales_quotation_company,document,false,Adjacent domain or infrastructure,BP2-00,,Deferred/adjacent; no new BP surface,No direct BP app entity recommended; retain owning domain. Review a concrete field/workflow dependency before expansion.,V01,Deferred new UI; verify boundary,server/db/ddl/planes/neon/document/03_tables.sql,2450,CREATE with no later DROP TABLE found,,,Required where exposed; not verified by source inventory
document.sales_quotation_allocation,document,false,Adjacent domain or infrastructure,BP2-00,,Deferred/adjacent; no new BP surface,No direct BP app entity recommended; retain owning domain. Review a concrete field/workflow dependency before expansion.,V01,Deferred new UI; verify boundary,server/db/ddl/planes/neon/document/03_tables.sql,2470,CREATE with no later DROP TABLE found,,,Required where exposed; not verified by source inventory
document.sales_order_intercompany_fulfillment,document,false,Adjacent domain or infrastructure,BP2-00,,Deferred/adjacent; no new BP surface,No direct BP app entity recommended; retain owning domain. Review a concrete field/workflow dependency before expansion.,V01,Deferred new UI; verify boundary,server/db/ddl/planes/neon/document/03_tables.sql,2504,CREATE with no later DROP TABLE found,,,Required where exposed; not verified by source inventory
document.bank_statement,document,false,Adjacent domain or infrastructure,BP2-00,,Deferred/adjacent; no new BP surface,No direct BP app entity recommended; retain owning domain. Review a concrete field/workflow dependency before expansion.,V01,Deferred new UI; verify boundary,server/db/ddl/planes/neon/document/03_tables.sql,2544,CREATE with no later DROP TABLE found,,,Required where exposed; not verified by source inventory
document.bank_statement_line,document,false,Adjacent domain or infrastructure,BP2-00,,Deferred/adjacent; no new BP surface,No direct BP app entity recommended; retain owning domain. Review a concrete field/workflow dependency before expansion.,V01,Deferred new UI; verify boundary,server/db/ddl/planes/neon/document/03_tables.sql,2585,CREATE with no later DROP TABLE found,,,Required where exposed; not verified by source inventory
document.bank_recon_case,document,false,Adjacent domain or infrastructure,BP2-00,,Deferred/adjacent; no new BP surface,No direct BP app entity recommended; retain owning domain. Review a concrete field/workflow dependency before expansion.,V01,Deferred new UI; verify boundary,server/db/ddl/planes/neon/document/03_tables.sql,2620,CREATE with no later DROP TABLE found,,,Required where exposed; not verified by source inventory
document.bank_recon_case_line,document,false,Adjacent domain or infrastructure,BP2-00,,Deferred/adjacent; no new BP surface,No direct BP app entity recommended; retain owning domain. Review a concrete field/workflow dependency before expansion.,V01,Deferred new UI; verify boundary,server/db/ddl/planes/neon/document/03_tables.sql,2670,CREATE with no later DROP TABLE found,,,Required where exposed; not verified by source inventory
document.depreciation_run,document,false,Adjacent domain or infrastructure,BP2-00,,Deferred/adjacent; no new BP surface,No direct BP app entity recommended; retain owning domain. Review a concrete field/workflow dependency before expansion.,V01,Deferred new UI; verify boundary,server/db/ddl/planes/neon/document/03_tables.sql,2693,CREATE with no later DROP TABLE found,,,Required where exposed; not verified by source inventory
document.depreciation_run_line,document,false,Adjacent domain or infrastructure,BP2-00,,Deferred/adjacent; no new BP surface,No direct BP app entity recommended; retain owning domain. Review a concrete field/workflow dependency before expansion.,V01,Deferred new UI; verify boundary,server/db/ddl/planes/neon/document/03_tables.sql,2745,CREATE with no later DROP TABLE found,,,Required where exposed; not verified by source inventory
document.depreciation_schedule,document,false,Adjacent domain or infrastructure,BP2-00,,Deferred/adjacent; no new BP surface,No direct BP app entity recommended; retain owning domain. Review a concrete field/workflow dependency before expansion.,V01,Deferred new UI; verify boundary,server/db/ddl/planes/neon/document/03_tables.sql,2791,CREATE with no later DROP TABLE found,,,Required where exposed; not verified by source inventory
document.sourcing_event,document,false,Adjacent domain or infrastructure,BP2-00,,Deferred/adjacent; no new BP surface,No direct BP app entity recommended; retain owning domain. Review a concrete field/workflow dependency before expansion.,V01,Deferred new UI; verify boundary,server/db/ddl/planes/neon/document/03_tables.sql,2842,CREATE with no later DROP TABLE found,,,Required where exposed; not verified by source inventory
document.sourcing_event_company,document,false,Adjacent domain or infrastructure,BP2-00,,Deferred/adjacent; no new BP surface,No direct BP app entity recommended; retain owning domain. Review a concrete field/workflow dependency before expansion.,V01,Deferred new UI; verify boundary,server/db/ddl/planes/neon/document/03_tables.sql,2895,CREATE with no later DROP TABLE found,,,Required where exposed; not verified by source inventory
document.sourcing_event_demand,document,false,Adjacent domain or infrastructure,BP2-00,,Deferred/adjacent; no new BP surface,No direct BP app entity recommended; retain owning domain. Review a concrete field/workflow dependency before expansion.,V01,Deferred new UI; verify boundary,server/db/ddl/planes/neon/document/03_tables.sql,2917,CREATE with no later DROP TABLE found,,,Required where exposed; not verified by source inventory
document.sourcing_event_award,document,false,Adjacent domain or infrastructure,BP2-00,,Deferred/adjacent; no new BP surface,No direct BP app entity recommended; retain owning domain. Review a concrete field/workflow dependency before expansion.,V01,Deferred new UI; verify boundary,server/db/ddl/planes/neon/document/03_tables.sql,2952,CREATE with no later DROP TABLE found,,,Required where exposed; not verified by source inventory
document.sourcing_event_award_allocation,document,false,Adjacent domain or infrastructure,BP2-00,,Deferred/adjacent; no new BP surface,No direct BP app entity recommended; retain owning domain. Review a concrete field/workflow dependency before expansion.,V01,Deferred new UI; verify boundary,server/db/ddl/planes/neon/document/03_tables.sql,2990,CREATE with no later DROP TABLE found,,,Required where exposed; not verified by source inventory
document.sourcing_event_intercompany_allocation,document,false,Adjacent domain or infrastructure,BP2-00,,Deferred/adjacent; no new BP surface,No direct BP app entity recommended; retain owning domain. Review a concrete field/workflow dependency before expansion.,V01,Deferred new UI; verify boundary,server/db/ddl/planes/neon/document/03_tables.sql,3023,CREATE with no later DROP TABLE found,,,Required where exposed; not verified by source inventory
document.shift_assignment,document,false,Adjacent domain or infrastructure,BP2-00,,Deferred/adjacent; no new BP surface,No direct BP app entity recommended; retain owning domain. Review a concrete field/workflow dependency before expansion.,V01,Deferred new UI; verify boundary,server/db/ddl/planes/neon/document/03_tables.sql,3060,CREATE with no later DROP TABLE found,,,Required where exposed; not verified by source inventory
document.time_punch,document,false,Adjacent domain or infrastructure,BP2-00,,Deferred/adjacent; no new BP surface,No direct BP app entity recommended; retain owning domain. Review a concrete field/workflow dependency before expansion.,V01,Deferred new UI; verify boundary,server/db/ddl/planes/neon/document/03_tables.sql,3078,CREATE with no later DROP TABLE found,,,Required where exposed; not verified by source inventory
document.attendance_day,document,false,Adjacent domain or infrastructure,BP2-00,,Deferred/adjacent; no new BP surface,No direct BP app entity recommended; retain owning domain. Review a concrete field/workflow dependency before expansion.,V01,Deferred new UI; verify boundary,server/db/ddl/planes/neon/document/03_tables.sql,3094,CREATE with no later DROP TABLE found,,,Required where exposed; not verified by source inventory
document.attendance_adjustment_request,document,false,Adjacent domain or infrastructure,BP2-00,,Deferred/adjacent; no new BP surface,No direct BP app entity recommended; retain owning domain. Review a concrete field/workflow dependency before expansion.,V01,Deferred new UI; verify boundary,server/db/ddl/planes/neon/document/03_tables.sql,3114,CREATE with no later DROP TABLE found,,,Required where exposed; not verified by source inventory
document.compensation_change,document,false,Adjacent domain or infrastructure,BP2-00,,Deferred/adjacent; no new BP surface,No direct BP app entity recommended; retain owning domain. Review a concrete field/workflow dependency before expansion.,V01,Deferred new UI; verify boundary,server/db/ddl/planes/neon/document/03_tables.sql,3133,CREATE with no later DROP TABLE found,,,Required where exposed; not verified by source inventory
document.employee_tax_declaration,document,false,Adjacent domain or infrastructure,BP2-00,,Deferred/adjacent; no new BP surface,No direct BP app entity recommended; retain owning domain. Review a concrete field/workflow dependency before expansion.,V01,Deferred new UI; verify boundary,server/db/ddl/planes/neon/document/03_tables.sql,3157,CREATE with no later DROP TABLE found,,,Required where exposed; not verified by source inventory
document.employee_tax_declaration_line,document,false,Adjacent domain or infrastructure,BP2-00,,Deferred/adjacent; no new BP surface,No direct BP app entity recommended; retain owning domain. Review a concrete field/workflow dependency before expansion.,V01,Deferred new UI; verify boundary,server/db/ddl/planes/neon/document/03_tables.sql,3175,CREATE with no later DROP TABLE found,,,Required where exposed; not verified by source inventory
document.leave_request,document,false,Adjacent domain or infrastructure,BP2-00,,Deferred/adjacent; no new BP surface,No direct BP app entity recommended; retain owning domain. Review a concrete field/workflow dependency before expansion.,V01,Deferred new UI; verify boundary,server/db/ddl/planes/neon/document/03_tables.sql,3189,CREATE with no later DROP TABLE found,,,Required where exposed; not verified by source inventory
document.leave_balance_entry,document,false,Adjacent domain or infrastructure,BP2-00,,Deferred/adjacent; no new BP surface,No direct BP app entity recommended; retain owning domain. Review a concrete field/workflow dependency before expansion.,V01,Deferred new UI; verify boundary,server/db/ddl/planes/neon/document/03_tables.sql,3209,CREATE with no later DROP TABLE found,,,Required where exposed; not verified by source inventory
document.people_request,document,false,Adjacent domain or infrastructure,BP2-00,,Deferred/adjacent; no new BP surface,No direct BP app entity recommended; retain owning domain. Review a concrete field/workflow dependency before expansion.,V01,Deferred new UI; verify boundary,server/db/ddl/planes/neon/document/03_tables.sql,3224,CREATE with no later DROP TABLE found,,,Required where exposed; not verified by source inventory
document.workforce_request,document,false,Internal workforce boundary,BP2-12,,Retained People dependency; no supplier-workforce substitution,Separate People-owned workforce lifecycle from supplier external-worker engagement,V13,Deferred new UI; verify boundary,server/db/ddl/planes/neon/document/03_tables.sql,3244,CREATE with no later DROP TABLE found,,,Required where exposed; not verified by source inventory
document.workforce_request_validation,document,false,Internal workforce boundary,BP2-12,,Retained People dependency; no supplier-workforce substitution,Separate People-owned workforce lifecycle from supplier external-worker engagement,V13,Deferred new UI; verify boundary,server/db/ddl/planes/neon/document/03_tables.sql,3383,CREATE with no later DROP TABLE found,,,Required where exposed; not verified by source inventory
document.hr_case,document,false,Adjacent domain or infrastructure,BP2-00,,Deferred/adjacent; no new BP surface,No direct BP app entity recommended; retain owning domain. Review a concrete field/workflow dependency before expansion.,V01,Deferred new UI; verify boundary,server/db/ddl/planes/neon/document/03_tables.sql,3401,CREATE with no later DROP TABLE found,,,Required where exposed; not verified by source inventory
document.onboarding_case,document,false,Adjacent domain or infrastructure,BP2-00,,Deferred/adjacent; no new BP surface,No direct BP app entity recommended; retain owning domain. Review a concrete field/workflow dependency before expansion.,V01,Deferred new UI; verify boundary,server/db/ddl/planes/neon/document/03_tables.sql,3418,CREATE with no later DROP TABLE found,,,Required where exposed; not verified by source inventory
document.offboarding_case,document,false,Adjacent domain or infrastructure,BP2-00,,Deferred/adjacent; no new BP surface,No direct BP app entity recommended; retain owning domain. Review a concrete field/workflow dependency before expansion.,V01,Deferred new UI; verify boundary,server/db/ddl/planes/neon/document/03_tables.sql,3431,CREATE with no later DROP TABLE found,,,Required where exposed; not verified by source inventory
document.payroll_period,document,false,Adjacent domain or infrastructure,BP2-00,,Deferred/adjacent; no new BP surface,No direct BP app entity recommended; retain owning domain. Review a concrete field/workflow dependency before expansion.,V01,Deferred new UI; verify boundary,server/db/ddl/planes/neon/document/03_tables.sql,3444,CREATE with no later DROP TABLE found,,,Required where exposed; not verified by source inventory
document.payroll_run,document,false,Adjacent domain or infrastructure,BP2-00,,Deferred/adjacent; no new BP surface,No direct BP app entity recommended; retain owning domain. Review a concrete field/workflow dependency before expansion.,V01,Deferred new UI; verify boundary,server/db/ddl/planes/neon/document/03_tables.sql,3459,CREATE with no later DROP TABLE found,,,Required where exposed; not verified by source inventory
document.payroll_run_employee,document,false,Adjacent domain or infrastructure,BP2-00,,Deferred/adjacent; no new BP surface,No direct BP app entity recommended; retain owning domain. Review a concrete field/workflow dependency before expansion.,V01,Deferred new UI; verify boundary,server/db/ddl/planes/neon/document/03_tables.sql,3483,CREATE with no later DROP TABLE found,,,Required where exposed; not verified by source inventory
document.payroll_result,document,false,Adjacent domain or infrastructure,BP2-00,,Deferred/adjacent; no new BP surface,No direct BP app entity recommended; retain owning domain. Review a concrete field/workflow dependency before expansion.,V01,Deferred new UI; verify boundary,server/db/ddl/planes/neon/document/03_tables.sql,3496,CREATE with no later DROP TABLE found,,,Required where exposed; not verified by source inventory
document.payroll_result_line,document,false,Adjacent domain or infrastructure,BP2-00,,Deferred/adjacent; no new BP surface,No direct BP app entity recommended; retain owning domain. Review a concrete field/workflow dependency before expansion.,V01,Deferred new UI; verify boundary,server/db/ddl/planes/neon/document/03_tables.sql,3514,CREATE with no later DROP TABLE found,,,Required where exposed; not verified by source inventory
document.policy_acknowledgment,document,false,Adjacent domain or infrastructure,BP2-00,,Deferred/adjacent; no new BP surface,No direct BP app entity recommended; retain owning domain. Review a concrete field/workflow dependency before expansion.,V01,Deferred new UI; verify boundary,server/db/ddl/planes/neon/document/03_tables.sql,3530,CREATE with no later DROP TABLE found,,,Required where exposed; not verified by source inventory
document.project_task,document,false,Adjacent domain or infrastructure,BP2-00,,Deferred/adjacent; no new BP surface,No direct BP app entity recommended; retain owning domain. Review a concrete field/workflow dependency before expansion.,V01,Deferred new UI; verify boundary,server/db/ddl/planes/neon/document/03_tables.sql,3569,CREATE with no later DROP TABLE found,,,Required where exposed; not verified by source inventory
document.project_task_requirement,document,false,Adjacent domain or infrastructure,BP2-00,,Deferred/adjacent; no new BP surface,No direct BP app entity recommended; retain owning domain. Review a concrete field/workflow dependency before expansion.,V01,Deferred new UI; verify boundary,server/db/ddl/planes/neon/document/03_tables.sql,3623,CREATE with no later DROP TABLE found,,,Required where exposed; not verified by source inventory
document.budget_profile,document,false,Adjacent domain or infrastructure,BP2-00,,Deferred/adjacent; no new BP surface,No direct BP app entity recommended; retain owning domain. Review a concrete field/workflow dependency before expansion.,V01,Deferred new UI; verify boundary,server/db/ddl/planes/neon/document/03_tables.sql,3664,CREATE with no later DROP TABLE found,,,Required where exposed; not verified by source inventory
document.budget_allocation,document,false,Adjacent domain or infrastructure,BP2-00,,Deferred/adjacent; no new BP surface,No direct BP app entity recommended; retain owning domain. Review a concrete field/workflow dependency before expansion.,V01,Deferred new UI; verify boundary,server/db/ddl/planes/neon/document/03_tables.sql,3716,CREATE with no later DROP TABLE found,,,Required where exposed; not verified by source inventory
document.planning_scenario,document,false,Adjacent domain or infrastructure,BP2-00,,Deferred/adjacent; no new BP surface,No direct BP app entity recommended; retain owning domain. Review a concrete field/workflow dependency before expansion.,V01,Deferred new UI; verify boundary,server/db/ddl/planes/neon/document/03_tables.sql,3766,CREATE with no later DROP TABLE found,,,Required where exposed; not verified by source inventory
document.planning_scenario_line,document,false,Adjacent domain or infrastructure,BP2-00,,Deferred/adjacent; no new BP surface,No direct BP app entity recommended; retain owning domain. Review a concrete field/workflow dependency before expansion.,V01,Deferred new UI; verify boundary,server/db/ddl/planes/neon/document/03_tables.sql,3813,CREATE with no later DROP TABLE found,,,Required where exposed; not verified by source inventory
document.asset_transaction,document,false,Adjacent domain or infrastructure,BP2-00,,Deferred/adjacent; no new BP surface,No direct BP app entity recommended; retain owning domain. Review a concrete field/workflow dependency before expansion.,V01,Deferred new UI; verify boundary,server/db/ddl/planes/neon/document/03_tables.sql,3869,CREATE with no later DROP TABLE found,,,Required where exposed; not verified by source inventory
document.fx_revaluation_run,document,false,Adjacent domain or infrastructure,BP2-00,,Deferred/adjacent; no new BP surface,No direct BP app entity recommended; retain owning domain. Review a concrete field/workflow dependency before expansion.,V01,Deferred new UI; verify boundary,server/db/ddl/planes/neon/document/03_tables.sql,3902,CREATE with no later DROP TABLE found,,,Required where exposed; not verified by source inventory
document.intercompany_agreement,document,false,Adjacent domain or infrastructure,BP2-00,,Deferred/adjacent; no new BP surface,No direct BP app entity recommended; retain owning domain. Review a concrete field/workflow dependency before expansion.,V01,Deferred new UI; verify boundary,server/db/ddl/planes/neon/document/03_tables.sql,3932,CREATE with no later DROP TABLE found,,,Required where exposed; not verified by source inventory
document.intercompany_transaction,document,false,Adjacent domain or infrastructure,BP2-00,,Deferred/adjacent; no new BP surface,No direct BP app entity recommended; retain owning domain. Review a concrete field/workflow dependency before expansion.,V01,Deferred new UI; verify boundary,server/db/ddl/planes/neon/document/03_tables.sql,3967,CREATE with no later DROP TABLE found,,,Required where exposed; not verified by source inventory
document.ic_elimination,document,false,Adjacent domain or infrastructure,BP2-00,,Deferred/adjacent; no new BP surface,No direct BP app entity recommended; retain owning domain. Review a concrete field/workflow dependency before expansion.,V01,Deferred new UI; verify boundary,server/db/ddl/planes/neon/document/03_tables.sql,4003,CREATE with no later DROP TABLE found,,,Required where exposed; not verified by source inventory
document.match_exception,document,false,Adjacent domain or infrastructure,BP2-00,,Deferred/adjacent; no new BP surface,No direct BP app entity recommended; retain owning domain. Review a concrete field/workflow dependency before expansion.,V01,Deferred new UI; verify boundary,server/db/ddl/planes/neon/document/03_tables.sql,4039,CREATE with no later DROP TABLE found,,,Required where exposed; not verified by source inventory
document.netting_batch,document,false,Adjacent domain or infrastructure,BP2-00,,Deferred/adjacent; no new BP surface,No direct BP app entity recommended; retain owning domain. Review a concrete field/workflow dependency before expansion.,V01,Deferred new UI; verify boundary,server/db/ddl/planes/neon/document/03_tables.sql,4060,CREATE with no later DROP TABLE found,,,Required where exposed; not verified by source inventory
document.obligation_horizon,document,false,Adjacent domain or infrastructure,BP2-00,,Deferred/adjacent; no new BP surface,No direct BP app entity recommended; retain owning domain. Review a concrete field/workflow dependency before expansion.,V01,Deferred new UI; verify boundary,server/db/ddl/planes/neon/document/03_tables.sql,4095,CREATE with no later DROP TABLE found,,,Required where exposed; not verified by source inventory
document.payment_remittance_output,document,false,Adjacent domain or infrastructure,BP2-00,,Deferred/adjacent; no new BP surface,No direct BP app entity recommended; retain owning domain. Review a concrete field/workflow dependency before expansion.,V01,Deferred new UI; verify boundary,server/db/ddl/planes/neon/document/03_tables.sql,4131,CREATE with no later DROP TABLE found,,,Required where exposed; not verified by source inventory
document.payment_term_discount_result,document,false,Adjacent domain or infrastructure,BP2-00,,Deferred/adjacent; no new BP surface,No direct BP app entity recommended; retain owning domain. Review a concrete field/workflow dependency before expansion.,V01,Deferred new UI; verify boundary,server/db/ddl/planes/neon/document/03_tables.sql,4151,CREATE with no later DROP TABLE found,,,Required where exposed; not verified by source inventory
document.wht_certificate,document,false,Adjacent domain or infrastructure,BP2-00,,Deferred/adjacent; no new BP surface,No direct BP app entity recommended; retain owning domain. Review a concrete field/workflow dependency before expansion.,V01,Deferred new UI; verify boundary,server/db/ddl/planes/neon/document/03_tables.sql,4173,CREATE with no later DROP TABLE found,,,Required where exposed; not verified by source inventory
document.import_request,document,false,Adjacent domain or infrastructure,BP2-00,,Deferred/adjacent; no new BP surface,No direct BP app entity recommended; retain owning domain. Review a concrete field/workflow dependency before expansion.,V01,Deferred new UI; verify boundary,server/db/ddl/planes/neon/document/03_tables.sql,4198,CREATE with no later DROP TABLE found,,,Required where exposed; not verified by source inventory
document.import_request_chunk,document,false,Adjacent domain or infrastructure,BP2-00,,Deferred/adjacent; no new BP surface,No direct BP app entity recommended; retain owning domain. Review a concrete field/workflow dependency before expansion.,V01,Deferred new UI; verify boundary,server/db/ddl/planes/neon/document/03_tables.sql,4218,CREATE with no later DROP TABLE found,,,Required where exposed; not verified by source inventory
document.render_output,document,false,Adjacent domain or infrastructure,BP2-00,,Deferred/adjacent; no new BP surface,No direct BP app entity recommended; retain owning domain. Review a concrete field/workflow dependency before expansion.,V01,Deferred new UI; verify boundary,server/db/ddl/planes/neon/document/03_tables.sql,4273,CREATE with no later DROP TABLE found,,,Required where exposed; not verified by source inventory
document.user_profile_update_request,document,false,Adjacent domain or infrastructure,BP2-00,,Deferred/adjacent; no new BP surface,No direct BP app entity recommended; retain owning domain. Review a concrete field/workflow dependency before expansion.,V01,Deferred new UI; verify boundary,server/db/ddl/planes/neon/document/03_tables.sql,4310,CREATE with no later DROP TABLE found,,,Required where exposed; not verified by source inventory
document.multipart_upload_part,document,false,Adjacent domain or infrastructure,BP2-00,,Deferred/adjacent; no new BP surface,No direct BP app entity recommended; retain owning domain. Review a concrete field/workflow dependency before expansion.,V01,Deferred new UI; verify boundary,server/db/ddl/planes/neon/document/03_tables.sql,4347,CREATE with no later DROP TABLE found,,,Required where exposed; not verified by source inventory
document.business_partner_invitation,document,false,BP workflow dependencies,BF-04,BP2-07; BP2-09,Governed workflow/evidence dependency,Governed workflow/evidence surfaces; retain verification/invitation/activation authority,V08; V09; V17,Planned,server/db/ddl/planes/neon/document/03_tables.sql,4371,CREATE with no later DROP TABLE found,,,Required where exposed; not verified by source inventory
document.workforce_iam_projection,document,false,Internal workforce boundary,BP2-12,,Retained People dependency; no supplier-workforce substitution,Separate People-owned workforce lifecycle from supplier external-worker engagement,V13,Deferred new UI; verify boundary,server/db/ddl/planes/neon/document/03_tables.sql,4398,CREATE with no later DROP TABLE found,,,Required where exposed; not verified by source inventory
document.business_partner_request,document,false,Retired by later manifest DDL,BF-04,BP2-00,Do not wire; reconcile to current case service,Legacy CREATE declaration is followed by DROP TABLE; inspect current entity_case/snapshot provider instead,V01,Verify retirement and metadata reconciliation,server/db/ddl/planes/neon/document/03_tables.sql,4427,later DROP TABLE declaration,server/db/ddl/planes/neon/document/11_grants.sql:609,metadata/products/mdg/entities/business_partner_request/core.json,Required where exposed; not verified by source inventory
document.business_partner_request_evidence,document,false,Retired by later manifest DDL,BF-04,BP2-00,Do not wire; reconcile to current case service,Legacy CREATE declaration is followed by DROP TABLE; inspect current entity_case/snapshot provider instead,V01,Verify retirement and metadata reconciliation,server/db/ddl/planes/neon/document/03_tables.sql,4678,later DROP TABLE declaration,server/db/ddl/planes/neon/document/11_grants.sql:608,,Required where exposed; not verified by source inventory
document.business_partner_request_validation,document,false,Retired by later manifest DDL,BF-04,BP2-00,Do not wire; reconcile to current case service,Legacy CREATE declaration is followed by DROP TABLE; inspect current entity_case/snapshot provider instead,V01,Verify retirement and metadata reconciliation,server/db/ddl/planes/neon/document/03_tables.sql,4717,later DROP TABLE declaration,server/db/ddl/planes/neon/document/11_grants.sql:607,,Required where exposed; not verified by source inventory
document.business_partner_request_address,document,false,Retired by later manifest DDL,BF-04,BP2-00,Do not wire; reconcile to current case service,Legacy CREATE declaration is followed by DROP TABLE; inspect current entity_case/snapshot provider instead,V01,Verify retirement and metadata reconciliation,server/db/ddl/planes/neon/document/03_tables.sql,4757,later DROP TABLE declaration,server/db/ddl/planes/neon/document/11_grants.sql:601,,Required where exposed; not verified by source inventory
document.business_partner_request_contact_person,document,false,Retired by later manifest DDL,BF-04,BP2-00,Do not wire; reconcile to current case service,Legacy CREATE declaration is followed by DROP TABLE; inspect current entity_case/snapshot provider instead,V01,Verify retirement and metadata reconciliation,server/db/ddl/planes/neon/document/03_tables.sql,4796,later DROP TABLE declaration,server/db/ddl/planes/neon/document/11_grants.sql:600,,Required where exposed; not verified by source inventory
document.business_partner_request_contact_channel,document,false,Retired by later manifest DDL,BF-04,BP2-00,Do not wire; reconcile to current case service,Legacy CREATE declaration is followed by DROP TABLE; inspect current entity_case/snapshot provider instead,V01,Verify retirement and metadata reconciliation,server/db/ddl/planes/neon/document/03_tables.sql,4823,later DROP TABLE declaration,server/db/ddl/planes/neon/document/11_grants.sql:599,,Required where exposed; not verified by source inventory
document.business_partner_request_identifier,document,false,Retired by later manifest DDL,BF-04,BP2-00,Do not wire; reconcile to current case service,Legacy CREATE declaration is followed by DROP TABLE; inspect current entity_case/snapshot provider instead,V01,Verify retirement and metadata reconciliation,server/db/ddl/planes/neon/document/03_tables.sql,4851,later DROP TABLE declaration,server/db/ddl/planes/neon/document/11_grants.sql:602,,Required where exposed; not verified by source inventory
document.business_partner_request_tax_registration,document,false,Retired by later manifest DDL,BF-04,BP2-00,Do not wire; reconcile to current case service,Legacy CREATE declaration is followed by DROP TABLE; inspect current entity_case/snapshot provider instead,V01,Verify retirement and metadata reconciliation,server/db/ddl/planes/neon/document/03_tables.sql,4883,later DROP TABLE declaration,server/db/ddl/planes/neon/document/11_grants.sql:603,,Required where exposed; not verified by source inventory
document.business_partner_request_classification,document,false,Retired by later manifest DDL,BF-04,BP2-00,Do not wire; reconcile to current case service,Legacy CREATE declaration is followed by DROP TABLE; inspect current entity_case/snapshot provider instead,V01,Verify retirement and metadata reconciliation,server/db/ddl/planes/neon/document/03_tables.sql,4912,later DROP TABLE declaration,server/db/ddl/planes/neon/document/11_grants.sql:604,,Required where exposed; not verified by source inventory
document.business_partner_request_certification,document,false,Retired by later manifest DDL,BF-04,BP2-00,Do not wire; reconcile to current case service,Legacy CREATE declaration is followed by DROP TABLE; inspect current entity_case/snapshot provider instead,V01,Verify retirement and metadata reconciliation,server/db/ddl/planes/neon/document/03_tables.sql,4944,later DROP TABLE declaration,server/db/ddl/planes/neon/document/11_grants.sql:605,,Required where exposed; not verified by source inventory
document.business_partner_request_materialization_item,document,false,Retired by later manifest DDL,BF-04,BP2-00,Do not wire; reconcile to current case service,Legacy CREATE declaration is followed by DROP TABLE; inspect current entity_case/snapshot provider instead,V01,Verify retirement and metadata reconciliation,server/db/ddl/planes/neon/document/03_tables.sql,4974,later DROP TABLE declaration,server/db/ddl/planes/neon/document/11_grants.sql:606,,Required where exposed; not verified by source inventory
document.mesh_business_partner_match,document,false,Neon network acceptance workflow,BP2-15,,Governed Neon acceptance workflow,Neon-owned match/accept/change review; Mesh application work remains deferred,V05; V08; V16,Planned,server/db/ddl/planes/neon/document/03_tables.sql,5002,CREATE with no later DROP TABLE found,,,Required where exposed; not verified by source inventory
document.mesh_business_partner_acceptance,document,false,Neon network acceptance workflow,BP2-15,,Governed Neon acceptance workflow,Neon-owned match/accept/change review; Mesh application work remains deferred,V05; V08; V16,Planned,server/db/ddl/planes/neon/document/03_tables.sql,5035,CREATE with no later DROP TABLE found,,,Required where exposed; not verified by source inventory
document.mesh_business_partner_acceptance_event,document,false,Neon network acceptance workflow,BP2-15,,Governed Neon acceptance workflow,Neon-owned match/accept/change review; Mesh application work remains deferred,V05; V08; V16,Planned,server/db/ddl/planes/neon/document/03_tables.sql,5064,CREATE with no later DROP TABLE found,,,Required where exposed; not verified by source inventory
document.business_partner_bank_verification,document,false,BP workflow dependencies,BP2-09,BF-04,Governed workflow/evidence dependency,Governed workflow/evidence surfaces; retain verification/invitation/activation authority,V08; V09; V17,Planned,server/db/ddl/planes/neon/document/03_tables.sql,5092,CREATE with no later DROP TABLE found,,,Required where exposed; not verified by source inventory
document.business_partner_duplicate_resolution,document,false,BP workflow dependencies,BF-04,BP2-07; BP2-09,Governed workflow/evidence dependency,Governed workflow/evidence surfaces; retain verification/invitation/activation authority,V08; V09; V17,Planned,server/db/ddl/planes/neon/document/03_tables.sql,5137,CREATE with no later DROP TABLE found,,,Required where exposed; not verified by source inventory
document.supplier_activation_evidence,document,false,BP workflow dependencies,BP2-07,BF-04,Governed workflow/evidence dependency,Governed workflow/evidence surfaces; retain verification/invitation/activation authority,V08; V09; V17,Planned,server/db/ddl/planes/neon/document/03_tables.sql,5155,CREATE with no later DROP TABLE found,,,Required where exposed; not verified by source inventory
document.business_partner_invitation_recovery,document,false,BP workflow dependencies,BF-04,BP2-07; BP2-09,Governed workflow/evidence dependency,Governed workflow/evidence surfaces; retain verification/invitation/activation authority,V08; V09; V17,Planned,server/db/ddl/planes/neon/document/03_tables.sql,5173,CREATE with no later DROP TABLE found,,,Required where exposed; not verified by source inventory
document.workforce_requisition,document,false,Supplier workforce documents,BP2-13,BP2-12,Scoped summary/deep link to owning workflow,Supplier-filtered related summaries/deep links with governed lifecycle; detailed execution stays in Workforce/Procurement/Finance,V05; V06; V13; V14,Planned,server/db/ddl/planes/neon/document/03_tables.sql,5183,CREATE with no later DROP TABLE found,,,Required where exposed; not verified by source inventory
document.workforce_requisition_supplier,document,false,Supplier workforce documents,BP2-13,BP2-12,Scoped summary/deep link to owning workflow,Supplier-filtered related summaries/deep links with governed lifecycle; detailed execution stays in Workforce/Procurement/Finance,V05; V06; V13; V14,Planned,server/db/ddl/planes/neon/document/03_tables.sql,5214,CREATE with no later DROP TABLE found,,,Required where exposed; not verified by source inventory
document.external_candidate_submission,document,false,Supplier workforce documents,BP2-13,BP2-12,Scoped summary/deep link to owning workflow,Supplier-filtered related summaries/deep links with governed lifecycle; detailed execution stays in Workforce/Procurement/Finance,V05; V06; V13; V14,Planned,server/db/ddl/planes/neon/document/03_tables.sql,5230,CREATE with no later DROP TABLE found,,,Required where exposed; not verified by source inventory
document.external_candidate_evaluation,document,false,Supplier workforce documents,BP2-13,BP2-12,Scoped summary/deep link to owning workflow,Supplier-filtered related summaries/deep links with governed lifecycle; detailed execution stays in Workforce/Procurement/Finance,V05; V06; V13; V14,Planned,server/db/ddl/planes/neon/document/03_tables.sql,5251,CREATE with no later DROP TABLE found,,,Required where exposed; not verified by source inventory
document.contingent_work_order,document,false,Supplier workforce documents,BP2-13,BP2-12,Scoped summary/deep link to owning workflow,Supplier-filtered related summaries/deep links with governed lifecycle; detailed execution stays in Workforce/Procurement/Finance,V05; V06; V13; V14,Planned,server/db/ddl/planes/neon/document/03_tables.sql,5269,CREATE with no later DROP TABLE found,,,Required where exposed; not verified by source inventory
document.contingent_work_order_revision,document,false,Supplier workforce documents,BP2-13,BP2-12,Scoped summary/deep link to owning workflow,Supplier-filtered related summaries/deep links with governed lifecycle; detailed execution stays in Workforce/Procurement/Finance,V05; V06; V13; V14,Planned,server/db/ddl/planes/neon/document/03_tables.sql,5291,CREATE with no later DROP TABLE found,,,Required where exposed; not verified by source inventory
document.statement_of_work,document,false,Supplier workforce documents,BP2-13,BP2-12,Scoped summary/deep link to owning workflow,Supplier-filtered related summaries/deep links with governed lifecycle; detailed execution stays in Workforce/Procurement/Finance,V05; V06; V13; V14,Planned,server/db/ddl/planes/neon/document/03_tables.sql,5319,CREATE with no later DROP TABLE found,,,Required where exposed; not verified by source inventory
document.statement_of_work_revision,document,false,Supplier workforce documents,BP2-13,BP2-12,Scoped summary/deep link to owning workflow,Supplier-filtered related summaries/deep links with governed lifecycle; detailed execution stays in Workforce/Procurement/Finance,V05; V06; V13; V14,Planned,server/db/ddl/planes/neon/document/03_tables.sql,5341,CREATE with no later DROP TABLE found,,,Required where exposed; not verified by source inventory
document.statement_of_work_item,document,false,Supplier workforce documents,BP2-13,BP2-12,Scoped summary/deep link to owning workflow,Supplier-filtered related summaries/deep links with governed lifecycle; detailed execution stays in Workforce/Procurement/Finance,V05; V06; V13; V14,Planned,server/db/ddl/planes/neon/document/03_tables.sql,5368,CREATE with no later DROP TABLE found,,,Required where exposed; not verified by source inventory
document.worker_engagement,document,false,Supplier workforce documents,BP2-13,BP2-12,Scoped summary/deep link to owning workflow,Supplier-filtered related summaries/deep links with governed lifecycle; detailed execution stays in Workforce/Procurement/Finance,V05; V06; V13; V14,Planned,server/db/ddl/planes/neon/document/03_tables.sql,5391,CREATE with no later DROP TABLE found,,,Required where exposed; not verified by source inventory
document.worker_operational_placement,document,false,Supplier workforce documents,BP2-13,BP2-12,Scoped summary/deep link to owning workflow,Supplier-filtered related summaries/deep links with governed lifecycle; detailed execution stays in Workforce/Procurement/Finance,V05; V06; V13; V14,Planned,server/db/ddl/planes/neon/document/03_tables.sql,5429,CREATE with no later DROP TABLE found,,,Required where exposed; not verified by source inventory
document.worker_compliance_item,document,false,Supplier workforce documents,BP2-13,BP2-12,Scoped summary/deep link to owning workflow,Supplier-filtered related summaries/deep links with governed lifecycle; detailed execution stays in Workforce/Procurement/Finance,V05; V06; V13; V14,Planned,server/db/ddl/planes/neon/document/03_tables.sql,5448,CREATE with no later DROP TABLE found,,,Required where exposed; not verified by source inventory
document.engagement_onboarding_case,document,false,Supplier workforce documents,BP2-13,BP2-12,Scoped summary/deep link to owning workflow,Supplier-filtered related summaries/deep links with governed lifecycle; detailed execution stays in Workforce/Procurement/Finance,V05; V06; V13; V14,Planned,server/db/ddl/planes/neon/document/03_tables.sql,5468,CREATE with no later DROP TABLE found,,,Required where exposed; not verified by source inventory
document.external_time_sheet,document,false,Supplier workforce documents,BP2-13,BP2-12,Scoped summary/deep link to owning workflow,Supplier-filtered related summaries/deep links with governed lifecycle; detailed execution stays in Workforce/Procurement/Finance,V05; V06; V13; V14,Planned,server/db/ddl/planes/neon/document/03_tables.sql,5493,CREATE with no later DROP TABLE found,,,Required where exposed; not verified by source inventory
document.external_time_entry,document,false,Supplier workforce documents,BP2-13,BP2-12,Scoped summary/deep link to owning workflow,Supplier-filtered related summaries/deep links with governed lifecycle; detailed execution stays in Workforce/Procurement/Finance,V05; V06; V13; V14,Planned,server/db/ddl/planes/neon/document/03_tables.sql,5523,CREATE with no later DROP TABLE found,,,Required where exposed; not verified by source inventory
document.external_expense_sheet,document,false,Supplier workforce documents,BP2-13,BP2-12,Scoped summary/deep link to owning workflow,Supplier-filtered related summaries/deep links with governed lifecycle; detailed execution stays in Workforce/Procurement/Finance,V05; V06; V13; V14,Planned,server/db/ddl/planes/neon/document/03_tables.sql,5539,CREATE with no later DROP TABLE found,,,Required where exposed; not verified by source inventory
document.external_expense_item,document,false,Supplier workforce documents,BP2-13,BP2-12,Scoped summary/deep link to owning workflow,Supplier-filtered related summaries/deep links with governed lifecycle; detailed execution stays in Workforce/Procurement/Finance,V05; V06; V13; V14,Planned,server/db/ddl/planes/neon/document/03_tables.sql,5569,CREATE with no later DROP TABLE found,,,Required where exposed; not verified by source inventory
document.external_service_entry,document,false,Supplier workforce documents,BP2-13,BP2-12,Scoped summary/deep link to owning workflow,Supplier-filtered related summaries/deep links with governed lifecycle; detailed execution stays in Workforce/Procurement/Finance,V05; V06; V13; V14,Planned,server/db/ddl/planes/neon/document/03_tables.sql,5584,CREATE with no later DROP TABLE found,,,Required where exposed; not verified by source inventory
document.external_service_entry_line,document,false,Supplier workforce documents,BP2-13,BP2-12,Scoped summary/deep link to owning workflow,Supplier-filtered related summaries/deep links with governed lifecycle; detailed execution stays in Workforce/Procurement/Finance,V05; V06; V13; V14,Planned,server/db/ddl/planes/neon/document/03_tables.sql,5607,CREATE with no later DROP TABLE found,,,Required where exposed; not verified by source inventory
document.external_workforce_invoice_allocation,document,false,Supplier workforce documents,BP2-13,BP2-12,Scoped summary/deep link to owning workflow,Supplier-filtered related summaries/deep links with governed lifecycle; detailed execution stays in Workforce/Procurement/Finance,V05; V06; V13; V14,Planned,server/db/ddl/planes/neon/document/03_tables.sql,5622,CREATE with no later DROP TABLE found,,,Required where exposed; not verified by source inventory
document.service_sheet_source_allocation,document,false,Supplier workforce documents,BP2-13,BP2-12,Scoped summary/deep link to owning workflow,Supplier-filtered related summaries/deep links with governed lifecycle; detailed execution stays in Workforce/Procurement/Finance,V05; V06; V13; V14,Planned,server/db/ddl/planes/neon/document/03_tables.sql,5637,CREATE with no later DROP TABLE found,,,Required where exposed; not verified by source inventory
document.mesh_profile_change_resolution,document,false,Neon network acceptance workflow,BP2-15,,Governed Neon acceptance workflow,Neon-owned match/accept/change review; Mesh application work remains deferred,V05; V08; V16,Planned,server/db/ddl/planes/neon/document/03_tables.sql,5665,CREATE with no later DROP TABLE found,,,Required where exposed; not verified by source inventory
document.mesh_profile_change_case,document,false,Neon network acceptance workflow,BP2-15,,Governed Neon acceptance workflow,Neon-owned match/accept/change review; Mesh application work remains deferred,V05; V08; V16,Planned,server/db/ddl/planes/neon/document/03_tables.sql,5690,CREATE with no later DROP TABLE found,,,Required where exposed; not verified by source inventory
snapshot.template_version,snapshot,false,Adjacent domain or infrastructure,BP2-00,,Deferred/adjacent; no new BP surface,No direct BP app entity recommended; retain owning domain. Review a concrete field/workflow dependency before expansion.,V01,Deferred new UI; verify boundary,server/db/ddl/planes/neon/snapshot/03_tables.sql,1,CREATE with no later DROP TABLE found,,,Required where exposed; not verified by source inventory
snapshot.content_item_version,snapshot,false,Adjacent domain or infrastructure,BP2-00,,Deferred/adjacent; no new BP surface,No direct BP app entity recommended; retain owning domain. Review a concrete field/workflow dependency before expansion.,V01,Deferred new UI; verify boundary,server/db/ddl/planes/neon/snapshot/03_tables.sql,64,CREATE with no later DROP TABLE found,,,Required where exposed; not verified by source inventory
snapshot.bom,snapshot,false,Adjacent domain or infrastructure,BP2-00,,Deferred/adjacent; no new BP surface,No direct BP app entity recommended; retain owning domain. Review a concrete field/workflow dependency before expansion.,V01,Deferred new UI; verify boundary,server/db/ddl/planes/neon/snapshot/03_tables.sql,98,CREATE with no later DROP TABLE found,,,Required where exposed; not verified by source inventory
snapshot.bom_component,snapshot,false,Adjacent domain or infrastructure,BP2-00,,Deferred/adjacent; no new BP surface,No direct BP app entity recommended; retain owning domain. Review a concrete field/workflow dependency before expansion.,V01,Deferred new UI; verify boundary,server/db/ddl/planes/neon/snapshot/03_tables.sql,142,CREATE with no later DROP TABLE found,,,Required where exposed; not verified by source inventory
snapshot.mesh_business_partner_profile_received,snapshot,false,Neon network snapshots,BP2-15,,Immutable snapshot; safe projection only,Immutable received evidence; approved projected fields only,V05; V10; V16; V17,Verify internal/projection boundary,server/db/ddl/planes/neon/snapshot/03_tables.sql,184,CREATE with no later DROP TABLE found,,,Required where exposed; not verified by source inventory
snapshot.mesh_bank_account_disclosure_received,snapshot,false,Neon network snapshots,BP2-15,,Immutable snapshot; safe projection only,Immutable received evidence; approved projected fields only,V05; V10; V16; V17,Verify internal/projection boundary,server/db/ddl/planes/neon/snapshot/03_tables.sql,217,CREATE with no later DROP TABLE found,,,Required where exposed; not verified by source inventory
control.subscription_plan,control,true,Application configuration,BF-02,BP2-06,Retained app/context/entitlement dependency,"Existing navigation, entitlement, feature and parameter authority; no BP-specific copy",V05; V06,Verify existing dependency,server/db/ddl/planes/neon/control/03_tables.sql,4,CREATE with no later DROP TABLE found,,,Required where exposed; not verified by source inventory
control.owner_type,control,true,Reference and owner infrastructure,BP2-01,BP2-02; BP2-03,Retained registry/lookup infrastructure,Reuse canonical owner registry and published lookup definitions; internal revision/receipt records not app entities,V01; V02; V05,Verify existing dependency,server/db/ddl/planes/neon/control/03_tables.sql,40,CREATE with no later DROP TABLE found,,,Required where exposed; not verified by source inventory
control.owner_type_purpose,control,true,Reference and owner infrastructure,BP2-01,BP2-02; BP2-03,Retained registry/lookup infrastructure,Reuse canonical owner registry and published lookup definitions; internal revision/receipt records not app entities,V01; V02; V05,Verify existing dependency,server/db/ddl/planes/neon/control/03_tables.sql,123,CREATE with no later DROP TABLE found,,,Required where exposed; not verified by source inventory
control.org_unit_type,control,true,Adjacent domain or infrastructure,BP2-00,,Deferred/adjacent; no new BP surface,No direct BP app entity recommended; retain owning domain. Review a concrete field/workflow dependency before expansion.,V01,Deferred new UI; verify boundary,server/db/ddl/planes/neon/control/03_tables.sql,138,CREATE with no later DROP TABLE found,,,Required where exposed; not verified by source inventory
control.risk_source_config,control,true,Risk configuration,BP2-14,,Retained risk-provider dependency,"Risk-provider configuration; administer outside BP, show authorized derived outcomes",V15; V17,Verify existing dependency,server/db/ddl/planes/neon/control/03_tables.sql,174,CREATE with no later DROP TABLE found,,,Required where exposed; not verified by source inventory
control.business_partner_qualification,control,true,Governed commercial decisions,BP2-07,BP2-10,Governed entity/command,MetaEntity read/detail surfaces and registered decide/revoke/lift operations; no generic writes to final decisions,V06; V08; V11,Planned,server/db/ddl/planes/neon/control/03_tables.sql,208,CREATE with no later DROP TABLE found,,metadata/products/mdg/entities/business_partner_qualification/core.json,Required where exposed; not verified by source inventory
control.supplier_preference_designation,control,true,Governed commercial decisions,BP2-07,BP2-10,Governed entity/command,MetaEntity read/detail surfaces and registered decide/revoke/lift operations; no generic writes to final decisions,V06; V08; V11,Planned,server/db/ddl/planes/neon/control/03_tables.sql,276,CREATE with no later DROP TABLE found,,,Required where exposed; not verified by source inventory
control.customer_account_designation,control,true,Governed commercial decisions,BP2-08,BP2-10,Governed entity/command,MetaEntity read/detail surfaces and registered decide/revoke/lift operations; no generic writes to final decisions,V06; V08; V11,Planned,server/db/ddl/planes/neon/control/03_tables.sql,347,CREATE with no later DROP TABLE found,,,Required where exposed; not verified by source inventory
control.business_partner_block,control,true,Governed commercial decisions,BP2-10,BP2-07; BP2-08,Governed entity/command,MetaEntity read/detail surfaces and registered decide/revoke/lift operations; no generic writes to final decisions,V06; V08; V11,Planned,server/db/ddl/planes/neon/control/03_tables.sql,413,CREATE with no later DROP TABLE found,,,Required where exposed; not verified by source inventory
control.formula_expression,control,true,Adjacent domain or infrastructure,BP2-00,,Deferred/adjacent; no new BP surface,No direct BP app entity recommended; retain owning domain. Review a concrete field/workflow dependency before expansion.,V01,Deferred new UI; verify boundary,server/db/ddl/planes/neon/control/03_tables.sql,464,CREATE with no later DROP TABLE found,,,Required where exposed; not verified by source inventory
control.formula_expression_version,control,true,Adjacent domain or infrastructure,BP2-00,,Deferred/adjacent; no new BP surface,No direct BP app entity recommended; retain owning domain. Review a concrete field/workflow dependency before expansion.,V01,Deferred new UI; verify boundary,server/db/ddl/planes/neon/control/03_tables.sql,515,CREATE with no later DROP TABLE found,,,Required where exposed; not verified by source inventory
control.rate_table,control,true,Adjacent domain or infrastructure,BP2-00,,Deferred/adjacent; no new BP surface,No direct BP app entity recommended; retain owning domain. Review a concrete field/workflow dependency before expansion.,V01,Deferred new UI; verify boundary,server/db/ddl/planes/neon/control/03_tables.sql,567,CREATE with no later DROP TABLE found,,,Required where exposed; not verified by source inventory
control.rate_table_row,control,true,Adjacent domain or infrastructure,BP2-00,,Deferred/adjacent; no new BP surface,No direct BP app entity recommended; retain owning domain. Review a concrete field/workflow dependency before expansion.,V01,Deferred new UI; verify boundary,server/db/ddl/planes/neon/control/03_tables.sql,609,CREATE with no later DROP TABLE found,,,Required where exposed; not verified by source inventory
control.item_inventory_policy,control,true,Adjacent domain or infrastructure,BP2-00,,Deferred/adjacent; no new BP surface,No direct BP app entity recommended; retain owning domain. Review a concrete field/workflow dependency before expansion.,V01,Deferred new UI; verify boundary,server/db/ddl/planes/neon/control/03_tables.sql,652,CREATE with no later DROP TABLE found,,,Required where exposed; not verified by source inventory
control.planning_model,control,true,Adjacent domain or infrastructure,BP2-00,,Deferred/adjacent; no new BP surface,No direct BP app entity recommended; retain owning domain. Review a concrete field/workflow dependency before expansion.,V01,Deferred new UI; verify boundary,server/db/ddl/planes/neon/control/03_tables.sql,690,CREATE with no later DROP TABLE found,,,Required where exposed; not verified by source inventory
control.planning_driver,control,true,Adjacent domain or infrastructure,BP2-00,,Deferred/adjacent; no new BP surface,No direct BP app entity recommended; retain owning domain. Review a concrete field/workflow dependency before expansion.,V01,Deferred new UI; verify boundary,server/db/ddl/planes/neon/control/03_tables.sql,739,CREATE with no later DROP TABLE found,,,Required where exposed; not verified by source inventory
control.planning_driver_dependency,control,true,Adjacent domain or infrastructure,BP2-00,,Deferred/adjacent; no new BP surface,No direct BP app entity recommended; retain owning domain. Review a concrete field/workflow dependency before expansion.,V01,Deferred new UI; verify boundary,server/db/ddl/planes/neon/control/03_tables.sql,792,CREATE with no later DROP TABLE found,,,Required where exposed; not verified by source inventory
control.budget_control_policy,control,true,Adjacent domain or infrastructure,BP2-00,,Deferred/adjacent; no new BP surface,No direct BP app entity recommended; retain owning domain. Review a concrete field/workflow dependency before expansion.,V01,Deferred new UI; verify boundary,server/db/ddl/planes/neon/control/03_tables.sql,817,CREATE with no later DROP TABLE found,,,Required where exposed; not verified by source inventory
control.payment_execution_profile,control,true,Adjacent domain or infrastructure,BP2-00,,Deferred/adjacent; no new BP surface,No direct BP app entity recommended; retain owning domain. Review a concrete field/workflow dependency before expansion.,V01,Deferred new UI; verify boundary,server/db/ddl/planes/neon/control/03_tables.sql,890,CREATE with no later DROP TABLE found,,,Required where exposed; not verified by source inventory
control.asset_class_book_policy,control,true,Adjacent domain or infrastructure,BP2-00,,Deferred/adjacent; no new BP surface,No direct BP app entity recommended; retain owning domain. Review a concrete field/workflow dependency before expansion.,V01,Deferred new UI; verify boundary,server/db/ddl/planes/neon/control/03_tables.sql,946,CREATE with no later DROP TABLE found,,,Required where exposed; not verified by source inventory
control.commodity_code_classification_policy,control,true,Classification policy,BP2-05,,Retained classification-policy dependency,Reference constraints for capability selection; retain procurement/sales policy ownership,V07,Verify existing dependency,server/db/ddl/planes/neon/control/03_tables.sql,1058,CREATE with no later DROP TABLE found,,,Required where exposed; not verified by source inventory
control.commodity_category_buy_policy,control,true,Classification policy,BP2-05,,Retained classification-policy dependency,Reference constraints for capability selection; retain procurement/sales policy ownership,V07,Verify existing dependency,server/db/ddl/planes/neon/control/03_tables.sql,1124,CREATE with no later DROP TABLE found,,,Required where exposed; not verified by source inventory
control.commodity_category_sell_policy,control,true,Classification policy,BP2-05,,Retained classification-policy dependency,Reference constraints for capability selection; retain procurement/sales policy ownership,V07,Verify existing dependency,server/db/ddl/planes/neon/control/03_tables.sql,1166,CREATE with no later DROP TABLE found,,,Required where exposed; not verified by source inventory
control.commodity_category_inventory_policy,control,true,Classification policy,BP2-05,,Retained classification-policy dependency,Reference constraints for capability selection; retain procurement/sales policy ownership,V07,Verify existing dependency,server/db/ddl/planes/neon/control/03_tables.sql,1208,CREATE with no later DROP TABLE found,,,Required where exposed; not verified by source inventory
control.procurement_match_tolerance_policy,control,true,Adjacent domain or infrastructure,BP2-00,,Deferred/adjacent; no new BP surface,No direct BP app entity recommended; retain owning domain. Review a concrete field/workflow dependency before expansion.,V01,Deferred new UI; verify boundary,server/db/ddl/planes/neon/control/03_tables.sql,1250,CREATE with no later DROP TABLE found,,,Required where exposed; not verified by source inventory
control.fx_policy,control,true,Adjacent domain or infrastructure,BP2-00,,Deferred/adjacent; no new BP surface,No direct BP app entity recommended; retain owning domain. Review a concrete field/workflow dependency before expansion.,V01,Deferred new UI; verify boundary,server/db/ddl/planes/neon/control/03_tables.sql,1293,CREATE with no later DROP TABLE found,,,Required where exposed; not verified by source inventory
control.dimension_policy,control,true,Adjacent domain or infrastructure,BP2-00,,Deferred/adjacent; no new BP surface,No direct BP app entity recommended; retain owning domain. Review a concrete field/workflow dependency before expansion.,V01,Deferred new UI; verify boundary,server/db/ddl/planes/neon/control/03_tables.sql,1364,CREATE with no later DROP TABLE found,,,Required where exposed; not verified by source inventory
control.dimension_policy_allowed_value,control,true,Adjacent domain or infrastructure,BP2-00,,Deferred/adjacent; no new BP surface,No direct BP app entity recommended; retain owning domain. Review a concrete field/workflow dependency before expansion.,V01,Deferred new UI; verify boundary,server/db/ddl/planes/neon/control/03_tables.sql,1456,CREATE with no later DROP TABLE found,,,Required where exposed; not verified by source inventory
control.tax_rate_schedule,control,true,Adjacent domain or infrastructure,BP2-00,,Deferred/adjacent; no new BP surface,No direct BP app entity recommended; retain owning domain. Review a concrete field/workflow dependency before expansion.,V01,Deferred new UI; verify boundary,server/db/ddl/planes/neon/control/03_tables.sql,1478,CREATE with no later DROP TABLE found,,,Required where exposed; not verified by source inventory
control.tax_group,control,true,Adjacent domain or infrastructure,BP2-00,,Deferred/adjacent; no new BP surface,No direct BP app entity recommended; retain owning domain. Review a concrete field/workflow dependency before expansion.,V01,Deferred new UI; verify boundary,server/db/ddl/planes/neon/control/03_tables.sql,1535,CREATE with no later DROP TABLE found,,,Required where exposed; not verified by source inventory
control.tax_group_component,control,true,Adjacent domain or infrastructure,BP2-00,,Deferred/adjacent; no new BP surface,No direct BP app entity recommended; retain owning domain. Review a concrete field/workflow dependency before expansion.,V01,Deferred new UI; verify boundary,server/db/ddl/planes/neon/control/03_tables.sql,1577,CREATE with no later DROP TABLE found,,,Required where exposed; not verified by source inventory
control.tax_resolution_rule,control,true,Adjacent domain or infrastructure,BP2-00,,Deferred/adjacent; no new BP surface,No direct BP app entity recommended; retain owning domain. Review a concrete field/workflow dependency before expansion.,V01,Deferred new UI; verify boundary,server/db/ddl/planes/neon/control/03_tables.sql,1595,CREATE with no later DROP TABLE found,,,Required where exposed; not verified by source inventory
control.wht_threshold_config,control,true,Adjacent domain or infrastructure,BP2-00,,Deferred/adjacent; no new BP surface,No direct BP app entity recommended; retain owning domain. Review a concrete field/workflow dependency before expansion.,V01,Deferred new UI; verify boundary,server/db/ddl/planes/neon/control/03_tables.sql,1647,CREATE with no later DROP TABLE found,,,Required where exposed; not verified by source inventory
control.accounting_profile_policy,control,true,Adjacent domain or infrastructure,BP2-00,,Deferred/adjacent; no new BP surface,No direct BP app entity recommended; retain owning domain. Review a concrete field/workflow dependency before expansion.,V01,Deferred new UI; verify boundary,server/db/ddl/planes/neon/control/03_tables.sql,1693,CREATE with no later DROP TABLE found,,,Required where exposed; not verified by source inventory
control.accounting_profile_event,control,true,Adjacent domain or infrastructure,BP2-00,,Deferred/adjacent; no new BP surface,No direct BP app entity recommended; retain owning domain. Review a concrete field/workflow dependency before expansion.,V01,Deferred new UI; verify boundary,server/db/ddl/planes/neon/control/03_tables.sql,1729,CREATE with no later DROP TABLE found,,,Required where exposed; not verified by source inventory
control.accounting_profile_entry,control,true,Adjacent domain or infrastructure,BP2-00,,Deferred/adjacent; no new BP surface,No direct BP app entity recommended; retain owning domain. Review a concrete field/workflow dependency before expansion.,V01,Deferred new UI; verify boundary,server/db/ddl/planes/neon/control/03_tables.sql,1763,CREATE with no later DROP TABLE found,,,Required where exposed; not verified by source inventory
control.accounting_profile_assignment,control,true,Adjacent domain or infrastructure,BP2-00,,Deferred/adjacent; no new BP surface,No direct BP app entity recommended; retain owning domain. Review a concrete field/workflow dependency before expansion.,V01,Deferred new UI; verify boundary,server/db/ddl/planes/neon/control/03_tables.sql,1793,CREATE with no later DROP TABLE found,,,Required where exposed; not verified by source inventory
control.posting_role_account_assignment,control,true,Adjacent domain or infrastructure,BP2-00,,Deferred/adjacent; no new BP surface,No direct BP app entity recommended; retain owning domain. Review a concrete field/workflow dependency before expansion.,V01,Deferred new UI; verify boundary,server/db/ddl/planes/neon/control/03_tables.sql,1835,CREATE with no later DROP TABLE found,,,Required where exposed; not verified by source inventory
control.cross_book_posting_policy,control,true,Adjacent domain or infrastructure,BP2-00,,Deferred/adjacent; no new BP surface,No direct BP app entity recommended; retain owning domain. Review a concrete field/workflow dependency before expansion.,V01,Deferred new UI; verify boundary,server/db/ddl/planes/neon/control/03_tables.sql,1876,CREATE with no later DROP TABLE found,,,Required where exposed; not verified by source inventory
control.cross_book_account_assignment,control,true,Adjacent domain or infrastructure,BP2-00,,Deferred/adjacent; no new BP surface,No direct BP app entity recommended; retain owning domain. Review a concrete field/workflow dependency before expansion.,V01,Deferred new UI; verify boundary,server/db/ddl/planes/neon/control/03_tables.sql,1928,CREATE with no later DROP TABLE found,,,Required where exposed; not verified by source inventory
control.fiscal_calendar_config,control,true,Adjacent domain or infrastructure,BP2-00,,Deferred/adjacent; no new BP surface,No direct BP app entity recommended; retain owning domain. Review a concrete field/workflow dependency before expansion.,V01,Deferred new UI; verify boundary,server/db/ddl/planes/neon/control/03_tables.sql,1945,CREATE with no later DROP TABLE found,,,Required where exposed; not verified by source inventory
control.fiscal_calendar_period_rule,control,true,Adjacent domain or infrastructure,BP2-00,,Deferred/adjacent; no new BP surface,No direct BP app entity recommended; retain owning domain. Review a concrete field/workflow dependency before expansion.,V01,Deferred new UI; verify boundary,server/db/ddl/planes/neon/control/03_tables.sql,2007,CREATE with no later DROP TABLE found,,,Required where exposed; not verified by source inventory
control.mesh_business_partner_profile_inbox,control,true,Neon integration internals,BP2-15,,Intentionally internal ingestion/retry records,No generic BP entities; authorized status/reconciliation projection only; preserve replay/idempotency semantics,V05; V10; V16; V17,Verify internal/projection boundary,server/db/ddl/planes/neon/control/03_tables.sql,2068,CREATE with no later DROP TABLE found,,,Required where exposed; not verified by source inventory
control.mesh_business_partner_profile_processing_attempt,control,true,Neon integration internals,BP2-15,,Intentionally internal ingestion/retry records,No generic BP entities; authorized status/reconciliation projection only; preserve replay/idempotency semantics,V05; V10; V16; V17,Verify internal/projection boundary,server/db/ddl/planes/neon/control/03_tables.sql,2102,CREATE with no later DROP TABLE found,,,Required where exposed; not verified by source inventory
control.mesh_workforce_claim_inbox,control,true,Neon integration internals,BP2-15,,Intentionally internal ingestion/retry records,No generic BP entities; authorized status/reconciliation projection only; preserve replay/idempotency semantics,V05; V10; V16; V17,Verify internal/projection boundary,server/db/ddl/planes/neon/control/03_tables.sql,2128,CREATE with no later DROP TABLE found,,,Required where exposed; not verified by source inventory
control.mesh_workforce_claim_processing_attempt,control,true,Neon integration internals,BP2-15,,Intentionally internal ingestion/retry records,No generic BP entities; authorized status/reconciliation projection only; preserve replay/idempotency semantics,V05; V10; V16; V17,Verify internal/projection boundary,server/db/ddl/planes/neon/control/03_tables.sql,2165,CREATE with no later DROP TABLE found,,,Required where exposed; not verified by source inventory
control.mesh_business_partner_profile_projection,control,true,Neon network projections,BP2-15,BP2-09,Read-only safe projection/governed acceptance,Safe read-only Network/Banking provenance in Neon; acceptance via governed commands; no Mesh app implementation,V05; V09; V10; V16,Planned,server/db/ddl/planes/neon/control/03_tables.sql,2197,CREATE with no later DROP TABLE found,,,Required where exposed; not verified by source inventory
control.mesh_business_partner_account_link,control,true,Neon network projections,BP2-15,BP2-09,Read-only safe projection/governed acceptance,Safe read-only Network/Banking provenance in Neon; acceptance via governed commands; no Mesh app implementation,V05; V09; V10; V16,Planned,server/db/ddl/planes/neon/control/03_tables.sql,2228,CREATE with no later DROP TABLE found,,,Required where exposed; not verified by source inventory
control.mesh_bank_account_disclosure_inbox,control,true,Neon integration internals,BP2-15,,Intentionally internal ingestion/retry records,No generic BP entities; authorized status/reconciliation projection only; preserve replay/idempotency semantics,V05; V10; V16; V17,Verify internal/projection boundary,server/db/ddl/planes/neon/control/03_tables.sql,2268,CREATE with no later DROP TABLE found,,,Required where exposed; not verified by source inventory
control.mesh_bank_account_projection,control,true,Neon network projections,BP2-15,BP2-09,Read-only safe projection/governed acceptance,Safe read-only Network/Banking provenance in Neon; acceptance via governed commands; no Mesh app implementation,V05; V09; V10; V16,Planned,server/db/ddl/planes/neon/control/03_tables.sql,2297,CREATE with no later DROP TABLE found,,,Required where exposed; not verified by source inventory
control.company_fiscal_calendar_assignment,control,true,Adjacent domain or infrastructure,BP2-00,,Deferred/adjacent; no new BP surface,No direct BP app entity recommended; retain owning domain. Review a concrete field/workflow dependency before expansion.,V01,Deferred new UI; verify boundary,server/db/ddl/planes/neon/control/03_tables.sql,2326,CREATE with no later DROP TABLE found,,,Required where exposed; not verified by source inventory
control.customer_credit_review,control,true,Governed commercial decisions,BP2-08,BP2-10,Governed entity/command,MetaEntity read/detail surfaces and registered decide/revoke/lift operations; no generic writes to final decisions,V06; V08; V11,Planned,server/db/ddl/planes/neon/control/03_tables.sql,2367,CREATE with no later DROP TABLE found,,,Required where exposed; not verified by source inventory
control.business_partner_mutation_evidence,control,true,Governance history,BP2-10,BP2-08,Read-only evidence/history,Read-only timeline/evidence projection; mutation/service owner remains authoritative,V05; V11; V17,Planned,server/db/ddl/planes/neon/control/03_tables.sql,2418,CREATE with no later DROP TABLE found,,,Required where exposed; not verified by source inventory
control.customer_lifecycle_event,control,true,Governance history,BP2-10,BP2-08,Read-only evidence/history,Read-only timeline/evidence projection; mutation/service owner remains authoritative,V05; V11; V17,Planned,server/db/ddl/planes/neon/control/03_tables.sql,2459,CREATE with no later DROP TABLE found,,,Required where exposed; not verified by source inventory
control.business_partner_decision_scope,control,true,Decision scope children,BP2-10,BP2-07; BP2-08,Parent-owned decision scope,Parent-owned include/exclude scope rows; authorize through the parent decision,V05; V11,Planned,server/db/ddl/planes/neon/control/03_tables.sql,2505,CREATE with no later DROP TABLE found,,,Required where exposed; not verified by source inventory
control.external_workforce_rate_card,control,true,Supplier workforce pricing,BP2-11,BP2-01; BP2-06; BP2-07,Governed rate root/child rows,Company-governed rate-card entity with supplier-filtered child rows; preserve effective dates and constrained billing units,V02; V06; V12,Planned,server/db/ddl/planes/neon/control/03_tables.sql,2557,CREATE with no later DROP TABLE found,,,Required where exposed; not verified by source inventory
control.external_workforce_rate,control,true,Supplier workforce pricing,BP2-11,BP2-01; BP2-06; BP2-07,Governed rate root/child rows,Company-governed rate-card entity with supplier-filtered child rows; preserve effective dates and constrained billing units,V02; V06; V12,Planned,server/db/ddl/planes/neon/control/03_tables.sql,2589,CREATE with no later DROP TABLE found,,,Required where exposed; not verified by source inventory
control.supplier_communication_policy,control,true,Process configuration,BP2-07,BF-04; BP2-13,Retained process/policy dependency,"Use existing process/activation/task authority; BP shows eligible actions and outcomes, not raw configuration editors",V08; V17,Verify existing dependency,server/db/ddl/planes/neon/control/03_tables.sql,2643,CREATE with no later DROP TABLE found,,,Required where exposed; not verified by source inventory
control.workspace,control,true,Application configuration,BF-02,BP2-06,Retained app/context/entitlement dependency,"Existing navigation, entitlement, feature and parameter authority; no BP-specific copy",V05; V06,Verify existing dependency,server/db/ddl/common/control/03_tables.sql,5,CREATE with no later DROP TABLE found,,,Required where exposed; not verified by source inventory
control.module,control,true,Application configuration,BF-02,BP2-06,Retained app/context/entitlement dependency,"Existing navigation, entitlement, feature and parameter authority; no BP-specific copy",V05; V06,Verify existing dependency,server/db/ddl/common/control/03_tables.sql,38,CREATE with no later DROP TABLE found,,,Required where exposed; not verified by source inventory
control.workspace_module,control,true,Application configuration,BF-02,BP2-06,Retained app/context/entitlement dependency,"Existing navigation, entitlement, feature and parameter authority; no BP-specific copy",V05; V06,Verify existing dependency,server/db/ddl/common/control/03_tables.sql,70,CREATE with no later DROP TABLE found,,,Required where exposed; not verified by source inventory
control.subscription_plan_module,control,true,Application configuration,BF-02,BP2-06,Retained app/context/entitlement dependency,"Existing navigation, entitlement, feature and parameter authority; no BP-specific copy",V05; V06,Verify existing dependency,server/db/ddl/common/control/03_tables.sql,94,CREATE with no later DROP TABLE found,,,Required where exposed; not verified by source inventory
control.connector_type,control,true,Adjacent domain or infrastructure,BP2-00,,Deferred/adjacent; no new BP surface,No direct BP app entity recommended; retain owning domain. Review a concrete field/workflow dependency before expansion.,V01,Deferred new UI; verify boundary,server/db/ddl/common/control/03_tables.sql,131,CREATE with no later DROP TABLE found,,,Required where exposed; not verified by source inventory
control.connector_instance,control,true,Adjacent domain or infrastructure,BP2-00,,Deferred/adjacent; no new BP surface,No direct BP app entity recommended; retain owning domain. Review a concrete field/workflow dependency before expansion.,V01,Deferred new UI; verify boundary,server/db/ddl/common/control/03_tables.sql,166,CREATE with no later DROP TABLE found,,,Required where exposed; not verified by source inventory
control.integration_endpoint,control,true,Adjacent domain or infrastructure,BP2-00,,Deferred/adjacent; no new BP surface,No direct BP app entity recommended; retain owning domain. Review a concrete field/workflow dependency before expansion.,V01,Deferred new UI; verify boundary,server/db/ddl/common/control/03_tables.sql,210,CREATE with no later DROP TABLE found,,,Required where exposed; not verified by source inventory
control.webhook_subscription,control,true,Adjacent domain or infrastructure,BP2-00,,Deferred/adjacent; no new BP surface,No direct BP app entity recommended; retain owning domain. Review a concrete field/workflow dependency before expansion.,V01,Deferred new UI; verify boundary,server/db/ddl/common/control/03_tables.sql,265,CREATE with no later DROP TABLE found,,,Required where exposed; not verified by source inventory
control.cycle_type,control,true,Process configuration,BP2-07,BF-04; BP2-13,Retained process/policy dependency,"Use existing process/activation/task authority; BP shows eligible actions and outcomes, not raw configuration editors",V08; V17,Verify existing dependency,server/db/ddl/common/control/03_tables.sql,317,CREATE with no later DROP TABLE found,,,Required where exposed; not verified by source inventory
control.cycle_phase,control,true,Process configuration,BP2-07,BF-04; BP2-13,Retained process/policy dependency,"Use existing process/activation/task authority; BP shows eligible actions and outcomes, not raw configuration editors",V08; V17,Verify existing dependency,server/db/ddl/common/control/03_tables.sql,357,CREATE with no later DROP TABLE found,,,Required where exposed; not verified by source inventory
control.cycle_task_category,control,true,Process configuration,BP2-07,BF-04; BP2-13,Retained process/policy dependency,"Use existing process/activation/task authority; BP shows eligible actions and outcomes, not raw configuration editors",V08; V17,Verify existing dependency,server/db/ddl/common/control/03_tables.sql,395,CREATE with no later DROP TABLE found,,,Required where exposed; not verified by source inventory
control.cycle_task_template,control,true,Process configuration,BP2-07,BF-04; BP2-13,Retained process/policy dependency,"Use existing process/activation/task authority; BP shows eligible actions and outcomes, not raw configuration editors",V08; V17,Verify existing dependency,server/db/ddl/common/control/03_tables.sql,429,CREATE with no later DROP TABLE found,,,Required where exposed; not verified by source inventory
control.cycle_task_dependency,control,true,Process configuration,BP2-07,BF-04; BP2-13,Retained process/policy dependency,"Use existing process/activation/task authority; BP shows eligible actions and outcomes, not raw configuration editors",V08; V17,Verify existing dependency,server/db/ddl/common/control/03_tables.sql,488,CREATE with no later DROP TABLE found,,,Required where exposed; not verified by source inventory
control.cycle_cross_dependency,control,true,Process configuration,BP2-07,BF-04; BP2-13,Retained process/policy dependency,"Use existing process/activation/task authority; BP shows eligible actions and outcomes, not raw configuration editors",V08; V17,Verify existing dependency,server/db/ddl/common/control/03_tables.sql,513,CREATE with no later DROP TABLE found,,,Required where exposed; not verified by source inventory
control.cycle_carryforward_rule,control,true,Process configuration,BP2-07,BF-04; BP2-13,Retained process/policy dependency,"Use existing process/activation/task authority; BP shows eligible actions and outcomes, not raw configuration editors",V08; V17,Verify existing dependency,server/db/ddl/common/control/03_tables.sql,542,CREATE with no later DROP TABLE found,,,Required where exposed; not verified by source inventory
control.cycle_template_revision,control,true,Process configuration,BP2-07,BF-04; BP2-13,Retained process/policy dependency,"Use existing process/activation/task authority; BP shows eligible actions and outcomes, not raw configuration editors",V08; V17,Verify existing dependency,server/db/ddl/common/control/03_tables.sql,569,CREATE with no later DROP TABLE found,,,Required where exposed; not verified by source inventory
control.bank_account_validation_rule,control,true,Bank validation configuration,BP2-09,,Retained banking policy dependency,Internal validation policy/reference; not an editable partner section,V09,Verify existing dependency,server/db/ddl/common/control/03_tables.sql,602,CREATE with no later DROP TABLE found,,,Required where exposed; not verified by source inventory
control.usage_metric_catalog,control,true,Adjacent domain or infrastructure,BP2-00,,Deferred/adjacent; no new BP surface,No direct BP app entity recommended; retain owning domain. Review a concrete field/workflow dependency before expansion.,V01,Deferred new UI; verify boundary,server/db/ddl/common/control/03_tables.sql,668,CREATE with no later DROP TABLE found,,,Required where exposed; not verified by source inventory
control.subscription_plan_usage_limit,control,true,Adjacent domain or infrastructure,BP2-00,,Deferred/adjacent; no new BP surface,No direct BP app entity recommended; retain owning domain. Review a concrete field/workflow dependency before expansion.,V01,Deferred new UI; verify boundary,server/db/ddl/common/control/03_tables.sql,703,CREATE with no later DROP TABLE found,,,Required where exposed; not verified by source inventory
control.tenant_usage_limit_override,control,true,Adjacent domain or infrastructure,BP2-00,,Deferred/adjacent; no new BP surface,No direct BP app entity recommended; retain owning domain. Review a concrete field/workflow dependency before expansion.,V01,Deferred new UI; verify boundary,server/db/ddl/common/control/03_tables.sql,734,CREATE with no later DROP TABLE found,,,Required where exposed; not verified by source inventory
control.feature_flag_catalog,control,true,Application configuration,BF-02,BP2-06,Retained app/context/entitlement dependency,"Existing navigation, entitlement, feature and parameter authority; no BP-specific copy",V05; V06,Verify existing dependency,server/db/ddl/common/control/03_tables.sql,780,CREATE with no later DROP TABLE found,,,Required where exposed; not verified by source inventory
control.feature_flag_override,control,true,Application configuration,BF-02,BP2-06,Retained app/context/entitlement dependency,"Existing navigation, entitlement, feature and parameter authority; no BP-specific copy",V05; V06,Verify existing dependency,server/db/ddl/common/control/03_tables.sql,824,CREATE with no later DROP TABLE found,,,Required where exposed; not verified by source inventory
control.parameter_definition,control,true,Application configuration,BF-02,BP2-06,Retained app/context/entitlement dependency,"Existing navigation, entitlement, feature and parameter authority; no BP-specific copy",V05; V06,Verify existing dependency,server/db/ddl/common/control/03_tables.sql,853,CREATE with no later DROP TABLE found,,,Required where exposed; not verified by source inventory
control.tenant_parameter_value,control,true,Application configuration,BF-02,BP2-06,Retained app/context/entitlement dependency,"Existing navigation, entitlement, feature and parameter authority; no BP-specific copy",V05; V06,Verify existing dependency,server/db/ddl/common/control/03_tables.sql,909,CREATE with no later DROP TABLE found,,,Required where exposed; not verified by source inventory
control.lookup_domain,control,true,Reference and owner infrastructure,BP2-01,BP2-02; BP2-03,Retained registry/lookup infrastructure,Reuse canonical owner registry and published lookup definitions; internal revision/receipt records not app entities,V01; V02; V05,Verify existing dependency,server/db/ddl/common/control/03_tables.sql,949,CREATE with no later DROP TABLE found,,,Required where exposed; not verified by source inventory
control.lookup_value,control,true,Reference and owner infrastructure,BP2-01,BP2-02; BP2-03,Retained registry/lookup infrastructure,Reuse canonical owner registry and published lookup definitions; internal revision/receipt records not app entities,V01; V02; V05,Verify existing dependency,server/db/ddl/common/control/03_tables.sql,970,CREATE with no later DROP TABLE found,,,Required where exposed; not verified by source inventory
control.cron_schedule,control,true,Adjacent domain or infrastructure,BP2-00,,Deferred/adjacent; no new BP surface,No direct BP app entity recommended; retain owning domain. Review a concrete field/workflow dependency before expansion.,V01,Deferred new UI; verify boundary,server/db/ddl/common/control/03_tables.sql,994,CREATE with no later DROP TABLE found,,,Required where exposed; not verified by source inventory
control.cron_schedule_change_log,control,true,Adjacent domain or infrastructure,BP2-00,,Deferred/adjacent; no new BP surface,No direct BP app entity recommended; retain owning domain. Review a concrete field/workflow dependency before expansion.,V01,Deferred new UI; verify boundary,server/db/ddl/common/control/03_tables.sql,1032,CREATE with no later DROP TABLE found,,,Required where exposed; not verified by source inventory
control.notification_provider,control,true,Workflow supporting configuration,BF-04,BP2-07; BP2-08,Retained numbering/notification dependency,Reuse shared numbering and notification behavior; no direct BP data surfaces,V08; V17,Verify existing dependency,server/db/ddl/common/control/03_tables.sql,1049,CREATE with no later DROP TABLE found,,,Required where exposed; not verified by source inventory
control.notification_template,control,true,Workflow supporting configuration,BF-04,BP2-07; BP2-08,Retained numbering/notification dependency,Reuse shared numbering and notification behavior; no direct BP data surfaces,V08; V17,Verify existing dependency,server/db/ddl/common/control/03_tables.sql,1080,CREATE with no later DROP TABLE found,,,Required where exposed; not verified by source inventory
control.notification_routing_rule,control,true,Workflow supporting configuration,BF-04,BP2-07; BP2-08,Retained numbering/notification dependency,Reuse shared numbering and notification behavior; no direct BP data surfaces,V08; V17,Verify existing dependency,server/db/ddl/common/control/03_tables.sql,1109,CREATE with no later DROP TABLE found,,,Required where exposed; not verified by source inventory
control.numbering_policy,control,true,Workflow supporting configuration,BF-04,BP2-07; BP2-08,Retained numbering/notification dependency,Reuse shared numbering and notification behavior; no direct BP data surfaces,V08; V17,Verify existing dependency,server/db/ddl/common/control/03_tables.sql,1152,CREATE with no later DROP TABLE found,,,Required where exposed; not verified by source inventory
control.policy_definition,control,true,Adjacent domain or infrastructure,BP2-00,,Deferred/adjacent; no new BP surface,No direct BP app entity recommended; retain owning domain. Review a concrete field/workflow dependency before expansion.,V01,Deferred new UI; verify boundary,server/db/ddl/common/control/03_tables.sql,1220,CREATE with no later DROP TABLE found,,,Required where exposed; not verified by source inventory
control.policy_rule,control,true,Adjacent domain or infrastructure,BP2-00,,Deferred/adjacent; no new BP surface,No direct BP app entity recommended; retain owning domain. Review a concrete field/workflow dependency before expansion.,V01,Deferred new UI; verify boundary,server/db/ddl/common/control/03_tables.sql,1252,CREATE with no later DROP TABLE found,,,Required where exposed; not verified by source inventory
control.policy_test_case,control,true,Adjacent domain or infrastructure,BP2-00,,Deferred/adjacent; no new BP surface,No direct BP app entity recommended; retain owning domain. Review a concrete field/workflow dependency before expansion.,V01,Deferred new UI; verify boundary,server/db/ddl/common/control/03_tables.sql,1288,CREATE with no later DROP TABLE found,,,Required where exposed; not verified by source inventory
control.policy_test_result,control,true,Adjacent domain or infrastructure,BP2-00,,Deferred/adjacent; no new BP surface,No direct BP app entity recommended; retain owning domain. Review a concrete field/workflow dependency before expansion.,V01,Deferred new UI; verify boundary,server/db/ddl/common/control/03_tables.sql,1323,CREATE with no later DROP TABLE found,,,Required where exposed; not verified by source inventory
control.policy_activation,control,true,Adjacent domain or infrastructure,BP2-00,,Deferred/adjacent; no new BP surface,No direct BP app entity recommended; retain owning domain. Review a concrete field/workflow dependency before expansion.,V01,Deferred new UI; verify boundary,server/db/ddl/common/control/03_tables.sql,1332,CREATE with no later DROP TABLE found,,,Required where exposed; not verified by source inventory
control.policy_evaluation_history,control,true,Adjacent domain or infrastructure,BP2-00,,Deferred/adjacent; no new BP surface,No direct BP app entity recommended; retain owning domain. Review a concrete field/workflow dependency before expansion.,V01,Deferred new UI; verify boundary,server/db/ddl/common/control/03_tables.sql,1339,CREATE with no later DROP TABLE found,,,Required where exposed; not verified by source inventory
control.rounding_rule,control,true,Adjacent domain or infrastructure,BP2-00,,Deferred/adjacent; no new BP surface,No direct BP app entity recommended; retain owning domain. Review a concrete field/workflow dependency before expansion.,V01,Deferred new UI; verify boundary,server/db/ddl/common/control/03_tables.sql,1358,CREATE with no later DROP TABLE found,,,Required where exposed; not verified by source inventory
control.rounding_context,control,true,Adjacent domain or infrastructure,BP2-00,,Deferred/adjacent; no new BP surface,No direct BP app entity recommended; retain owning domain. Review a concrete field/workflow dependency before expansion.,V01,Deferred new UI; verify boundary,server/db/ddl/common/control/03_tables.sql,1406,CREATE with no later DROP TABLE found,,,Required where exposed; not verified by source inventory
control.ui_locale_catalog,control,true,Locale qualification,BP2-01,,Retained locale governance; localization deferred,Existing plane/tenant locale governance; defer localization workstream,V04,Verify existing dependency,server/db/ddl/common/control/03_tables.sql,1433,CREATE with no later DROP TABLE found,,,Required where exposed; not verified by source inventory
master.tenant_locale_activation,master,true,Platform identity/context dependencies,BF-01,BP2-06,Retained platform dependency,Retain platform scope/profile authority; not Business Partner sections,V05; V06; V18,Verify existing dependency,server/db/ddl/common/control/03_tables.sql,1471,CREATE with no later DROP TABLE found,,,Required where exposed; not verified by source inventory
control.tenant_module_entitlement_override,control,true,Application configuration,BF-02,BP2-06,Retained app/context/entitlement dependency,"Existing navigation, entitlement, feature and parameter authority; no BP-specific copy",V05; V06,Verify existing dependency,server/db/ddl/common/control/03_tables.sql,1503,CREATE with no later DROP TABLE found,,,Required where exposed; not verified by source inventory
control.process_selection_publication,control,true,Process configuration,BP2-07,BF-04; BP2-13,Retained process/policy dependency,"Use existing process/activation/task authority; BP shows eligible actions and outcomes, not raw configuration editors",V08; V17,Verify existing dependency,server/db/ddl/common/control/03_tables.sql,1535,CREATE with no later DROP TABLE found,,,Required where exposed; not verified by source inventory
control.process_selection_catalog_revision,control,true,Process configuration,BP2-07,BF-04; BP2-13,Retained process/policy dependency,"Use existing process/activation/task authority; BP shows eligible actions and outcomes, not raw configuration editors",V08; V17,Verify existing dependency,server/db/ddl/common/control/03_tables.sql,1560,CREATE with no later DROP TABLE found,,,Required where exposed; not verified by source inventory
control.supplier_activation_policy,control,true,Process configuration,BP2-07,BF-04; BP2-13,Retained process/policy dependency,"Use existing process/activation/task authority; BP shows eligible actions and outcomes, not raw configuration editors",V08; V17,Verify existing dependency,server/db/ddl/common/control/03_tables.sql,1574,CREATE with no later DROP TABLE found,,,Required where exposed; not verified by source inventory
runtime_meta.tenant_usage_counter,runtime_meta,false,Adjacent domain or infrastructure,BP2-00,,Deferred/adjacent; no new BP surface,No direct BP app entity recommended; retain owning domain. Review a concrete field/workflow dependency before expansion.,V01,Deferred new UI; verify boundary,server/db/ddl/common/runtime_meta/03_tables.sql,3,CREATE with no later DROP TABLE found,,,Required where exposed; not verified by source inventory
runtime_meta.usage_reservation,runtime_meta,false,Adjacent domain or infrastructure,BP2-00,,Deferred/adjacent; no new BP surface,No direct BP app entity recommended; retain owning domain. Review a concrete field/workflow dependency before expansion.,V01,Deferred new UI; verify boundary,server/db/ddl/common/runtime_meta/03_tables.sql,26,CREATE with no later DROP TABLE found,,,Required where exposed; not verified by source inventory
runtime_meta.authorization_epoch,runtime_meta,false,Adjacent domain or infrastructure,BP2-00,,Deferred/adjacent; no new BP surface,No direct BP app entity recommended; retain owning domain. Review a concrete field/workflow dependency before expansion.,V01,Deferred new UI; verify boundary,server/db/ddl/common/runtime_meta/03_tables.sql,70,CREATE with no later DROP TABLE found,,,Required where exposed; not verified by source inventory
runtime_meta.entity_number_counter,runtime_meta,false,Adjacent domain or infrastructure,BP2-00,,Deferred/adjacent; no new BP surface,No direct BP app entity recommended; retain owning domain. Review a concrete field/workflow dependency before expansion.,V01,Deferred new UI; verify boundary,server/db/ddl/common/runtime_meta/03_tables.sql,86,CREATE with no later DROP TABLE found,,,Required where exposed; not verified by source inventory
runtime_meta.entity_number_allocation,runtime_meta,false,Adjacent domain or infrastructure,BP2-00,,Deferred/adjacent; no new BP surface,No direct BP app entity recommended; retain owning domain. Review a concrete field/workflow dependency before expansion.,V01,Deferred new UI; verify boundary,server/db/ddl/common/runtime_meta/03_tables.sql,132,CREATE with no later DROP TABLE found,,,Required where exposed; not verified by source inventory
runtime_meta.applied_release,runtime_meta,false,Adjacent domain or infrastructure,BP2-00,,Deferred/adjacent; no new BP surface,No direct BP app entity recommended; retain owning domain. Review a concrete field/workflow dependency before expansion.,V01,Deferred new UI; verify boundary,server/db/ddl/common/runtime_meta/03_tables.sql,163,CREATE with no later DROP TABLE found,,,Required where exposed; not verified by source inventory
runtime_meta.release_activation_head,runtime_meta,false,Adjacent domain or infrastructure,BP2-00,,Deferred/adjacent; no new BP surface,No direct BP app entity recommended; retain owning domain. Review a concrete field/workflow dependency before expansion.,V01,Deferred new UI; verify boundary,server/db/ddl/common/runtime_meta/03_tables.sql,188,CREATE with no later DROP TABLE found,,,Required where exposed; not verified by source inventory
runtime_meta.release_activation_event,runtime_meta,false,Adjacent domain or infrastructure,BP2-00,,Deferred/adjacent; no new BP surface,No direct BP app entity recommended; retain owning domain. Review a concrete field/workflow dependency before expansion.,V01,Deferred new UI; verify boundary,server/db/ddl/common/runtime_meta/03_tables.sql,199,CREATE with no later DROP TABLE found,,,Required where exposed; not verified by source inventory
runtime_meta.entity_contract,runtime_meta,false,Adjacent domain or infrastructure,BP2-00,,Deferred/adjacent; no new BP surface,No direct BP app entity recommended; retain owning domain. Review a concrete field/workflow dependency before expansion.,V01,Deferred new UI; verify boundary,server/db/ddl/common/runtime_meta/03_tables.sql,216,CREATE with no later DROP TABLE found,,,Required where exposed; not verified by source inventory
runtime_meta.entity_descriptor,runtime_meta,false,Adjacent domain or infrastructure,BP2-00,,Deferred/adjacent; no new BP surface,No direct BP app entity recommended; retain owning domain. Review a concrete field/workflow dependency before expansion.,V01,Deferred new UI; verify boundary,server/db/ddl/common/runtime_meta/03_tables.sql,269,CREATE with no later DROP TABLE found,,,Required where exposed; not verified by source inventory
runtime_meta.applied_release_payload,runtime_meta,false,Adjacent domain or infrastructure,BP2-00,,Deferred/adjacent; no new BP surface,No direct BP app entity recommended; retain owning domain. Review a concrete field/workflow dependency before expansion.,V01,Deferred new UI; verify boundary,server/db/ddl/common/runtime_meta/03_tables.sql,322,CREATE with no later DROP TABLE found,,,Required where exposed; not verified by source inventory
runtime_meta.experience_surface_projection,runtime_meta,false,Adjacent domain or infrastructure,BP2-00,,Deferred/adjacent; no new BP surface,No direct BP app entity recommended; retain owning domain. Review a concrete field/workflow dependency before expansion.,V01,Deferred new UI; verify boundary,server/db/ddl/common/runtime_meta/03_tables.sql,351,CREATE with no later DROP TABLE found,,,Required where exposed; not verified by source inventory
ops.authorization_parity_certification,ops,false,Adjacent domain or infrastructure,BP2-00,,Deferred/adjacent; no new BP surface,No direct BP app entity recommended; retain owning domain. Review a concrete field/workflow dependency before expansion.,V01,Deferred new UI; verify boundary,server/db/ddl/common/ops/03_tables.sql,1,CREATE with no later DROP TABLE found,,,Required where exposed; not verified by source inventory
ops.authorization_qualification_cohort_requirement,ops,false,Adjacent domain or infrastructure,BP2-00,,Deferred/adjacent; no new BP surface,No direct BP app entity recommended; retain owning domain. Review a concrete field/workflow dependency before expansion.,V01,Deferred new UI; verify boundary,server/db/ddl/common/ops/03_tables.sql,42,CREATE with no later DROP TABLE found,,,Required where exposed; not verified by source inventory
ops.authorization_operation_rollout,ops,false,Adjacent domain or infrastructure,BP2-00,,Deferred/adjacent; no new BP surface,No direct BP app entity recommended; retain owning domain. Review a concrete field/workflow dependency before expansion.,V01,Deferred new UI; verify boundary,server/db/ddl/common/ops/03_tables.sql,59,CREATE with no later DROP TABLE found,,,Required where exposed; not verified by source inventory
ops.authorization_operation_cutover_drill,ops,false,Adjacent domain or infrastructure,BP2-00,,Deferred/adjacent; no new BP surface,No direct BP app entity recommended; retain owning domain. Review a concrete field/workflow dependency before expansion.,V01,Deferred new UI; verify boundary,server/db/ddl/common/ops/03_tables.sql,95,CREATE with no later DROP TABLE found,,,Required where exposed; not verified by source inventory
ops.authorization_shadow_comparison,ops,false,Adjacent domain or infrastructure,BP2-00,,Deferred/adjacent; no new BP surface,No direct BP app entity recommended; retain owning domain. Review a concrete field/workflow dependency before expansion.,V01,Deferred new UI; verify boundary,server/db/ddl/common/ops/03_tables.sql,117,CREATE with no later DROP TABLE found,,,Required where exposed; not verified by source inventory
ops.identity_admission_shadow_comparison,ops,false,Adjacent domain or infrastructure,BP2-00,,Deferred/adjacent; no new BP surface,No direct BP app entity recommended; retain owning domain. Review a concrete field/workflow dependency before expansion.,V01,Deferred new UI; verify boundary,server/db/ddl/common/ops/03_tables.sql,176,CREATE with no later DROP TABLE found,,,Required where exposed; not verified by source inventory
ops.authorization_session_shadow_comparison,ops,false,Adjacent domain or infrastructure,BP2-00,,Deferred/adjacent; no new BP surface,No direct BP app entity recommended; retain owning domain. Review a concrete field/workflow dependency before expansion.,V01,Deferred new UI; verify boundary,server/db/ddl/common/ops/03_tables.sql,214,CREATE with no later DROP TABLE found,,,Required where exposed; not verified by source inventory
ops.job_execution,ops,false,Adjacent domain or infrastructure,BP2-00,,Deferred/adjacent; no new BP surface,No direct BP app entity recommended; retain owning domain. Review a concrete field/workflow dependency before expansion.,V01,Deferred new UI; verify boundary,server/db/ddl/common/ops/03_tables.sql,242,CREATE with no later DROP TABLE found,,,Required where exposed; not verified by source inventory
ops.job_execution_attempt,ops,false,Adjacent domain or infrastructure,BP2-00,,Deferred/adjacent; no new BP surface,No direct BP app entity recommended; retain owning domain. Review a concrete field/workflow dependency before expansion.,V01,Deferred new UI; verify boundary,server/db/ddl/common/ops/03_tables.sql,311,CREATE with no later DROP TABLE found,,,Required where exposed; not verified by source inventory
ops.job_execution_command,ops,false,Adjacent domain or infrastructure,BP2-00,,Deferred/adjacent; no new BP surface,No direct BP app entity recommended; retain owning domain. Review a concrete field/workflow dependency before expansion.,V01,Deferred new UI; verify boundary,server/db/ddl/common/ops/03_tables.sql,351,CREATE with no later DROP TABLE found,,,Required where exposed; not verified by source inventory
ops.record_edit_lock,ops,false,Adjacent domain or infrastructure,BP2-00,,Deferred/adjacent; no new BP surface,No direct BP app entity recommended; retain owning domain. Review a concrete field/workflow dependency before expansion.,V01,Deferred new UI; verify boundary,server/db/ddl/common/ops/03_tables.sql,379,CREATE with no later DROP TABLE found,,,Required where exposed; not verified by source inventory
ops.record_import_session,ops,false,Adjacent domain or infrastructure,BP2-00,,Deferred/adjacent; no new BP surface,No direct BP app entity recommended; retain owning domain. Review a concrete field/workflow dependency before expansion.,V01,Deferred new UI; verify boundary,server/db/ddl/common/ops/03_tables.sql,395,CREATE with no later DROP TABLE found,,,Required where exposed; not verified by source inventory
ops.record_import_chunk,ops,false,Adjacent domain or infrastructure,BP2-00,,Deferred/adjacent; no new BP surface,No direct BP app entity recommended; retain owning domain. Review a concrete field/workflow dependency before expansion.,V01,Deferred new UI; verify boundary,server/db/ddl/common/ops/03_tables.sql,432,CREATE with no later DROP TABLE found,,,Required where exposed; not verified by source inventory
ops.record_export_request,ops,false,Adjacent domain or infrastructure,BP2-00,,Deferred/adjacent; no new BP surface,No direct BP app entity recommended; retain owning domain. Review a concrete field/workflow dependency before expansion.,V01,Deferred new UI; verify boundary,server/db/ddl/common/ops/03_tables.sql,443,CREATE with no later DROP TABLE found,,,Required where exposed; not verified by source inventory
ops.record_transfer_retention_policy,ops,false,Adjacent domain or infrastructure,BP2-00,,Deferred/adjacent; no new BP surface,No direct BP app entity recommended; retain owning domain. Review a concrete field/workflow dependency before expansion.,V01,Deferred new UI; verify boundary,server/db/ddl/common/ops/03_tables.sql,466,CREATE with no later DROP TABLE found,,,Required where exposed; not verified by source inventory
ops.control_runtime_command_submission,ops,false,Adjacent domain or infrastructure,BP2-00,,Deferred/adjacent; no new BP surface,No direct BP app entity recommended; retain owning domain. Review a concrete field/workflow dependency before expansion.,V01,Deferred new UI; verify boundary,server/db/ddl/common/ops/03_tables.sql,482,CREATE with no later DROP TABLE found,,,Required where exposed; not verified by source inventory
ops.control_runtime_command_approval_request,ops,false,Adjacent domain or infrastructure,BP2-00,,Deferred/adjacent; no new BP surface,No direct BP app entity recommended; retain owning domain. Review a concrete field/workflow dependency before expansion.,V01,Deferred new UI; verify boundary,server/db/ddl/common/ops/03_tables.sql,504,CREATE with no later DROP TABLE found,,,Required where exposed; not verified by source inventory
ops.control_runtime_command_approval_decision,ops,false,Adjacent domain or infrastructure,BP2-00,,Deferred/adjacent; no new BP surface,No direct BP app entity recommended; retain owning domain. Review a concrete field/workflow dependency before expansion.,V01,Deferred new UI; verify boundary,server/db/ddl/common/ops/03_tables.sql,523,CREATE with no later DROP TABLE found,,,Required where exposed; not verified by source inventory
ops.control_runtime_command_history,ops,false,Adjacent domain or infrastructure,BP2-00,,Deferred/adjacent; no new BP surface,No direct BP app entity recommended; retain owning domain. Review a concrete field/workflow dependency before expansion.,V01,Deferred new UI; verify boundary,server/db/ddl/common/ops/03_tables.sql,540,CREATE with no later DROP TABLE found,,,Required where exposed; not verified by source inventory
master.contact_person,master,true,Address and contact graph,BP2-03,BP2-01,Parent-owned collection/reference,"Link-aware related sections and child lookup metadata; preserve owner registry, tenant boundaries and contact verification",V02; V05,Planned,server/db/ddl/common/master/03_tables.sql,3,CREATE with no later DROP TABLE found,,metadata/products/mdg/entities/contact_person/core.json,Required where exposed; not verified by source inventory
master.contact_person_role,master,true,Address and contact graph,BP2-03,BP2-01,Parent-owned collection/reference,"Link-aware related sections and child lookup metadata; preserve owner registry, tenant boundaries and contact verification",V02; V05,Planned,server/db/ddl/common/master/03_tables.sql,47,CREATE with no later DROP TABLE found,,,Required where exposed; not verified by source inventory
ledger.budget_transaction,ledger,false,Adjacent domain or infrastructure,BP2-00,,Deferred/adjacent; no new BP surface,No direct BP app entity recommended; retain owning domain. Review a concrete field/workflow dependency before expansion.,V01,Deferred new UI; verify boundary,server/db/ddl/planes/neon/ledger/03_tables.sql,1,CREATE with no later DROP TABLE found,,,Required where exposed; not verified by source inventory
ledger.budget_balance,ledger,false,Adjacent domain or infrastructure,BP2-00,,Deferred/adjacent; no new BP surface,No direct BP app entity recommended; retain owning domain. Review a concrete field/workflow dependency before expansion.,V01,Deferred new UI; verify boundary,server/db/ddl/planes/neon/ledger/03_tables.sql,50,CREATE with no later DROP TABLE found,,,Required where exposed; not verified by source inventory
ledger.planning_run,ledger,false,Adjacent domain or infrastructure,BP2-00,,Deferred/adjacent; no new BP surface,No direct BP app entity recommended; retain owning domain. Review a concrete field/workflow dependency before expansion.,V01,Deferred new UI; verify boundary,server/db/ddl/planes/neon/ledger/03_tables.sql,90,CREATE with no later DROP TABLE found,,,Required where exposed; not verified by source inventory
ledger.planning_output,ledger,false,Adjacent domain or infrastructure,BP2-00,,Deferred/adjacent; no new BP surface,No direct BP app entity recommended; retain owning domain. Review a concrete field/workflow dependency before expansion.,V01,Deferred new UI; verify boundary,server/db/ddl/planes/neon/ledger/03_tables.sql,139,CREATE with no later DROP TABLE found,,,Required where exposed; not verified by source inventory
ledger.book_period_status,ledger,false,Adjacent domain or infrastructure,BP2-00,,Deferred/adjacent; no new BP surface,No direct BP app entity recommended; retain owning domain. Review a concrete field/workflow dependency before expansion.,V01,Deferred new UI; verify boundary,server/db/ddl/planes/neon/ledger/03_tables.sql,189,CREATE with no later DROP TABLE found,,,Required where exposed; not verified by source inventory
ledger.cross_book_posting_execution,ledger,false,Adjacent domain or infrastructure,BP2-00,,Deferred/adjacent; no new BP surface,No direct BP app entity recommended; retain owning domain. Review a concrete field/workflow dependency before expansion.,V01,Deferred new UI; verify boundary,server/db/ddl/planes/neon/ledger/03_tables.sql,236,CREATE with no later DROP TABLE found,,,Required where exposed; not verified by source inventory
ledger.gl_balance,ledger,false,Adjacent domain or infrastructure,BP2-00,,Deferred/adjacent; no new BP surface,No direct BP app entity recommended; retain owning domain. Review a concrete field/workflow dependency before expansion.,V01,Deferred new UI; verify boundary,server/db/ddl/planes/neon/ledger/03_tables.sql,299,CREATE with no later DROP TABLE found,,,Required where exposed; not verified by source inventory
ledger.commitment_fulfillment,ledger,false,Adjacent domain or infrastructure,BP2-00,,Deferred/adjacent; no new BP surface,No direct BP app entity recommended; retain owning domain. Review a concrete field/workflow dependency before expansion.,V01,Deferred new UI; verify boundary,server/db/ddl/planes/neon/ledger/03_tables.sql,343,CREATE with no later DROP TABLE found,,,Required where exposed; not verified by source inventory
ledger.inventory_movement,ledger,false,Adjacent domain or infrastructure,BP2-00,,Deferred/adjacent; no new BP surface,No direct BP app entity recommended; retain owning domain. Review a concrete field/workflow dependency before expansion.,V01,Deferred new UI; verify boundary,server/db/ddl/planes/neon/ledger/03_tables.sql,392,CREATE with no later DROP TABLE found,,,Required where exposed; not verified by source inventory
ledger.inventory_balance,ledger,false,Adjacent domain or infrastructure,BP2-00,,Deferred/adjacent; no new BP surface,No direct BP app entity recommended; retain owning domain. Review a concrete field/workflow dependency before expansion.,V01,Deferred new UI; verify boundary,server/db/ddl/planes/neon/ledger/03_tables.sql,457,CREATE with no later DROP TABLE found,,,Required where exposed; not verified by source inventory
ledger.inventory_valuation_layer,ledger,false,Adjacent domain or infrastructure,BP2-00,,Deferred/adjacent; no new BP surface,No direct BP app entity recommended; retain owning domain. Review a concrete field/workflow dependency before expansion.,V01,Deferred new UI; verify boundary,server/db/ddl/planes/neon/ledger/03_tables.sql,495,CREATE with no later DROP TABLE found,,,Required where exposed; not verified by source inventory
ledger.tax_calculation,ledger,false,Adjacent domain or infrastructure,BP2-00,,Deferred/adjacent; no new BP surface,No direct BP app entity recommended; retain owning domain. Review a concrete field/workflow dependency before expansion.,V01,Deferred new UI; verify boundary,server/db/ddl/planes/neon/ledger/03_tables.sql,537,CREATE with no later DROP TABLE found,,,Required where exposed; not verified by source inventory
ledger.tax_credit_movement,ledger,false,Adjacent domain or infrastructure,BP2-00,,Deferred/adjacent; no new BP surface,No direct BP app entity recommended; retain owning domain. Review a concrete field/workflow dependency before expansion.,V01,Deferred new UI; verify boundary,server/db/ddl/planes/neon/ledger/03_tables.sql,612,CREATE with no later DROP TABLE found,,,Required where exposed; not verified by source inventory
ledger.asset_revaluation_reserve,ledger,false,Adjacent domain or infrastructure,BP2-00,,Deferred/adjacent; no new BP surface,No direct BP app entity recommended; retain owning domain. Review a concrete field/workflow dependency before expansion.,V01,Deferred new UI; verify boundary,server/db/ddl/planes/neon/ledger/03_tables.sql,643,CREATE with no later DROP TABLE found,,,Required where exposed; not verified by source inventory
ledger.fx_revaluation_line,ledger,false,Adjacent domain or infrastructure,BP2-00,,Deferred/adjacent; no new BP surface,No direct BP app entity recommended; retain owning domain. Review a concrete field/workflow dependency before expansion.,V01,Deferred new UI; verify boundary,server/db/ddl/planes/neon/ledger/03_tables.sql,691,CREATE with no later DROP TABLE found,,,Required where exposed; not verified by source inventory
ledger.ic_elimination_line,ledger,false,Adjacent domain or infrastructure,BP2-00,,Deferred/adjacent; no new BP surface,No direct BP app entity recommended; retain owning domain. Review a concrete field/workflow dependency before expansion.,V01,Deferred new UI; verify boundary,server/db/ddl/planes/neon/ledger/03_tables.sql,736,CREATE with no later DROP TABLE found,,,Required where exposed; not verified by source inventory
authz.permission,authz,false,Adjacent domain or infrastructure,BP2-00,,Deferred/adjacent; no new BP surface,No direct BP app entity recommended; retain owning domain. Review a concrete field/workflow dependency before expansion.,V01,Deferred new UI; verify boundary,server/db/ddl/common/authz/03_tables.sql,5,CREATE with no later DROP TABLE found,,,Required where exposed; not verified by source inventory
authz.permission_scope_kind,authz,false,Adjacent domain or infrastructure,BP2-00,,Deferred/adjacent; no new BP surface,No direct BP app entity recommended; retain owning domain. Review a concrete field/workflow dependency before expansion.,V01,Deferred new UI; verify boundary,server/db/ddl/common/authz/03_tables.sql,40,CREATE with no later DROP TABLE found,,,Required where exposed; not verified by source inventory
authz.plane_membership,authz,false,Adjacent domain or infrastructure,BP2-00,,Deferred/adjacent; no new BP surface,No direct BP app entity recommended; retain owning domain. Review a concrete field/workflow dependency before expansion.,V01,Deferred new UI; verify boundary,server/db/ddl/common/authz/03_tables.sql,61,CREATE with no later DROP TABLE found,,,Required where exposed; not verified by source inventory
authz.scope_target,authz,false,Adjacent domain or infrastructure,BP2-00,,Deferred/adjacent; no new BP surface,No direct BP app entity recommended; retain owning domain. Review a concrete field/workflow dependency before expansion.,V01,Deferred new UI; verify boundary,server/db/ddl/common/authz/03_tables.sql,98,CREATE with no later DROP TABLE found,,,Required where exposed; not verified by source inventory
authz.role,authz,false,Adjacent domain or infrastructure,BP2-00,,Deferred/adjacent; no new BP surface,No direct BP app entity recommended; retain owning domain. Review a concrete field/workflow dependency before expansion.,V01,Deferred new UI; verify boundary,server/db/ddl/common/authz/03_tables.sql,146,CREATE with no later DROP TABLE found,,,Required where exposed; not verified by source inventory
authz.role_permission,authz,false,Adjacent domain or infrastructure,BP2-00,,Deferred/adjacent; no new BP surface,No direct BP app entity recommended; retain owning domain. Review a concrete field/workflow dependency before expansion.,V01,Deferred new UI; verify boundary,server/db/ddl/common/authz/03_tables.sql,192,CREATE with no later DROP TABLE found,,,Required where exposed; not verified by source inventory
authz.principal_group,authz,false,Adjacent domain or infrastructure,BP2-00,,Deferred/adjacent; no new BP surface,No direct BP app entity recommended; retain owning domain. Review a concrete field/workflow dependency before expansion.,V01,Deferred new UI; verify boundary,server/db/ddl/common/authz/03_tables.sql,212,CREATE with no later DROP TABLE found,,,Required where exposed; not verified by source inventory
authz.group_member,authz,false,Adjacent domain or infrastructure,BP2-00,,Deferred/adjacent; no new BP surface,No direct BP app entity recommended; retain owning domain. Review a concrete field/workflow dependency before expansion.,V01,Deferred new UI; verify boundary,server/db/ddl/common/authz/03_tables.sql,269,CREATE with no later DROP TABLE found,,,Required where exposed; not verified by source inventory
authz.group_role,authz,false,Adjacent domain or infrastructure,BP2-00,,Deferred/adjacent; no new BP surface,No direct BP app entity recommended; retain owning domain. Review a concrete field/workflow dependency before expansion.,V01,Deferred new UI; verify boundary,server/db/ddl/common/authz/03_tables.sql,301,CREATE with no later DROP TABLE found,,,Required where exposed; not verified by source inventory
authz.deny_rule,authz,false,Adjacent domain or infrastructure,BP2-00,,Deferred/adjacent; no new BP surface,No direct BP app entity recommended; retain owning domain. Review a concrete field/workflow dependency before expansion.,V01,Deferred new UI; verify boundary,server/db/ddl/common/authz/03_tables.sql,337,CREATE with no later DROP TABLE found,,,Required where exposed; not verified by source inventory
authz.delegation,authz,false,Adjacent domain or infrastructure,BP2-00,,Deferred/adjacent; no new BP surface,No direct BP app entity recommended; retain owning domain. Review a concrete field/workflow dependency before expansion.,V01,Deferred new UI; verify boundary,server/db/ddl/common/authz/03_tables.sql,380,CREATE with no later DROP TABLE found,,,Required where exposed; not verified by source inventory
authz.delegation_grant,authz,false,Adjacent domain or infrastructure,BP2-00,,Deferred/adjacent; no new BP surface,No direct BP app entity recommended; retain owning domain. Review a concrete field/workflow dependency before expansion.,V01,Deferred new UI; verify boundary,server/db/ddl/common/authz/03_tables.sql,454,CREATE with no later DROP TABLE found,,,Required where exposed; not verified by source inventory
authz.override,authz,false,Adjacent domain or infrastructure,BP2-00,,Deferred/adjacent; no new BP surface,No direct BP app entity recommended; retain owning domain. Review a concrete field/workflow dependency before expansion.,V01,Deferred new UI; verify boundary,server/db/ddl/common/authz/03_tables.sql,472,CREATE with no later DROP TABLE found,,,Required where exposed; not verified by source inventory
authz.record_acl,authz,false,Adjacent domain or infrastructure,BP2-00,,Deferred/adjacent; no new BP surface,No direct BP app entity recommended; retain owning domain. Review a concrete field/workflow dependency before expansion.,V01,Deferred new UI; verify boundary,server/db/ddl/common/authz/03_tables.sql,537,CREATE with no later DROP TABLE found,,,Required where exposed; not verified by source inventory
authz.trusted_device,authz,false,Adjacent domain or infrastructure,BP2-00,,Deferred/adjacent; no new BP surface,No direct BP app entity recommended; retain owning domain. Review a concrete field/workflow dependency before expansion.,V01,Deferred new UI; verify boundary,server/db/ddl/common/authz/03_tables.sql,603,CREATE with no later DROP TABLE found,,,Required where exposed; not verified by source inventory
authz.application_projection,authz,false,Adjacent domain or infrastructure,BP2-00,,Deferred/adjacent; no new BP surface,No direct BP app entity recommended; retain owning domain. Review a concrete field/workflow dependency before expansion.,V01,Deferred new UI; verify boundary,server/db/ddl/common/authz/03_tables.sql,662,CREATE with no later DROP TABLE found,,,Required where exposed; not verified by source inventory
authz.projection_provider,authz,false,Adjacent domain or infrastructure,BP2-00,,Deferred/adjacent; no new BP surface,No direct BP app entity recommended; retain owning domain. Review a concrete field/workflow dependency before expansion.,V01,Deferred new UI; verify boundary,server/db/ddl/common/authz/03_tables.sql,682,CREATE with no later DROP TABLE found,,,Required where exposed; not verified by source inventory
authz.projection_scope,authz,false,Adjacent domain or infrastructure,BP2-00,,Deferred/adjacent; no new BP surface,No direct BP app entity recommended; retain owning domain. Review a concrete field/workflow dependency before expansion.,V01,Deferred new UI; verify boundary,server/db/ddl/common/authz/03_tables.sql,693,CREATE with no later DROP TABLE found,,,Required where exposed; not verified by source inventory
authz.entity_operation_binding,authz,false,Adjacent domain or infrastructure,BP2-00,,Deferred/adjacent; no new BP surface,No direct BP app entity recommended; retain owning domain. Review a concrete field/workflow dependency before expansion.,V01,Deferred new UI; verify boundary,server/db/ddl/common/authz/03_tables.sql,708,CREATE with no later DROP TABLE found,,,Required where exposed; not verified by source inventory
authz.entity_operation_scope_binding,authz,false,Adjacent domain or infrastructure,BP2-00,,Deferred/adjacent; no new BP surface,No direct BP app entity recommended; retain owning domain. Review a concrete field/workflow dependency before expansion.,V01,Deferred new UI; verify boundary,server/db/ddl/common/authz/03_tables.sql,754,CREATE with no later DROP TABLE found,,,Required where exposed; not verified by source inventory
event.comment_flag,event,false,Adjacent domain or infrastructure,BP2-00,,Deferred/adjacent; no new BP surface,No direct BP app entity recommended; retain owning domain. Review a concrete field/workflow dependency before expansion.,V01,Deferred new UI; verify boundary,server/db/ddl/common/event/03_tables.sql,1,CREATE with no later DROP TABLE found,,,Required where exposed; not verified by source inventory
event.notification_message,event,false,Adjacent domain or infrastructure,BP2-00,,Deferred/adjacent; no new BP surface,No direct BP app entity recommended; retain owning domain. Review a concrete field/workflow dependency before expansion.,V01,Deferred new UI; verify boundary,server/db/ddl/common/event/03_tables.sql,25,CREATE with no later DROP TABLE found,,,Required where exposed; not verified by source inventory
event.notification_delivery,event,false,Adjacent domain or infrastructure,BP2-00,,Deferred/adjacent; no new BP surface,No direct BP app entity recommended; retain owning domain. Review a concrete field/workflow dependency before expansion.,V01,Deferred new UI; verify boundary,server/db/ddl/common/event/03_tables.sql,66,CREATE with no later DROP TABLE found,,,Required where exposed; not verified by source inventory
event.notification_provider_event,event,false,Adjacent domain or infrastructure,BP2-00,,Deferred/adjacent; no new BP surface,No direct BP app entity recommended; retain owning domain. Review a concrete field/workflow dependency before expansion.,V01,Deferred new UI; verify boundary,server/db/ddl/common/event/03_tables.sql,112,CREATE with no later DROP TABLE found,,,Required where exposed; not verified by source inventory
event.notification_email_suppression,event,false,Adjacent domain or infrastructure,BP2-00,,Deferred/adjacent; no new BP surface,No direct BP app entity recommended; retain owning domain. Review a concrete field/workflow dependency before expansion.,V01,Deferred new UI; verify boundary,server/db/ddl/common/event/03_tables.sql,141,CREATE with no later DROP TABLE found,,,Required where exposed; not verified by source inventory
event.notification_message_attachment,event,false,Adjacent domain or infrastructure,BP2-00,,Deferred/adjacent; no new BP surface,No direct BP app entity recommended; retain owning domain. Review a concrete field/workflow dependency before expansion.,V01,Deferred new UI; verify boundary,server/db/ddl/common/event/03_tables.sql,167,CREATE with no later DROP TABLE found,,,Required where exposed; not verified by source inventory
event.notification_inbox_state,event,false,Adjacent domain or infrastructure,BP2-00,,Deferred/adjacent; no new BP surface,No direct BP app entity recommended; retain owning domain. Review a concrete field/workflow dependency before expansion.,V01,Deferred new UI; verify boundary,server/db/ddl/common/event/03_tables.sql,198,CREATE with no later DROP TABLE found,,,Required where exposed; not verified by source inventory
event.outbox,event,false,Adjacent domain or infrastructure,BP2-00,,Deferred/adjacent; no new BP surface,No direct BP app entity recommended; retain owning domain. Review a concrete field/workflow dependency before expansion.,V01,Deferred new UI; verify boundary,server/db/ddl/common/event/03_tables.sql,232,CREATE with no later DROP TABLE found,,,Required where exposed; not verified by source inventory
event.integration_delivery,event,false,Adjacent domain or infrastructure,BP2-00,,Deferred/adjacent; no new BP surface,No direct BP app entity recommended; retain owning domain. Review a concrete field/workflow dependency before expansion.,V01,Deferred new UI; verify boundary,server/db/ddl/common/event/03_tables.sql,280,CREATE with no later DROP TABLE found,,,Required where exposed; not verified by source inventory
event.integration_inbound_receipt,event,false,Adjacent domain or infrastructure,BP2-00,,Deferred/adjacent; no new BP surface,No direct BP app entity recommended; retain owning domain. Review a concrete field/workflow dependency before expansion.,V01,Deferred new UI; verify boundary,server/db/ddl/common/event/03_tables.sql,297,CREATE with no later DROP TABLE found,,,Required where exposed; not verified by source inventory
event.channel_consent_event,event,false,Adjacent domain or infrastructure,BP2-00,,Deferred/adjacent; no new BP surface,No direct BP app entity recommended; retain owning domain. Review a concrete field/workflow dependency before expansion.,V01,Deferred new UI; verify boundary,server/db/ddl/common/event/03_tables.sql,308,CREATE with no later DROP TABLE found,,,Required where exposed; not verified by source inventory
event.command_execution,event,false,Adjacent domain or infrastructure,BP2-00,,Deferred/adjacent; no new BP surface,No direct BP app entity recommended; retain owning domain. Review a concrete field/workflow dependency before expansion.,V01,Deferred new UI; verify boundary,server/db/ddl/common/event/03_tables.sql,336,CREATE with no later DROP TABLE found,,,Required where exposed; not verified by source inventory
event.authorization_invalidation_outbox,event,false,Adjacent domain or infrastructure,BP2-00,,Deferred/adjacent; no new BP surface,No direct BP app entity recommended; retain owning domain. Review a concrete field/workflow dependency before expansion.,V01,Deferred new UI; verify boundary,server/db/ddl/common/event/03_tables.sql,409,CREATE with no later DROP TABLE found,,,Required where exposed; not verified by source inventory
event.descriptor_invalidation_outbox,event,false,Adjacent domain or infrastructure,BP2-00,,Deferred/adjacent; no new BP surface,No direct BP app entity recommended; retain owning domain. Review a concrete field/workflow dependency before expansion.,V01,Deferred new UI; verify boundary,server/db/ddl/common/event/03_tables.sql,450,CREATE with no later DROP TABLE found,,,Required where exposed; not verified by source inventory
event.notification_delivery_claim,event,false,Adjacent domain or infrastructure,BP2-00,,Deferred/adjacent; no new BP surface,No direct BP app entity recommended; retain owning domain. Review a concrete field/workflow dependency before expansion.,V01,Deferred new UI; verify boundary,server/db/ddl/common/event/03_tables.sql,517,CREATE with no later DROP TABLE found,,,Required where exposed; not verified by source inventory
event.notification_outbox_state,event,false,Adjacent domain or infrastructure,BP2-00,,Deferred/adjacent; no new BP surface,No direct BP app entity recommended; retain owning domain. Review a concrete field/workflow dependency before expansion.,V01,Deferred new UI; verify boundary,server/db/ddl/common/event/03_tables.sql,539,CREATE with no later DROP TABLE found,,,Required where exposed; not verified by source inventory
event.digest_staging,event,false,Adjacent domain or infrastructure,BP2-00,,Deferred/adjacent; no new BP surface,No direct BP app entity recommended; retain owning domain. Review a concrete field/workflow dependency before expansion.,V01,Deferred new UI; verify boundary,server/db/ddl/common/event/03_tables.sql,565,CREATE with no later DROP TABLE found,,,Required where exposed; not verified by source inventory
event.push_subscription,event,false,Adjacent domain or infrastructure,BP2-00,,Deferred/adjacent; no new BP surface,No direct BP app entity recommended; retain owning domain. Review a concrete field/workflow dependency before expansion.,V01,Deferred new UI; verify boundary,server/db/ddl/common/event/03_tables.sql,590,CREATE with no later DROP TABLE found,,,Required where exposed; not verified by source inventory
event.whatsapp_consent,event,false,Adjacent domain or infrastructure,BP2-00,,Deferred/adjacent; no new BP surface,No direct BP app entity recommended; retain owning domain. Review a concrete field/workflow dependency before expansion.,V01,Deferred new UI; verify boundary,server/db/ddl/common/event/03_tables.sql,622,CREATE with no later DROP TABLE found,,,Required where exposed; not verified by source inventory
event.webhook_subscription,event,false,Adjacent domain or infrastructure,BP2-00,,Deferred/adjacent; no new BP surface,No direct BP app entity recommended; retain owning domain. Review a concrete field/workflow dependency before expansion.,V01,Deferred new UI; verify boundary,server/db/ddl/common/event/03_tables.sql,651,CREATE with no later DROP TABLE found,,,Required where exposed; not verified by source inventory
event.invalidation_dead_letter,event,false,Adjacent domain or infrastructure,BP2-00,,Deferred/adjacent; no new BP surface,No direct BP app entity recommended; retain owning domain. Review a concrete field/workflow dependency before expansion.,V01,Deferred new UI; verify boundary,server/db/ddl/common/event/03_tables.sql,678,CREATE with no later DROP TABLE found,,,Required where exposed; not verified by source inventory
log.notification_delivery_attempt,log,false,Adjacent domain or infrastructure,BP2-00,,Deferred/adjacent; no new BP surface,No direct BP app entity recommended; retain owning domain. Review a concrete field/workflow dependency before expansion.,V01,Deferred new UI; verify boundary,server/db/ddl/common/log/03_tables.sql,1,CREATE with no later DROP TABLE found,,,Required where exposed; not verified by source inventory
log.notification_dlq,log,false,Adjacent domain or infrastructure,BP2-00,,Deferred/adjacent; no new BP surface,No direct BP app entity recommended; retain owning domain. Review a concrete field/workflow dependency before expansion.,V01,Deferred new UI; verify boundary,server/db/ddl/common/log/03_tables.sql,33,CREATE with no later DROP TABLE found,,,Required where exposed; not verified by source inventory
log.integration_delivery_attempt,log,false,Adjacent domain or infrastructure,BP2-00,,Deferred/adjacent; no new BP surface,No direct BP app entity recommended; retain owning domain. Review a concrete field/workflow dependency before expansion.,V01,Deferred new UI; verify boundary,server/db/ddl/common/log/03_tables.sql,55,CREATE with no later DROP TABLE found,,,Required where exposed; not verified by source inventory
log.integration_dlq,log,false,Adjacent domain or infrastructure,BP2-00,,Deferred/adjacent; no new BP surface,No direct BP app entity recommended; retain owning domain. Review a concrete field/workflow dependency before expansion.,V01,Deferred new UI; verify boundary,server/db/ddl/common/log/03_tables.sql,76,CREATE with no later DROP TABLE found,,,Required where exposed; not verified by source inventory
governance.comment_moderation,governance,false,Adjacent domain or infrastructure,BP2-00,,Deferred/adjacent; no new BP surface,No direct BP app entity recommended; retain owning domain. Review a concrete field/workflow dependency before expansion.,V01,Deferred new UI; verify boundary,server/db/ddl/common/governance/03_tables.sql,1,CREATE with no later DROP TABLE found,,,Required where exposed; not verified by source inventory
governance.channel_consent,governance,false,Adjacent domain or infrastructure,BP2-00,,Deferred/adjacent; no new BP surface,No direct BP app entity recommended; retain owning domain. Review a concrete field/workflow dependency before expansion.,V01,Deferred new UI; verify boundary,server/db/ddl/common/governance/03_tables.sql,32,CREATE with no later DROP TABLE found,,,Required where exposed; not verified by source inventory
governance.cycle_run,governance,false,Adjacent domain or infrastructure,BP2-00,,Deferred/adjacent; no new BP surface,No direct BP app entity recommended; retain owning domain. Review a concrete field/workflow dependency before expansion.,V01,Deferred new UI; verify boundary,server/db/ddl/common/governance/03_tables.sql,58,CREATE with no later DROP TABLE found,,,Required where exposed; not verified by source inventory
governance.cycle_task,governance,false,Adjacent domain or infrastructure,BP2-00,,Deferred/adjacent; no new BP surface,No direct BP app entity recommended; retain owning domain. Review a concrete field/workflow dependency before expansion.,V01,Deferred new UI; verify boundary,server/db/ddl/common/governance/03_tables.sql,99,CREATE with no later DROP TABLE found,,,Required where exposed; not verified by source inventory
governance.cycle_subject,governance,false,Adjacent domain or infrastructure,BP2-00,,Deferred/adjacent; no new BP surface,No direct BP app entity recommended; retain owning domain. Review a concrete field/workflow dependency before expansion.,V01,Deferred new UI; verify boundary,server/db/ddl/common/governance/03_tables.sql,138,CREATE with no later DROP TABLE found,,,Required where exposed; not verified by source inventory
governance.cycle_task_dependency,governance,false,Adjacent domain or infrastructure,BP2-00,,Deferred/adjacent; no new BP surface,No direct BP app entity recommended; retain owning domain. Review a concrete field/workflow dependency before expansion.,V01,Deferred new UI; verify boundary,server/db/ddl/common/governance/03_tables.sql,156,CREATE with no later DROP TABLE found,,,Required where exposed; not verified by source inventory
governance.cycle_deviation,governance,false,Adjacent domain or infrastructure,BP2-00,,Deferred/adjacent; no new BP surface,No direct BP app entity recommended; retain owning domain. Review a concrete field/workflow dependency before expansion.,V01,Deferred new UI; verify boundary,server/db/ddl/common/governance/03_tables.sql,172,CREATE with no later DROP TABLE found,,,Required where exposed; not verified by source inventory
governance.cycle_certification,governance,false,Adjacent domain or infrastructure,BP2-00,,Deferred/adjacent; no new BP surface,No direct BP app entity recommended; retain owning domain. Review a concrete field/workflow dependency before expansion.,V01,Deferred new UI; verify boundary,server/db/ddl/common/governance/03_tables.sql,199,CREATE with no later DROP TABLE found,,,Required where exposed; not verified by source inventory
governance.legal_hold,governance,false,Adjacent domain or infrastructure,BP2-00,,Deferred/adjacent; no new BP surface,No direct BP app entity recommended; retain owning domain. Review a concrete field/workflow dependency before expansion.,V01,Deferred new UI; verify boundary,server/db/ddl/common/governance/03_tables.sql,237,CREATE with no later DROP TABLE found,,,Required where exposed; not verified by source inventory
governance.legal_hold_manifest,governance,false,Adjacent domain or infrastructure,BP2-00,,Deferred/adjacent; no new BP surface,No direct BP app entity recommended; retain owning domain. Review a concrete field/workflow dependency before expansion.,V01,Deferred new UI; verify boundary,server/db/ddl/common/governance/03_tables.sql,264,CREATE with no later DROP TABLE found,,,Required where exposed; not verified by source inventory
governance.report_pack,governance,false,Adjacent domain or infrastructure,BP2-00,,Deferred/adjacent; no new BP surface,No direct BP app entity recommended; retain owning domain. Review a concrete field/workflow dependency before expansion.,V01,Deferred new UI; verify boundary,server/db/ddl/common/governance/03_tables.sql,289,CREATE with no later DROP TABLE found,,,Required where exposed; not verified by source inventory
governance.process_selection_evidence,governance,false,Adjacent domain or infrastructure,BP2-00,,Deferred/adjacent; no new BP surface,No direct BP app entity recommended; retain owning domain. Review a concrete field/workflow dependency before expansion.,V01,Deferred new UI; verify boundary,server/db/ddl/common/governance/03_tables.sql,328,CREATE with no later DROP TABLE found,,,Required where exposed; not verified by source inventory
governance.process_attempt,governance,false,Adjacent domain or infrastructure,BP2-00,,Deferred/adjacent; no new BP surface,No direct BP app entity recommended; retain owning domain. Review a concrete field/workflow dependency before expansion.,V01,Deferred new UI; verify boundary,server/db/ddl/common/governance/03_tables.sql,358,CREATE with no later DROP TABLE found,,,Required where exposed; not verified by source inventory
governance.process_document_job,governance,false,Adjacent domain or infrastructure,BP2-00,,Deferred/adjacent; no new BP surface,No direct BP app entity recommended; retain owning domain. Review a concrete field/workflow dependency before expansion.,V01,Deferred new UI; verify boundary,server/db/ddl/common/governance/03_tables.sql,381,CREATE with no later DROP TABLE found,,,Required where exposed; not verified by source inventory
document.work_item,document,false,Adjacent domain or infrastructure,BP2-00,,Deferred/adjacent; no new BP surface,No direct BP app entity recommended; retain owning domain. Review a concrete field/workflow dependency before expansion.,V01,Deferred new UI; verify boundary,server/db/ddl/common/document/03_tables.sql,1,CREATE with no later DROP TABLE found,,,Required where exposed; not verified by source inventory
document.entity_case,document,false,Current shared request backbone,BF-04,BP2-00,Retained shared case/snapshot authority,Use current case service and snapshot model; do not resurrect dropped BP request tables,V01; V08; V11; V17,Verify existing dependency,server/db/ddl/common/document/03_tables.sql,50,CREATE with no later DROP TABLE found,,,Required where exposed; not verified by source inventory
document.entity_case_command_evidence,document,false,Current shared request backbone,BF-04,BP2-00,Retained shared case/snapshot authority,Use current case service and snapshot model; do not resurrect dropped BP request tables,V01; V08; V11; V17,Verify existing dependency,server/db/ddl/common/document/03_tables.sql,83,CREATE with no later DROP TABLE found,,,Required where exposed; not verified by source inventory
document.entity_case_validation,document,false,Current shared request backbone,BF-04,BP2-00,Retained shared case/snapshot authority,Use current case service and snapshot model; do not resurrect dropped BP request tables,V01; V08; V11; V17,Verify existing dependency,server/db/ddl/common/document/03_tables.sql,102,CREATE with no later DROP TABLE found,,,Required where exposed; not verified by source inventory
document.entity_case_materialization,document,false,Current shared request backbone,BF-04,BP2-00,Retained shared case/snapshot authority,Use current case service and snapshot model; do not resurrect dropped BP request tables,V01; V08; V11; V17,Verify existing dependency,server/db/ddl/common/document/03_tables.sql,119,CREATE with no later DROP TABLE found,,,Required where exposed; not verified by source inventory
ai.atlas_experience_release,ai,false,Adjacent domain or infrastructure,BP2-00,,Deferred/adjacent; no new BP surface,No direct BP app entity recommended; retain owning domain. Review a concrete field/workflow dependency before expansion.,V01,Deferred new UI; verify boundary,server/db/ddl/common/ai/03_tables.sql,645,CREATE with no later DROP TABLE found,,,Required where exposed; not verified by source inventory
ai.atlas_learning_candidate,ai,false,Adjacent domain or infrastructure,BP2-00,,Deferred/adjacent; no new BP surface,No direct BP app entity recommended; retain owning domain. Review a concrete field/workflow dependency before expansion.,V01,Deferred new UI; verify boundary,server/db/ddl/common/ai/03_tables.sql,672,CREATE with no later DROP TABLE found,,,Required where exposed; not verified by source inventory
master.operating_organization_capability,master,true,Organization reference dependencies,BP2-06,BP2-01,Retained dependency/authorized lookup,Authorized context/lookups reused by BP; do not copy organization management into partner CRUD,V02; V06,Verify existing dependency,server/db/ddl/planes/neon/master/16_operating_organization_model.sql,54,CREATE with no later DROP TABLE found,,,Required where exposed; not verified by source inventory
authz.management_receipt,authz,false,Adjacent domain or infrastructure,BP2-00,,Deferred/adjacent; no new BP surface,No direct BP app entity recommended; retain owning domain. Review a concrete field/workflow dependency before expansion.,V01,Deferred new UI; verify boundary,server/db/ddl/common/authz/13_management.sql,33,CREATE with no later DROP TABLE found,,,Required where exposed; not verified by source inventory
control.lookup_revision,control,true,Reference and owner infrastructure,BP2-01,BP2-02; BP2-03,Retained registry/lookup infrastructure,Reuse canonical owner registry and published lookup definitions; internal revision/receipt records not app entities,V01; V02; V05,Verify existing dependency,server/db/ddl/common/control/14_admin_integrations.sql,20,CREATE with no later DROP TABLE found,,,Required where exposed; not verified by source inventory
control.lookup_tenant_revision,control,true,Reference and owner infrastructure,BP2-01,BP2-02; BP2-03,Retained registry/lookup infrastructure,Reuse canonical owner registry and published lookup definitions; internal revision/receipt records not app entities,V01; V02; V05,Verify existing dependency,server/db/ddl/common/control/14_admin_integrations.sql,21,CREATE with no later DROP TABLE found,,,Required where exposed; not verified by source inventory
control.lookup_publication_receipt,control,true,Reference and owner infrastructure,BP2-01,BP2-02; BP2-03,Retained registry/lookup infrastructure,Reuse canonical owner registry and published lookup definitions; internal revision/receipt records not app entities,V01; V02; V05,Verify existing dependency,server/db/ddl/common/control/14_admin_integrations.sql,22,CREATE with no later DROP TABLE found,,,Required where exposed; not verified by source inventory
control.lookup_value_reference,control,true,Reference and owner infrastructure,BP2-01,BP2-02; BP2-03,Retained registry/lookup infrastructure,Reuse canonical owner registry and published lookup definitions; internal revision/receipt records not app entities,V01; V02; V05,Verify existing dependency,server/db/ddl/common/control/14_admin_integrations.sql,24,CREATE with no later DROP TABLE found,,,Required where exposed; not verified by source inventory
control.connector_health_job,control,true,Adjacent domain or infrastructure,BP2-00,,Deferred/adjacent; no new BP surface,No direct BP app entity recommended; retain owning domain. Review a concrete field/workflow dependency before expansion.,V01,Deferred new UI; verify boundary,server/db/ddl/common/control/14_admin_integrations.sql,84,CREATE with no later DROP TABLE found,,,Required where exposed; not verified by source inventory
master.bank_account_usage,master,true,Banking graph,BP2-09,BP2-01; BP2-06,Protected projection/governed operation,Masked Banking projection with usage and company acceptance; verification/resolution through governed operations,V05; V06; V09; V10,Planned,server/db/ddl/planes/neon/master/15_bank_account_company_usage.sql,2,CREATE with no later DROP TABLE found,,,Required where exposed; not verified by source inventory
master.bank_account_company_usage,master,true,Banking graph,BP2-09,BP2-01; BP2-06,Protected projection/governed operation,Masked Banking projection with usage and company acceptance; verification/resolution through governed operations,V05; V06; V09; V10,Planned,server/db/ddl/planes/neon/master/15_bank_account_company_usage.sql,10,CREATE with no later DROP TABLE found,,,Required where exposed; not verified by source inventory
master.saved_view_default,master,true,Shared experience dependencies,BF-02,BP2-01,Retained shared experience dependency,Reuse shared record/lookup facilities; no new BP-specific copies,V02; V05,Verify existing dependency,server/db/ddl/common/master/19_entity_saved_views.sql,2,CREATE with no later DROP TABLE found,,,Required where exposed; not verified by source inventory
document.process_task_information,document,false,Adjacent domain or infrastructure,BP2-00,,Deferred/adjacent; no new BP surface,No direct BP app entity recommended; retain owning domain. Review a concrete field/workflow dependency before expansion.,V01,Deferred new UI; verify boundary,server/db/ddl/planes/neon/document/07_task_interactions.sql,2,CREATE with no later DROP TABLE found,,,Required where exposed; not verified by source inventory
document.process_task_interaction_receipt,document,false,Adjacent domain or infrastructure,BP2-00,,Deferred/adjacent; no new BP surface,No direct BP app entity recommended; retain owning domain. Review a concrete field/workflow dependency before expansion.,V01,Deferred new UI; verify boundary,server/db/ddl/planes/neon/document/07_task_interactions.sql,34,CREATE with no later DROP TABLE found,,,Required where exposed; not verified by source inventory
document.process_task_assignment_history,document,false,Adjacent domain or infrastructure,BP2-00,,Deferred/adjacent; no new BP surface,No direct BP app entity recommended; retain owning domain. Review a concrete field/workflow dependency before expansion.,V01,Deferred new UI; verify boundary,server/db/ddl/planes/neon/document/07_task_interactions.sql,169,CREATE with no later DROP TABLE found,,,Required where exposed; not verified by source inventory
document.process_case_contributor,document,false,Adjacent domain or infrastructure,BP2-00,,Deferred/adjacent; no new BP surface,No direct BP app entity recommended; retain owning domain. Review a concrete field/workflow dependency before expansion.,V01,Deferred new UI; verify boundary,server/db/ddl/planes/neon/document/07_task_interactions.sql,300,CREATE with no later DROP TABLE found,,,Required where exposed; not verified by source inventory
control.process_task_rule_proposal,control,true,Process configuration,BP2-07,BF-04; BP2-13,Retained process/policy dependency,"Use existing process/activation/task authority; BP shows eligible actions and outcomes, not raw configuration editors",V08; V17,Verify existing dependency,server/db/ddl/common/control/17_process_task_rule_publication.sql,3,CREATE with no later DROP TABLE found,,,Required where exposed; not verified by source inventory
control.process_task_rule_release,control,true,Process configuration,BP2-07,BF-04; BP2-13,Retained process/policy dependency,"Use existing process/activation/task authority; BP shows eligible actions and outcomes, not raw configuration editors",V08; V17,Verify existing dependency,server/db/ddl/common/control/17_process_task_rule_publication.sql,10,CREATE with no later DROP TABLE found,,,Required where exposed; not verified by source inventory
master.reference_choice_recent,master,true,Shared experience dependencies,BF-02,BP2-01,Retained shared experience dependency,Reuse shared record/lookup facilities; no new BP-specific copies,V02; V05,Verify existing dependency,server/db/ddl/common/master/21_reference_choice_recent.sql,2,CREATE with no later DROP TABLE found,,,Required where exposed; not verified by source inventory
