table,schema,ddl_file,create_line,source_lifecycle,drop_source,family,phase,recommendation,authored_core_examples,core_example_status,service_source_mentions,outgoing_declared_tables
shared.country,shared,server/db/ddl/common/shared/03_tables.sql,11,CREATE with no later DROP TABLE found,,Geography,P1,Reference entity/lookup; country-dependent state selector; preserve natural code values and country validation,metadata/products/mdg/entities/country/core.json,draft core example present; active release unverified,server/packages/adapters/database/athyper-postgres/dist/generated/kysely-studio/types.d.ts; server/packages/adapters/database/athyper-postgres/src/generated/kysely-studio/types.ts; server/packages/adapters/database/mesh-postgres/dist/generated/kysely-mesh/types.d.ts; server/packages/adapters/database/mesh-postgres/src/generated/kysely-mesh/types.ts; server/packages/adapters/database/neon-postgres/dist/generated/kysely/types.d.ts; server/packages/adapters/database/neon-postgres/src/generated/kysely/types.ts; server/packages/services/records/src/address-form-choices.ts; server/packages/services/records/src/bank-form-choices.ts,
shared.currency,shared,server/db/ddl/common/shared/03_tables.sql,117,CREATE with no later DROP TABLE found,,Commercial reference,P1,Reuse existing currency reference reader; verify compiled core/publication coverage before proposing a new entity,,no direct storage binding in inspected New_Entity core examples; not proof of no other metadata,server/packages/adapters/database/athyper-postgres/dist/generated/kysely-studio/types.d.ts; server/packages/adapters/database/athyper-postgres/src/generated/kysely-studio/types.ts; server/packages/adapters/database/mesh-postgres/dist/generated/kysely-mesh/types.d.ts; server/packages/adapters/database/mesh-postgres/src/generated/kysely-mesh/types.ts; server/packages/adapters/database/neon-postgres/dist/generated/kysely/types.d.ts; server/packages/adapters/database/neon-postgres/src/generated/kysely/types.ts; server/packages/platform/control-admin/src/kysely-rounding-repository.ts; server/packages/services/finance/src/shared/kysely-finance-foundation.ts,
shared.language,shared,server/db/ddl/common/shared/03_tables.sql,160,CREATE with no later DROP TABLE found,,Language and regional reference,P1,Reference lookup where a real field consumes it; locale enablement stays governed; no localization implementation in this review,,no direct storage binding in inspected New_Entity core examples; not proof of no other metadata,server/packages/adapters/database/athyper-postgres/dist/generated/kysely-studio/types.d.ts; server/packages/adapters/database/athyper-postgres/src/generated/kysely-studio/types.ts; server/packages/adapters/database/mesh-postgres/dist/generated/kysely-mesh/types.d.ts; server/packages/adapters/database/mesh-postgres/src/generated/kysely-mesh/types.ts; server/packages/adapters/database/neon-postgres/dist/generated/kysely/types.d.ts; server/packages/adapters/database/neon-postgres/src/generated/kysely/types.ts,
shared.locale,shared,server/db/ddl/common/shared/03_tables.sql,203,CREATE with no later DROP TABLE found,,Language and regional reference,P1,Reference lookup where a real field consumes it; locale enablement stays governed; no localization implementation in this review,,no direct storage binding in inspected New_Entity core examples; not proof of no other metadata,server/packages/adapters/database/athyper-postgres/dist/generated/kysely-studio/types.d.ts; server/packages/adapters/database/athyper-postgres/src/generated/kysely-studio/types.ts; server/packages/adapters/database/mesh-postgres/dist/generated/kysely-mesh/types.d.ts; server/packages/adapters/database/mesh-postgres/src/generated/kysely-mesh/types.ts; server/packages/adapters/database/neon-postgres/dist/generated/kysely/types.d.ts; server/packages/adapters/database/neon-postgres/src/generated/kysely/types.ts,shared.country; shared.language
shared.timezone,shared,server/db/ddl/common/shared/03_tables.sql,247,CREATE with no later DROP TABLE found,,Language and regional reference,P1,Reference lookup where a real field consumes it; locale enablement stays governed; no localization implementation in this review,,no direct storage binding in inspected New_Entity core examples; not proof of no other metadata,server/packages/adapters/database/athyper-postgres/dist/generated/kysely-studio/types.d.ts; server/packages/adapters/database/athyper-postgres/src/generated/kysely-studio/types.ts; server/packages/adapters/database/mesh-postgres/dist/generated/kysely-mesh/types.d.ts; server/packages/adapters/database/mesh-postgres/src/generated/kysely-mesh/types.ts; server/packages/adapters/database/neon-postgres/dist/generated/kysely/types.d.ts; server/packages/adapters/database/neon-postgres/src/generated/kysely/types.ts,shared.timezone
shared.uom,shared,server/db/ddl/common/shared/03_tables.sql,296,CREATE with no later DROP TABLE found,,Commercial reference,P2,Reference lookup for actual uom_code fields; workforce billing units are a separate constrained vocabulary,,no direct storage binding in inspected New_Entity core examples; not proof of no other metadata,server/packages/adapters/database/athyper-postgres/dist/generated/kysely-studio/types.d.ts; server/packages/adapters/database/athyper-postgres/src/generated/kysely-studio/types.ts; server/packages/adapters/database/mesh-postgres/dist/generated/kysely-mesh/types.d.ts; server/packages/adapters/database/mesh-postgres/src/generated/kysely-mesh/types.ts; server/packages/adapters/database/neon-postgres/dist/generated/kysely/types.d.ts; server/packages/adapters/database/neon-postgres/src/generated/kysely/types.ts,
shared.state_region,shared,server/db/ddl/common/shared/03_tables.sql,336,CREATE with no later DROP TABLE found,,Geography,P1,Reference entity/lookup; country-dependent state selector; preserve natural code values and country validation,,no direct storage binding in inspected New_Entity core examples; not proof of no other metadata,server/packages/adapters/database/athyper-postgres/dist/generated/kysely-studio/types.d.ts; server/packages/adapters/database/athyper-postgres/src/generated/kysely-studio/types.ts; server/packages/adapters/database/mesh-postgres/dist/generated/kysely-mesh/types.d.ts; server/packages/adapters/database/mesh-postgres/src/generated/kysely-mesh/types.ts; server/packages/adapters/database/neon-postgres/dist/generated/kysely/types.d.ts; server/packages/adapters/database/neon-postgres/src/generated/kysely/types.ts; server/packages/services/master-data/src/business-partner-request-capture.ts; server/packages/services/records/src/address-form-choices.ts,shared.country; shared.state_region
shared.classification_scheme,shared,server/db/ddl/common/shared/03_tables.sql,378,CREATE with no later DROP TABLE found,,Classification reference,P2,"Scheme/version-aware code lookup; crosswalks are subordinate mapping collections, not automatic remapping commands",,no direct storage binding in inspected New_Entity core examples; not proof of no other metadata,server/packages/adapters/database/athyper-postgres/dist/generated/kysely-studio/types.d.ts; server/packages/adapters/database/athyper-postgres/src/generated/kysely-studio/types.ts; server/packages/adapters/database/mesh-postgres/dist/generated/kysely-mesh/types.d.ts; server/packages/adapters/database/mesh-postgres/src/generated/kysely-mesh/types.ts; server/packages/adapters/database/neon-postgres/dist/generated/kysely/types.d.ts; server/packages/adapters/database/neon-postgres/src/generated/kysely/types.ts,
shared.commodity_code,shared,server/db/ddl/common/shared/03_tables.sql,417,CREATE with no later DROP TABLE found,,Classification reference,P2,"Scheme/version-aware code lookup; crosswalks are subordinate mapping collections, not automatic remapping commands",,no direct storage binding in inspected New_Entity core examples; not proof of no other metadata,server/packages/adapters/database/athyper-postgres/dist/generated/kysely-studio/types.d.ts; server/packages/adapters/database/athyper-postgres/src/generated/kysely-studio/types.ts; server/packages/adapters/database/mesh-postgres/dist/generated/kysely-mesh/types.d.ts; server/packages/adapters/database/mesh-postgres/src/generated/kysely-mesh/types.ts; server/packages/adapters/database/neon-postgres/dist/generated/kysely/types.d.ts; server/packages/adapters/database/neon-postgres/src/generated/kysely/types.ts; server/packages/planes/mesh/src/business-partner-profile-publication.ts; server/packages/services/master-data/src/kysely-business-partner-360-commercial-controls.ts,shared.classification_scheme; shared.commodity_code
shared.industry_code,shared,server/db/ddl/common/shared/03_tables.sql,471,CREATE with no later DROP TABLE found,,Classification reference,P2,"Scheme/version-aware code lookup; crosswalks are subordinate mapping collections, not automatic remapping commands",,no direct storage binding in inspected New_Entity core examples; not proof of no other metadata,server/packages/adapters/database/athyper-postgres/dist/generated/kysely-studio/types.d.ts; server/packages/adapters/database/athyper-postgres/src/generated/kysely-studio/types.ts; server/packages/adapters/database/mesh-postgres/dist/generated/kysely-mesh/types.d.ts; server/packages/adapters/database/mesh-postgres/src/generated/kysely-mesh/types.ts; server/packages/adapters/database/neon-postgres/dist/generated/kysely/types.d.ts; server/packages/adapters/database/neon-postgres/src/generated/kysely/types.ts; server/packages/planes/mesh/src/business-partner-profile-publication.ts; server/packages/services/master-data/src/kysely-business-partner-360-sections.ts,shared.classification_scheme; shared.industry_code
shared.commodity_crosswalk,shared,server/db/ddl/common/shared/03_tables.sql,534,CREATE with no later DROP TABLE found,,Classification reference,P2,"Scheme/version-aware code lookup; crosswalks are subordinate mapping collections, not automatic remapping commands",,no direct storage binding in inspected New_Entity core examples; not proof of no other metadata,server/packages/adapters/database/athyper-postgres/dist/generated/kysely-studio/types.d.ts; server/packages/adapters/database/athyper-postgres/src/generated/kysely-studio/types.ts; server/packages/adapters/database/mesh-postgres/dist/generated/kysely-mesh/types.d.ts; server/packages/adapters/database/mesh-postgres/src/generated/kysely-mesh/types.ts; server/packages/adapters/database/neon-postgres/dist/generated/kysely/types.d.ts; server/packages/adapters/database/neon-postgres/src/generated/kysely/types.ts,shared.commodity_code
shared.industry_crosswalk,shared,server/db/ddl/common/shared/03_tables.sql,605,CREATE with no later DROP TABLE found,,Classification reference,P2,"Scheme/version-aware code lookup; crosswalks are subordinate mapping collections, not automatic remapping commands",,no direct storage binding in inspected New_Entity core examples; not proof of no other metadata,server/packages/adapters/database/athyper-postgres/dist/generated/kysely-studio/types.d.ts; server/packages/adapters/database/athyper-postgres/src/generated/kysely-studio/types.ts; server/packages/adapters/database/mesh-postgres/dist/generated/kysely-mesh/types.d.ts; server/packages/adapters/database/mesh-postgres/src/generated/kysely-mesh/types.ts; server/packages/adapters/database/neon-postgres/dist/generated/kysely/types.d.ts; server/packages/adapters/database/neon-postgres/src/generated/kysely/types.ts,shared.industry_code
shared.bank_institution,shared,server/db/ddl/common/shared/03_bank_master.sql,13,CREATE with no later DROP TABLE found,,Bank directory,P2,Read-only bank directory entities; institution-dependent branch/identifier lookup; retain source authority,,no direct storage binding in inspected New_Entity core examples; not proof of no other metadata,server/packages/adapters/database/athyper-postgres/dist/generated/kysely-studio/types.d.ts; server/packages/adapters/database/athyper-postgres/src/generated/kysely-studio/types.ts; server/packages/adapters/database/mesh-postgres/dist/generated/kysely-mesh/types.d.ts; server/packages/adapters/database/mesh-postgres/src/generated/kysely-mesh/types.ts; server/packages/adapters/database/neon-postgres/dist/generated/kysely/types.d.ts; server/packages/adapters/database/neon-postgres/src/generated/kysely/types.ts; server/packages/services/master-data/src/business-partner-request-capture.ts; server/packages/services/records/dist/bank-form-choices.d.ts; server/packages/services/records/src/bank-form-choices.ts,shared.country
shared.bank_branch,shared,server/db/ddl/common/shared/03_bank_master.sql,44,CREATE with no later DROP TABLE found,,Bank directory,P2,Read-only bank directory entities; institution-dependent branch/identifier lookup; retain source authority,,no direct storage binding in inspected New_Entity core examples; not proof of no other metadata,server/packages/adapters/database/athyper-postgres/dist/generated/kysely-studio/types.d.ts; server/packages/adapters/database/athyper-postgres/src/generated/kysely-studio/types.ts; server/packages/adapters/database/mesh-postgres/dist/generated/kysely-mesh/types.d.ts; server/packages/adapters/database/mesh-postgres/src/generated/kysely-mesh/types.ts; server/packages/adapters/database/neon-postgres/dist/generated/kysely/types.d.ts; server/packages/adapters/database/neon-postgres/src/generated/kysely/types.ts; server/packages/services/master-data/src/business-partner-request-capture.ts; server/packages/services/records/dist/bank-form-choices.d.ts; server/packages/services/records/src/bank-form-choices.ts,shared.bank_institution; shared.country
shared.bank_identifier,shared,server/db/ddl/common/shared/03_bank_master.sql,77,CREATE with no later DROP TABLE found,,Bank directory,P2,Read-only bank directory entities; institution-dependent branch/identifier lookup; retain source authority,,no direct storage binding in inspected New_Entity core examples; not proof of no other metadata,server/packages/adapters/database/athyper-postgres/dist/generated/kysely-studio/types.d.ts; server/packages/adapters/database/athyper-postgres/src/generated/kysely-studio/types.ts; server/packages/adapters/database/mesh-postgres/dist/generated/kysely-mesh/types.d.ts; server/packages/adapters/database/mesh-postgres/src/generated/kysely-mesh/types.ts; server/packages/adapters/database/neon-postgres/dist/generated/kysely/types.d.ts; server/packages/adapters/database/neon-postgres/src/generated/kysely/types.ts,shared.bank_branch; shared.bank_institution; shared.country
master.tenant,master,server/db/ddl/common/master/03_platform_tables.sql,5,CREATE with no later DROP TABLE found,,Platform identity/context dependencies,Dependency,Retain platform scope/profile authority; not Business Partner sections,,no direct storage binding in inspected New_Entity core examples; not proof of no other metadata,server/packages/adapters/database/athyper-postgres/dist/generated/kysely-studio/types.d.ts; server/packages/adapters/database/athyper-postgres/src/generated/kysely-studio/types.ts; server/packages/adapters/database/mesh-postgres/dist/generated/kysely-mesh/types.d.ts; server/packages/adapters/database/mesh-postgres/src/generated/kysely-mesh/types.ts; server/packages/adapters/database/neon-postgres/dist/generated/kysely/types.d.ts; server/packages/adapters/database/neon-postgres/src/generated/kysely/types.ts; server/packages/adapters/experience-postgres/src/index.ts; server/packages/platform/control-admin/scripts/compare-feature-cohorts.ts; server/packages/platform/iam/src/kysely-permission-resolver.ts,control.subscription_plan
master.tenant_profile,master,server/db/ddl/common/master/03_platform_tables.sql,55,CREATE with no later DROP TABLE found,,Platform identity/context dependencies,Dependency,Retain platform scope/profile authority; not Business Partner sections,,no direct storage binding in inspected New_Entity core examples; not proof of no other metadata,server/packages/adapters/database/athyper-postgres/dist/generated/kysely-studio/types.d.ts; server/packages/adapters/database/athyper-postgres/src/generated/kysely-studio/types.ts; server/packages/adapters/database/mesh-postgres/dist/generated/kysely-mesh/types.d.ts; server/packages/adapters/database/mesh-postgres/src/generated/kysely-mesh/types.ts; server/packages/adapters/database/neon-postgres/dist/generated/kysely/types.d.ts; server/packages/adapters/database/neon-postgres/src/generated/kysely/types.ts; server/packages/adapters/experience-postgres/src/index.ts,master.tenant; shared.country; shared.language; shared.locale; shared.timezone
master.tenant_relationship,master,server/db/ddl/common/master/03_platform_tables.sql,136,CREATE with no later DROP TABLE found,,Adjacent domain or infrastructure,Outside BP phase,No direct BP app entity recommended; retain owning domain. Review a concrete field/workflow dependency before expansion.,,no direct storage binding in inspected New_Entity core examples; not proof of no other metadata,server/packages/adapters/database/athyper-postgres/dist/generated/kysely-studio/types.d.ts; server/packages/adapters/database/athyper-postgres/src/generated/kysely-studio/types.ts; server/packages/adapters/database/mesh-postgres/dist/generated/kysely-mesh/types.d.ts; server/packages/adapters/database/mesh-postgres/src/generated/kysely-mesh/types.ts; server/packages/adapters/database/neon-postgres/dist/generated/kysely/types.d.ts; server/packages/adapters/database/neon-postgres/src/generated/kysely/types.ts,master.tenant
master.workspace,master,server/db/ddl/common/master/03_platform_tables.sql,199,CREATE with no later DROP TABLE found,,Adjacent domain or infrastructure,Outside BP phase,No direct BP app entity recommended; retain owning domain. Review a concrete field/workflow dependency before expansion.,,no direct storage binding in inspected New_Entity core examples; not proof of no other metadata,server/packages/adapters/database/athyper-postgres/dist/generated/kysely-studio/types.d.ts; server/packages/adapters/database/athyper-postgres/src/generated/kysely-studio/types.ts; server/packages/adapters/database/mesh-postgres/dist/generated/kysely-mesh/types.d.ts; server/packages/adapters/database/mesh-postgres/src/generated/kysely-mesh/types.ts; server/packages/adapters/database/neon-postgres/dist/generated/kysely/types.d.ts; server/packages/adapters/database/neon-postgres/src/generated/kysely/types.ts,
master.module,master,server/db/ddl/common/master/03_platform_tables.sql,235,CREATE with no later DROP TABLE found,,Adjacent domain or infrastructure,Outside BP phase,No direct BP app entity recommended; retain owning domain. Review a concrete field/workflow dependency before expansion.,,no direct storage binding in inspected New_Entity core examples; not proof of no other metadata,server/packages/adapters/database/athyper-postgres/dist/generated/kysely-studio/types.d.ts; server/packages/adapters/database/athyper-postgres/src/generated/kysely-studio/types.ts; server/packages/adapters/database/mesh-postgres/dist/generated/kysely-mesh/types.d.ts; server/packages/adapters/database/mesh-postgres/src/generated/kysely-mesh/types.ts; server/packages/adapters/database/neon-postgres/dist/generated/kysely/types.d.ts; server/packages/adapters/database/neon-postgres/src/generated/kysely/types.ts,master.workspace
master.address,master,server/db/ddl/common/master/03_platform_tables.sql,273,CREATE with no later DROP TABLE found,,Address and contact graph,P1,"Link-aware related sections and child lookup metadata; preserve owner registry, tenant boundaries and contact verification",metadata/products/mdg/entities/address/core.json,draft core example present; active release unverified,server/packages/adapters/database/athyper-postgres/dist/generated/kysely-studio/types.d.ts; server/packages/adapters/database/athyper-postgres/src/generated/kysely-studio/types.ts; server/packages/adapters/database/mesh-postgres/dist/generated/kysely-mesh/types.d.ts; server/packages/adapters/database/mesh-postgres/src/generated/kysely-mesh/types.ts; server/packages/adapters/database/neon-postgres/dist/generated/kysely/types.d.ts; server/packages/adapters/database/neon-postgres/src/generated/kysely/types.ts; server/packages/services/master-data/src/kysely-business-partner-360-repository.ts; server/packages/services/master-data/src/kysely-business-partner-360-sections.ts; server/packages/services/master-data/src/kysely-master-data-repository.ts; server/packages/services/master-data/src/services.ts,master.address_event; master.tenant; shared.country; shared.state_region; shared.timezone
master.address_link,master,server/db/ddl/common/master/03_platform_tables.sql,385,CREATE with no later DROP TABLE found,,Address and contact graph,P1,"Link-aware related sections and child lookup metadata; preserve owner registry, tenant boundaries and contact verification",metadata/products/mdg/entities/address_link/core.json,draft core example present; active release unverified,server/packages/adapters/database/athyper-postgres/dist/generated/kysely-studio/types.d.ts; server/packages/adapters/database/athyper-postgres/src/generated/kysely-studio/types.ts; server/packages/adapters/database/mesh-postgres/dist/generated/kysely-mesh/types.d.ts; server/packages/adapters/database/mesh-postgres/src/generated/kysely-mesh/types.ts; server/packages/adapters/database/neon-postgres/dist/generated/kysely/types.d.ts; server/packages/adapters/database/neon-postgres/src/generated/kysely/types.ts; server/packages/services/master-data/src/kysely-business-partner-360-repository.ts; server/packages/services/master-data/src/kysely-business-partner-360-sections.ts; server/packages/services/master-data/src/kysely-master-data-repository.ts; server/packages/services/master-data/src/master-data-authority.ts,control.owner_type; master.address; master.principal; master.tenant
master.address_event,master,server/db/ddl/common/master/03_platform_tables.sql,443,CREATE with no later DROP TABLE found,,Address history,P2,Read-only validation/history timeline; no generic create/update/delete,,no direct storage binding in inspected New_Entity core examples; not proof of no other metadata,server/packages/adapters/database/athyper-postgres/dist/generated/kysely-studio/types.d.ts; server/packages/adapters/database/athyper-postgres/src/generated/kysely-studio/types.ts; server/packages/adapters/database/mesh-postgres/dist/generated/kysely-mesh/types.d.ts; server/packages/adapters/database/mesh-postgres/src/generated/kysely-mesh/types.ts; server/packages/adapters/database/neon-postgres/dist/generated/kysely/types.d.ts; server/packages/adapters/database/neon-postgres/src/generated/kysely/types.ts; server/packages/services/master-data/src/kysely-business-partner-360-sections.ts,master.address; master.address_event; master.principal; master.tenant
master.contact_link,master,server/db/ddl/common/master/03_platform_tables.sql,492,CREATE with no later DROP TABLE found,,Address and contact graph,P1,"Link-aware related sections and child lookup metadata; preserve owner registry, tenant boundaries and contact verification",,no direct storage binding in inspected New_Entity core examples; not proof of no other metadata,server/packages/adapters/database/athyper-postgres/dist/generated/kysely-studio/types.d.ts; server/packages/adapters/database/athyper-postgres/src/generated/kysely-studio/types.ts; server/packages/adapters/database/mesh-postgres/dist/generated/kysely-mesh/types.d.ts; server/packages/adapters/database/mesh-postgres/src/generated/kysely-mesh/types.ts; server/packages/adapters/database/neon-postgres/dist/generated/kysely/types.d.ts; server/packages/adapters/database/neon-postgres/src/generated/kysely/types.ts; server/packages/platform/notifications/src/kysely-notification-preferences.ts; server/packages/platform/notifications/src/kysely-notification-repositories.ts; server/packages/platform/notifications/src/notification-planner.ts; server/packages/services/master-data/src/kysely-business-partner-360-repository.ts; server/packages/services/master-data/src/kysely-business-partner-360-sections.ts; server/packages/services/master-data/src/kysely-master-data-repository.ts; server/packages/services/master-data/src/master-data-authority.ts,control.owner_type; master.tenant
master.contact_email,master,server/db/ddl/common/master/03_platform_tables.sql,558,CREATE with no later DROP TABLE found,,Address and contact graph,P1,"Link-aware related sections and child lookup metadata; preserve owner registry, tenant boundaries and contact verification",,no direct storage binding in inspected New_Entity core examples; not proof of no other metadata,server/packages/adapters/database/athyper-postgres/dist/generated/kysely-studio/types.d.ts; server/packages/adapters/database/athyper-postgres/src/generated/kysely-studio/types.ts; server/packages/adapters/database/mesh-postgres/dist/generated/kysely-mesh/types.d.ts; server/packages/adapters/database/mesh-postgres/src/generated/kysely-mesh/types.ts; server/packages/adapters/database/neon-postgres/dist/generated/kysely/types.d.ts; server/packages/adapters/database/neon-postgres/src/generated/kysely/types.ts; server/packages/services/master-data/src/kysely-business-partner-360-sections.ts,master.contact_link; master.tenant
master.contact_phone,master,server/db/ddl/common/master/03_platform_tables.sql,604,CREATE with no later DROP TABLE found,,Address and contact graph,P1,"Link-aware related sections and child lookup metadata; preserve owner registry, tenant boundaries and contact verification",,no direct storage binding in inspected New_Entity core examples; not proof of no other metadata,server/packages/adapters/database/athyper-postgres/dist/generated/kysely-studio/types.d.ts; server/packages/adapters/database/athyper-postgres/src/generated/kysely-studio/types.ts; server/packages/adapters/database/mesh-postgres/dist/generated/kysely-mesh/types.d.ts; server/packages/adapters/database/mesh-postgres/src/generated/kysely-mesh/types.ts; server/packages/adapters/database/neon-postgres/dist/generated/kysely/types.d.ts; server/packages/adapters/database/neon-postgres/src/generated/kysely/types.ts; server/packages/services/master-data/src/kysely-business-partner-360-sections.ts,master.contact_link; master.tenant
master.principal,master,server/db/ddl/common/master/03_platform_tables.sql,636,CREATE with no later DROP TABLE found,,Platform identity/context dependencies,Dependency,Retain platform scope/profile authority; not Business Partner sections,,no direct storage binding in inspected New_Entity core examples; not proof of no other metadata,server/packages/adapters/database/athyper-postgres/dist/generated/kysely-studio/types.d.ts; server/packages/adapters/database/athyper-postgres/src/generated/kysely-studio/types.ts; server/packages/adapters/database/mesh-postgres/dist/generated/kysely-mesh/types.d.ts; server/packages/adapters/database/mesh-postgres/src/generated/kysely-mesh/types.ts; server/packages/adapters/database/neon-postgres/dist/generated/kysely/types.d.ts; server/packages/adapters/database/neon-postgres/src/generated/kysely/types.ts; server/packages/adapters/experience-postgres/src/index.ts; server/packages/platform/collaboration/src/kysely-collaboration-repository.ts; server/packages/platform/control-admin/scripts/compare-feature-cohorts.ts; server/packages/platform/iam/src/kysely-context-refresh.ts; server/packages/platform/iam/src/kysely-identity-saga.ts; server/packages/platform/iam/src/kysely-permission-resolver.ts; server/packages/platform/notifications/src/outbox-planning.ts; server/packages/services/master-data/src/kysely-business-partner-360-sections.ts; server/packages/services/master-data/src/kysely-business-partner-case-repository.ts,master.tenant
master.principal_profile,master,server/db/ddl/common/master/03_platform_tables.sql,685,CREATE with no later DROP TABLE found,,Platform identity/context dependencies,Dependency,Retain platform scope/profile authority; not Business Partner sections,,no direct storage binding in inspected New_Entity core examples; not proof of no other metadata,server/packages/adapters/database/athyper-postgres/dist/generated/kysely-studio/types.d.ts; server/packages/adapters/database/athyper-postgres/src/generated/kysely-studio/types.ts; server/packages/adapters/database/mesh-postgres/dist/generated/kysely-mesh/types.d.ts; server/packages/adapters/database/mesh-postgres/src/generated/kysely-mesh/types.ts; server/packages/adapters/database/neon-postgres/dist/generated/kysely/types.d.ts; server/packages/adapters/database/neon-postgres/src/generated/kysely/types.ts; server/packages/adapters/experience-postgres/src/index.ts,master.principal; master.tenant
master.principal_identity_binding,master,server/db/ddl/common/master/03_platform_tables.sql,731,CREATE with no later DROP TABLE found,,Platform identity/context dependencies,Dependency,Retain platform scope/profile authority; not Business Partner sections,,no direct storage binding in inspected New_Entity core examples; not proof of no other metadata,server/packages/adapters/database/athyper-postgres/dist/generated/kysely-studio/types.d.ts; server/packages/adapters/database/athyper-postgres/src/generated/kysely-studio/types.ts; server/packages/adapters/database/mesh-postgres/dist/generated/kysely-mesh/types.d.ts; server/packages/adapters/database/mesh-postgres/src/generated/kysely-mesh/types.ts; server/packages/adapters/database/neon-postgres/dist/generated/kysely/types.d.ts; server/packages/adapters/database/neon-postgres/src/generated/kysely/types.ts; server/packages/adapters/experience-postgres/src/index.ts; server/packages/platform/iam/src/kysely-identity-saga.ts,master.principal; master.tenant
master.principal_ui_profile,master,server/db/ddl/common/master/03_platform_tables.sql,812,CREATE with no later DROP TABLE found,,Platform identity/context dependencies,Dependency,Retain platform scope/profile authority; not Business Partner sections,,no direct storage binding in inspected New_Entity core examples; not proof of no other metadata,server/packages/adapters/database/athyper-postgres/dist/generated/kysely-studio/types.d.ts; server/packages/adapters/database/athyper-postgres/src/generated/kysely-studio/types.ts; server/packages/adapters/database/mesh-postgres/dist/generated/kysely-mesh/types.d.ts; server/packages/adapters/database/mesh-postgres/src/generated/kysely-mesh/types.ts; server/packages/adapters/database/neon-postgres/dist/generated/kysely/types.d.ts; server/packages/adapters/database/neon-postgres/src/generated/kysely/types.ts; server/packages/adapters/experience-postgres/src/index.ts,master.principal; master.tenant; shared.language; shared.locale; shared.timezone
master.principal_ui_preference,master,server/db/ddl/common/master/03_platform_tables.sql,854,CREATE with no later DROP TABLE found,,Adjacent domain or infrastructure,Outside BP phase,No direct BP app entity recommended; retain owning domain. Review a concrete field/workflow dependency before expansion.,,no direct storage binding in inspected New_Entity core examples; not proof of no other metadata,server/packages/adapters/database/athyper-postgres/dist/generated/kysely-studio/types.d.ts; server/packages/adapters/database/athyper-postgres/src/generated/kysely-studio/types.ts; server/packages/adapters/database/mesh-postgres/dist/generated/kysely-mesh/types.d.ts; server/packages/adapters/database/mesh-postgres/src/generated/kysely-mesh/types.ts; server/packages/adapters/database/neon-postgres/dist/generated/kysely/types.d.ts; server/packages/adapters/database/neon-postgres/src/generated/kysely/types.ts; server/packages/platform/preferences/src/kysely-saved-view-repository.ts,master.principal; master.tenant
master.principal_notification_preference,master,server/db/ddl/common/master/03_platform_tables.sql,887,CREATE with no later DROP TABLE found,,Adjacent domain or infrastructure,Outside BP phase,No direct BP app entity recommended; retain owning domain. Review a concrete field/workflow dependency before expansion.,,no direct storage binding in inspected New_Entity core examples; not proof of no other metadata,server/packages/adapters/database/athyper-postgres/dist/generated/kysely-studio/types.d.ts; server/packages/adapters/database/athyper-postgres/src/generated/kysely-studio/types.ts; server/packages/adapters/database/mesh-postgres/dist/generated/kysely-mesh/types.d.ts; server/packages/adapters/database/mesh-postgres/src/generated/kysely-mesh/types.ts; server/packages/adapters/database/neon-postgres/dist/generated/kysely/types.d.ts; server/packages/adapters/database/neon-postgres/src/generated/kysely/types.ts; server/packages/platform/notifications/src/kysely-notification-preferences.ts; server/packages/platform/notifications/src/notification-planner.ts,master.principal; master.tenant
master.saved_view,master,server/db/ddl/common/master/03_platform_tables.sql,921,CREATE with no later DROP TABLE found,,Shared experience dependencies,Dependency,Reuse shared record/lookup facilities; no new BP-specific copies,,no direct storage binding in inspected New_Entity core examples; not proof of no other metadata,server/packages/adapters/database/athyper-postgres/dist/generated/kysely-studio/types.d.ts; server/packages/adapters/database/athyper-postgres/src/generated/kysely-studio/types.ts; server/packages/adapters/database/mesh-postgres/dist/generated/kysely-mesh/types.d.ts; server/packages/adapters/database/mesh-postgres/src/generated/kysely-mesh/types.ts; server/packages/adapters/database/neon-postgres/dist/generated/kysely/types.d.ts; server/packages/adapters/database/neon-postgres/src/generated/kysely/types.ts; server/packages/platform/preferences/src/kysely-saved-view-repository.ts,master.principal; master.tenant
master.record_bookmark,master,server/db/ddl/common/master/03_platform_tables.sql,984,CREATE with no later DROP TABLE found,,Shared experience dependencies,Dependency,Reuse shared record/lookup facilities; no new BP-specific copies,,no direct storage binding in inspected New_Entity core examples; not proof of no other metadata,server/packages/adapters/database/athyper-postgres/dist/generated/kysely-studio/types.d.ts; server/packages/adapters/database/athyper-postgres/src/generated/kysely-studio/types.ts; server/packages/adapters/database/mesh-postgres/dist/generated/kysely-mesh/types.d.ts; server/packages/adapters/database/mesh-postgres/src/generated/kysely-mesh/types.ts; server/packages/adapters/database/neon-postgres/dist/generated/kysely/types.d.ts; server/packages/adapters/database/neon-postgres/src/generated/kysely/types.ts; server/packages/services/records/src/bookmarks/record-bookmark-service.ts,master.principal; master.tenant
master.external_reference,master,server/db/ddl/common/master/03_platform_tables.sql,1012,CREATE with no later DROP TABLE found,,Shared experience dependencies,Dependency,Reuse shared record/lookup facilities; no new BP-specific copies,,no direct storage binding in inspected New_Entity core examples; not proof of no other metadata,server/packages/adapters/database/athyper-postgres/dist/generated/kysely-studio/types.d.ts; server/packages/adapters/database/athyper-postgres/src/generated/kysely-studio/types.ts; server/packages/adapters/database/mesh-postgres/dist/generated/kysely-mesh/types.d.ts; server/packages/adapters/database/mesh-postgres/src/generated/kysely-mesh/types.ts; server/packages/adapters/database/neon-postgres/dist/generated/kysely/types.d.ts; server/packages/adapters/database/neon-postgres/src/generated/kysely/types.ts; server/packages/planes/neon/src/business-partner-account-bank-linkage.ts; server/packages/services/master-data/src/kysely-business-partner-360-sections.ts,control.owner_type; master.principal; master.tenant
master.team,master,server/db/ddl/common/master/03_platform_tables.sql,1066,CREATE with no later DROP TABLE found,,Adjacent domain or infrastructure,Outside BP phase,No direct BP app entity recommended; retain owning domain. Review a concrete field/workflow dependency before expansion.,,no direct storage binding in inspected New_Entity core examples; not proof of no other metadata,server/packages/adapters/database/athyper-postgres/dist/generated/kysely-studio/types.d.ts; server/packages/adapters/database/athyper-postgres/src/generated/kysely-studio/types.ts; server/packages/adapters/database/mesh-postgres/dist/generated/kysely-mesh/types.d.ts; server/packages/adapters/database/mesh-postgres/src/generated/kysely-mesh/types.ts; server/packages/adapters/database/neon-postgres/dist/generated/kysely/types.d.ts; server/packages/adapters/database/neon-postgres/src/generated/kysely/types.ts,master.principal; master.tenant
master.team_member,master,server/db/ddl/common/master/03_platform_tables.sql,1111,CREATE with no later DROP TABLE found,,Adjacent domain or infrastructure,Outside BP phase,No direct BP app entity recommended; retain owning domain. Review a concrete field/workflow dependency before expansion.,,no direct storage binding in inspected New_Entity core examples; not proof of no other metadata,server/packages/adapters/database/athyper-postgres/dist/generated/kysely-studio/types.d.ts; server/packages/adapters/database/athyper-postgres/src/generated/kysely-studio/types.ts; server/packages/adapters/database/mesh-postgres/dist/generated/kysely-mesh/types.d.ts; server/packages/adapters/database/mesh-postgres/src/generated/kysely-mesh/types.ts; server/packages/adapters/database/neon-postgres/dist/generated/kysely/types.d.ts; server/packages/adapters/database/neon-postgres/src/generated/kysely/types.ts; server/packages/platform/workflow/src/work-item-eligibility-sql.ts,master.principal; master.team; master.tenant
master.brand_profile,master,server/db/ddl/common/master/03_platform_tables.sql,1146,CREATE with no later DROP TABLE found,,Adjacent domain or infrastructure,Outside BP phase,No direct BP app entity recommended; retain owning domain. Review a concrete field/workflow dependency before expansion.,,no direct storage binding in inspected New_Entity core examples; not proof of no other metadata,server/packages/adapters/database/athyper-postgres/dist/generated/kysely-studio/types.d.ts; server/packages/adapters/database/athyper-postgres/src/generated/kysely-studio/types.ts; server/packages/adapters/database/mesh-postgres/dist/generated/kysely-mesh/types.d.ts; server/packages/adapters/database/mesh-postgres/src/generated/kysely-mesh/types.ts; server/packages/adapters/database/neon-postgres/dist/generated/kysely/types.d.ts; server/packages/adapters/database/neon-postgres/src/generated/kysely/types.ts,master.principal; master.tenant
master.letterhead,master,server/db/ddl/common/master/03_platform_tables.sql,1180,CREATE with no later DROP TABLE found,,Adjacent domain or infrastructure,Outside BP phase,No direct BP app entity recommended; retain owning domain. Review a concrete field/workflow dependency before expansion.,,no direct storage binding in inspected New_Entity core examples; not proof of no other metadata,server/packages/adapters/database/athyper-postgres/dist/generated/kysely-studio/types.d.ts; server/packages/adapters/database/athyper-postgres/src/generated/kysely-studio/types.ts; server/packages/adapters/database/mesh-postgres/dist/generated/kysely-mesh/types.d.ts; server/packages/adapters/database/mesh-postgres/src/generated/kysely-mesh/types.ts; server/packages/adapters/database/neon-postgres/dist/generated/kysely/types.d.ts; server/packages/adapters/database/neon-postgres/src/generated/kysely/types.ts; server/packages/services/documents/src/kysely-document-repositories.ts,master.principal; master.tenant
master.print_profile,master,server/db/ddl/common/master/03_platform_tables.sql,1225,CREATE with no later DROP TABLE found,,Adjacent domain or infrastructure,Outside BP phase,No direct BP app entity recommended; retain owning domain. Review a concrete field/workflow dependency before expansion.,,no direct storage binding in inspected New_Entity core examples; not proof of no other metadata,server/packages/adapters/database/athyper-postgres/dist/generated/kysely-studio/types.d.ts; server/packages/adapters/database/athyper-postgres/src/generated/kysely-studio/types.ts; server/packages/adapters/database/mesh-postgres/dist/generated/kysely-mesh/types.d.ts; server/packages/adapters/database/mesh-postgres/src/generated/kysely-mesh/types.ts; server/packages/adapters/database/neon-postgres/dist/generated/kysely/types.d.ts; server/packages/adapters/database/neon-postgres/src/generated/kysely/types.ts; server/packages/services/documents/src/kysely-document-repositories.ts,master.principal; master.tenant
master.template,master,server/db/ddl/common/master/03_platform_tables.sql,1258,CREATE with no later DROP TABLE found,,Adjacent domain or infrastructure,Outside BP phase,No direct BP app entity recommended; retain owning domain. Review a concrete field/workflow dependency before expansion.,,no direct storage binding in inspected New_Entity core examples; not proof of no other metadata,server/packages/adapters/database/athyper-postgres/dist/generated/kysely-studio/types.d.ts; server/packages/adapters/database/athyper-postgres/src/generated/kysely-studio/types.ts; server/packages/adapters/database/mesh-postgres/dist/generated/kysely-mesh/types.d.ts; server/packages/adapters/database/mesh-postgres/src/generated/kysely-mesh/types.ts; server/packages/adapters/database/neon-postgres/dist/generated/kysely/types.d.ts; server/packages/adapters/database/neon-postgres/src/generated/kysely/types.ts; server/packages/platform/control-admin/src/cycle/process-selection-catalog.ts; server/packages/services/documents/src/kysely-document-repositories.ts,master.principal; master.tenant; snapshot.template_version
master.template_binding,master,server/db/ddl/common/master/03_platform_tables.sql,1292,CREATE with no later DROP TABLE found,,Adjacent domain or infrastructure,Outside BP phase,No direct BP app entity recommended; retain owning domain. Review a concrete field/workflow dependency before expansion.,,no direct storage binding in inspected New_Entity core examples; not proof of no other metadata,server/packages/adapters/database/athyper-postgres/dist/generated/kysely-studio/types.d.ts; server/packages/adapters/database/athyper-postgres/src/generated/kysely-studio/types.ts; server/packages/adapters/database/mesh-postgres/dist/generated/kysely-mesh/types.d.ts; server/packages/adapters/database/mesh-postgres/src/generated/kysely-mesh/types.ts; server/packages/adapters/database/neon-postgres/dist/generated/kysely/types.d.ts; server/packages/adapters/database/neon-postgres/src/generated/kysely/types.ts; server/packages/platform/control-admin/src/cycle/process-selection-catalog.ts; server/packages/services/documents/src/kysely-document-repositories.ts,master.brand_profile; master.letterhead; master.principal; master.print_profile; master.template; master.tenant; shared.locale
master.legal_entity,master,server/db/ddl/planes/neon/master/03_tables.sql,6,CREATE with no later DROP TABLE found,,Organization reference dependencies,P1,Authorized context/lookups reused by BP; do not copy organization management into partner CRUD,,no direct storage binding in inspected New_Entity core examples; not proof of no other metadata,server/packages/adapters/database/neon-postgres/dist/generated/kysely/types.d.ts; server/packages/adapters/database/neon-postgres/src/generated/kysely/types.ts; server/packages/adapters/experience-postgres/src/index.ts; server/packages/services/master-data/src/business-partner-display-references.ts,master.legal_entity; master.principal; master.tenant; shared.country; shared.currency
master.company_code,master,server/db/ddl/planes/neon/master/03_tables.sql,71,CREATE with no later DROP TABLE found,,Organization reference dependencies,P1,Authorized context/lookups reused by BP; do not copy organization management into partner CRUD,,no direct storage binding in inspected New_Entity core examples; not proof of no other metadata,server/packages/adapters/database/neon-postgres/dist/generated/kysely/types.d.ts; server/packages/adapters/database/neon-postgres/src/generated/kysely/types.ts; server/packages/adapters/experience-postgres/src/index.ts; server/packages/services/finance/src/ledger/business-partner-journal-activity.ts; server/packages/services/master-data/src/business-partner-display-references.ts; server/packages/services/master-data/src/kysely-business-partner-360-commercial-controls.ts; server/packages/services/master-data/src/kysely-business-partner-360-repository.ts; server/packages/services/master-data/src/kysely-business-partner-360-role-sections.ts; server/packages/services/master-data/src/kysely-business-partner-eligibility-repository.ts,master.legal_entity; master.principal; master.tenant; shared.country; shared.currency; shared.locale; shared.timezone
master.tax_jurisdiction,master,server/db/ddl/planes/neon/master/03_tables.sql,115,CREATE with no later DROP TABLE found,,Identifiers and tax,P2,Partner identifier/tax collections with jurisdiction/type lookups; organizational registrations stay organization-owned,,no direct storage binding in inspected New_Entity core examples; not proof of no other metadata,server/packages/adapters/database/neon-postgres/dist/generated/kysely/types.d.ts; server/packages/adapters/database/neon-postgres/src/generated/kysely/types.ts; server/packages/services/master-data/src/kysely-business-partner-360-repository.ts; server/packages/services/master-data/src/kysely-business-partner-360-sections.ts,master.principal; master.tenant; shared.country; shared.state_region
master.condition_type,master,server/db/ddl/planes/neon/master/03_tables.sql,186,CREATE with no later DROP TABLE found,,Adjacent domain or infrastructure,Outside BP phase,No direct BP app entity recommended; retain owning domain. Review a concrete field/workflow dependency before expansion.,,no direct storage binding in inspected New_Entity core examples; not proof of no other metadata,server/packages/adapters/database/neon-postgres/dist/generated/kysely/types.d.ts; server/packages/adapters/database/neon-postgres/src/generated/kysely/types.ts,master.condition_type; master.principal; master.tenant
master.tax_type,master,server/db/ddl/planes/neon/master/03_tables.sql,298,CREATE with no later DROP TABLE found,,Identifiers and tax,P2,Partner identifier/tax collections with jurisdiction/type lookups; organizational registrations stay organization-owned,,no direct storage binding in inspected New_Entity core examples; not proof of no other metadata,server/packages/adapters/database/neon-postgres/dist/generated/kysely/types.d.ts; server/packages/adapters/database/neon-postgres/src/generated/kysely/types.ts; server/packages/services/finance/src/tax/kysely-tax-configuration.ts,master.condition_type; master.principal; master.tenant
master.organization_tax_registration,master,server/db/ddl/planes/neon/master/03_tables.sql,344,CREATE with no later DROP TABLE found,,Identifiers and tax,P2,Partner identifier/tax collections with jurisdiction/type lookups; organizational registrations stay organization-owned,,no direct storage binding in inspected New_Entity core examples; not proof of no other metadata,server/packages/adapters/database/neon-postgres/dist/generated/kysely/types.d.ts; server/packages/adapters/database/neon-postgres/src/generated/kysely/types.ts,master.company_code; master.legal_entity; master.principal; master.tax_jurisdiction; master.tenant
master.operating_organization,master,server/db/ddl/planes/neon/master/03_tables.sql,384,CREATE with no later DROP TABLE found,,Organization reference dependencies,P1,Authorized context/lookups reused by BP; do not copy organization management into partner CRUD,,no direct storage binding in inspected New_Entity core examples; not proof of no other metadata,server/packages/adapters/database/neon-postgres/dist/generated/kysely/types.d.ts; server/packages/adapters/database/neon-postgres/src/generated/kysely/types.ts; server/packages/adapters/experience-postgres/src/index.ts; server/packages/planes/neon/src/business-partner-account-bank-linkage.ts; server/packages/services/finance/src/ledger/business-partner-journal-activity.ts; server/packages/services/master-data/src/business-partner-display-references.ts; server/packages/services/master-data/src/kysely-business-partner-360-repository.ts; server/packages/services/master-data/src/kysely-business-partner-360-role-sections.ts; server/packages/services/master-data/src/kysely-business-partner-case-repository.ts; server/packages/services/master-data/src/kysely-business-partner-eligibility-repository.ts; server/packages/services/master-data/src/master-data-authority.ts,master.operating_organization; master.principal; master.tenant
master.procurement_organization_profile,master,server/db/ddl/planes/neon/master/03_tables.sql,430,CREATE with no later DROP TABLE found,,Organization reference dependencies,P1,Authorized context/lookups reused by BP; do not copy organization management into partner CRUD,,no direct storage binding in inspected New_Entity core examples; not proof of no other metadata,server/packages/adapters/database/neon-postgres/dist/generated/kysely/types.d.ts; server/packages/adapters/database/neon-postgres/src/generated/kysely/types.ts; server/packages/adapters/experience-postgres/src/index.ts,master.company_code; master.operating_organization; master.principal; shared.currency
master.sales_organization_profile,master,server/db/ddl/planes/neon/master/03_tables.sql,450,CREATE with no later DROP TABLE found,,Organization reference dependencies,P1,Authorized context/lookups reused by BP; do not copy organization management into partner CRUD,,no direct storage binding in inspected New_Entity core examples; not proof of no other metadata,server/packages/adapters/database/neon-postgres/dist/generated/kysely/types.d.ts; server/packages/adapters/database/neon-postgres/src/generated/kysely/types.ts; server/packages/adapters/experience-postgres/src/index.ts,master.company_code; master.operating_organization; master.principal; shared.currency
master.operating_organization_company_assignment,master,server/db/ddl/planes/neon/master/03_tables.sql,471,CREATE with no later DROP TABLE found,,Organization reference dependencies,P1,Authorized context/lookups reused by BP; do not copy organization management into partner CRUD,,no direct storage binding in inspected New_Entity core examples; not proof of no other metadata,server/packages/adapters/database/neon-postgres/dist/generated/kysely/types.d.ts; server/packages/adapters/database/neon-postgres/src/generated/kysely/types.ts; server/packages/adapters/experience-postgres/src/index.ts; server/packages/services/finance/src/ledger/business-partner-journal-activity.ts; server/packages/services/master-data/src/kysely-business-partner-360-repository.ts; server/packages/services/master-data/src/kysely-business-partner-360-role-sections.ts; server/packages/services/master-data/src/kysely-business-partner-case-repository.ts; server/packages/services/master-data/src/kysely-business-partner-eligibility-repository.ts,master.company_code; master.operating_organization; master.principal; master.tenant
master.org_unit,master,server/db/ddl/planes/neon/master/03_tables.sql,502,CREATE with no later DROP TABLE found,,Workforce context dependencies,P3,Authorized job/site/organization reference selectors; optional HR dimensions only where the workflow requires them,,no direct storage binding in inspected New_Entity core examples; not proof of no other metadata,server/packages/adapters/database/neon-postgres/dist/generated/kysely/types.d.ts; server/packages/adapters/database/neon-postgres/src/generated/kysely/types.ts,control.org_unit_type; master.org_unit; master.principal; master.tenant
master.profit_center,master,server/db/ddl/planes/neon/master/03_tables.sql,546,CREATE with no later DROP TABLE found,,Workforce context dependencies,P3,Authorized job/site/organization reference selectors; optional HR dimensions only where the workflow requires them,,no direct storage binding in inspected New_Entity core examples; not proof of no other metadata,server/packages/adapters/database/neon-postgres/dist/generated/kysely/types.d.ts; server/packages/adapters/database/neon-postgres/src/generated/kysely/types.ts,master.company_code; master.principal; master.profit_center; master.tenant
master.cost_center,master,server/db/ddl/planes/neon/master/03_tables.sql,597,CREATE with no later DROP TABLE found,,Workforce context dependencies,P3,Authorized job/site/organization reference selectors; optional HR dimensions only where the workflow requires them,,no direct storage binding in inspected New_Entity core examples; not proof of no other metadata,server/packages/adapters/database/neon-postgres/dist/generated/kysely/types.d.ts; server/packages/adapters/database/neon-postgres/src/generated/kysely/types.ts,master.company_code; master.cost_center; master.principal; master.profit_center; master.tenant
master.dimension_type,master,server/db/ddl/planes/neon/master/03_tables.sql,650,CREATE with no later DROP TABLE found,,Adjacent domain or infrastructure,Outside BP phase,No direct BP app entity recommended; retain owning domain. Review a concrete field/workflow dependency before expansion.,,no direct storage binding in inspected New_Entity core examples; not proof of no other metadata,server/packages/adapters/database/neon-postgres/dist/generated/kysely/types.d.ts; server/packages/adapters/database/neon-postgres/src/generated/kysely/types.ts,master.principal; master.tenant
master.dimension_value,master,server/db/ddl/planes/neon/master/03_tables.sql,691,CREATE with no later DROP TABLE found,,Adjacent domain or infrastructure,Outside BP phase,No direct BP app entity recommended; retain owning domain. Review a concrete field/workflow dependency before expansion.,,no direct storage binding in inspected New_Entity core examples; not proof of no other metadata,server/packages/adapters/database/neon-postgres/dist/generated/kysely/types.d.ts; server/packages/adapters/database/neon-postgres/src/generated/kysely/types.ts,master.company_code; master.dimension_type; master.dimension_value; master.principal; master.tenant
master.dimension_set,master,server/db/ddl/planes/neon/master/03_tables.sql,740,CREATE with no later DROP TABLE found,,Adjacent domain or infrastructure,Outside BP phase,No direct BP app entity recommended; retain owning domain. Review a concrete field/workflow dependency before expansion.,,no direct storage binding in inspected New_Entity core examples; not proof of no other metadata,server/packages/adapters/database/neon-postgres/dist/generated/kysely/types.d.ts; server/packages/adapters/database/neon-postgres/src/generated/kysely/types.ts,master.principal; master.tenant
master.dimension_set_item,master,server/db/ddl/planes/neon/master/03_tables.sql,758,CREATE with no later DROP TABLE found,,Adjacent domain or infrastructure,Outside BP phase,No direct BP app entity recommended; retain owning domain. Review a concrete field/workflow dependency before expansion.,,no direct storage binding in inspected New_Entity core examples; not proof of no other metadata,server/packages/adapters/database/neon-postgres/dist/generated/kysely/types.d.ts; server/packages/adapters/database/neon-postgres/src/generated/kysely/types.ts,master.dimension_set; master.dimension_type; master.dimension_value; master.principal
master.accounting_profile,master,server/db/ddl/planes/neon/master/03_tables.sql,777,CREATE with no later DROP TABLE found,,Commercial setup dependencies,P2,Supplier/customer company profile lookups; subordinate payment terms and finance-maintained account constraints,,no direct storage binding in inspected New_Entity core examples; not proof of no other metadata,server/packages/adapters/database/neon-postgres/dist/generated/kysely/types.d.ts; server/packages/adapters/database/neon-postgres/src/generated/kysely/types.ts,master.tenant
master.chart_of_account,master,server/db/ddl/planes/neon/master/03_tables.sql,820,CREATE with no later DROP TABLE found,,Adjacent domain or infrastructure,Outside BP phase,No direct BP app entity recommended; retain owning domain. Review a concrete field/workflow dependency before expansion.,,no direct storage binding in inspected New_Entity core examples; not proof of no other metadata,server/packages/adapters/database/neon-postgres/dist/generated/kysely/types.d.ts; server/packages/adapters/database/neon-postgres/src/generated/kysely/types.ts,master.tenant
master.gl_account,master,server/db/ddl/planes/neon/master/03_tables.sql,856,CREATE with no later DROP TABLE found,,Commercial setup dependencies,P2,Supplier/customer company profile lookups; subordinate payment terms and finance-maintained account constraints,,no direct storage binding in inspected New_Entity core examples; not proof of no other metadata,server/packages/adapters/database/neon-postgres/dist/generated/kysely/types.d.ts; server/packages/adapters/database/neon-postgres/src/generated/kysely/types.ts,master.chart_of_account; master.gl_account; master.tenant; shared.currency
master.ledger_book,master,server/db/ddl/planes/neon/master/03_tables.sql,914,CREATE with no later DROP TABLE found,,Adjacent domain or infrastructure,Outside BP phase,No direct BP app entity recommended; retain owning domain. Review a concrete field/workflow dependency before expansion.,,no direct storage binding in inspected New_Entity core examples; not proof of no other metadata,server/packages/adapters/database/neon-postgres/dist/generated/kysely/types.d.ts; server/packages/adapters/database/neon-postgres/src/generated/kysely/types.ts; server/packages/services/finance/src/shared/kysely-finance-foundation.ts,master.tenant; shared.currency
master.company_code_chart_assignment,master,server/db/ddl/planes/neon/master/03_tables.sql,959,CREATE with no later DROP TABLE found,,Adjacent domain or infrastructure,Outside BP phase,No direct BP app entity recommended; retain owning domain. Review a concrete field/workflow dependency before expansion.,,no direct storage binding in inspected New_Entity core examples; not proof of no other metadata,server/packages/adapters/database/neon-postgres/dist/generated/kysely/types.d.ts; server/packages/adapters/database/neon-postgres/src/generated/kysely/types.ts,master.chart_of_account; master.company_code; master.tenant
master.company_code_book_assignment,master,server/db/ddl/planes/neon/master/03_tables.sql,991,CREATE with no later DROP TABLE found,,Adjacent domain or infrastructure,Outside BP phase,No direct BP app entity recommended; retain owning domain. Review a concrete field/workflow dependency before expansion.,,no direct storage binding in inspected New_Entity core examples; not proof of no other metadata,server/packages/adapters/database/neon-postgres/dist/generated/kysely/types.d.ts; server/packages/adapters/database/neon-postgres/src/generated/kysely/types.ts; server/packages/services/finance/src/shared/kysely-finance-foundation.ts,master.company_code; master.ledger_book; master.tenant; shared.currency
master.fiscal_period,master,server/db/ddl/planes/neon/master/03_tables.sql,1030,CREATE with no later DROP TABLE found,,Adjacent domain or infrastructure,Outside BP phase,No direct BP app entity recommended; retain owning domain. Review a concrete field/workflow dependency before expansion.,,no direct storage binding in inspected New_Entity core examples; not proof of no other metadata,server/packages/adapters/database/neon-postgres/dist/generated/kysely/types.d.ts; server/packages/adapters/database/neon-postgres/src/generated/kysely/types.ts; server/packages/services/finance/src/numbering/kysely-numbering-repository.ts; server/packages/services/finance/src/shared/kysely-finance-foundation.ts,control.fiscal_calendar_config; master.company_code; master.principal; master.tenant
master.fx_rate,master,server/db/ddl/planes/neon/master/03_tables.sql,1110,CREATE with no later DROP TABLE found,,Adjacent domain or infrastructure,Outside BP phase,No direct BP app entity recommended; retain owning domain. Review a concrete field/workflow dependency before expansion.,,no direct storage binding in inspected New_Entity core examples; not proof of no other metadata,server/packages/adapters/database/neon-postgres/dist/generated/kysely/types.d.ts; server/packages/adapters/database/neon-postgres/src/generated/kysely/types.ts,master.fx_rate; master.tenant; shared.currency
master.company_code_dimension_default,master,server/db/ddl/planes/neon/master/03_tables.sql,1156,CREATE with no later DROP TABLE found,,Adjacent domain or infrastructure,Outside BP phase,No direct BP app entity recommended; retain owning domain. Review a concrete field/workflow dependency before expansion.,,no direct storage binding in inspected New_Entity core examples; not proof of no other metadata,server/packages/adapters/database/neon-postgres/dist/generated/kysely/types.d.ts; server/packages/adapters/database/neon-postgres/src/generated/kysely/types.ts,master.company_code; master.dimension_type; master.dimension_value; master.tenant
master.company_code_gl_account,master,server/db/ddl/planes/neon/master/03_tables.sql,1189,CREATE with no later DROP TABLE found,,Commercial setup dependencies,P2,Supplier/customer company profile lookups; subordinate payment terms and finance-maintained account constraints,,no direct storage binding in inspected New_Entity core examples; not proof of no other metadata,server/packages/adapters/database/neon-postgres/dist/generated/kysely/types.d.ts; server/packages/adapters/database/neon-postgres/src/generated/kysely/types.ts,master.company_code; master.cost_center; master.gl_account; master.tenant
master.bank_provisional_reference,master,server/db/ddl/planes/neon/master/03_tables.sql,1242,CREATE with no later DROP TABLE found,,Banking graph,P2,Masked Banking projection with usage and company acceptance; verification/resolution through governed operations,,no direct storage binding in inspected New_Entity core examples; not proof of no other metadata,server/packages/adapters/database/neon-postgres/dist/generated/kysely/types.d.ts; server/packages/adapters/database/neon-postgres/src/generated/kysely/types.ts,master.tenant; shared.bank_branch; shared.bank_institution; shared.country
master.bank_account,master,server/db/ddl/planes/neon/master/03_tables.sql,1258,CREATE with no later DROP TABLE found,,Banking graph,P2,Masked Banking projection with usage and company acceptance; verification/resolution through governed operations,metadata/products/mdg/entities/business_partner_banking/core.json,draft core example present; active release unverified,server/packages/adapters/database/neon-postgres/dist/generated/kysely/types.d.ts; server/packages/adapters/database/neon-postgres/src/generated/kysely/types.ts; server/packages/planes/neon/src/business-partner-account-bank-linkage.ts; server/packages/services/master-data/src/business-partner-360-service.ts; server/packages/services/master-data/src/kysely-business-partner-360-bank-reveal.ts; server/packages/services/master-data/src/kysely-business-partner-360-commercial-controls.ts; server/packages/services/master-data/src/kysely-business-partner-eligibility-repository.ts,master.bank_provisional_reference; master.principal; master.tenant; shared.bank_branch; shared.bank_institution; shared.currency
master.bank_account_link,master,server/db/ddl/planes/neon/master/03_tables.sql,1361,CREATE with no later DROP TABLE found,,Banking graph,P2,Masked Banking projection with usage and company acceptance; verification/resolution through governed operations,,no direct storage binding in inspected New_Entity core examples; not proof of no other metadata,server/packages/adapters/database/neon-postgres/dist/generated/kysely/types.d.ts; server/packages/adapters/database/neon-postgres/src/generated/kysely/types.ts; server/packages/planes/neon/src/business-partner-account-bank-linkage.ts; server/packages/services/master-data/src/kysely-business-partner-360-bank-reveal.ts; server/packages/services/master-data/src/kysely-business-partner-360-commercial-controls.ts; server/packages/services/master-data/src/kysely-business-partner-360-repository.ts; server/packages/services/master-data/src/kysely-business-partner-eligibility-repository.ts,control.owner_type; master.bank_account; master.company_code; master.principal; master.tenant
master.bank_account_house_config,master,server/db/ddl/planes/neon/master/03_tables.sql,1417,CREATE with no later DROP TABLE found,,House banking,Later/adjacent,"Internal-company treasury configuration; expose only where owner is an internal organization, not a supplier account",,no direct storage binding in inspected New_Entity core examples; not proof of no other metadata,server/packages/adapters/database/neon-postgres/dist/generated/kysely/types.d.ts; server/packages/adapters/database/neon-postgres/src/generated/kysely/types.ts,master.bank_account_link; master.company_code; master.gl_account; master.tenant
master.bank_account_house_payment_method,master,server/db/ddl/planes/neon/master/03_tables.sql,1465,CREATE with no later DROP TABLE found,,House banking,Later/adjacent,"Internal-company treasury configuration; expose only where owner is an internal organization, not a supplier account",,no direct storage binding in inspected New_Entity core examples; not proof of no other metadata,,master.bank_account_house_config; master.payment_method; master.principal; master.tenant
master.payment_method,master,server/db/ddl/planes/neon/master/03_tables.sql,1500,CREATE with no later DROP TABLE found,,Commercial setup dependencies,P2,Supplier/customer company profile lookups; subordinate payment terms and finance-maintained account constraints,,no direct storage binding in inspected New_Entity core examples; not proof of no other metadata,server/packages/adapters/database/neon-postgres/dist/generated/kysely/types.d.ts; server/packages/adapters/database/neon-postgres/src/generated/kysely/types.ts,master.principal; master.tenant
master.payment_term,master,server/db/ddl/planes/neon/master/03_tables.sql,1564,CREATE with no later DROP TABLE found,,Commercial setup dependencies,P2,Supplier/customer company profile lookups; subordinate payment terms and finance-maintained account constraints,,no direct storage binding in inspected New_Entity core examples; not proof of no other metadata,server/packages/adapters/database/neon-postgres/dist/generated/kysely/types.d.ts; server/packages/adapters/database/neon-postgres/src/generated/kysely/types.ts; server/packages/services/master-data/src/business-partner-display-references.ts,master.holiday_calendar; master.payment_term; master.principal; master.tenant
master.payment_term_clause,master,server/db/ddl/planes/neon/master/03_tables.sql,1650,CREATE with no later DROP TABLE found,,Commercial setup dependencies,P2,Supplier/customer company profile lookups; subordinate payment terms and finance-maintained account constraints,,no direct storage binding in inspected New_Entity core examples; not proof of no other metadata,server/packages/adapters/database/neon-postgres/dist/generated/kysely/types.d.ts; server/packages/adapters/database/neon-postgres/src/generated/kysely/types.ts,master.payment_term; master.payment_term_clause; master.tenant; shared.currency
master.payment_term_discount_tier,master,server/db/ddl/planes/neon/master/03_tables.sql,1829,CREATE with no later DROP TABLE found,,Commercial setup dependencies,P2,Supplier/customer company profile lookups; subordinate payment terms and finance-maintained account constraints,,no direct storage binding in inspected New_Entity core examples; not proof of no other metadata,server/packages/adapters/database/neon-postgres/dist/generated/kysely/types.d.ts; server/packages/adapters/database/neon-postgres/src/generated/kysely/types.ts,master.payment_term; master.tenant; shared.currency
master.business_partner,master,server/db/ddl/planes/neon/master/03_tables.sql,1885,CREATE with no later DROP TABLE found,,Partner core and roles,P1,Extend existing core/role metadata; supplier and customer remain roles linked to one partner,metadata/products/mdg/entities/business_partner/core.json,draft core example present; active release unverified,server/packages/adapters/database/neon-postgres/dist/generated/kysely/types.d.ts; server/packages/adapters/database/neon-postgres/src/generated/kysely/types.ts; server/packages/contracts/master-data/dist/business-partner-requests.d.ts; server/packages/contracts/master-data/src/business-partner-requests.ts; server/packages/planes/neon/src/business-partner-account-bank-linkage.ts; server/packages/planes/neon/src/business-partner-import.ts; server/packages/planes/neon/src/business-partner-profile-match.ts; server/packages/services/master-data/dist/kysely-business-partner-case-repository.d.ts; server/packages/services/master-data/src/business-partner-request-validator.ts; server/packages/services/master-data/src/governed-internal-business-partner-service.ts; server/packages/services/master-data/src/kysely-business-partner-360-explainability.ts; server/packages/services/master-data/src/kysely-business-partner-360-repository.ts; server/packages/services/master-data/src/kysely-business-partner-360-sections.ts; server/packages/services/master-data/src/kysely-business-partner-case-repository.ts; server/packages/services/master-data/src/kysely-business-partner-eligibility-repository.ts; server/packages/services/master-data/src/kysely-governed-internal-business-partner-repository.ts; server/packages/services/master-data/src/master-data-authority.ts; server/packages/services/publication/src/business-partner-company-case-contract.ts; server/packages/services/publication/src/compiled-entity-collection-compiler.ts,control.lookup_value; master.business_partner; master.principal; master.tenant; shared.country
master.supplier,master,server/db/ddl/planes/neon/master/03_tables.sql,1976,CREATE with no later DROP TABLE found,,Partner core and roles,P1,Extend existing core/role metadata; supplier and customer remain roles linked to one partner,metadata/products/mdg/entities/supplier/core.json,draft core example present; active release unverified,server/packages/adapters/database/neon-postgres/dist/generated/kysely/types.d.ts; server/packages/adapters/database/neon-postgres/src/generated/kysely/types.ts; server/packages/planes/neon/src/business-partner-account-bank-linkage.ts; server/packages/planes/neon/src/business-partner-import.ts; server/packages/services/master-data/src/kysely-business-partner-360-commercial-controls.ts; server/packages/services/master-data/src/kysely-business-partner-360-repository.ts; server/packages/services/master-data/src/kysely-business-partner-360-role-sections.ts; server/packages/services/master-data/src/kysely-business-partner-case-repository.ts; server/packages/services/master-data/src/kysely-business-partner-eligibility-repository.ts; server/packages/services/master-data/src/supplier-activation-readiness.ts; server/packages/services/master-data/src/supplier-onboarding-completion.ts; server/packages/services/records/src/kysely-record-repository.ts,master.business_partner; master.tenant
master.customer,master,server/db/ddl/planes/neon/master/03_tables.sql,2016,CREATE with no later DROP TABLE found,,Partner core and roles,P1,Extend existing core/role metadata; supplier and customer remain roles linked to one partner,metadata/products/mdg/entities/customer/core.json,draft core example present; active release unverified,server/packages/adapters/database/neon-postgres/dist/generated/kysely/types.d.ts; server/packages/adapters/database/neon-postgres/src/generated/kysely/types.ts; server/packages/planes/neon/src/business-partner-account-bank-linkage.ts; server/packages/planes/neon/src/business-partner-import.ts; server/packages/platform/iam/src/customer-portal-delivery.ts; server/packages/services/master-data/src/kysely-business-partner-360-repository.ts; server/packages/services/master-data/src/kysely-business-partner-360-role-sections.ts; server/packages/services/master-data/src/kysely-business-partner-case-repository.ts; server/packages/services/master-data/src/kysely-business-partner-eligibility-repository.ts; server/packages/services/records/src/kysely-record-repository.ts,master.business_partner; master.tenant
master.business_partner_alias,master,server/db/ddl/planes/neon/master/03_tables.sql,2054,CREATE with no later DROP TABLE found,,Identity and relationships,P2,Related collections under Identity/Relationships; registered governed commands; retain directional relation semantics,,no direct storage binding in inspected New_Entity core examples; not proof of no other metadata,server/packages/adapters/database/neon-postgres/dist/generated/kysely/types.d.ts; server/packages/adapters/database/neon-postgres/src/generated/kysely/types.ts; server/packages/planes/neon/src/business-partner-import.ts; server/packages/services/master-data/src/kysely-business-partner-360-sections.ts,master.business_partner; master.principal; shared.country
master.asset_class,master,server/db/ddl/planes/neon/master/03_tables.sql,2107,CREATE with no later DROP TABLE found,,Adjacent domain or infrastructure,Outside BP phase,No direct BP app entity recommended; retain owning domain. Review a concrete field/workflow dependency before expansion.,,no direct storage binding in inspected New_Entity core examples; not proof of no other metadata,server/packages/adapters/database/neon-postgres/dist/generated/kysely/types.d.ts; server/packages/adapters/database/neon-postgres/src/generated/kysely/types.ts,master.asset_class; master.tenant; shared.uom
master.asset,master,server/db/ddl/planes/neon/master/03_tables.sql,2150,CREATE with no later DROP TABLE found,,Adjacent domain or infrastructure,Outside BP phase,No direct BP app entity recommended; retain owning domain. Review a concrete field/workflow dependency before expansion.,,no direct storage binding in inspected New_Entity core examples; not proof of no other metadata,server/packages/adapters/database/neon-postgres/dist/generated/kysely/types.d.ts; server/packages/adapters/database/neon-postgres/src/generated/kysely/types.ts,master.asset_class; master.company_code; master.principal; master.tenant; shared.currency
master.asset_book,master,server/db/ddl/planes/neon/master/03_tables.sql,2217,CREATE with no later DROP TABLE found,,Adjacent domain or infrastructure,Outside BP phase,No direct BP app entity recommended; retain owning domain. Review a concrete field/workflow dependency before expansion.,,no direct storage binding in inspected New_Entity core examples; not proof of no other metadata,server/packages/adapters/database/neon-postgres/dist/generated/kysely/types.d.ts; server/packages/adapters/database/neon-postgres/src/generated/kysely/types.ts,master.asset; master.company_code; master.ledger_book; master.tenant; shared.currency
master.asset_component,master,server/db/ddl/planes/neon/master/03_tables.sql,2268,CREATE with no later DROP TABLE found,,Adjacent domain or infrastructure,Outside BP phase,No direct BP app entity recommended; retain owning domain. Review a concrete field/workflow dependency before expansion.,,no direct storage binding in inspected New_Entity core examples; not proof of no other metadata,server/packages/adapters/database/neon-postgres/dist/generated/kysely/types.d.ts; server/packages/adapters/database/neon-postgres/src/generated/kysely/types.ts,master.asset; master.tenant
master.asset_assignment_history,master,server/db/ddl/planes/neon/master/03_tables.sql,2311,CREATE with no later DROP TABLE found,,Adjacent domain or infrastructure,Outside BP phase,No direct BP app entity recommended; retain owning domain. Review a concrete field/workflow dependency before expansion.,,no direct storage binding in inspected New_Entity core examples; not proof of no other metadata,server/packages/adapters/database/neon-postgres/dist/generated/kysely/types.d.ts; server/packages/adapters/database/neon-postgres/src/generated/kysely/types.ts,authz.scope_target; master.asset; master.principal; master.tenant
master.business_intent,master,server/db/ddl/planes/neon/master/03_tables.sql,2366,CREATE with no later DROP TABLE found,,Adjacent domain or infrastructure,Outside BP phase,No direct BP app entity recommended; retain owning domain. Review a concrete field/workflow dependency before expansion.,,no direct storage binding in inspected New_Entity core examples; not proof of no other metadata,server/packages/adapters/database/neon-postgres/dist/generated/kysely/types.d.ts; server/packages/adapters/database/neon-postgres/src/generated/kysely/types.ts,master.business_intent; master.tenant
master.person,master,server/db/ddl/planes/neon/master/03_tables.sql,2398,CREATE with no later DROP TABLE found,,Supplier workforce identity,P3,"Dedicated external-worker entity; person identity is linked, not duplicated as an employee",,no direct storage binding in inspected New_Entity core examples; not proof of no other metadata,server/packages/adapters/database/neon-postgres/dist/generated/kysely/types.d.ts; server/packages/adapters/database/neon-postgres/src/generated/kysely/types.ts; server/packages/services/master-data/src/kysely-workforce-repository.ts; server/packages/services/master-data/src/kysely-workforce-request-repository.ts,master.principal; master.tenant; shared.country
master.person_sensitive_profile,master,server/db/ddl/planes/neon/master/03_tables.sql,2442,CREATE with no later DROP TABLE found,,Restricted person data,P3,Protected provider only; do not expose as generic workforce collection or unrestricted field metadata,,no direct storage binding in inspected New_Entity core examples; not proof of no other metadata,server/packages/adapters/database/neon-postgres/dist/generated/kysely/types.d.ts; server/packages/adapters/database/neon-postgres/src/generated/kysely/types.ts; server/packages/services/master-data/src/kysely-workforce-repository.ts,master.person; master.principal; master.tenant; shared.country
master.site,master,server/db/ddl/planes/neon/master/03_tables.sql,2480,CREATE with no later DROP TABLE found,,Workforce context dependencies,P3,Authorized job/site/organization reference selectors; optional HR dimensions only where the workflow requires them,,no direct storage binding in inspected New_Entity core examples; not proof of no other metadata,server/packages/adapters/database/neon-postgres/dist/generated/kysely/types.d.ts; server/packages/adapters/database/neon-postgres/src/generated/kysely/types.ts,master.company_code; master.principal; master.site; master.tenant; shared.country; shared.timezone; shared.uom
master.career_band,master,server/db/ddl/planes/neon/master/03_tables.sql,2528,CREATE with no later DROP TABLE found,,Workforce context dependencies,P3,Authorized job/site/organization reference selectors; optional HR dimensions only where the workflow requires them,,no direct storage binding in inspected New_Entity core examples; not proof of no other metadata,server/packages/adapters/database/neon-postgres/dist/generated/kysely/types.d.ts; server/packages/adapters/database/neon-postgres/src/generated/kysely/types.ts,master.principal; master.tenant
master.career_level,master,server/db/ddl/planes/neon/master/03_tables.sql,2548,CREATE with no later DROP TABLE found,,Workforce context dependencies,P3,Authorized job/site/organization reference selectors; optional HR dimensions only where the workflow requires them,,no direct storage binding in inspected New_Entity core examples; not proof of no other metadata,server/packages/adapters/database/neon-postgres/dist/generated/kysely/types.d.ts; server/packages/adapters/database/neon-postgres/src/generated/kysely/types.ts,master.career_band; master.principal; master.tenant
master.designation,master,server/db/ddl/planes/neon/master/03_tables.sql,2571,CREATE with no later DROP TABLE found,,Workforce context dependencies,P3,Authorized job/site/organization reference selectors; optional HR dimensions only where the workflow requires them,,no direct storage binding in inspected New_Entity core examples; not proof of no other metadata,server/packages/adapters/database/neon-postgres/dist/generated/kysely/types.d.ts; server/packages/adapters/database/neon-postgres/src/generated/kysely/types.ts,master.principal; master.tenant
master.job_family,master,server/db/ddl/planes/neon/master/03_tables.sql,2591,CREATE with no later DROP TABLE found,,Workforce context dependencies,P3,Authorized job/site/organization reference selectors; optional HR dimensions only where the workflow requires them,,no direct storage binding in inspected New_Entity core examples; not proof of no other metadata,server/packages/adapters/database/neon-postgres/dist/generated/kysely/types.d.ts; server/packages/adapters/database/neon-postgres/src/generated/kysely/types.ts,master.principal; master.tenant
master.job_function,master,server/db/ddl/planes/neon/master/03_tables.sql,2611,CREATE with no later DROP TABLE found,,Workforce context dependencies,P3,Authorized job/site/organization reference selectors; optional HR dimensions only where the workflow requires them,,no direct storage binding in inspected New_Entity core examples; not proof of no other metadata,server/packages/adapters/database/neon-postgres/dist/generated/kysely/types.d.ts; server/packages/adapters/database/neon-postgres/src/generated/kysely/types.ts,master.job_family; master.principal; master.tenant
master.pay_grade,master,server/db/ddl/planes/neon/master/03_tables.sql,2632,CREATE with no later DROP TABLE found,,Workforce context dependencies,P3,Authorized job/site/organization reference selectors; optional HR dimensions only where the workflow requires them,,no direct storage binding in inspected New_Entity core examples; not proof of no other metadata,server/packages/adapters/database/neon-postgres/dist/generated/kysely/types.d.ts; server/packages/adapters/database/neon-postgres/src/generated/kysely/types.ts,master.principal; master.tenant; shared.currency
master.job,master,server/db/ddl/planes/neon/master/03_tables.sql,2668,CREATE with no later DROP TABLE found,,Workforce context dependencies,P3,Authorized job/site/organization reference selectors; optional HR dimensions only where the workflow requires them,,no direct storage binding in inspected New_Entity core examples; not proof of no other metadata,server/packages/adapters/database/neon-postgres/dist/generated/kysely/types.d.ts; server/packages/adapters/database/neon-postgres/src/generated/kysely/types.ts,master.career_band; master.career_level; master.designation; master.job_family; master.job_function; master.pay_grade; master.principal; master.tenant
master.holiday_calendar,master,server/db/ddl/planes/neon/master/03_tables.sql,2695,CREATE with no later DROP TABLE found,,Adjacent domain or infrastructure,Outside BP phase,No direct BP app entity recommended; retain owning domain. Review a concrete field/workflow dependency before expansion.,,no direct storage binding in inspected New_Entity core examples; not proof of no other metadata,server/packages/adapters/database/neon-postgres/dist/generated/kysely/types.d.ts; server/packages/adapters/database/neon-postgres/src/generated/kysely/types.ts,master.company_code; master.legal_entity; master.principal; master.site; master.tenant; shared.country
master.holiday_calendar_day,master,server/db/ddl/planes/neon/master/03_tables.sql,2738,CREATE with no later DROP TABLE found,,Adjacent domain or infrastructure,Outside BP phase,No direct BP app entity recommended; retain owning domain. Review a concrete field/workflow dependency before expansion.,,no direct storage binding in inspected New_Entity core examples; not proof of no other metadata,server/packages/adapters/database/neon-postgres/dist/generated/kysely/types.d.ts; server/packages/adapters/database/neon-postgres/src/generated/kysely/types.ts,master.holiday_calendar; master.principal; master.tenant
master.shift_type,master,server/db/ddl/planes/neon/master/03_tables.sql,2767,CREATE with no later DROP TABLE found,,Adjacent domain or infrastructure,Outside BP phase,No direct BP app entity recommended; retain owning domain. Review a concrete field/workflow dependency before expansion.,,no direct storage binding in inspected New_Entity core examples; not proof of no other metadata,server/packages/adapters/database/neon-postgres/dist/generated/kysely/types.d.ts; server/packages/adapters/database/neon-postgres/src/generated/kysely/types.ts,master.principal; master.tenant
master.work_pattern,master,server/db/ddl/planes/neon/master/03_tables.sql,2793,CREATE with no later DROP TABLE found,,Adjacent domain or infrastructure,Outside BP phase,No direct BP app entity recommended; retain owning domain. Review a concrete field/workflow dependency before expansion.,,no direct storage binding in inspected New_Entity core examples; not proof of no other metadata,server/packages/adapters/database/neon-postgres/dist/generated/kysely/types.d.ts; server/packages/adapters/database/neon-postgres/src/generated/kysely/types.ts,master.principal; master.tenant
master.work_pattern_day,master,server/db/ddl/planes/neon/master/03_tables.sql,2821,CREATE with no later DROP TABLE found,,Adjacent domain or infrastructure,Outside BP phase,No direct BP app entity recommended; retain owning domain. Review a concrete field/workflow dependency before expansion.,,no direct storage binding in inspected New_Entity core examples; not proof of no other metadata,server/packages/adapters/database/neon-postgres/dist/generated/kysely/types.d.ts; server/packages/adapters/database/neon-postgres/src/generated/kysely/types.ts,master.principal; master.tenant; master.work_pattern
master.pay_component,master,server/db/ddl/planes/neon/master/03_tables.sql,2856,CREATE with no later DROP TABLE found,,Adjacent domain or infrastructure,Outside BP phase,No direct BP app entity recommended; retain owning domain. Review a concrete field/workflow dependency before expansion.,,no direct storage binding in inspected New_Entity core examples; not proof of no other metadata,server/packages/adapters/database/neon-postgres/dist/generated/kysely/types.d.ts; server/packages/adapters/database/neon-postgres/src/generated/kysely/types.ts,control.formula_expression; master.principal; master.tenant
master.pay_group,master,server/db/ddl/planes/neon/master/03_tables.sql,2887,CREATE with no later DROP TABLE found,,Adjacent domain or infrastructure,Outside BP phase,No direct BP app entity recommended; retain owning domain. Review a concrete field/workflow dependency before expansion.,,no direct storage binding in inspected New_Entity core examples; not proof of no other metadata,server/packages/adapters/database/neon-postgres/dist/generated/kysely/types.d.ts; server/packages/adapters/database/neon-postgres/src/generated/kysely/types.ts,master.company_code; master.holiday_calendar; master.legal_entity; master.principal; master.tenant; shared.country; shared.currency
master.pay_structure,master,server/db/ddl/planes/neon/master/03_tables.sql,2914,CREATE with no later DROP TABLE found,,Adjacent domain or infrastructure,Outside BP phase,No direct BP app entity recommended; retain owning domain. Review a concrete field/workflow dependency before expansion.,,no direct storage binding in inspected New_Entity core examples; not proof of no other metadata,server/packages/adapters/database/neon-postgres/dist/generated/kysely/types.d.ts; server/packages/adapters/database/neon-postgres/src/generated/kysely/types.ts,master.pay_group; master.principal; master.tenant; shared.currency
master.pay_structure_line,master,server/db/ddl/planes/neon/master/03_tables.sql,2939,CREATE with no later DROP TABLE found,,Adjacent domain or infrastructure,Outside BP phase,No direct BP app entity recommended; retain owning domain. Review a concrete field/workflow dependency before expansion.,,no direct storage binding in inspected New_Entity core examples; not proof of no other metadata,server/packages/adapters/database/neon-postgres/dist/generated/kysely/types.d.ts; server/packages/adapters/database/neon-postgres/src/generated/kysely/types.ts,control.formula_expression; master.pay_component; master.pay_structure; master.principal; master.tenant
master.statutory_scheme,master,server/db/ddl/planes/neon/master/03_tables.sql,2962,CREATE with no later DROP TABLE found,,Adjacent domain or infrastructure,Outside BP phase,No direct BP app entity recommended; retain owning domain. Review a concrete field/workflow dependency before expansion.,,no direct storage binding in inspected New_Entity core examples; not proof of no other metadata,server/packages/adapters/database/neon-postgres/dist/generated/kysely/types.d.ts; server/packages/adapters/database/neon-postgres/src/generated/kysely/types.ts,control.formula_expression; control.rate_table; master.pay_component; master.principal; master.tenant; shared.country
master.leave_type,master,server/db/ddl/planes/neon/master/03_tables.sql,2988,CREATE with no later DROP TABLE found,,Adjacent domain or infrastructure,Outside BP phase,No direct BP app entity recommended; retain owning domain. Review a concrete field/workflow dependency before expansion.,,no direct storage binding in inspected New_Entity core examples; not proof of no other metadata,server/packages/adapters/database/neon-postgres/dist/generated/kysely/types.d.ts; server/packages/adapters/database/neon-postgres/src/generated/kysely/types.ts,master.principal; master.tenant
master.leave_plan,master,server/db/ddl/planes/neon/master/03_tables.sql,3012,CREATE with no later DROP TABLE found,,Adjacent domain or infrastructure,Outside BP phase,No direct BP app entity recommended; retain owning domain. Review a concrete field/workflow dependency before expansion.,,no direct storage binding in inspected New_Entity core examples; not proof of no other metadata,server/packages/adapters/database/neon-postgres/dist/generated/kysely/types.d.ts; server/packages/adapters/database/neon-postgres/src/generated/kysely/types.ts,master.company_code; master.leave_type; master.legal_entity; master.principal; master.tenant; shared.country
master.leave_plan_rule,master,server/db/ddl/planes/neon/master/03_tables.sql,3045,CREATE with no later DROP TABLE found,,Adjacent domain or infrastructure,Outside BP phase,No direct BP app entity recommended; retain owning domain. Review a concrete field/workflow dependency before expansion.,,no direct storage binding in inspected New_Entity core examples; not proof of no other metadata,server/packages/adapters/database/neon-postgres/dist/generated/kysely/types.d.ts; server/packages/adapters/database/neon-postgres/src/generated/kysely/types.ts,control.formula_expression_version; master.leave_plan; master.principal; master.tenant
master.position,master,server/db/ddl/planes/neon/master/03_tables.sql,3074,CREATE with no later DROP TABLE found,,Workforce context dependencies,P3,Authorized job/site/organization reference selectors; optional HR dimensions only where the workflow requires them,,no direct storage binding in inspected New_Entity core examples; not proof of no other metadata,server/packages/adapters/database/neon-postgres/dist/generated/kysely/types.d.ts; server/packages/adapters/database/neon-postgres/src/generated/kysely/types.ts,master.company_code; master.cost_center; master.job; master.legal_entity; master.org_unit; master.position; master.principal; master.profit_center; master.site; master.tenant
master.employee,master,server/db/ddl/planes/neon/master/03_tables.sql,3111,CREATE with no later DROP TABLE found,,Internal workforce boundary,Later/adjacent,Existing workforce example is employee-based; do not reuse as supplier external-workforce storage,metadata/products/mdg/entities/workforce/core.json,draft core example present; active release unverified,server/packages/adapters/database/neon-postgres/dist/generated/kysely/types.d.ts; server/packages/adapters/database/neon-postgres/src/generated/kysely/types.ts; server/packages/services/master-data/src/kysely-workforce-repository.ts; server/packages/services/master-data/src/kysely-workforce-request-repository.ts,master.company_code; master.employee; master.person; master.principal; master.tenant
master.employment,master,server/db/ddl/planes/neon/master/03_tables.sql,3160,CREATE with no later DROP TABLE found,,Internal workforce boundary,Later/adjacent,Existing workforce example is employee-based; do not reuse as supplier external-workforce storage,,no direct storage binding in inspected New_Entity core examples; not proof of no other metadata,server/packages/adapters/database/neon-postgres/dist/generated/kysely/types.d.ts; server/packages/adapters/database/neon-postgres/src/generated/kysely/types.ts; server/packages/services/master-data/src/kysely-workforce-repository.ts; server/packages/services/master-data/src/kysely-workforce-request-repository.ts,master.company_code; master.employee; master.legal_entity; master.person; master.principal; master.tenant
master.work_assignment,master,server/db/ddl/planes/neon/master/03_tables.sql,3209,CREATE with no later DROP TABLE found,,Internal workforce boundary,Later/adjacent,Existing workforce example is employee-based; do not reuse as supplier external-workforce storage,,no direct storage binding in inspected New_Entity core examples; not proof of no other metadata,server/packages/adapters/database/neon-postgres/dist/generated/kysely/types.d.ts; server/packages/adapters/database/neon-postgres/src/generated/kysely/types.ts; server/packages/services/master-data/src/kysely-workforce-repository.ts; server/packages/services/master-data/src/kysely-workforce-request-repository.ts,master.company_code; master.cost_center; master.employee; master.employment; master.job; master.org_unit; master.position; master.principal; master.profit_center; master.site; master.tenant
master.external_worker,master,server/db/ddl/planes/neon/master/03_tables.sql,3259,CREATE with no later DROP TABLE found,,Supplier workforce identity,P3,"Dedicated external-worker entity; person identity is linked, not duplicated as an employee",,no direct storage binding in inspected New_Entity core examples; not proof of no other metadata,server/packages/adapters/database/neon-postgres/dist/generated/kysely/types.d.ts; server/packages/adapters/database/neon-postgres/src/generated/kysely/types.ts,master.person; master.principal; master.tenant
master.employee_leave_enrollment,master,server/db/ddl/planes/neon/master/03_tables.sql,3295,CREATE with no later DROP TABLE found,,Adjacent domain or infrastructure,Outside BP phase,No direct BP app entity recommended; retain owning domain. Review a concrete field/workflow dependency before expansion.,,no direct storage binding in inspected New_Entity core examples; not proof of no other metadata,server/packages/adapters/database/neon-postgres/dist/generated/kysely/types.d.ts; server/packages/adapters/database/neon-postgres/src/generated/kysely/types.ts,master.employee; master.leave_plan; master.principal; master.tenant
master.employee_statutory_enrollment,master,server/db/ddl/planes/neon/master/03_tables.sql,3319,CREATE with no later DROP TABLE found,,Adjacent domain or infrastructure,Outside BP phase,No direct BP app entity recommended; retain owning domain. Review a concrete field/workflow dependency before expansion.,,no direct storage binding in inspected New_Entity core examples; not proof of no other metadata,server/packages/adapters/database/neon-postgres/dist/generated/kysely/types.d.ts; server/packages/adapters/database/neon-postgres/src/generated/kysely/types.ts,master.employee; master.principal; master.statutory_scheme; master.tenant
master.warehouse,master,server/db/ddl/planes/neon/master/03_tables.sql,3344,CREATE with no later DROP TABLE found,,Adjacent domain or infrastructure,Outside BP phase,No direct BP app entity recommended; retain owning domain. Review a concrete field/workflow dependency before expansion.,,no direct storage binding in inspected New_Entity core examples; not proof of no other metadata,server/packages/adapters/database/neon-postgres/dist/generated/kysely/types.d.ts; server/packages/adapters/database/neon-postgres/src/generated/kysely/types.ts,master.principal; master.site; master.tenant
master.risk_dimension,master,server/db/ddl/planes/neon/master/03_tables.sql,3389,CREATE with no later DROP TABLE found,,Risk,P3,Authorized qualification/risk summary with drilldown; preserve evidence and scoring ownership,,no direct storage binding in inspected New_Entity core examples; not proof of no other metadata,server/packages/adapters/database/neon-postgres/dist/generated/kysely/types.d.ts; server/packages/adapters/database/neon-postgres/src/generated/kysely/types.ts,
master.risk_driver_registry,master,server/db/ddl/planes/neon/master/03_tables.sql,3423,CREATE with no later DROP TABLE found,,Risk,P3,Authorized qualification/risk summary with drilldown; preserve evidence and scoring ownership,,no direct storage binding in inspected New_Entity core examples; not proof of no other metadata,server/packages/adapters/database/neon-postgres/dist/generated/kysely/types.d.ts; server/packages/adapters/database/neon-postgres/src/generated/kysely/types.ts,master.risk_dimension
master.risk_model,master,server/db/ddl/planes/neon/master/03_tables.sql,3445,CREATE with no later DROP TABLE found,,Risk,P3,Authorized qualification/risk summary with drilldown; preserve evidence and scoring ownership,,no direct storage binding in inspected New_Entity core examples; not proof of no other metadata,server/packages/adapters/database/neon-postgres/dist/generated/kysely/types.d.ts; server/packages/adapters/database/neon-postgres/src/generated/kysely/types.ts,
master.risk_model_dimension,master,server/db/ddl/planes/neon/master/03_tables.sql,3488,CREATE with no later DROP TABLE found,,Risk,P3,Authorized qualification/risk summary with drilldown; preserve evidence and scoring ownership,,no direct storage binding in inspected New_Entity core examples; not proof of no other metadata,server/packages/adapters/database/neon-postgres/dist/generated/kysely/types.d.ts; server/packages/adapters/database/neon-postgres/src/generated/kysely/types.ts,master.risk_dimension; master.risk_model
master.risk_source,master,server/db/ddl/planes/neon/master/03_tables.sql,3507,CREATE with no later DROP TABLE found,,Risk,P3,Authorized qualification/risk summary with drilldown; preserve evidence and scoring ownership,,no direct storage binding in inspected New_Entity core examples; not proof of no other metadata,server/packages/adapters/database/neon-postgres/dist/generated/kysely/types.d.ts; server/packages/adapters/database/neon-postgres/src/generated/kysely/types.ts,
master.party_risk_assessment,master,server/db/ddl/planes/neon/master/03_tables.sql,3540,CREATE with no later DROP TABLE found,,Risk,P3,Authorized qualification/risk summary with drilldown; preserve evidence and scoring ownership,,no direct storage binding in inspected New_Entity core examples; not proof of no other metadata,server/packages/adapters/database/neon-postgres/dist/generated/kysely/types.d.ts; server/packages/adapters/database/neon-postgres/src/generated/kysely/types.ts; server/packages/services/master-data/src/kysely-business-partner-eligibility-repository.ts,master.business_partner; master.party_risk_assessment; master.principal; master.risk_model; master.tenant
master.party_risk_dimension_score,master,server/db/ddl/planes/neon/master/03_tables.sql,3625,CREATE with no later DROP TABLE found,,Risk,P3,Authorized qualification/risk summary with drilldown; preserve evidence and scoring ownership,,no direct storage binding in inspected New_Entity core examples; not proof of no other metadata,server/packages/adapters/database/neon-postgres/dist/generated/kysely/types.d.ts; server/packages/adapters/database/neon-postgres/src/generated/kysely/types.ts,master.party_risk_assessment; master.risk_dimension
master.party_risk_evidence,master,server/db/ddl/planes/neon/master/03_tables.sql,3660,CREATE with no later DROP TABLE found,,Risk,P3,Authorized qualification/risk summary with drilldown; preserve evidence and scoring ownership,,no direct storage binding in inspected New_Entity core examples; not proof of no other metadata,server/packages/adapters/database/neon-postgres/dist/generated/kysely/types.d.ts; server/packages/adapters/database/neon-postgres/src/generated/kysely/types.ts,master.business_partner; master.party_risk_evidence; master.principal; master.risk_source; master.tenant
master.party_risk_driver,master,server/db/ddl/planes/neon/master/03_tables.sql,3727,CREATE with no later DROP TABLE found,,Risk,P3,Authorized qualification/risk summary with drilldown; preserve evidence and scoring ownership,,no direct storage binding in inspected New_Entity core examples; not proof of no other metadata,server/packages/adapters/database/neon-postgres/dist/generated/kysely/types.d.ts; server/packages/adapters/database/neon-postgres/src/generated/kysely/types.ts,master.party_risk_assessment; master.party_risk_dimension_score; master.party_risk_evidence; master.principal; master.risk_dimension; master.risk_driver_registry
master.party_risk_mitigation,master,server/db/ddl/planes/neon/master/03_tables.sql,3762,CREATE with no later DROP TABLE found,,Risk,P3,Authorized qualification/risk summary with drilldown; preserve evidence and scoring ownership,,no direct storage binding in inspected New_Entity core examples; not proof of no other metadata,server/packages/adapters/database/neon-postgres/dist/generated/kysely/types.d.ts; server/packages/adapters/database/neon-postgres/src/generated/kysely/types.ts,master.business_partner; master.party_risk_assessment; master.party_risk_driver; master.principal; master.tenant
master.party_risk_review_event,master,server/db/ddl/planes/neon/master/03_tables.sql,3813,CREATE with no later DROP TABLE found,,Risk,P3,Authorized qualification/risk summary with drilldown; preserve evidence and scoring ownership,,no direct storage binding in inspected New_Entity core examples; not proof of no other metadata,server/packages/adapters/database/neon-postgres/dist/generated/kysely/types.d.ts; server/packages/adapters/database/neon-postgres/src/generated/kysely/types.ts,master.party_risk_assessment; master.principal
master.commodity_category,master,server/db/ddl/planes/neon/master/03_tables.sql,3861,CREATE with no later DROP TABLE found,,Classification and certification,P2,Partner capability/classification/certificate collections with shared reference lookups; type/category maintenance remains separate,,no direct storage binding in inspected New_Entity core examples; not proof of no other metadata,server/packages/adapters/database/neon-postgres/dist/generated/kysely/types.d.ts; server/packages/adapters/database/neon-postgres/src/generated/kysely/types.ts; server/packages/services/master-data/src/kysely-business-partner-360-commercial-controls.ts,master.commodity_category; master.principal; master.tenant
master.product,master,server/db/ddl/planes/neon/master/03_tables.sql,3900,CREATE with no later DROP TABLE found,,Adjacent domain or infrastructure,Outside BP phase,No direct BP app entity recommended; retain owning domain. Review a concrete field/workflow dependency before expansion.,,no direct storage binding in inspected New_Entity core examples; not proof of no other metadata,server/packages/adapters/database/neon-postgres/dist/generated/kysely/types.d.ts; server/packages/adapters/database/neon-postgres/src/generated/kysely/types.ts,master.commodity_category; master.principal; master.tenant; shared.uom
master.item,master,server/db/ddl/planes/neon/master/03_tables.sql,3938,CREATE with no later DROP TABLE found,,Adjacent domain or infrastructure,Outside BP phase,No direct BP app entity recommended; retain owning domain. Review a concrete field/workflow dependency before expansion.,,no direct storage binding in inspected New_Entity core examples; not proof of no other metadata,server/packages/adapters/database/neon-postgres/dist/generated/kysely/types.d.ts; server/packages/adapters/database/neon-postgres/src/generated/kysely/types.ts,master.company_code; master.principal; master.product; shared.uom
master.commodity_code_assignment,master,server/db/ddl/planes/neon/master/03_tables.sql,3989,CREATE with no later DROP TABLE found,,Classification mapping,P2,Category-to-shared-code bridge; do not point BP commodity capability directly at shared commodity_code,,no direct storage binding in inspected New_Entity core examples; not proof of no other metadata,server/packages/adapters/database/neon-postgres/dist/generated/kysely/types.d.ts; server/packages/adapters/database/neon-postgres/src/generated/kysely/types.ts; server/packages/services/master-data/src/kysely-business-partner-360-commercial-controls.ts,master.commodity_category; master.item; master.principal; master.product; shared.commodity_code
master.catalog,master,server/db/ddl/planes/neon/master/03_tables.sql,4049,CREATE with no later DROP TABLE found,,Adjacent domain or infrastructure,Outside BP phase,No direct BP app entity recommended; retain owning domain. Review a concrete field/workflow dependency before expansion.,,no direct storage binding in inspected New_Entity core examples; not proof of no other metadata,server/packages/adapters/database/neon-postgres/dist/generated/kysely/types.d.ts; server/packages/adapters/database/neon-postgres/src/generated/kysely/types.ts,master.business_partner; master.company_code; master.principal
master.catalog_item,master,server/db/ddl/planes/neon/master/03_tables.sql,4123,CREATE with no later DROP TABLE found,,Adjacent domain or infrastructure,Outside BP phase,No direct BP app entity recommended; retain owning domain. Review a concrete field/workflow dependency before expansion.,,no direct storage binding in inspected New_Entity core examples; not proof of no other metadata,server/packages/adapters/database/neon-postgres/dist/generated/kysely/types.d.ts; server/packages/adapters/database/neon-postgres/src/generated/kysely/types.ts,master.catalog; master.item; master.principal
master.catalog_price,master,server/db/ddl/planes/neon/master/03_tables.sql,4172,CREATE with no later DROP TABLE found,,Adjacent domain or infrastructure,Outside BP phase,No direct BP app entity recommended; retain owning domain. Review a concrete field/workflow dependency before expansion.,,no direct storage binding in inspected New_Entity core examples; not proof of no other metadata,server/packages/adapters/database/neon-postgres/dist/generated/kysely/types.d.ts; server/packages/adapters/database/neon-postgres/src/generated/kysely/types.ts,master.catalog_item; master.principal; shared.currency; shared.uom
master.bom,master,server/db/ddl/planes/neon/master/03_tables.sql,4221,CREATE with no later DROP TABLE found,,Adjacent domain or infrastructure,Outside BP phase,No direct BP app entity recommended; retain owning domain. Review a concrete field/workflow dependency before expansion.,,no direct storage binding in inspected New_Entity core examples; not proof of no other metadata,server/packages/adapters/database/neon-postgres/dist/generated/kysely/types.d.ts; server/packages/adapters/database/neon-postgres/src/generated/kysely/types.ts,master.company_code; master.item; master.principal; shared.uom
master.bom_component,master,server/db/ddl/planes/neon/master/03_tables.sql,4261,CREATE with no later DROP TABLE found,,Adjacent domain or infrastructure,Outside BP phase,No direct BP app entity recommended; retain owning domain. Review a concrete field/workflow dependency before expansion.,,no direct storage binding in inspected New_Entity core examples; not proof of no other metadata,server/packages/adapters/database/neon-postgres/dist/generated/kysely/types.d.ts; server/packages/adapters/database/neon-postgres/src/generated/kysely/types.ts,master.bom; master.item; master.principal; shared.uom
master.project,master,server/db/ddl/planes/neon/master/03_tables.sql,4314,CREATE with no later DROP TABLE found,,Adjacent domain or infrastructure,Outside BP phase,No direct BP app entity recommended; retain owning domain. Review a concrete field/workflow dependency before expansion.,,no direct storage binding in inspected New_Entity core examples; not proof of no other metadata,server/packages/adapters/database/neon-postgres/dist/generated/kysely/types.d.ts; server/packages/adapters/database/neon-postgres/src/generated/kysely/types.ts,master.company_code; master.cost_center; master.customer; master.principal; shared.currency
master.project_wbs,master,server/db/ddl/planes/neon/master/03_tables.sql,4363,CREATE with no later DROP TABLE found,,Adjacent domain or infrastructure,Outside BP phase,No direct BP app entity recommended; retain owning domain. Review a concrete field/workflow dependency before expansion.,,no direct storage binding in inspected New_Entity core examples; not proof of no other metadata,server/packages/adapters/database/neon-postgres/dist/generated/kysely/types.d.ts; server/packages/adapters/database/neon-postgres/src/generated/kysely/types.ts,master.cost_center; master.principal; master.project; master.project_wbs
master.project_item,master,server/db/ddl/planes/neon/master/03_tables.sql,4409,CREATE with no later DROP TABLE found,,Adjacent domain or infrastructure,Outside BP phase,No direct BP app entity recommended; retain owning domain. Review a concrete field/workflow dependency before expansion.,,no direct storage binding in inspected New_Entity core examples; not proof of no other metadata,server/packages/adapters/database/neon-postgres/dist/generated/kysely/types.d.ts; server/packages/adapters/database/neon-postgres/src/generated/kysely/types.ts,master.item; master.principal; master.project; master.project_wbs; shared.currency; shared.uom
master.compensation_assignment,master,server/db/ddl/planes/neon/master/03_tables.sql,4462,CREATE with no later DROP TABLE found,,Adjacent domain or infrastructure,Outside BP phase,No direct BP app entity recommended; retain owning domain. Review a concrete field/workflow dependency before expansion.,,no direct storage binding in inspected New_Entity core examples; not proof of no other metadata,server/packages/adapters/database/neon-postgres/dist/generated/kysely/types.d.ts; server/packages/adapters/database/neon-postgres/src/generated/kysely/types.ts,document.compensation_change; master.employee; master.employment; master.pay_group; master.pay_structure; master.principal; master.tenant; shared.currency
master.business_partner_relationship,master,server/db/ddl/planes/neon/master/03_tables.sql,4500,CREATE with no later DROP TABLE found,,Identity and relationships,P2,Related collections under Identity/Relationships; registered governed commands; retain directional relation semantics,,no direct storage binding in inspected New_Entity core examples; not proof of no other metadata,server/packages/adapters/database/neon-postgres/dist/generated/kysely/types.d.ts; server/packages/adapters/database/neon-postgres/src/generated/kysely/types.ts,master.business_partner; shared.country
master.business_partner_governance_relation,master,server/db/ddl/planes/neon/master/03_tables.sql,4542,CREATE with no later DROP TABLE found,,Identity and relationships,P2,Related collections under Identity/Relationships; registered governed commands; retain directional relation semantics,metadata/products/mdg/entities/business_partner_governance_relation/core.json,draft core example present; active release unverified,server/packages/adapters/database/neon-postgres/dist/generated/kysely/types.d.ts; server/packages/adapters/database/neon-postgres/src/generated/kysely/types.ts; server/packages/services/master-data/src/kysely-business-partner-360-repository.ts; server/packages/services/master-data/src/kysely-business-partner-360-sections.ts,master.business_partner; shared.country
master.business_partner_identifier,master,server/db/ddl/planes/neon/master/03_tables.sql,4594,CREATE with no later DROP TABLE found,,Identifiers and tax,P2,Partner identifier/tax collections with jurisdiction/type lookups; organizational registrations stay organization-owned,metadata/products/mdg/entities/business_partner_identifier/core.json,draft core example present; active release unverified,server/packages/adapters/database/neon-postgres/dist/generated/kysely/types.d.ts; server/packages/adapters/database/neon-postgres/src/generated/kysely/types.ts; server/packages/services/master-data/src/kysely-business-partner-360-repository.ts; server/packages/services/master-data/src/kysely-business-partner-360-sections.ts,master.business_partner; master.principal; shared.country
master.business_partner_tax_registration,master,server/db/ddl/planes/neon/master/03_tables.sql,4636,CREATE with no later DROP TABLE found,,Identifiers and tax,P2,Partner identifier/tax collections with jurisdiction/type lookups; organizational registrations stay organization-owned,metadata/products/mdg/entities/business_partner_tax_registration/core.json,draft core example present; active release unverified,server/packages/adapters/database/neon-postgres/dist/generated/kysely/types.d.ts; server/packages/adapters/database/neon-postgres/src/generated/kysely/types.ts; server/packages/services/master-data/src/business-partner-360-service.ts; server/packages/services/master-data/src/kysely-business-partner-360-repository.ts; server/packages/services/master-data/src/kysely-business-partner-360-sections.ts,master.business_partner; master.principal; master.tax_jurisdiction; master.tax_type
master.business_partner_commodity_capability,master,server/db/ddl/planes/neon/master/03_tables.sql,4679,CREATE with no later DROP TABLE found,,Classification and certification,P2,Partner capability/classification/certificate collections with shared reference lookups; type/category maintenance remains separate,metadata/products/mdg/entities/business_partner_commodity_capability/core.json,draft core example present; active release unverified,server/packages/adapters/database/neon-postgres/dist/generated/kysely/types.d.ts; server/packages/adapters/database/neon-postgres/src/generated/kysely/types.ts; server/packages/services/master-data/src/kysely-business-partner-360-commercial-controls.ts; server/packages/services/master-data/src/kysely-business-partner-360-repository.ts; server/packages/services/master-data/src/kysely-business-partner-eligibility-repository.ts,master.business_partner; master.commodity_category
master.business_partner_industry_classification,master,server/db/ddl/planes/neon/master/03_tables.sql,4710,CREATE with no later DROP TABLE found,,Classification and certification,P2,Partner capability/classification/certificate collections with shared reference lookups; type/category maintenance remains separate,metadata/products/mdg/entities/business_partner_industry_classification/core.json,draft core example present; active release unverified,server/packages/adapters/database/neon-postgres/dist/generated/kysely/types.d.ts; server/packages/adapters/database/neon-postgres/src/generated/kysely/types.ts; server/packages/services/master-data/src/kysely-business-partner-360-sections.ts,master.business_partner; master.principal; shared.industry_code
master.business_partner_operating_organization_assignment,master,server/db/ddl/planes/neon/master/03_tables.sql,4763,CREATE with no later DROP TABLE found,,Commercial scope,P2,Roles/scope and company-context sections; separate organizational authority and intercompany setup,metadata/products/mdg/entities/business_partner_operating_organization_assignment/core.json,draft core example present; active release unverified,server/packages/adapters/database/neon-postgres/dist/generated/kysely/types.d.ts; server/packages/adapters/database/neon-postgres/src/generated/kysely/types.ts; server/packages/planes/neon/src/business-partner-import.ts; server/packages/planes/neon/src/business-partner-profile-match.ts; server/packages/services/finance/src/ledger/business-partner-journal-activity.ts; server/packages/services/master-data/src/kysely-business-partner-360-repository.ts; server/packages/services/master-data/src/kysely-business-partner-360-role-sections.ts; server/packages/services/master-data/src/kysely-business-partner-case-repository.ts; server/packages/services/master-data/src/kysely-business-partner-eligibility-repository.ts; server/packages/services/master-data/src/master-data-authority.ts; server/packages/services/records/src/kysely-record-repository.ts,master.business_partner; master.operating_organization
master.company_code_supplier_profile,master,server/db/ddl/planes/neon/master/03_tables.sql,4793,CREATE with no later DROP TABLE found,,Commercial scope,P2,Roles/scope and company-context sections; separate organizational authority and intercompany setup,metadata/products/mdg/entities/supplier_company_profile/core.json,draft core example present; active release unverified,server/packages/adapters/database/neon-postgres/dist/generated/kysely/types.d.ts; server/packages/adapters/database/neon-postgres/src/generated/kysely/types.ts; server/packages/planes/neon/src/business-partner-account-bank-linkage.ts; server/packages/services/master-data/src/kysely-business-partner-360-commercial-controls.ts; server/packages/services/master-data/src/kysely-business-partner-360-repository.ts; server/packages/services/master-data/src/kysely-business-partner-360-role-sections.ts; server/packages/services/master-data/src/kysely-business-partner-case-repository.ts; server/packages/services/master-data/src/kysely-business-partner-eligibility-repository.ts; server/packages/services/records/src/kysely-record-repository.ts,master.accounting_profile; master.bank_account_link; master.company_code; master.dimension_set; master.payment_term; master.supplier; shared.currency
master.company_code_customer_profile,master,server/db/ddl/planes/neon/master/03_tables.sql,4828,CREATE with no later DROP TABLE found,,Commercial scope,P2,Roles/scope and company-context sections; separate organizational authority and intercompany setup,metadata/products/mdg/entities/customer_company_profile/core.json,draft core example present; active release unverified,server/packages/adapters/database/neon-postgres/dist/generated/kysely/types.d.ts; server/packages/adapters/database/neon-postgres/src/generated/kysely/types.ts; server/packages/services/master-data/src/kysely-business-partner-360-repository.ts; server/packages/services/master-data/src/kysely-business-partner-360-role-sections.ts; server/packages/services/master-data/src/kysely-business-partner-eligibility-repository.ts; server/packages/services/records/src/kysely-record-repository.ts,master.accounting_profile; master.company_code; master.customer; master.dimension_set; master.payment_term; shared.currency
master.legal_entity_internal_partner_link,master,server/db/ddl/planes/neon/master/03_tables.sql,4866,CREATE with no later DROP TABLE found,,Commercial scope,P2,Roles/scope and company-context sections; separate organizational authority and intercompany setup,,no direct storage binding in inspected New_Entity core examples; not proof of no other metadata,server/packages/adapters/database/neon-postgres/dist/generated/kysely/types.d.ts; server/packages/adapters/database/neon-postgres/src/generated/kysely/types.ts; server/packages/services/master-data/src/kysely-business-partner-360-repository.ts; server/packages/services/master-data/src/kysely-business-partner-360-role-sections.ts,master.business_partner; master.legal_entity
master.intercompany_trading_pair,master,server/db/ddl/planes/neon/master/03_tables.sql,4899,CREATE with no later DROP TABLE found,,Commercial scope,P2,Roles/scope and company-context sections; separate organizational authority and intercompany setup,,no direct storage binding in inspected New_Entity core examples; not proof of no other metadata,server/packages/adapters/database/neon-postgres/dist/generated/kysely/types.d.ts; server/packages/adapters/database/neon-postgres/src/generated/kysely/types.ts,master.company_code; master.company_code_customer_profile; master.company_code_supplier_profile
master.contact_person_identity_link,master,server/db/ddl/planes/neon/master/03_tables.sql,4942,CREATE with no later DROP TABLE found,,Address and contact graph,P1,"Link-aware related sections and child lookup metadata; preserve owner registry, tenant boundaries and contact verification",,no direct storage binding in inspected New_Entity core examples; not proof of no other metadata,server/packages/adapters/database/neon-postgres/dist/generated/kysely/types.d.ts; server/packages/adapters/database/neon-postgres/src/generated/kysely/types.ts; server/packages/platform/iam/src/customer-portal-delivery.ts,master.contact_person; master.person; master.principal
master.certification_type,master,server/db/ddl/planes/neon/master/03_tables.sql,4962,CREATE with no later DROP TABLE found,,Classification and certification,P2,Partner capability/classification/certificate collections with shared reference lookups; type/category maintenance remains separate,,no direct storage binding in inspected New_Entity core examples; not proof of no other metadata,server/packages/adapters/database/neon-postgres/dist/generated/kysely/types.d.ts; server/packages/adapters/database/neon-postgres/src/generated/kysely/types.ts; server/packages/services/master-data/src/kysely-business-partner-360-commercial-controls.ts,master.tenant
master.certification,master,server/db/ddl/planes/neon/master/03_tables.sql,4986,CREATE with no later DROP TABLE found,,Classification and certification,P2,Partner capability/classification/certificate collections with shared reference lookups; type/category maintenance remains separate,metadata/products/mdg/entities/certification/core.json,draft core example present; active release unverified,server/packages/adapters/database/neon-postgres/dist/generated/kysely/types.d.ts; server/packages/adapters/database/neon-postgres/src/generated/kysely/types.ts; server/packages/services/master-data/src/kysely-business-partner-360-commercial-controls.ts; server/packages/services/master-data/src/kysely-business-partner-360-repository.ts; server/packages/services/master-data/src/kysely-business-partner-360-sections.ts,master.certification_type; master.company_code; master.site; master.tenant
master.organization_amendment,master,server/db/ddl/planes/neon/master/03_tables.sql,5027,CREATE with no later DROP TABLE found,,Adjacent domain or infrastructure,Outside BP phase,No direct BP app entity recommended; retain owning domain. Review a concrete field/workflow dependency before expansion.,,no direct storage binding in inspected New_Entity core examples; not proof of no other metadata,server/packages/adapters/database/neon-postgres/dist/generated/kysely/types.d.ts; server/packages/adapters/database/neon-postgres/src/generated/kysely/types.ts,master.principal; master.tenant
master.audit_reason_code,master,server/db/ddl/common/audit/03_tables.sql,6,CREATE with no later DROP TABLE found,,Adjacent domain or infrastructure,Outside BP phase,No direct BP app entity recommended; retain owning domain. Review a concrete field/workflow dependency before expansion.,,no direct storage binding in inspected New_Entity core examples; not proof of no other metadata,server/packages/adapters/database/athyper-postgres/dist/generated/kysely-studio/types.d.ts; server/packages/adapters/database/athyper-postgres/src/generated/kysely-studio/types.ts; server/packages/adapters/database/mesh-postgres/dist/generated/kysely-mesh/types.d.ts; server/packages/adapters/database/mesh-postgres/src/generated/kysely-mesh/types.ts; server/packages/adapters/database/neon-postgres/dist/generated/kysely/types.d.ts; server/packages/adapters/database/neon-postgres/src/generated/kysely/types.ts,master.principal; master.tenant
master.audit_event_contract,master,server/db/ddl/common/audit/03_tables.sql,49,CREATE with no later DROP TABLE found,,Adjacent domain or infrastructure,Outside BP phase,No direct BP app entity recommended; retain owning domain. Review a concrete field/workflow dependency before expansion.,,no direct storage binding in inspected New_Entity core examples; not proof of no other metadata,server/packages/adapters/database/athyper-postgres/dist/generated/kysely-studio/types.d.ts; server/packages/adapters/database/athyper-postgres/src/generated/kysely-studio/types.ts; server/packages/adapters/database/mesh-postgres/dist/generated/kysely-mesh/types.d.ts; server/packages/adapters/database/mesh-postgres/src/generated/kysely-mesh/types.ts; server/packages/adapters/database/neon-postgres/dist/generated/kysely/types.d.ts; server/packages/adapters/database/neon-postgres/src/generated/kysely/types.ts; server/packages/platform/control-admin/src/kysely-entitlement-repository.ts; server/packages/platform/control-admin/src/kysely-feature-flag-repository.ts; server/packages/platform/control-admin/src/kysely-parameter-repository.ts,
control.subscription_plan,control,server/db/ddl/planes/neon/control/03_tables.sql,4,CREATE with no later DROP TABLE found,,Application configuration,Dependency,"Existing navigation, entitlement, feature and parameter authority; no BP-specific copy",,no direct storage binding in inspected New_Entity core examples; not proof of no other metadata,server/packages/adapters/database/athyper-postgres/dist/generated/kysely-studio/types.d.ts; server/packages/adapters/database/athyper-postgres/src/generated/kysely-studio/types.ts; server/packages/adapters/database/mesh-postgres/dist/generated/kysely-mesh/types.d.ts; server/packages/adapters/database/mesh-postgres/src/generated/kysely-mesh/types.ts; server/packages/adapters/database/neon-postgres/dist/generated/kysely/types.d.ts; server/packages/adapters/database/neon-postgres/src/generated/kysely/types.ts; server/packages/adapters/experience-postgres/src/index.ts; server/packages/platform/control-admin/src/control-administration-ownership.ts; server/packages/platform/control-admin/src/kysely-entitlement-repository.ts,
control.owner_type,control,server/db/ddl/planes/neon/control/03_tables.sql,40,CREATE with no later DROP TABLE found,,Reference and owner infrastructure,P1,Reuse canonical owner registry and published lookup definitions; internal revision/receipt records not app entities,,no direct storage binding in inspected New_Entity core examples; not proof of no other metadata,server/packages/adapters/database/athyper-postgres/dist/generated/kysely-studio/types.d.ts; server/packages/adapters/database/athyper-postgres/src/generated/kysely-studio/types.ts; server/packages/adapters/database/mesh-postgres/dist/generated/kysely-mesh/types.d.ts; server/packages/adapters/database/mesh-postgres/src/generated/kysely-mesh/types.ts; server/packages/adapters/database/neon-postgres/dist/generated/kysely/types.d.ts; server/packages/adapters/database/neon-postgres/src/generated/kysely/types.ts; server/packages/planes/neon/src/business-partner-account-bank-linkage.ts; server/packages/platform/iam/src/customer-portal-delivery.ts; server/packages/platform/notifications/src/kysely-notification-preferences.ts; server/packages/platform/notifications/src/kysely-notification-repositories.ts; server/packages/platform/notifications/src/notification-planner.ts; server/packages/services/master-data/src/kysely-business-partner-360-bank-reveal.ts; server/packages/services/master-data/src/kysely-business-partner-360-commercial-controls.ts; server/packages/services/master-data/src/kysely-business-partner-360-repository.ts; server/packages/services/master-data/src/kysely-business-partner-360-sections.ts; server/packages/services/master-data/src/kysely-master-data-repository.ts; server/packages/services/master-data/src/master-data-authority.ts,master.tenant
control.owner_type_purpose,control,server/db/ddl/planes/neon/control/03_tables.sql,123,CREATE with no later DROP TABLE found,,Reference and owner infrastructure,P1,Reuse canonical owner registry and published lookup definitions; internal revision/receipt records not app entities,,no direct storage binding in inspected New_Entity core examples; not proof of no other metadata,server/packages/adapters/database/athyper-postgres/dist/generated/kysely-studio/types.d.ts; server/packages/adapters/database/athyper-postgres/src/generated/kysely-studio/types.ts; server/packages/adapters/database/mesh-postgres/dist/generated/kysely-mesh/types.d.ts; server/packages/adapters/database/mesh-postgres/src/generated/kysely-mesh/types.ts; server/packages/adapters/database/neon-postgres/dist/generated/kysely/types.d.ts; server/packages/adapters/database/neon-postgres/src/generated/kysely/types.ts,control.owner_type
control.org_unit_type,control,server/db/ddl/planes/neon/control/03_tables.sql,138,CREATE with no later DROP TABLE found,,Adjacent domain or infrastructure,Outside BP phase,No direct BP app entity recommended; retain owning domain. Review a concrete field/workflow dependency before expansion.,,no direct storage binding in inspected New_Entity core examples; not proof of no other metadata,server/packages/adapters/database/neon-postgres/dist/generated/kysely/types.d.ts; server/packages/adapters/database/neon-postgres/src/generated/kysely/types.ts,master.principal; master.tenant
control.risk_source_config,control,server/db/ddl/planes/neon/control/03_tables.sql,174,CREATE with no later DROP TABLE found,,Risk configuration,P3,"Risk-provider configuration; administer outside BP, show authorized derived outcomes",,no direct storage binding in inspected New_Entity core examples; not proof of no other metadata,server/packages/adapters/database/neon-postgres/dist/generated/kysely/types.d.ts; server/packages/adapters/database/neon-postgres/src/generated/kysely/types.ts,control.connector_instance; master.principal; master.risk_source; master.tenant
control.business_partner_qualification,control,server/db/ddl/planes/neon/control/03_tables.sql,208,CREATE with no later DROP TABLE found,,Governed commercial decisions,P2,MetaEntity read/detail surfaces and registered decide/revoke/lift operations; no generic writes to final decisions,metadata/products/mdg/entities/business_partner_qualification/core.json,draft core example present; active release unverified,server/packages/adapters/database/neon-postgres/dist/generated/kysely/types.d.ts; server/packages/adapters/database/neon-postgres/src/generated/kysely/types.ts; server/packages/services/master-data/src/kysely-business-partner-360-commercial-controls.ts; server/packages/services/master-data/src/kysely-business-partner-360-repository.ts; server/packages/services/master-data/src/kysely-business-partner-eligibility-repository.ts,master.business_partner; master.business_partner_commodity_capability; master.company_code; master.operating_organization; master.party_risk_assessment; master.principal; master.tenant
control.supplier_preference_designation,control,server/db/ddl/planes/neon/control/03_tables.sql,276,CREATE with no later DROP TABLE found,,Governed commercial decisions,P2,MetaEntity read/detail surfaces and registered decide/revoke/lift operations; no generic writes to final decisions,,no direct storage binding in inspected New_Entity core examples; not proof of no other metadata,server/packages/adapters/database/neon-postgres/dist/generated/kysely/types.d.ts; server/packages/adapters/database/neon-postgres/src/generated/kysely/types.ts; server/packages/services/master-data/src/kysely-business-partner-360-commercial-controls.ts; server/packages/services/master-data/src/kysely-business-partner-360-repository.ts; server/packages/services/master-data/src/kysely-business-partner-eligibility-repository.ts,master.business_partner; master.commodity_category; master.company_code; master.operating_organization; master.principal; master.supplier; master.tenant
control.customer_account_designation,control,server/db/ddl/planes/neon/control/03_tables.sql,347,CREATE with no later DROP TABLE found,,Governed commercial decisions,P2,MetaEntity read/detail surfaces and registered decide/revoke/lift operations; no generic writes to final decisions,,no direct storage binding in inspected New_Entity core examples; not proof of no other metadata,server/packages/adapters/database/neon-postgres/dist/generated/kysely/types.d.ts; server/packages/adapters/database/neon-postgres/src/generated/kysely/types.ts; server/packages/services/master-data/src/business-partner-request-validator.ts; server/packages/services/master-data/src/kysely-business-partner-360-role-sections.ts; server/packages/services/master-data/src/kysely-business-partner-eligibility-repository.ts,master.business_partner; master.company_code; master.customer; master.operating_organization; master.principal; master.tenant; shared.country
control.business_partner_block,control,server/db/ddl/planes/neon/control/03_tables.sql,413,CREATE with no later DROP TABLE found,,Governed commercial decisions,P2,MetaEntity read/detail surfaces and registered decide/revoke/lift operations; no generic writes to final decisions,,no direct storage binding in inspected New_Entity core examples; not proof of no other metadata,server/packages/adapters/database/neon-postgres/dist/generated/kysely/types.d.ts; server/packages/adapters/database/neon-postgres/src/generated/kysely/types.ts; server/packages/services/master-data/src/kysely-business-partner-360-commercial-controls.ts; server/packages/services/master-data/src/kysely-business-partner-eligibility-repository.ts,master.business_partner; master.company_code; master.operating_organization; master.principal; master.tenant
control.formula_expression,control,server/db/ddl/planes/neon/control/03_tables.sql,464,CREATE with no later DROP TABLE found,,Adjacent domain or infrastructure,Outside BP phase,No direct BP app entity recommended; retain owning domain. Review a concrete field/workflow dependency before expansion.,,no direct storage binding in inspected New_Entity core examples; not proof of no other metadata,server/packages/adapters/database/neon-postgres/dist/generated/kysely/types.d.ts; server/packages/adapters/database/neon-postgres/src/generated/kysely/types.ts,master.principal; master.tenant
control.formula_expression_version,control,server/db/ddl/planes/neon/control/03_tables.sql,515,CREATE with no later DROP TABLE found,,Adjacent domain or infrastructure,Outside BP phase,No direct BP app entity recommended; retain owning domain. Review a concrete field/workflow dependency before expansion.,,no direct storage binding in inspected New_Entity core examples; not proof of no other metadata,server/packages/adapters/database/neon-postgres/dist/generated/kysely/types.d.ts; server/packages/adapters/database/neon-postgres/src/generated/kysely/types.ts,control.formula_expression; master.principal; master.tenant
control.rate_table,control,server/db/ddl/planes/neon/control/03_tables.sql,567,CREATE with no later DROP TABLE found,,Adjacent domain or infrastructure,Outside BP phase,No direct BP app entity recommended; retain owning domain. Review a concrete field/workflow dependency before expansion.,,no direct storage binding in inspected New_Entity core examples; not proof of no other metadata,server/packages/adapters/database/neon-postgres/dist/generated/kysely/types.d.ts; server/packages/adapters/database/neon-postgres/src/generated/kysely/types.ts,master.principal; master.tenant; shared.country; shared.currency
control.rate_table_row,control,server/db/ddl/planes/neon/control/03_tables.sql,609,CREATE with no later DROP TABLE found,,Adjacent domain or infrastructure,Outside BP phase,No direct BP app entity recommended; retain owning domain. Review a concrete field/workflow dependency before expansion.,,no direct storage binding in inspected New_Entity core examples; not proof of no other metadata,server/packages/adapters/database/neon-postgres/dist/generated/kysely/types.d.ts; server/packages/adapters/database/neon-postgres/src/generated/kysely/types.ts,control.rate_table; master.principal; master.tenant
control.item_inventory_policy,control,server/db/ddl/planes/neon/control/03_tables.sql,652,CREATE with no later DROP TABLE found,,Adjacent domain or infrastructure,Outside BP phase,No direct BP app entity recommended; retain owning domain. Review a concrete field/workflow dependency before expansion.,,no direct storage binding in inspected New_Entity core examples; not proof of no other metadata,server/packages/adapters/database/neon-postgres/dist/generated/kysely/types.d.ts; server/packages/adapters/database/neon-postgres/src/generated/kysely/types.ts,master.item; master.principal
control.planning_model,control,server/db/ddl/planes/neon/control/03_tables.sql,690,CREATE with no later DROP TABLE found,,Adjacent domain or infrastructure,Outside BP phase,No direct BP app entity recommended; retain owning domain. Review a concrete field/workflow dependency before expansion.,,no direct storage binding in inspected New_Entity core examples; not proof of no other metadata,server/packages/adapters/database/neon-postgres/dist/generated/kysely/types.d.ts; server/packages/adapters/database/neon-postgres/src/generated/kysely/types.ts,control.planning_model; master.company_code; master.ledger_book; master.principal; shared.currency
control.planning_driver,control,server/db/ddl/planes/neon/control/03_tables.sql,739,CREATE with no later DROP TABLE found,,Adjacent domain or infrastructure,Outside BP phase,No direct BP app entity recommended; retain owning domain. Review a concrete field/workflow dependency before expansion.,,no direct storage binding in inspected New_Entity core examples; not proof of no other metadata,server/packages/adapters/database/neon-postgres/dist/generated/kysely/types.d.ts; server/packages/adapters/database/neon-postgres/src/generated/kysely/types.ts,control.formula_expression; control.planning_model; master.principal; shared.uom
control.planning_driver_dependency,control,server/db/ddl/planes/neon/control/03_tables.sql,792,CREATE with no later DROP TABLE found,,Adjacent domain or infrastructure,Outside BP phase,No direct BP app entity recommended; retain owning domain. Review a concrete field/workflow dependency before expansion.,,no direct storage binding in inspected New_Entity core examples; not proof of no other metadata,server/packages/adapters/database/neon-postgres/dist/generated/kysely/types.d.ts; server/packages/adapters/database/neon-postgres/src/generated/kysely/types.ts,control.planning_driver; control.planning_model; master.principal
control.budget_control_policy,control,server/db/ddl/planes/neon/control/03_tables.sql,817,CREATE with no later DROP TABLE found,,Adjacent domain or infrastructure,Outside BP phase,No direct BP app entity recommended; retain owning domain. Review a concrete field/workflow dependency before expansion.,,no direct storage binding in inspected New_Entity core examples; not proof of no other metadata,server/packages/adapters/database/neon-postgres/dist/generated/kysely/types.d.ts; server/packages/adapters/database/neon-postgres/src/generated/kysely/types.ts,control.budget_control_policy; control.policy_definition; master.company_code; master.ledger_book; master.principal; master.tenant
control.payment_execution_profile,control,server/db/ddl/planes/neon/control/03_tables.sql,890,CREATE with no later DROP TABLE found,,Adjacent domain or infrastructure,Outside BP phase,No direct BP app entity recommended; retain owning domain. Review a concrete field/workflow dependency before expansion.,,no direct storage binding in inspected New_Entity core examples; not proof of no other metadata,server/packages/adapters/database/neon-postgres/dist/generated/kysely/types.d.ts; server/packages/adapters/database/neon-postgres/src/generated/kysely/types.ts,control.connector_instance; master.principal; master.tenant
control.asset_class_book_policy,control,server/db/ddl/planes/neon/control/03_tables.sql,946,CREATE with no later DROP TABLE found,,Adjacent domain or infrastructure,Outside BP phase,No direct BP app entity recommended; retain owning domain. Review a concrete field/workflow dependency before expansion.,,no direct storage binding in inspected New_Entity core examples; not proof of no other metadata,server/packages/adapters/database/neon-postgres/dist/generated/kysely/types.d.ts; server/packages/adapters/database/neon-postgres/src/generated/kysely/types.ts,master.asset_class; master.company_code; master.ledger_book; master.principal; master.tenant
control.commodity_code_classification_policy,control,server/db/ddl/planes/neon/control/03_tables.sql,1058,CREATE with no later DROP TABLE found,,Classification policy,P2,Reference constraints for capability selection; retain procurement/sales policy ownership,,no direct storage binding in inspected New_Entity core examples; not proof of no other metadata,server/packages/adapters/database/neon-postgres/dist/generated/kysely/types.d.ts; server/packages/adapters/database/neon-postgres/src/generated/kysely/types.ts,master.principal; master.tenant
control.commodity_category_buy_policy,control,server/db/ddl/planes/neon/control/03_tables.sql,1124,CREATE with no later DROP TABLE found,,Classification policy,P2,Reference constraints for capability selection; retain procurement/sales policy ownership,,no direct storage binding in inspected New_Entity core examples; not proof of no other metadata,server/packages/adapters/database/neon-postgres/dist/generated/kysely/types.d.ts; server/packages/adapters/database/neon-postgres/src/generated/kysely/types.ts,master.business_intent; master.commodity_category; master.company_code; master.company_code_supplier_profile; master.principal; master.tenant
control.commodity_category_sell_policy,control,server/db/ddl/planes/neon/control/03_tables.sql,1166,CREATE with no later DROP TABLE found,,Classification policy,P2,Reference constraints for capability selection; retain procurement/sales policy ownership,,no direct storage binding in inspected New_Entity core examples; not proof of no other metadata,server/packages/adapters/database/neon-postgres/dist/generated/kysely/types.d.ts; server/packages/adapters/database/neon-postgres/src/generated/kysely/types.ts,master.business_intent; master.commodity_category; master.company_code; master.company_code_customer_profile; master.principal; master.tenant
control.commodity_category_inventory_policy,control,server/db/ddl/planes/neon/control/03_tables.sql,1208,CREATE with no later DROP TABLE found,,Classification policy,P2,Reference constraints for capability selection; retain procurement/sales policy ownership,,no direct storage binding in inspected New_Entity core examples; not proof of no other metadata,server/packages/adapters/database/neon-postgres/dist/generated/kysely/types.d.ts; server/packages/adapters/database/neon-postgres/src/generated/kysely/types.ts,master.commodity_category; master.company_code; master.principal; master.tenant
control.procurement_match_tolerance_policy,control,server/db/ddl/planes/neon/control/03_tables.sql,1250,CREATE with no later DROP TABLE found,,Adjacent domain or infrastructure,Outside BP phase,No direct BP app entity recommended; retain owning domain. Review a concrete field/workflow dependency before expansion.,,no direct storage binding in inspected New_Entity core examples; not proof of no other metadata,server/packages/adapters/database/neon-postgres/dist/generated/kysely/types.d.ts; server/packages/adapters/database/neon-postgres/src/generated/kysely/types.ts,master.company_code; master.principal; master.tenant
control.fx_policy,control,server/db/ddl/planes/neon/control/03_tables.sql,1293,CREATE with no later DROP TABLE found,,Adjacent domain or infrastructure,Outside BP phase,No direct BP app entity recommended; retain owning domain. Review a concrete field/workflow dependency before expansion.,,no direct storage binding in inspected New_Entity core examples; not proof of no other metadata,server/packages/adapters/database/neon-postgres/dist/generated/kysely/types.d.ts; server/packages/adapters/database/neon-postgres/src/generated/kysely/types.ts,control.fx_policy; master.company_code; master.ledger_book; master.principal; master.tenant; shared.currency
control.dimension_policy,control,server/db/ddl/planes/neon/control/03_tables.sql,1364,CREATE with no later DROP TABLE found,,Adjacent domain or infrastructure,Outside BP phase,No direct BP app entity recommended; retain owning domain. Review a concrete field/workflow dependency before expansion.,,no direct storage binding in inspected New_Entity core examples; not proof of no other metadata,server/packages/adapters/database/neon-postgres/dist/generated/kysely/types.d.ts; server/packages/adapters/database/neon-postgres/src/generated/kysely/types.ts,control.dimension_policy; master.company_code; master.dimension_type; master.gl_account; master.ledger_book; master.principal; master.tenant
control.dimension_policy_allowed_value,control,server/db/ddl/planes/neon/control/03_tables.sql,1456,CREATE with no later DROP TABLE found,,Adjacent domain or infrastructure,Outside BP phase,No direct BP app entity recommended; retain owning domain. Review a concrete field/workflow dependency before expansion.,,no direct storage binding in inspected New_Entity core examples; not proof of no other metadata,server/packages/adapters/database/neon-postgres/dist/generated/kysely/types.d.ts; server/packages/adapters/database/neon-postgres/src/generated/kysely/types.ts,control.dimension_policy; master.dimension_value; master.principal; master.tenant
control.tax_rate_schedule,control,server/db/ddl/planes/neon/control/03_tables.sql,1478,CREATE with no later DROP TABLE found,,Adjacent domain or infrastructure,Outside BP phase,No direct BP app entity recommended; retain owning domain. Review a concrete field/workflow dependency before expansion.,,no direct storage binding in inspected New_Entity core examples; not proof of no other metadata,server/packages/adapters/database/neon-postgres/dist/generated/kysely/types.d.ts; server/packages/adapters/database/neon-postgres/src/generated/kysely/types.ts; server/packages/services/finance/src/tax/kysely-tax-configuration.ts,master.principal; master.tax_jurisdiction; master.tax_type; master.tenant; shared.currency; shared.uom
control.tax_group,control,server/db/ddl/planes/neon/control/03_tables.sql,1535,CREATE with no later DROP TABLE found,,Adjacent domain or infrastructure,Outside BP phase,No direct BP app entity recommended; retain owning domain. Review a concrete field/workflow dependency before expansion.,,no direct storage binding in inspected New_Entity core examples; not proof of no other metadata,server/packages/adapters/database/neon-postgres/dist/generated/kysely/types.d.ts; server/packages/adapters/database/neon-postgres/src/generated/kysely/types.ts; server/packages/services/finance/src/tax/kysely-tax-configuration.ts,control.rounding_rule; control.tax_group; master.principal; master.tax_jurisdiction; master.tenant
control.tax_group_component,control,server/db/ddl/planes/neon/control/03_tables.sql,1577,CREATE with no later DROP TABLE found,,Adjacent domain or infrastructure,Outside BP phase,No direct BP app entity recommended; retain owning domain. Review a concrete field/workflow dependency before expansion.,,no direct storage binding in inspected New_Entity core examples; not proof of no other metadata,server/packages/adapters/database/neon-postgres/dist/generated/kysely/types.d.ts; server/packages/adapters/database/neon-postgres/src/generated/kysely/types.ts; server/packages/services/finance/src/tax/kysely-tax-configuration.ts,control.tax_group; control.tax_rate_schedule; master.principal; master.tenant
control.tax_resolution_rule,control,server/db/ddl/planes/neon/control/03_tables.sql,1595,CREATE with no later DROP TABLE found,,Adjacent domain or infrastructure,Outside BP phase,No direct BP app entity recommended; retain owning domain. Review a concrete field/workflow dependency before expansion.,,no direct storage binding in inspected New_Entity core examples; not proof of no other metadata,server/packages/adapters/database/neon-postgres/dist/generated/kysely/types.d.ts; server/packages/adapters/database/neon-postgres/src/generated/kysely/types.ts; server/packages/services/finance/src/tax/kysely-tax-configuration.ts,control.tax_group; master.commodity_category; master.company_code; master.principal; master.tax_jurisdiction; master.tenant
control.wht_threshold_config,control,server/db/ddl/planes/neon/control/03_tables.sql,1647,CREATE with no later DROP TABLE found,,Adjacent domain or infrastructure,Outside BP phase,No direct BP app entity recommended; retain owning domain. Review a concrete field/workflow dependency before expansion.,,no direct storage binding in inspected New_Entity core examples; not proof of no other metadata,server/packages/adapters/database/neon-postgres/dist/generated/kysely/types.d.ts; server/packages/adapters/database/neon-postgres/src/generated/kysely/types.ts,master.company_code; master.principal; master.tax_jurisdiction; master.tax_type; master.tenant; shared.currency
control.accounting_profile_policy,control,server/db/ddl/planes/neon/control/03_tables.sql,1693,CREATE with no later DROP TABLE found,,Adjacent domain or infrastructure,Outside BP phase,No direct BP app entity recommended; retain owning domain. Review a concrete field/workflow dependency before expansion.,,no direct storage binding in inspected New_Entity core examples; not proof of no other metadata,server/packages/adapters/database/neon-postgres/dist/generated/kysely/types.d.ts; server/packages/adapters/database/neon-postgres/src/generated/kysely/types.ts,control.accounting_profile_policy; master.accounting_profile; master.principal; master.tenant
control.accounting_profile_event,control,server/db/ddl/planes/neon/control/03_tables.sql,1729,CREATE with no later DROP TABLE found,,Adjacent domain or infrastructure,Outside BP phase,No direct BP app entity recommended; retain owning domain. Review a concrete field/workflow dependency before expansion.,,no direct storage binding in inspected New_Entity core examples; not proof of no other metadata,server/packages/adapters/database/neon-postgres/dist/generated/kysely/types.d.ts; server/packages/adapters/database/neon-postgres/src/generated/kysely/types.ts,control.accounting_profile_policy; master.principal; master.tenant
control.accounting_profile_entry,control,server/db/ddl/planes/neon/control/03_tables.sql,1763,CREATE with no later DROP TABLE found,,Adjacent domain or infrastructure,Outside BP phase,No direct BP app entity recommended; retain owning domain. Review a concrete field/workflow dependency before expansion.,,no direct storage binding in inspected New_Entity core examples; not proof of no other metadata,server/packages/adapters/database/neon-postgres/dist/generated/kysely/types.d.ts; server/packages/adapters/database/neon-postgres/src/generated/kysely/types.ts,control.accounting_profile_event; master.condition_type; master.principal; master.tenant
control.accounting_profile_assignment,control,server/db/ddl/planes/neon/control/03_tables.sql,1793,CREATE with no later DROP TABLE found,,Adjacent domain or infrastructure,Outside BP phase,No direct BP app entity recommended; retain owning domain. Review a concrete field/workflow dependency before expansion.,,no direct storage binding in inspected New_Entity core examples; not proof of no other metadata,server/packages/adapters/database/neon-postgres/dist/generated/kysely/types.d.ts; server/packages/adapters/database/neon-postgres/src/generated/kysely/types.ts,control.accounting_profile_policy; master.business_intent; master.company_code; master.principal; master.tenant
control.posting_role_account_assignment,control,server/db/ddl/planes/neon/control/03_tables.sql,1835,CREATE with no later DROP TABLE found,,Adjacent domain or infrastructure,Outside BP phase,No direct BP app entity recommended; retain owning domain. Review a concrete field/workflow dependency before expansion.,,no direct storage binding in inspected New_Entity core examples; not proof of no other metadata,server/packages/adapters/database/neon-postgres/dist/generated/kysely/types.d.ts; server/packages/adapters/database/neon-postgres/src/generated/kysely/types.ts,control.posting_role_account_assignment; master.company_code; master.gl_account; master.ledger_book; master.principal; master.tenant
control.cross_book_posting_policy,control,server/db/ddl/planes/neon/control/03_tables.sql,1876,CREATE with no later DROP TABLE found,,Adjacent domain or infrastructure,Outside BP phase,No direct BP app entity recommended; retain owning domain. Review a concrete field/workflow dependency before expansion.,,no direct storage binding in inspected New_Entity core examples; not proof of no other metadata,server/packages/adapters/database/neon-postgres/dist/generated/kysely/types.d.ts; server/packages/adapters/database/neon-postgres/src/generated/kysely/types.ts,control.cross_book_posting_policy; master.business_intent; master.company_code; master.ledger_book; master.principal; master.tenant
control.cross_book_account_assignment,control,server/db/ddl/planes/neon/control/03_tables.sql,1928,CREATE with no later DROP TABLE found,,Adjacent domain or infrastructure,Outside BP phase,No direct BP app entity recommended; retain owning domain. Review a concrete field/workflow dependency before expansion.,,no direct storage binding in inspected New_Entity core examples; not proof of no other metadata,server/packages/adapters/database/neon-postgres/dist/generated/kysely/types.d.ts; server/packages/adapters/database/neon-postgres/src/generated/kysely/types.ts,control.cross_book_posting_policy; master.gl_account; master.principal; master.tenant
control.fiscal_calendar_config,control,server/db/ddl/planes/neon/control/03_tables.sql,1945,CREATE with no later DROP TABLE found,,Adjacent domain or infrastructure,Outside BP phase,No direct BP app entity recommended; retain owning domain. Review a concrete field/workflow dependency before expansion.,,no direct storage binding in inspected New_Entity core examples; not proof of no other metadata,server/packages/adapters/database/neon-postgres/dist/generated/kysely/types.d.ts; server/packages/adapters/database/neon-postgres/src/generated/kysely/types.ts,control.fiscal_calendar_config; master.principal; master.tenant
control.fiscal_calendar_period_rule,control,server/db/ddl/planes/neon/control/03_tables.sql,2007,CREATE with no later DROP TABLE found,,Adjacent domain or infrastructure,Outside BP phase,No direct BP app entity recommended; retain owning domain. Review a concrete field/workflow dependency before expansion.,,no direct storage binding in inspected New_Entity core examples; not proof of no other metadata,server/packages/adapters/database/neon-postgres/dist/generated/kysely/types.d.ts; server/packages/adapters/database/neon-postgres/src/generated/kysely/types.ts,control.fiscal_calendar_config; master.principal; master.tenant
control.mesh_business_partner_profile_inbox,control,server/db/ddl/planes/neon/control/03_tables.sql,2068,CREATE with no later DROP TABLE found,,Neon integration internals,Internal,No generic BP entities; authorized status/reconciliation projection only; preserve replay/idempotency semantics,,no direct storage binding in inspected New_Entity core examples; not proof of no other metadata,server/packages/adapters/database/neon-postgres/dist/generated/kysely/types.d.ts; server/packages/adapters/database/neon-postgres/src/generated/kysely/types.ts; server/packages/planes/neon/src/business-partner-profile-projection.ts,master.principal; master.tenant
control.mesh_business_partner_profile_processing_attempt,control,server/db/ddl/planes/neon/control/03_tables.sql,2102,CREATE with no later DROP TABLE found,,Neon integration internals,Internal,No generic BP entities; authorized status/reconciliation projection only; preserve replay/idempotency semantics,,no direct storage binding in inspected New_Entity core examples; not proof of no other metadata,server/packages/adapters/database/neon-postgres/dist/generated/kysely/types.d.ts; server/packages/adapters/database/neon-postgres/src/generated/kysely/types.ts; server/packages/planes/neon/src/business-partner-profile-projection.ts,control.mesh_business_partner_profile_inbox; master.principal
control.mesh_workforce_claim_inbox,control,server/db/ddl/planes/neon/control/03_tables.sql,2128,CREATE with no later DROP TABLE found,,Neon integration internals,Internal,No generic BP entities; authorized status/reconciliation projection only; preserve replay/idempotency semantics,,no direct storage binding in inspected New_Entity core examples; not proof of no other metadata,server/packages/adapters/database/neon-postgres/dist/generated/kysely/types.d.ts; server/packages/adapters/database/neon-postgres/src/generated/kysely/types.ts,master.principal; master.tenant
control.mesh_workforce_claim_processing_attempt,control,server/db/ddl/planes/neon/control/03_tables.sql,2165,CREATE with no later DROP TABLE found,,Neon integration internals,Internal,No generic BP entities; authorized status/reconciliation projection only; preserve replay/idempotency semantics,,no direct storage binding in inspected New_Entity core examples; not proof of no other metadata,server/packages/adapters/database/neon-postgres/dist/generated/kysely/types.d.ts; server/packages/adapters/database/neon-postgres/src/generated/kysely/types.ts,control.mesh_workforce_claim_inbox; master.principal
control.mesh_business_partner_profile_projection,control,server/db/ddl/planes/neon/control/03_tables.sql,2197,CREATE with no later DROP TABLE found,,Neon network projections,P3,Safe read-only Network/Banking provenance in Neon; acceptance via governed commands; no Mesh app implementation,,no direct storage binding in inspected New_Entity core examples; not proof of no other metadata,server/packages/adapters/database/neon-postgres/dist/generated/kysely/types.d.ts; server/packages/adapters/database/neon-postgres/src/generated/kysely/types.ts; server/packages/planes/neon/src/business-partner-account-bank-linkage.ts; server/packages/planes/neon/src/business-partner-profile-match.ts; server/packages/planes/neon/src/business-partner-profile-projection.ts; server/packages/planes/neon/src/mesh-external-reference-code.ts; server/packages/services/master-data/src/kysely-business-partner-360-network.ts; server/packages/services/master-data/src/kysely-business-partner-case-repository.ts,control.mesh_business_partner_profile_inbox; master.principal; snapshot.mesh_business_partner_profile_received
control.mesh_business_partner_account_link,control,server/db/ddl/planes/neon/control/03_tables.sql,2228,CREATE with no later DROP TABLE found,,Neon network projections,P3,Safe read-only Network/Banking provenance in Neon; acceptance via governed commands; no Mesh app implementation,,no direct storage binding in inspected New_Entity core examples; not proof of no other metadata,server/packages/adapters/database/neon-postgres/dist/generated/kysely/types.d.ts; server/packages/adapters/database/neon-postgres/src/generated/kysely/types.ts; server/packages/planes/neon/src/business-partner-account-bank-linkage.ts; server/packages/services/master-data/src/kysely-business-partner-360-commercial-controls.ts; server/packages/services/master-data/src/kysely-business-partner-360-network.ts; server/packages/services/master-data/src/kysely-business-partner-360-repository.ts; server/packages/services/master-data/src/kysely-business-partner-case-repository.ts,control.mesh_business_partner_profile_projection; document.business_partner_request; master.business_partner; master.external_reference; master.principal; master.tenant
control.mesh_bank_account_disclosure_inbox,control,server/db/ddl/planes/neon/control/03_tables.sql,2268,CREATE with no later DROP TABLE found,,Neon integration internals,Internal,No generic BP entities; authorized status/reconciliation projection only; preserve replay/idempotency semantics,,no direct storage binding in inspected New_Entity core examples; not proof of no other metadata,server/packages/adapters/database/neon-postgres/dist/generated/kysely/types.d.ts; server/packages/adapters/database/neon-postgres/src/generated/kysely/types.ts; server/packages/planes/neon/src/business-partner-account-bank-linkage.ts,master.principal; master.tenant
control.mesh_bank_account_projection,control,server/db/ddl/planes/neon/control/03_tables.sql,2297,CREATE with no later DROP TABLE found,,Neon network projections,P3,Safe read-only Network/Banking provenance in Neon; acceptance via governed commands; no Mesh app implementation,,no direct storage binding in inspected New_Entity core examples; not proof of no other metadata,server/packages/adapters/database/neon-postgres/dist/generated/kysely/types.d.ts; server/packages/adapters/database/neon-postgres/src/generated/kysely/types.ts; server/packages/planes/neon/src/business-partner-account-bank-linkage.ts; server/packages/services/master-data/src/kysely-business-partner-360-commercial-controls.ts; server/packages/services/master-data/src/kysely-business-partner-360-network.ts; server/packages/services/master-data/src/kysely-business-partner-case-repository.ts,control.mesh_bank_account_disclosure_inbox; control.mesh_business_partner_account_link; master.principal; master.tenant; snapshot.mesh_bank_account_disclosure_received
control.company_fiscal_calendar_assignment,control,server/db/ddl/planes/neon/control/03_tables.sql,2326,CREATE with no later DROP TABLE found,,Adjacent domain or infrastructure,Outside BP phase,No direct BP app entity recommended; retain owning domain. Review a concrete field/workflow dependency before expansion.,,no direct storage binding in inspected New_Entity core examples; not proof of no other metadata,server/packages/adapters/database/neon-postgres/dist/generated/kysely/types.d.ts; server/packages/adapters/database/neon-postgres/src/generated/kysely/types.ts,control.fiscal_calendar_config; master.company_code; master.principal; master.tenant
control.customer_credit_review,control,server/db/ddl/planes/neon/control/03_tables.sql,2367,CREATE with no later DROP TABLE found,,Governed commercial decisions,P2,MetaEntity read/detail surfaces and registered decide/revoke/lift operations; no generic writes to final decisions,,no direct storage binding in inspected New_Entity core examples; not proof of no other metadata,server/packages/adapters/database/neon-postgres/dist/generated/kysely/types.d.ts; server/packages/adapters/database/neon-postgres/src/generated/kysely/types.ts; server/packages/services/master-data/src/business-partner-request-validator.ts; server/packages/services/master-data/src/kysely-business-partner-360-commercial-controls.ts; server/packages/services/master-data/src/kysely-business-partner-360-repository.ts; server/packages/services/master-data/src/kysely-business-partner-eligibility-repository.ts,master.business_partner; master.company_code; master.customer; master.operating_organization; master.principal; master.tenant; shared.currency
control.business_partner_mutation_evidence,control,server/db/ddl/planes/neon/control/03_tables.sql,2418,CREATE with no later DROP TABLE found,,Governance history,P2,Read-only timeline/evidence projection; mutation/service owner remains authoritative,,no direct storage binding in inspected New_Entity core examples; not proof of no other metadata,server/packages/adapters/database/neon-postgres/dist/generated/kysely/types.d.ts; server/packages/adapters/database/neon-postgres/src/generated/kysely/types.ts,master.business_partner; master.principal; master.tenant
control.customer_lifecycle_event,control,server/db/ddl/planes/neon/control/03_tables.sql,2459,CREATE with no later DROP TABLE found,,Governance history,P2,Read-only timeline/evidence projection; mutation/service owner remains authoritative,,no direct storage binding in inspected New_Entity core examples; not proof of no other metadata,server/packages/adapters/database/neon-postgres/dist/generated/kysely/types.d.ts; server/packages/adapters/database/neon-postgres/src/generated/kysely/types.ts; server/packages/platform/iam/src/customer-portal-delivery.ts,master.business_partner; master.company_code; master.customer; master.operating_organization; master.principal; master.tenant
control.business_partner_decision_scope,control,server/db/ddl/planes/neon/control/03_tables.sql,2505,CREATE with no later DROP TABLE found,,Decision scope children,P2,Parent-owned include/exclude scope rows; authorize through the parent decision,,no direct storage binding in inspected New_Entity core examples; not proof of no other metadata,server/packages/adapters/database/neon-postgres/dist/generated/kysely/types.d.ts; server/packages/adapters/database/neon-postgres/src/generated/kysely/types.ts; server/packages/services/master-data/src/kysely-business-partner-360-commercial-controls.ts; server/packages/services/master-data/src/kysely-business-partner-360-repository.ts; server/packages/services/master-data/src/kysely-business-partner-360-role-sections.ts; server/packages/services/master-data/src/kysely-business-partner-eligibility-repository.ts,control.business_partner_qualification; control.customer_account_designation; control.customer_credit_review; control.supplier_preference_designation; master.commodity_category; master.company_code; master.operating_organization; master.org_unit; master.principal; master.tax_jurisdiction; shared.country
control.external_workforce_rate_card,control,server/db/ddl/planes/neon/control/03_tables.sql,2557,CREATE with no later DROP TABLE found,,Supplier workforce pricing,P3,Company-governed rate-card entity with supplier-filtered child rows; preserve effective dates and constrained billing units,,no direct storage binding in inspected New_Entity core examples; not proof of no other metadata,server/packages/adapters/database/neon-postgres/dist/generated/kysely/types.d.ts; server/packages/adapters/database/neon-postgres/src/generated/kysely/types.ts,master.company_code; master.principal; master.tenant
control.external_workforce_rate,control,server/db/ddl/planes/neon/control/03_tables.sql,2589,CREATE with no later DROP TABLE found,,Supplier workforce pricing,P3,Company-governed rate-card entity with supplier-filtered child rows; preserve effective dates and constrained billing units,,no direct storage binding in inspected New_Entity core examples; not proof of no other metadata,server/packages/adapters/database/neon-postgres/dist/generated/kysely/types.d.ts; server/packages/adapters/database/neon-postgres/src/generated/kysely/types.ts,control.external_workforce_rate_card; master.job; master.principal; master.site; master.supplier; master.tenant
control.supplier_communication_policy,control,server/db/ddl/planes/neon/control/03_tables.sql,2643,CREATE with no later DROP TABLE found,,Process configuration,Dependency,"Use existing process/activation/task authority; BP shows eligible actions and outcomes, not raw configuration editors",,no direct storage binding in inspected New_Entity core examples; not proof of no other metadata,server/packages/adapters/database/neon-postgres/dist/generated/kysely/types.d.ts; server/packages/adapters/database/neon-postgres/src/generated/kysely/types.ts,master.principal; master.tenant
control.workspace,control,server/db/ddl/common/control/03_tables.sql,5,CREATE with no later DROP TABLE found,,Application configuration,Dependency,"Existing navigation, entitlement, feature and parameter authority; no BP-specific copy",,no direct storage binding in inspected New_Entity core examples; not proof of no other metadata,server/packages/adapters/database/athyper-postgres/dist/generated/kysely-studio/types.d.ts; server/packages/adapters/database/athyper-postgres/src/generated/kysely-studio/types.ts; server/packages/adapters/database/mesh-postgres/dist/generated/kysely-mesh/types.d.ts; server/packages/adapters/database/mesh-postgres/src/generated/kysely-mesh/types.ts; server/packages/adapters/database/neon-postgres/dist/generated/kysely/types.d.ts; server/packages/adapters/database/neon-postgres/src/generated/kysely/types.ts; server/packages/adapters/experience-postgres/src/index.ts,master.principal
control.module,control,server/db/ddl/common/control/03_tables.sql,38,CREATE with no later DROP TABLE found,,Application configuration,Dependency,"Existing navigation, entitlement, feature and parameter authority; no BP-specific copy",,no direct storage binding in inspected New_Entity core examples; not proof of no other metadata,server/packages/adapters/database/athyper-postgres/dist/generated/kysely-studio/types.d.ts; server/packages/adapters/database/athyper-postgres/src/generated/kysely-studio/types.ts; server/packages/adapters/database/mesh-postgres/dist/generated/kysely-mesh/types.d.ts; server/packages/adapters/database/mesh-postgres/src/generated/kysely-mesh/types.ts; server/packages/adapters/database/neon-postgres/dist/generated/kysely/types.d.ts; server/packages/adapters/database/neon-postgres/src/generated/kysely/types.ts; server/packages/adapters/experience-postgres/src/index.ts; server/packages/planes/studio/meta-entity-authoring/src/kysely-authoring-repository.ts; server/packages/platform/control-admin/src/control-administration-ownership.ts; server/packages/platform/control-admin/src/kysely-entitlement-repository.ts; server/packages/platform/iam/src/kysely-permission-resolver.ts,master.principal
control.workspace_module,control,server/db/ddl/common/control/03_tables.sql,70,CREATE with no later DROP TABLE found,,Application configuration,Dependency,"Existing navigation, entitlement, feature and parameter authority; no BP-specific copy",,no direct storage binding in inspected New_Entity core examples; not proof of no other metadata,server/packages/adapters/database/athyper-postgres/dist/generated/kysely-studio/types.d.ts; server/packages/adapters/database/athyper-postgres/src/generated/kysely-studio/types.ts; server/packages/adapters/database/mesh-postgres/dist/generated/kysely-mesh/types.d.ts; server/packages/adapters/database/mesh-postgres/src/generated/kysely-mesh/types.ts; server/packages/adapters/database/neon-postgres/dist/generated/kysely/types.d.ts; server/packages/adapters/database/neon-postgres/src/generated/kysely/types.ts; server/packages/adapters/experience-postgres/src/index.ts,control.module; control.workspace; master.principal
control.subscription_plan_module,control,server/db/ddl/common/control/03_tables.sql,94,CREATE with no later DROP TABLE found,,Application configuration,Dependency,"Existing navigation, entitlement, feature and parameter authority; no BP-specific copy",,no direct storage binding in inspected New_Entity core examples; not proof of no other metadata,server/packages/adapters/database/athyper-postgres/dist/generated/kysely-studio/types.d.ts; server/packages/adapters/database/athyper-postgres/src/generated/kysely-studio/types.ts; server/packages/adapters/database/mesh-postgres/dist/generated/kysely-mesh/types.d.ts; server/packages/adapters/database/mesh-postgres/src/generated/kysely-mesh/types.ts; server/packages/adapters/database/neon-postgres/dist/generated/kysely/types.d.ts; server/packages/adapters/database/neon-postgres/src/generated/kysely/types.ts; server/packages/platform/control-admin/src/control-administration-ownership.ts; server/packages/platform/control-admin/src/kysely-entitlement-repository.ts,control.module; control.subscription_plan; master.principal
control.connector_type,control,server/db/ddl/common/control/03_tables.sql,131,CREATE with no later DROP TABLE found,,Adjacent domain or infrastructure,Outside BP phase,No direct BP app entity recommended; retain owning domain. Review a concrete field/workflow dependency before expansion.,,no direct storage binding in inspected New_Entity core examples; not proof of no other metadata,server/packages/adapters/database/athyper-postgres/dist/generated/kysely-studio/types.d.ts; server/packages/adapters/database/athyper-postgres/src/generated/kysely-studio/types.ts; server/packages/adapters/database/mesh-postgres/dist/generated/kysely-mesh/types.d.ts; server/packages/adapters/database/mesh-postgres/src/generated/kysely-mesh/types.ts; server/packages/adapters/database/neon-postgres/dist/generated/kysely/types.d.ts; server/packages/adapters/database/neon-postgres/src/generated/kysely/types.ts; server/packages/platform/control-admin/src/control-administration-ownership.ts; server/packages/services/integration/src/kysely-integration-repository.ts,
control.connector_instance,control,server/db/ddl/common/control/03_tables.sql,166,CREATE with no later DROP TABLE found,,Adjacent domain or infrastructure,Outside BP phase,No direct BP app entity recommended; retain owning domain. Review a concrete field/workflow dependency before expansion.,,no direct storage binding in inspected New_Entity core examples; not proof of no other metadata,server/packages/adapters/database/athyper-postgres/dist/generated/kysely-studio/types.d.ts; server/packages/adapters/database/athyper-postgres/src/generated/kysely-studio/types.ts; server/packages/adapters/database/mesh-postgres/dist/generated/kysely-mesh/types.d.ts; server/packages/adapters/database/mesh-postgres/src/generated/kysely-mesh/types.ts; server/packages/adapters/database/neon-postgres/dist/generated/kysely/types.d.ts; server/packages/adapters/database/neon-postgres/src/generated/kysely/types.ts; server/packages/platform/control-admin/src/control-administration-ownership.ts; server/packages/platform/control-admin/src/kysely-connector-repository.ts; server/packages/services/integration/src/kysely-integration-repository.ts,control.connector_type; master.principal; master.tenant
control.integration_endpoint,control,server/db/ddl/common/control/03_tables.sql,210,CREATE with no later DROP TABLE found,,Adjacent domain or infrastructure,Outside BP phase,No direct BP app entity recommended; retain owning domain. Review a concrete field/workflow dependency before expansion.,,no direct storage binding in inspected New_Entity core examples; not proof of no other metadata,server/packages/adapters/database/athyper-postgres/dist/generated/kysely-studio/types.d.ts; server/packages/adapters/database/athyper-postgres/src/generated/kysely-studio/types.ts; server/packages/adapters/database/mesh-postgres/dist/generated/kysely-mesh/types.d.ts; server/packages/adapters/database/mesh-postgres/src/generated/kysely-mesh/types.ts; server/packages/adapters/database/neon-postgres/dist/generated/kysely/types.d.ts; server/packages/adapters/database/neon-postgres/src/generated/kysely/types.ts; server/packages/platform/control-admin/src/control-administration-ownership.ts; server/packages/platform/control-admin/src/kysely-connector-repository.ts; server/packages/services/integration/src/kysely-integration-repository.ts,control.connector_instance; master.principal; master.tenant
control.webhook_subscription,control,server/db/ddl/common/control/03_tables.sql,265,CREATE with no later DROP TABLE found,,Adjacent domain or infrastructure,Outside BP phase,No direct BP app entity recommended; retain owning domain. Review a concrete field/workflow dependency before expansion.,,no direct storage binding in inspected New_Entity core examples; not proof of no other metadata,server/packages/adapters/database/athyper-postgres/dist/generated/kysely-studio/types.d.ts; server/packages/adapters/database/athyper-postgres/src/generated/kysely-studio/types.ts; server/packages/adapters/database/mesh-postgres/dist/generated/kysely-mesh/types.d.ts; server/packages/adapters/database/mesh-postgres/src/generated/kysely-mesh/types.ts; server/packages/adapters/database/neon-postgres/dist/generated/kysely/types.d.ts; server/packages/adapters/database/neon-postgres/src/generated/kysely/types.ts; server/packages/services/integration/src/kysely-inbound-webhook-policy.ts,control.integration_endpoint; master.principal; master.tenant
control.cycle_type,control,server/db/ddl/common/control/03_tables.sql,317,CREATE with no later DROP TABLE found,,Process configuration,Dependency,"Use existing process/activation/task authority; BP shows eligible actions and outcomes, not raw configuration editors",,no direct storage binding in inspected New_Entity core examples; not proof of no other metadata,server/packages/adapters/database/athyper-postgres/dist/generated/kysely-studio/types.d.ts; server/packages/adapters/database/athyper-postgres/src/generated/kysely-studio/types.ts; server/packages/adapters/database/mesh-postgres/dist/generated/kysely-mesh/types.d.ts; server/packages/adapters/database/mesh-postgres/src/generated/kysely-mesh/types.ts; server/packages/adapters/database/neon-postgres/dist/generated/kysely/types.d.ts; server/packages/adapters/database/neon-postgres/src/generated/kysely/types.ts; server/packages/platform/control-admin/src/control-administration-ownership.ts; server/packages/platform/control-admin/src/cycle/kysely-cycle-template-repository.ts; server/packages/services/master-data/src/business-partner-onboarding-cycle.ts,master.principal; master.tenant
control.cycle_phase,control,server/db/ddl/common/control/03_tables.sql,357,CREATE with no later DROP TABLE found,,Process configuration,Dependency,"Use existing process/activation/task authority; BP shows eligible actions and outcomes, not raw configuration editors",,no direct storage binding in inspected New_Entity core examples; not proof of no other metadata,server/packages/adapters/database/athyper-postgres/dist/generated/kysely-studio/types.d.ts; server/packages/adapters/database/athyper-postgres/src/generated/kysely-studio/types.ts; server/packages/adapters/database/mesh-postgres/dist/generated/kysely-mesh/types.d.ts; server/packages/adapters/database/mesh-postgres/src/generated/kysely-mesh/types.ts; server/packages/adapters/database/neon-postgres/dist/generated/kysely/types.d.ts; server/packages/adapters/database/neon-postgres/src/generated/kysely/types.ts; server/packages/platform/control-admin/src/control-administration-ownership.ts,control.cycle_type; master.principal; master.tenant
control.cycle_task_category,control,server/db/ddl/common/control/03_tables.sql,395,CREATE with no later DROP TABLE found,,Process configuration,Dependency,"Use existing process/activation/task authority; BP shows eligible actions and outcomes, not raw configuration editors",,no direct storage binding in inspected New_Entity core examples; not proof of no other metadata,server/packages/adapters/database/athyper-postgres/dist/generated/kysely-studio/types.d.ts; server/packages/adapters/database/athyper-postgres/src/generated/kysely-studio/types.ts; server/packages/adapters/database/mesh-postgres/dist/generated/kysely-mesh/types.d.ts; server/packages/adapters/database/mesh-postgres/src/generated/kysely-mesh/types.ts; server/packages/adapters/database/neon-postgres/dist/generated/kysely/types.d.ts; server/packages/adapters/database/neon-postgres/src/generated/kysely/types.ts; server/packages/platform/control-admin/src/control-administration-ownership.ts,control.cycle_type; master.principal; master.tenant
control.cycle_task_template,control,server/db/ddl/common/control/03_tables.sql,429,CREATE with no later DROP TABLE found,,Process configuration,Dependency,"Use existing process/activation/task authority; BP shows eligible actions and outcomes, not raw configuration editors",,no direct storage binding in inspected New_Entity core examples; not proof of no other metadata,server/packages/adapters/database/athyper-postgres/dist/generated/kysely-studio/types.d.ts; server/packages/adapters/database/athyper-postgres/src/generated/kysely-studio/types.ts; server/packages/adapters/database/mesh-postgres/dist/generated/kysely-mesh/types.d.ts; server/packages/adapters/database/mesh-postgres/src/generated/kysely-mesh/types.ts; server/packages/adapters/database/neon-postgres/dist/generated/kysely/types.d.ts; server/packages/adapters/database/neon-postgres/src/generated/kysely/types.ts; server/packages/platform/control-admin/src/control-administration-ownership.ts,control.cycle_phase; control.cycle_task_category; control.cycle_type; master.principal; master.tenant
control.cycle_task_dependency,control,server/db/ddl/common/control/03_tables.sql,488,CREATE with no later DROP TABLE found,,Process configuration,Dependency,"Use existing process/activation/task authority; BP shows eligible actions and outcomes, not raw configuration editors",,no direct storage binding in inspected New_Entity core examples; not proof of no other metadata,server/packages/adapters/database/athyper-postgres/dist/generated/kysely-studio/types.d.ts; server/packages/adapters/database/athyper-postgres/src/generated/kysely-studio/types.ts; server/packages/adapters/database/mesh-postgres/dist/generated/kysely-mesh/types.d.ts; server/packages/adapters/database/mesh-postgres/src/generated/kysely-mesh/types.ts; server/packages/adapters/database/neon-postgres/dist/generated/kysely/types.d.ts; server/packages/adapters/database/neon-postgres/src/generated/kysely/types.ts; server/packages/platform/control-admin/src/control-administration-ownership.ts,control.cycle_task_template; control.cycle_type; master.principal; master.tenant
control.cycle_cross_dependency,control,server/db/ddl/common/control/03_tables.sql,513,CREATE with no later DROP TABLE found,,Process configuration,Dependency,"Use existing process/activation/task authority; BP shows eligible actions and outcomes, not raw configuration editors",,no direct storage binding in inspected New_Entity core examples; not proof of no other metadata,server/packages/adapters/database/athyper-postgres/dist/generated/kysely-studio/types.d.ts; server/packages/adapters/database/athyper-postgres/src/generated/kysely-studio/types.ts; server/packages/adapters/database/mesh-postgres/dist/generated/kysely-mesh/types.d.ts; server/packages/adapters/database/mesh-postgres/src/generated/kysely-mesh/types.ts; server/packages/adapters/database/neon-postgres/dist/generated/kysely/types.d.ts; server/packages/adapters/database/neon-postgres/src/generated/kysely/types.ts; server/packages/platform/control-admin/src/control-administration-ownership.ts,control.cycle_phase; control.cycle_type; master.principal; master.tenant
control.cycle_carryforward_rule,control,server/db/ddl/common/control/03_tables.sql,542,CREATE with no later DROP TABLE found,,Process configuration,Dependency,"Use existing process/activation/task authority; BP shows eligible actions and outcomes, not raw configuration editors",,no direct storage binding in inspected New_Entity core examples; not proof of no other metadata,server/packages/adapters/database/athyper-postgres/dist/generated/kysely-studio/types.d.ts; server/packages/adapters/database/athyper-postgres/src/generated/kysely-studio/types.ts; server/packages/adapters/database/mesh-postgres/dist/generated/kysely-mesh/types.d.ts; server/packages/adapters/database/mesh-postgres/src/generated/kysely-mesh/types.ts; server/packages/adapters/database/neon-postgres/dist/generated/kysely/types.d.ts; server/packages/adapters/database/neon-postgres/src/generated/kysely/types.ts; server/packages/platform/control-admin/src/control-administration-ownership.ts,control.cycle_type; master.principal; master.tenant
control.cycle_template_revision,control,server/db/ddl/common/control/03_tables.sql,569,CREATE with no later DROP TABLE found,,Process configuration,Dependency,"Use existing process/activation/task authority; BP shows eligible actions and outcomes, not raw configuration editors",,no direct storage binding in inspected New_Entity core examples; not proof of no other metadata,server/packages/adapters/database/athyper-postgres/dist/generated/kysely-studio/types.d.ts; server/packages/adapters/database/athyper-postgres/src/generated/kysely-studio/types.ts; server/packages/adapters/database/mesh-postgres/dist/generated/kysely-mesh/types.d.ts; server/packages/adapters/database/mesh-postgres/src/generated/kysely-mesh/types.ts; server/packages/adapters/database/neon-postgres/dist/generated/kysely/types.d.ts; server/packages/adapters/database/neon-postgres/src/generated/kysely/types.ts; server/packages/platform/control-admin/src/control-administration-ownership.ts; server/packages/platform/control-admin/src/cycle/kysely-cycle-template-repository.ts; server/packages/platform/control-admin/src/cycle/process-selection-catalog.ts; server/packages/platform/governance/src/cycles/kysely-cycle-execution-repository.ts; server/packages/services/master-data/src/business-partner-onboarding-cycle.ts; server/packages/services/master-data/src/kysely-business-partner-case-repository.ts,control.cycle_type; master.principal; master.tenant
control.bank_account_validation_rule,control,server/db/ddl/common/control/03_tables.sql,602,CREATE with no later DROP TABLE found,,Bank validation configuration,P2,Internal validation policy/reference; not an editable partner section,,no direct storage binding in inspected New_Entity core examples; not proof of no other metadata,server/packages/adapters/database/athyper-postgres/dist/generated/kysely-studio/types.d.ts; server/packages/adapters/database/athyper-postgres/src/generated/kysely-studio/types.ts; server/packages/adapters/database/mesh-postgres/dist/generated/kysely-mesh/types.d.ts; server/packages/adapters/database/mesh-postgres/src/generated/kysely-mesh/types.ts; server/packages/adapters/database/neon-postgres/dist/generated/kysely/types.d.ts; server/packages/adapters/database/neon-postgres/src/generated/kysely/types.ts; server/packages/platform/control-admin/src/control-administration-ownership.ts; server/packages/platform/control-admin/src/kysely-bank-validation-repository.ts; server/packages/services/master-data/src/business-partner-request-capture.ts; server/packages/services/records/src/bank-form-choices.ts,shared.country; shared.currency
control.usage_metric_catalog,control,server/db/ddl/common/control/03_tables.sql,668,CREATE with no later DROP TABLE found,,Adjacent domain or infrastructure,Outside BP phase,No direct BP app entity recommended; retain owning domain. Review a concrete field/workflow dependency before expansion.,,no direct storage binding in inspected New_Entity core examples; not proof of no other metadata,server/packages/adapters/database/athyper-postgres/dist/generated/kysely-studio/types.d.ts; server/packages/adapters/database/athyper-postgres/src/generated/kysely-studio/types.ts; server/packages/adapters/database/mesh-postgres/dist/generated/kysely-mesh/types.d.ts; server/packages/adapters/database/mesh-postgres/src/generated/kysely-mesh/types.ts; server/packages/adapters/database/neon-postgres/dist/generated/kysely/types.d.ts; server/packages/adapters/database/neon-postgres/src/generated/kysely/types.ts; server/packages/platform/control-admin/src/control-administration-ownership.ts; server/packages/platform/control-admin/src/kysely-entitlement-repository.ts; server/packages/services/attachments/src/kysely-attachment-quota-ledger.ts; server/packages/services/content/src/kysely-content-quota.ts,control.module
control.subscription_plan_usage_limit,control,server/db/ddl/common/control/03_tables.sql,703,CREATE with no later DROP TABLE found,,Adjacent domain or infrastructure,Outside BP phase,No direct BP app entity recommended; retain owning domain. Review a concrete field/workflow dependency before expansion.,,no direct storage binding in inspected New_Entity core examples; not proof of no other metadata,server/packages/adapters/database/athyper-postgres/dist/generated/kysely-studio/types.d.ts; server/packages/adapters/database/athyper-postgres/src/generated/kysely-studio/types.ts; server/packages/adapters/database/mesh-postgres/dist/generated/kysely-mesh/types.d.ts; server/packages/adapters/database/mesh-postgres/src/generated/kysely-mesh/types.ts; server/packages/adapters/database/neon-postgres/dist/generated/kysely/types.d.ts; server/packages/adapters/database/neon-postgres/src/generated/kysely/types.ts; server/packages/platform/control-admin/src/control-administration-ownership.ts; server/packages/platform/control-admin/src/kysely-entitlement-repository.ts,control.subscription_plan; control.usage_metric_catalog
control.tenant_usage_limit_override,control,server/db/ddl/common/control/03_tables.sql,734,CREATE with no later DROP TABLE found,,Adjacent domain or infrastructure,Outside BP phase,No direct BP app entity recommended; retain owning domain. Review a concrete field/workflow dependency before expansion.,,no direct storage binding in inspected New_Entity core examples; not proof of no other metadata,server/packages/adapters/database/athyper-postgres/dist/generated/kysely-studio/types.d.ts; server/packages/adapters/database/athyper-postgres/src/generated/kysely-studio/types.ts; server/packages/adapters/database/mesh-postgres/dist/generated/kysely-mesh/types.d.ts; server/packages/adapters/database/mesh-postgres/src/generated/kysely-mesh/types.ts; server/packages/adapters/database/neon-postgres/dist/generated/kysely/types.d.ts; server/packages/adapters/database/neon-postgres/src/generated/kysely/types.ts; server/packages/platform/control-admin/src/control-administration-ownership.ts; server/packages/platform/control-admin/src/kysely-entitlement-repository.ts,control.subscription_plan; control.usage_metric_catalog; master.tenant
control.feature_flag_catalog,control,server/db/ddl/common/control/03_tables.sql,780,CREATE with no later DROP TABLE found,,Application configuration,Dependency,"Existing navigation, entitlement, feature and parameter authority; no BP-specific copy",,no direct storage binding in inspected New_Entity core examples; not proof of no other metadata,server/packages/adapters/database/athyper-postgres/dist/generated/kysely-studio/types.d.ts; server/packages/adapters/database/athyper-postgres/src/generated/kysely-studio/types.ts; server/packages/adapters/database/mesh-postgres/dist/generated/kysely-mesh/types.d.ts; server/packages/adapters/database/mesh-postgres/src/generated/kysely-mesh/types.ts; server/packages/adapters/database/neon-postgres/dist/generated/kysely/types.d.ts; server/packages/adapters/database/neon-postgres/src/generated/kysely/types.ts; server/packages/adapters/experience-postgres/src/index.ts; server/packages/platform/control-admin/scripts/compare-feature-cohorts.ts; server/packages/platform/control-admin/src/control-administration-ownership.ts; server/packages/platform/control-admin/src/kysely-feature-flag-repository.ts,control.module
control.feature_flag_override,control,server/db/ddl/common/control/03_tables.sql,824,CREATE with no later DROP TABLE found,,Application configuration,Dependency,"Existing navigation, entitlement, feature and parameter authority; no BP-specific copy",,no direct storage binding in inspected New_Entity core examples; not proof of no other metadata,server/packages/adapters/database/athyper-postgres/dist/generated/kysely-studio/types.d.ts; server/packages/adapters/database/athyper-postgres/src/generated/kysely-studio/types.ts; server/packages/adapters/database/mesh-postgres/dist/generated/kysely-mesh/types.d.ts; server/packages/adapters/database/mesh-postgres/src/generated/kysely-mesh/types.ts; server/packages/adapters/database/neon-postgres/dist/generated/kysely/types.d.ts; server/packages/adapters/database/neon-postgres/src/generated/kysely/types.ts; server/packages/adapters/experience-postgres/src/index.ts; server/packages/platform/control-admin/scripts/compare-feature-cohorts.ts; server/packages/platform/control-admin/src/control-administration-ownership.ts; server/packages/platform/control-admin/src/kysely-feature-flag-repository.ts,control.feature_flag_catalog; master.tenant
control.parameter_definition,control,server/db/ddl/common/control/03_tables.sql,853,CREATE with no later DROP TABLE found,,Application configuration,Dependency,"Existing navigation, entitlement, feature and parameter authority; no BP-specific copy",,no direct storage binding in inspected New_Entity core examples; not proof of no other metadata,server/packages/adapters/database/athyper-postgres/dist/generated/kysely-studio/types.d.ts; server/packages/adapters/database/athyper-postgres/src/generated/kysely-studio/types.ts; server/packages/adapters/database/mesh-postgres/dist/generated/kysely-mesh/types.d.ts; server/packages/adapters/database/mesh-postgres/src/generated/kysely-mesh/types.ts; server/packages/adapters/database/neon-postgres/dist/generated/kysely/types.d.ts; server/packages/adapters/database/neon-postgres/src/generated/kysely/types.ts; server/packages/platform/control-admin/src/control-administration-ownership.ts; server/packages/platform/control-admin/src/kysely-parameter-repository.ts,control.module
control.tenant_parameter_value,control,server/db/ddl/common/control/03_tables.sql,909,CREATE with no later DROP TABLE found,,Application configuration,Dependency,"Existing navigation, entitlement, feature and parameter authority; no BP-specific copy",,no direct storage binding in inspected New_Entity core examples; not proof of no other metadata,server/packages/adapters/database/athyper-postgres/dist/generated/kysely-studio/types.d.ts; server/packages/adapters/database/athyper-postgres/src/generated/kysely-studio/types.ts; server/packages/adapters/database/mesh-postgres/dist/generated/kysely-mesh/types.d.ts; server/packages/adapters/database/mesh-postgres/src/generated/kysely-mesh/types.ts; server/packages/adapters/database/neon-postgres/dist/generated/kysely/types.d.ts; server/packages/adapters/database/neon-postgres/src/generated/kysely/types.ts; server/packages/platform/control-admin/src/control-administration-ownership.ts; server/packages/platform/control-admin/src/kysely-parameter-repository.ts,control.parameter_definition; master.tenant
control.lookup_domain,control,server/db/ddl/common/control/03_tables.sql,949,CREATE with no later DROP TABLE found,,Reference and owner infrastructure,P1,Reuse canonical owner registry and published lookup definitions; internal revision/receipt records not app entities,,no direct storage binding in inspected New_Entity core examples; not proof of no other metadata,server/packages/adapters/database/athyper-postgres/dist/generated/kysely-studio/types.d.ts; server/packages/adapters/database/athyper-postgres/src/generated/kysely-studio/types.ts; server/packages/adapters/database/mesh-postgres/dist/generated/kysely-mesh/types.d.ts; server/packages/adapters/database/mesh-postgres/src/generated/kysely-mesh/types.ts; server/packages/adapters/database/neon-postgres/dist/generated/kysely/types.d.ts; server/packages/adapters/database/neon-postgres/src/generated/kysely/types.ts; server/packages/platform/control-admin/src/control-administration-ownership.ts; server/packages/platform/control-admin/src/kysely-lookup-repository.ts,
control.lookup_value,control,server/db/ddl/common/control/03_tables.sql,970,CREATE with no later DROP TABLE found,,Reference and owner infrastructure,P1,Reuse canonical owner registry and published lookup definitions; internal revision/receipt records not app entities,,no direct storage binding in inspected New_Entity core examples; not proof of no other metadata,server/packages/adapters/database/athyper-postgres/dist/generated/kysely-studio/types.d.ts; server/packages/adapters/database/athyper-postgres/src/generated/kysely-studio/types.ts; server/packages/adapters/database/mesh-postgres/dist/generated/kysely-mesh/types.d.ts; server/packages/adapters/database/mesh-postgres/src/generated/kysely-mesh/types.ts; server/packages/adapters/database/neon-postgres/dist/generated/kysely/types.d.ts; server/packages/adapters/database/neon-postgres/src/generated/kysely/types.ts; server/packages/platform/control-admin/src/control-administration-ownership.ts; server/packages/platform/control-admin/src/kysely-lookup-repository.ts,control.lookup_domain; master.tenant
control.cron_schedule,control,server/db/ddl/common/control/03_tables.sql,994,CREATE with no later DROP TABLE found,,Adjacent domain or infrastructure,Outside BP phase,No direct BP app entity recommended; retain owning domain. Review a concrete field/workflow dependency before expansion.,,no direct storage binding in inspected New_Entity core examples; not proof of no other metadata,server/packages/adapters/database/athyper-postgres/dist/generated/kysely-studio/types.d.ts; server/packages/adapters/database/athyper-postgres/src/generated/kysely-studio/types.ts; server/packages/adapters/database/mesh-postgres/dist/generated/kysely-mesh/types.d.ts; server/packages/adapters/database/mesh-postgres/src/generated/kysely-mesh/types.ts; server/packages/adapters/database/neon-postgres/dist/generated/kysely/types.d.ts; server/packages/adapters/database/neon-postgres/src/generated/kysely/types.ts; server/packages/services/jobs/src/kysely-job-repositories.ts,master.tenant; shared.timezone
control.cron_schedule_change_log,control,server/db/ddl/common/control/03_tables.sql,1032,CREATE with no later DROP TABLE found,,Adjacent domain or infrastructure,Outside BP phase,No direct BP app entity recommended; retain owning domain. Review a concrete field/workflow dependency before expansion.,,no direct storage binding in inspected New_Entity core examples; not proof of no other metadata,server/packages/adapters/database/athyper-postgres/dist/generated/kysely-studio/types.d.ts; server/packages/adapters/database/athyper-postgres/src/generated/kysely-studio/types.ts; server/packages/adapters/database/mesh-postgres/dist/generated/kysely-mesh/types.d.ts; server/packages/adapters/database/mesh-postgres/src/generated/kysely-mesh/types.ts; server/packages/adapters/database/neon-postgres/dist/generated/kysely/types.d.ts; server/packages/adapters/database/neon-postgres/src/generated/kysely/types.ts; server/packages/services/jobs/src/kysely-job-repositories.ts,control.cron_schedule; master.tenant
control.notification_provider,control,server/db/ddl/common/control/03_tables.sql,1049,CREATE with no later DROP TABLE found,,Workflow supporting configuration,Dependency,Reuse shared numbering and notification behavior; no direct BP data surfaces,,no direct storage binding in inspected New_Entity core examples; not proof of no other metadata,server/packages/adapters/database/athyper-postgres/dist/generated/kysely-studio/types.d.ts; server/packages/adapters/database/athyper-postgres/src/generated/kysely-studio/types.ts; server/packages/adapters/database/mesh-postgres/dist/generated/kysely-mesh/types.d.ts; server/packages/adapters/database/mesh-postgres/src/generated/kysely-mesh/types.ts; server/packages/adapters/database/neon-postgres/dist/generated/kysely/types.d.ts; server/packages/adapters/database/neon-postgres/src/generated/kysely/types.ts,
control.notification_template,control,server/db/ddl/common/control/03_tables.sql,1080,CREATE with no later DROP TABLE found,,Workflow supporting configuration,Dependency,Reuse shared numbering and notification behavior; no direct BP data surfaces,,no direct storage binding in inspected New_Entity core examples; not proof of no other metadata,server/packages/adapters/database/athyper-postgres/dist/generated/kysely-studio/types.d.ts; server/packages/adapters/database/athyper-postgres/src/generated/kysely-studio/types.ts; server/packages/adapters/database/mesh-postgres/dist/generated/kysely-mesh/types.d.ts; server/packages/adapters/database/mesh-postgres/src/generated/kysely-mesh/types.ts; server/packages/adapters/database/neon-postgres/dist/generated/kysely/types.d.ts; server/packages/adapters/database/neon-postgres/src/generated/kysely/types.ts; server/packages/platform/notifications/src/notification-planner.ts,master.tenant
control.notification_routing_rule,control,server/db/ddl/common/control/03_tables.sql,1109,CREATE with no later DROP TABLE found,,Workflow supporting configuration,Dependency,Reuse shared numbering and notification behavior; no direct BP data surfaces,,no direct storage binding in inspected New_Entity core examples; not proof of no other metadata,server/packages/adapters/database/athyper-postgres/dist/generated/kysely-studio/types.d.ts; server/packages/adapters/database/athyper-postgres/src/generated/kysely-studio/types.ts; server/packages/adapters/database/mesh-postgres/dist/generated/kysely-mesh/types.d.ts; server/packages/adapters/database/mesh-postgres/src/generated/kysely-mesh/types.ts; server/packages/adapters/database/neon-postgres/dist/generated/kysely/types.d.ts; server/packages/adapters/database/neon-postgres/src/generated/kysely/types.ts; server/packages/platform/notifications/src/notification-planner.ts; server/packages/platform/notifications/src/outbox-planning.ts,master.tenant
control.numbering_policy,control,server/db/ddl/common/control/03_tables.sql,1152,CREATE with no later DROP TABLE found,,Workflow supporting configuration,Dependency,Reuse shared numbering and notification behavior; no direct BP data surfaces,,no direct storage binding in inspected New_Entity core examples; not proof of no other metadata,server/packages/adapters/database/athyper-postgres/dist/generated/kysely-studio/types.d.ts; server/packages/adapters/database/athyper-postgres/src/generated/kysely-studio/types.ts; server/packages/adapters/database/mesh-postgres/dist/generated/kysely-mesh/types.d.ts; server/packages/adapters/database/mesh-postgres/src/generated/kysely-mesh/types.ts; server/packages/adapters/database/neon-postgres/dist/generated/kysely/types.d.ts; server/packages/adapters/database/neon-postgres/src/generated/kysely/types.ts; server/packages/services/finance/src/numbering/kysely-numbering-repository.ts; server/packages/services/numbering/src/kysely-numbering-repository.ts,master.principal; master.tenant; shared.timezone
control.policy_definition,control,server/db/ddl/common/control/03_tables.sql,1220,CREATE with no later DROP TABLE found,,Adjacent domain or infrastructure,Outside BP phase,No direct BP app entity recommended; retain owning domain. Review a concrete field/workflow dependency before expansion.,,no direct storage binding in inspected New_Entity core examples; not proof of no other metadata,server/packages/adapters/database/athyper-postgres/dist/generated/kysely-studio/types.d.ts; server/packages/adapters/database/athyper-postgres/src/generated/kysely-studio/types.ts; server/packages/adapters/database/mesh-postgres/dist/generated/kysely-mesh/types.d.ts; server/packages/adapters/database/mesh-postgres/src/generated/kysely-mesh/types.ts; server/packages/adapters/database/neon-postgres/dist/generated/kysely/types.d.ts; server/packages/adapters/database/neon-postgres/src/generated/kysely/types.ts; server/packages/platform/control-admin/src/cycle/process-selection-catalog.ts; server/packages/platform/policy/src/kysely-policy-authoring-repository.ts; server/packages/platform/policy/src/kysely-policy-repository.ts,control.module; control.policy_definition; master.principal; master.tenant
control.policy_rule,control,server/db/ddl/common/control/03_tables.sql,1252,CREATE with no later DROP TABLE found,,Adjacent domain or infrastructure,Outside BP phase,No direct BP app entity recommended; retain owning domain. Review a concrete field/workflow dependency before expansion.,,no direct storage binding in inspected New_Entity core examples; not proof of no other metadata,server/packages/adapters/database/athyper-postgres/dist/generated/kysely-studio/types.d.ts; server/packages/adapters/database/athyper-postgres/src/generated/kysely-studio/types.ts; server/packages/adapters/database/mesh-postgres/dist/generated/kysely-mesh/types.d.ts; server/packages/adapters/database/mesh-postgres/src/generated/kysely-mesh/types.ts; server/packages/adapters/database/neon-postgres/dist/generated/kysely/types.d.ts; server/packages/adapters/database/neon-postgres/src/generated/kysely/types.ts; server/packages/platform/policy/src/kysely-policy-authoring-repository.ts; server/packages/platform/policy/src/kysely-policy-repository.ts,control.policy_definition; master.principal
control.policy_test_case,control,server/db/ddl/common/control/03_tables.sql,1288,CREATE with no later DROP TABLE found,,Adjacent domain or infrastructure,Outside BP phase,No direct BP app entity recommended; retain owning domain. Review a concrete field/workflow dependency before expansion.,,no direct storage binding in inspected New_Entity core examples; not proof of no other metadata,server/packages/adapters/database/athyper-postgres/dist/generated/kysely-studio/types.d.ts; server/packages/adapters/database/athyper-postgres/src/generated/kysely-studio/types.ts; server/packages/adapters/database/mesh-postgres/dist/generated/kysely-mesh/types.d.ts; server/packages/adapters/database/mesh-postgres/src/generated/kysely-mesh/types.ts; server/packages/adapters/database/neon-postgres/dist/generated/kysely/types.d.ts; server/packages/adapters/database/neon-postgres/src/generated/kysely/types.ts; server/packages/platform/policy/src/kysely-policy-authoring-repository.ts,control.policy_definition; master.principal
control.policy_test_result,control,server/db/ddl/common/control/03_tables.sql,1323,CREATE with no later DROP TABLE found,,Adjacent domain or infrastructure,Outside BP phase,No direct BP app entity recommended; retain owning domain. Review a concrete field/workflow dependency before expansion.,,no direct storage binding in inspected New_Entity core examples; not proof of no other metadata,server/packages/adapters/database/athyper-postgres/dist/generated/kysely-studio/types.d.ts; server/packages/adapters/database/athyper-postgres/src/generated/kysely-studio/types.ts; server/packages/adapters/database/mesh-postgres/dist/generated/kysely-mesh/types.d.ts; server/packages/adapters/database/mesh-postgres/src/generated/kysely-mesh/types.ts; server/packages/adapters/database/neon-postgres/dist/generated/kysely/types.d.ts; server/packages/adapters/database/neon-postgres/src/generated/kysely/types.ts; server/packages/platform/policy/src/kysely-policy-authoring-repository.ts,control.policy_definition; control.policy_test_case; master.principal
control.policy_activation,control,server/db/ddl/common/control/03_tables.sql,1332,CREATE with no later DROP TABLE found,,Adjacent domain or infrastructure,Outside BP phase,No direct BP app entity recommended; retain owning domain. Review a concrete field/workflow dependency before expansion.,,no direct storage binding in inspected New_Entity core examples; not proof of no other metadata,server/packages/adapters/database/athyper-postgres/dist/generated/kysely-studio/types.d.ts; server/packages/adapters/database/athyper-postgres/src/generated/kysely-studio/types.ts; server/packages/adapters/database/mesh-postgres/dist/generated/kysely-mesh/types.d.ts; server/packages/adapters/database/mesh-postgres/src/generated/kysely-mesh/types.ts; server/packages/adapters/database/neon-postgres/dist/generated/kysely/types.d.ts; server/packages/adapters/database/neon-postgres/src/generated/kysely/types.ts,control.policy_definition; master.principal
control.policy_evaluation_history,control,server/db/ddl/common/control/03_tables.sql,1339,CREATE with no later DROP TABLE found,,Adjacent domain or infrastructure,Outside BP phase,No direct BP app entity recommended; retain owning domain. Review a concrete field/workflow dependency before expansion.,,no direct storage binding in inspected New_Entity core examples; not proof of no other metadata,server/packages/adapters/database/athyper-postgres/dist/generated/kysely-studio/types.d.ts; server/packages/adapters/database/athyper-postgres/src/generated/kysely-studio/types.ts; server/packages/adapters/database/mesh-postgres/dist/generated/kysely-mesh/types.d.ts; server/packages/adapters/database/mesh-postgres/src/generated/kysely-mesh/types.ts; server/packages/adapters/database/neon-postgres/dist/generated/kysely/types.d.ts; server/packages/adapters/database/neon-postgres/src/generated/kysely/types.ts,control.policy_definition; master.principal
control.rounding_rule,control,server/db/ddl/common/control/03_tables.sql,1358,CREATE with no later DROP TABLE found,,Adjacent domain or infrastructure,Outside BP phase,No direct BP app entity recommended; retain owning domain. Review a concrete field/workflow dependency before expansion.,,no direct storage binding in inspected New_Entity core examples; not proof of no other metadata,server/packages/adapters/database/athyper-postgres/dist/generated/kysely-studio/types.d.ts; server/packages/adapters/database/athyper-postgres/src/generated/kysely-studio/types.ts; server/packages/adapters/database/mesh-postgres/dist/generated/kysely-mesh/types.d.ts; server/packages/adapters/database/mesh-postgres/src/generated/kysely-mesh/types.ts; server/packages/adapters/database/neon-postgres/dist/generated/kysely/types.d.ts; server/packages/adapters/database/neon-postgres/src/generated/kysely/types.ts; server/packages/platform/control-admin/src/control-administration-ownership.ts; server/packages/platform/control-admin/src/kysely-rounding-repository.ts; server/packages/services/finance/src/shared/kysely-finance-foundation.ts,master.principal; master.tenant
control.rounding_context,control,server/db/ddl/common/control/03_tables.sql,1406,CREATE with no later DROP TABLE found,,Adjacent domain or infrastructure,Outside BP phase,No direct BP app entity recommended; retain owning domain. Review a concrete field/workflow dependency before expansion.,,no direct storage binding in inspected New_Entity core examples; not proof of no other metadata,server/packages/adapters/database/athyper-postgres/dist/generated/kysely-studio/types.d.ts; server/packages/adapters/database/athyper-postgres/src/generated/kysely-studio/types.ts; server/packages/adapters/database/mesh-postgres/dist/generated/kysely-mesh/types.d.ts; server/packages/adapters/database/mesh-postgres/src/generated/kysely-mesh/types.ts; server/packages/adapters/database/neon-postgres/dist/generated/kysely/types.d.ts; server/packages/adapters/database/neon-postgres/src/generated/kysely/types.ts; server/packages/platform/control-admin/src/control-administration-ownership.ts; server/packages/platform/control-admin/src/kysely-rounding-repository.ts; server/packages/services/finance/src/shared/kysely-finance-foundation.ts,control.rounding_rule; master.company_code; master.principal; master.tenant; shared.currency
control.ui_locale_catalog,control,server/db/ddl/common/control/03_tables.sql,1433,CREATE with no later DROP TABLE found,,Locale qualification,Dependency,Existing plane/tenant locale governance; defer localization workstream,,no direct storage binding in inspected New_Entity core examples; not proof of no other metadata,server/packages/adapters/database/athyper-postgres/dist/generated/kysely-studio/types.d.ts; server/packages/adapters/database/athyper-postgres/src/generated/kysely-studio/types.ts; server/packages/adapters/database/mesh-postgres/dist/generated/kysely-mesh/types.d.ts; server/packages/adapters/database/mesh-postgres/src/generated/kysely-mesh/types.ts; server/packages/adapters/database/neon-postgres/dist/generated/kysely/types.d.ts; server/packages/adapters/database/neon-postgres/src/generated/kysely/types.ts; server/packages/adapters/experience-postgres/src/index.ts,shared.locale
master.tenant_locale_activation,master,server/db/ddl/common/control/03_tables.sql,1471,CREATE with no later DROP TABLE found,,Platform identity/context dependencies,Dependency,Retain platform scope/profile authority; not Business Partner sections,,no direct storage binding in inspected New_Entity core examples; not proof of no other metadata,server/packages/adapters/database/athyper-postgres/dist/generated/kysely-studio/types.d.ts; server/packages/adapters/database/athyper-postgres/src/generated/kysely-studio/types.ts; server/packages/adapters/database/mesh-postgres/dist/generated/kysely-mesh/types.d.ts; server/packages/adapters/database/mesh-postgres/src/generated/kysely-mesh/types.ts; server/packages/adapters/database/neon-postgres/dist/generated/kysely/types.d.ts; server/packages/adapters/database/neon-postgres/src/generated/kysely/types.ts; server/packages/adapters/experience-postgres/src/index.ts,control.ui_locale_catalog; master.tenant
control.tenant_module_entitlement_override,control,server/db/ddl/common/control/03_tables.sql,1503,CREATE with no later DROP TABLE found,,Application configuration,Dependency,"Existing navigation, entitlement, feature and parameter authority; no BP-specific copy",,no direct storage binding in inspected New_Entity core examples; not proof of no other metadata,server/packages/adapters/database/athyper-postgres/dist/generated/kysely-studio/types.d.ts; server/packages/adapters/database/athyper-postgres/src/generated/kysely-studio/types.ts; server/packages/adapters/database/mesh-postgres/dist/generated/kysely-mesh/types.d.ts; server/packages/adapters/database/mesh-postgres/src/generated/kysely-mesh/types.ts; server/packages/adapters/database/neon-postgres/dist/generated/kysely/types.d.ts; server/packages/adapters/database/neon-postgres/src/generated/kysely/types.ts; server/packages/platform/control-admin/src/kysely-entitlement-repository.ts,control.module; control.subscription_plan; master.principal; master.tenant
control.process_selection_publication,control,server/db/ddl/common/control/03_tables.sql,1535,CREATE with no later DROP TABLE found,,Process configuration,Dependency,"Use existing process/activation/task authority; BP shows eligible actions and outcomes, not raw configuration editors",,no direct storage binding in inspected New_Entity core examples; not proof of no other metadata,server/packages/adapters/database/neon-postgres/dist/generated/kysely/types.d.ts; server/packages/adapters/database/neon-postgres/src/generated/kysely/types.ts; server/packages/platform/control-admin/src/cycle/process-selection-publication.ts,control.policy_definition
control.process_selection_catalog_revision,control,server/db/ddl/common/control/03_tables.sql,1560,CREATE with no later DROP TABLE found,,Process configuration,Dependency,"Use existing process/activation/task authority; BP shows eligible actions and outcomes, not raw configuration editors",,no direct storage binding in inspected New_Entity core examples; not proof of no other metadata,server/packages/adapters/database/neon-postgres/dist/generated/kysely/types.d.ts; server/packages/adapters/database/neon-postgres/src/generated/kysely/types.ts; server/packages/platform/control-admin/src/cycle/process-selection-catalog.ts,
control.supplier_activation_policy,control,server/db/ddl/common/control/03_tables.sql,1574,CREATE with no later DROP TABLE found,,Process configuration,Dependency,"Use existing process/activation/task authority; BP shows eligible actions and outcomes, not raw configuration editors",,no direct storage binding in inspected New_Entity core examples; not proof of no other metadata,server/packages/adapters/database/neon-postgres/dist/generated/kysely/types.d.ts; server/packages/adapters/database/neon-postgres/src/generated/kysely/types.ts; server/packages/services/master-data/src/supplier-onboarding-completion.ts,
master.contact_person,master,server/db/ddl/common/master/03_tables.sql,3,CREATE with no later DROP TABLE found,,Address and contact graph,P1,"Link-aware related sections and child lookup metadata; preserve owner registry, tenant boundaries and contact verification",metadata/products/mdg/entities/contact_person/core.json,draft core example present; active release unverified,server/packages/adapters/database/mesh-postgres/dist/generated/kysely-mesh/types.d.ts; server/packages/adapters/database/mesh-postgres/src/generated/kysely-mesh/types.ts; server/packages/adapters/database/neon-postgres/dist/generated/kysely/types.d.ts; server/packages/adapters/database/neon-postgres/src/generated/kysely/types.ts; server/packages/platform/iam/src/customer-portal-delivery.ts; server/packages/services/master-data/src/kysely-business-partner-360-repository.ts; server/packages/services/master-data/src/kysely-business-partner-360-sections.ts,control.owner_type; master.principal; master.tenant
master.contact_person_role,master,server/db/ddl/common/master/03_tables.sql,47,CREATE with no later DROP TABLE found,,Address and contact graph,P1,"Link-aware related sections and child lookup metadata; preserve owner registry, tenant boundaries and contact verification",,no direct storage binding in inspected New_Entity core examples; not proof of no other metadata,server/packages/adapters/database/mesh-postgres/dist/generated/kysely-mesh/types.d.ts; server/packages/adapters/database/mesh-postgres/src/generated/kysely-mesh/types.ts; server/packages/adapters/database/neon-postgres/dist/generated/kysely/types.d.ts; server/packages/adapters/database/neon-postgres/src/generated/kysely/types.ts; server/packages/services/master-data/src/kysely-business-partner-360-sections.ts,master.contact_person; master.principal; master.tenant
master.operating_organization_capability,master,server/db/ddl/planes/neon/master/16_operating_organization_model.sql,54,CREATE with no later DROP TABLE found,,Organization reference dependencies,P1,Authorized context/lookups reused by BP; do not copy organization management into partner CRUD,,no direct storage binding in inspected New_Entity core examples; not proof of no other metadata,server/packages/adapters/database/neon-postgres/dist/generated/kysely/types.d.ts; server/packages/adapters/database/neon-postgres/src/generated/kysely/types.ts; server/packages/adapters/experience-postgres/src/index.ts,master.operating_organization; master.principal; master.tenant
control.lookup_revision,control,server/db/ddl/common/control/14_admin_integrations.sql,20,CREATE with no later DROP TABLE found,,Reference and owner infrastructure,P1,Reuse canonical owner registry and published lookup definitions; internal revision/receipt records not app entities,,no direct storage binding in inspected New_Entity core examples; not proof of no other metadata,server/packages/adapters/database/athyper-postgres/dist/generated/kysely-studio/types.d.ts; server/packages/adapters/database/athyper-postgres/src/generated/kysely-studio/types.ts; server/packages/adapters/database/mesh-postgres/dist/generated/kysely-mesh/types.d.ts; server/packages/adapters/database/mesh-postgres/src/generated/kysely-mesh/types.ts; server/packages/adapters/database/neon-postgres/dist/generated/kysely/types.d.ts; server/packages/adapters/database/neon-postgres/src/generated/kysely/types.ts; server/packages/platform/control-admin/src/kysely-lookup-repository.ts,control.lookup_domain
control.lookup_tenant_revision,control,server/db/ddl/common/control/14_admin_integrations.sql,21,CREATE with no later DROP TABLE found,,Reference and owner infrastructure,P1,Reuse canonical owner registry and published lookup definitions; internal revision/receipt records not app entities,,no direct storage binding in inspected New_Entity core examples; not proof of no other metadata,server/packages/adapters/database/athyper-postgres/dist/generated/kysely-studio/types.d.ts; server/packages/adapters/database/athyper-postgres/src/generated/kysely-studio/types.ts; server/packages/adapters/database/mesh-postgres/dist/generated/kysely-mesh/types.d.ts; server/packages/adapters/database/mesh-postgres/src/generated/kysely-mesh/types.ts; server/packages/adapters/database/neon-postgres/dist/generated/kysely/types.d.ts; server/packages/adapters/database/neon-postgres/src/generated/kysely/types.ts; server/packages/platform/control-admin/src/kysely-lookup-repository.ts,control.lookup_domain
control.lookup_publication_receipt,control,server/db/ddl/common/control/14_admin_integrations.sql,22,CREATE with no later DROP TABLE found,,Reference and owner infrastructure,P1,Reuse canonical owner registry and published lookup definitions; internal revision/receipt records not app entities,,no direct storage binding in inspected New_Entity core examples; not proof of no other metadata,server/packages/adapters/database/athyper-postgres/dist/generated/kysely-studio/types.d.ts; server/packages/adapters/database/athyper-postgres/src/generated/kysely-studio/types.ts; server/packages/adapters/database/mesh-postgres/dist/generated/kysely-mesh/types.d.ts; server/packages/adapters/database/mesh-postgres/src/generated/kysely-mesh/types.ts; server/packages/adapters/database/neon-postgres/dist/generated/kysely/types.d.ts; server/packages/adapters/database/neon-postgres/src/generated/kysely/types.ts; server/packages/platform/control-admin/src/kysely-lookup-repository.ts,control.lookup_revision
control.lookup_value_reference,control,server/db/ddl/common/control/14_admin_integrations.sql,24,CREATE with no later DROP TABLE found,,Reference and owner infrastructure,P1,Reuse canonical owner registry and published lookup definitions; internal revision/receipt records not app entities,,no direct storage binding in inspected New_Entity core examples; not proof of no other metadata,server/packages/adapters/database/athyper-postgres/dist/generated/kysely-studio/types.d.ts; server/packages/adapters/database/athyper-postgres/src/generated/kysely-studio/types.ts; server/packages/adapters/database/mesh-postgres/dist/generated/kysely-mesh/types.d.ts; server/packages/adapters/database/mesh-postgres/src/generated/kysely-mesh/types.ts; server/packages/adapters/database/neon-postgres/dist/generated/kysely/types.d.ts; server/packages/adapters/database/neon-postgres/src/generated/kysely/types.ts,control.lookup_value
control.connector_health_job,control,server/db/ddl/common/control/14_admin_integrations.sql,84,CREATE with no later DROP TABLE found,,Adjacent domain or infrastructure,Outside BP phase,No direct BP app entity recommended; retain owning domain. Review a concrete field/workflow dependency before expansion.,,no direct storage binding in inspected New_Entity core examples; not proof of no other metadata,server/packages/adapters/database/athyper-postgres/dist/generated/kysely-studio/types.d.ts; server/packages/adapters/database/athyper-postgres/src/generated/kysely-studio/types.ts; server/packages/adapters/database/mesh-postgres/dist/generated/kysely-mesh/types.d.ts; server/packages/adapters/database/mesh-postgres/src/generated/kysely-mesh/types.ts; server/packages/adapters/database/neon-postgres/dist/generated/kysely/types.d.ts; server/packages/adapters/database/neon-postgres/src/generated/kysely/types.ts; server/packages/platform/control-admin/src/kysely-connector-repository.ts,control.connector_instance
master.bank_account_usage,master,server/db/ddl/planes/neon/master/15_bank_account_company_usage.sql,2,CREATE with no later DROP TABLE found,,Banking graph,P2,Masked Banking projection with usage and company acceptance; verification/resolution through governed operations,,no direct storage binding in inspected New_Entity core examples; not proof of no other metadata,server/packages/adapters/database/neon-postgres/dist/generated/kysely/types.d.ts; server/packages/adapters/database/neon-postgres/src/generated/kysely/types.ts; server/packages/planes/neon/src/business-partner-account-bank-linkage.ts; server/packages/services/master-data/src/kysely-business-partner-360-commercial-controls.ts,master.bank_account_link
master.bank_account_company_usage,master,server/db/ddl/planes/neon/master/15_bank_account_company_usage.sql,10,CREATE with no later DROP TABLE found,,Banking graph,P2,Masked Banking projection with usage and company acceptance; verification/resolution through governed operations,,no direct storage binding in inspected New_Entity core examples; not proof of no other metadata,server/packages/adapters/database/neon-postgres/dist/generated/kysely/types.d.ts; server/packages/adapters/database/neon-postgres/src/generated/kysely/types.ts; server/packages/planes/neon/src/business-partner-account-bank-linkage.ts; server/packages/services/master-data/src/kysely-business-partner-360-commercial-controls.ts; server/packages/services/master-data/src/kysely-business-partner-eligibility-repository.ts,master.bank_account_usage; master.company_code; master.principal
master.saved_view_default,master,server/db/ddl/common/master/19_entity_saved_views.sql,2,CREATE with no later DROP TABLE found,,Shared experience dependencies,Dependency,Reuse shared record/lookup facilities; no new BP-specific copies,,no direct storage binding in inspected New_Entity core examples; not proof of no other metadata,server/packages/adapters/database/athyper-postgres/dist/generated/kysely-studio/types.d.ts; server/packages/adapters/database/athyper-postgres/src/generated/kysely-studio/types.ts; server/packages/adapters/database/mesh-postgres/dist/generated/kysely-mesh/types.d.ts; server/packages/adapters/database/mesh-postgres/src/generated/kysely-mesh/types.ts; server/packages/adapters/database/neon-postgres/dist/generated/kysely/types.d.ts; server/packages/adapters/database/neon-postgres/src/generated/kysely/types.ts; server/packages/platform/preferences/src/kysely-saved-view-repository.ts,
control.process_task_rule_proposal,control,server/db/ddl/common/control/17_process_task_rule_publication.sql,3,CREATE with no later DROP TABLE found,,Process configuration,Dependency,"Use existing process/activation/task authority; BP shows eligible actions and outcomes, not raw configuration editors",,no direct storage binding in inspected New_Entity core examples; not proof of no other metadata,server/packages/adapters/database/neon-postgres/dist/generated/kysely/types.d.ts; server/packages/adapters/database/neon-postgres/src/generated/kysely/types.ts,control.policy_definition; control.process_selection_publication; control.process_task_rule_release
control.process_task_rule_release,control,server/db/ddl/common/control/17_process_task_rule_publication.sql,10,CREATE with no later DROP TABLE found,,Process configuration,Dependency,"Use existing process/activation/task authority; BP shows eligible actions and outcomes, not raw configuration editors",,no direct storage binding in inspected New_Entity core examples; not proof of no other metadata,server/packages/adapters/database/neon-postgres/dist/generated/kysely/types.d.ts; server/packages/adapters/database/neon-postgres/src/generated/kysely/types.ts; server/packages/platform/control-admin/src/cycle/process-selection-publication.ts,control.process_selection_publication; control.process_task_rule_proposal; control.process_task_rule_release
master.reference_choice_recent,master,server/db/ddl/common/master/21_reference_choice_recent.sql,2,CREATE with no later DROP TABLE found,,Shared experience dependencies,Dependency,Reuse shared record/lookup facilities; no new BP-specific copies,,no direct storage binding in inspected New_Entity core examples; not proof of no other metadata,server/packages/adapters/database/athyper-postgres/dist/generated/kysely-studio/types.d.ts; server/packages/adapters/database/athyper-postgres/src/generated/kysely-studio/types.ts; server/packages/adapters/database/mesh-postgres/dist/generated/kysely-mesh/types.d.ts; server/packages/adapters/database/mesh-postgres/src/generated/kysely-mesh/types.ts; server/packages/adapters/database/neon-postgres/dist/generated/kysely/types.d.ts; server/packages/adapters/database/neon-postgres/src/generated/kysely/types.ts; server/packages/platform/preferences/src/reference-choice-routes.ts,
